split,comparison,metric,mean,ci95,lower95,upper95,better_seeds,n
combined_interactive_stress,risk_aware_action_critical_depth_probe_v5_minus_action_critical_interactive_depth_v4,action_critical_rmse,-0.002657322864927957,0.0021680947918210633,-0.00482541765674902,-0.0004892280731068938,2,10
combined_interactive_stress,risk_aware_action_critical_depth_probe_v5_minus_action_critical_interactive_depth_v4,calibration_error,-0.015305225681320256,0.0015247507545502993,-0.016829976435870555,-0.013780474926769957,0,10
combined_interactive_stress,risk_aware_action_critical_depth_probe_v5_minus_action_critical_interactive_depth_v4,collision_boundary_f1,0.018245613448993715,0.00473538304875062,0.013510230400243094,0.022980996497744335,10,10
combined_interactive_stress,risk_aware_action_critical_depth_probe_v5_minus_action_critical_interactive_depth_v4,collision_rate,-0.017708333333333336,0.019140435955856565,-0.0368487692891899,0.0014321026225232285,3,10
combined_interactive_stress,risk_aware_action_critical_depth_probe_v5_minus_action_critical_interactive_depth_v4,manipulation_failure_rate,-0.019791666666666666,0.008445472342410444,-0.02823713900907711,-0.011346194324256221,1,10
combined_interactive_stress,risk_aware_action_critical_depth_probe_v5_minus_action_critical_interactive_depth_v4,mechanism_utility,0.00920202643992123,0.007793494130130518,0.0014085323097907118,0.01699552057005175,8,10
combined_interactive_stress,risk_aware_action_critical_depth_probe_v5_minus_action_critical_interactive_depth_v4,occluded_region_rmse,-0.003857816126286791,0.002466635420569566,-0.006324451546856357,-0.0013911807057172248,2,10
combined_interactive_stress,risk_aware_action_critical_depth_probe_v5_minus_action_critical_interactive_depth_v4,planning_regret,-0.08021313361151534,0.023143252834061302,-0.10335638644557665,-0.05706988077745404,0,10
combined_interactive_stress,risk_aware_action_critical_depth_probe_v5_minus_action_critical_interactive_depth_v4,probe_cost,-0.011048852607204286,0.004639509719850523,-0.01568836232705481,-0.0064093428873537635,1,10
combined_interactive_stress,risk_aware_action_critical_depth_probe_v5_minus_action_critical_interactive_depth_v4,probe_damage,-0.018229166666666664,0.01716633095905118,-0.035395497625717844,-0.0010628357076154851,3,10
combined_interactive_stress,risk_aware_action_critical_depth_probe_v5_minus_action_critical_interactive_depth_v4,probe_informativeness,-0.014400885925320225,0.019749352402323447,-0.034150238327643676,0.005348466477003221,3,10
combined_interactive_stress,risk_aware_action_critical_depth_probe_v5_minus_action_critical_interactive_depth_v4,robust_utility,0.22973279016321052,0.07115675910252327,0.15857603106068724,0.3008895492657338,10,10
combined_interactive_stress,risk_aware_action_critical_depth_probe_v5_minus_action_critical_interactive_depth_v4,task_success,0.12916666666666668,0.04028521004224936,0.08888145662441732,0.16945187670891604,10,10
combined_interactive_stress,risk_aware_action_critical_depth_probe_v5_minus_action_critical_interactive_depth_v4,useful_probe_precision,-0.008732463265316992,0.024252227114725713,-0.0329846903800427,0.015519763849408721,4,10
combined_interactive_stress,risk_aware_action_critical_depth_probe_v5_minus_active_view_selection,action_critical_rmse,0.02041315625099563,0.0007438773035772694,0.01966927894741836,0.021157033554572897,10,10
combined_interactive_stress,risk_aware_action_critical_depth_probe_v5_minus_active_view_selection,calibration_error,-0.008521425094047401,0.0006734010005990581,-0.009194826094646459,-0.007848024093448343,0,10
combined_interactive_stress,risk_aware_action_critical_depth_probe_v5_minus_active_view_selection,collision_boundary_f1,-0.03650467805756598,0.001840140848130385,-0.03834481890569636,-0.034664537209435596,0,10
combined_interactive_stress,risk_aware_action_critical_depth_probe_v5_minus_active_view_selection,collision_rate,0.035416666666666666,0.0234668345230213,0.011949832143645367,0.058883501189687965,8,10
combined_interactive_stress,risk_aware_action_critical_depth_probe_v5_minus_active_view_selection,manipulation_failure_rate,0.017708333333333333,0.005734463040078356,0.011973870293254977,0.02344279637341169,10,10
combined_interactive_stress,risk_aware_action_critical_depth_probe_v5_minus_active_view_selection,mechanism_utility,0.036433259679214805,0.0032755195783137595,0.03315774010090104,0.03970877925752857,10,10
combined_interactive_stress,risk_aware_action_critical_depth_probe_v5_minus_active_view_selection,occluded_region_rmse,0.027028218245113995,0.000827035470902442,0.026201182774211552,0.027855253716016437,10,10
combined_interactive_stress,risk_aware_action_critical_depth_probe_v5_minus_active_view_selection,planning_regret,0.1271802933593949,0.020254897863596622,0.10692539549579828,0.14743519122299154,10,10
combined_interactive_stress,risk_aware_action_critical_depth_probe_v5_minus_active_view_selection,probe_cost,0.021317725970291978,0.0017921939710690675,0.01952553199922291,0.023109919941361044,10,10
combined_interactive_stress,risk_aware_action_critical_depth_probe_v5_minus_active_view_selection,probe_damage,0.06875,0.013678997373192323,0.05507100262680768,0.08242899737319233,10,10
combined_interactive_stress,risk_aware_action_critical_depth_probe_v5_minus_active_view_selection,probe_informativeness,0.1527350298165493,0.00908823688194131,0.143646792934608,0.1618232666984906,10,10
combined_interactive_stress,risk_aware_action_critical_depth_probe_v5_minus_active_view_selection,robust_utility,-0.3749525177515357,0.06763260320390294,-0.44258512095543867,-0.30731991454763274,0,10
combined_interactive_stress,risk_aware_action_critical_depth_probe_v5_minus_active_view_selection,task_success,-0.1755208333333333,0.03256904539556532,-0.20808987872889861,-0.14295178793776797,0,10
combined_interactive_stress,risk_aware_action_critical_depth_probe_v5_minus_active_view_selection,useful_probe_precision,0.21662571720866247,0.012017467413402672,0.2046082497952598,0.22864318462206515,10,10
combined_interactive_stress,risk_aware_action_critical_depth_probe_v5_minus_diffusion_depth_policy,action_critical_rmse,-0.02043657192394369,0.0008426106279714426,-0.021279182551915132,-0.019593961295972247,0,10
combined_interactive_stress,risk_aware_action_critical_depth_probe_v5_minus_diffusion_depth_policy,calibration_error,-0.07288551435873486,0.0008124775450940746,-0.07369799190382893,-0.07207303681364079,0,10
combined_interactive_stress,risk_aware_action_critical_depth_probe_v5_minus_diffusion_depth_policy,collision_boundary_f1,0.07614947201023864,0.002134080411978831,0.0740153915982598,0.07828355242221748,10,10
combined_interactive_stress,risk_aware_action_critical_depth_probe_v5_minus_diffusion_depth_policy,collision_rate,-0.047395833333333345,0.028891567216923347,-0.07628740055025669,-0.018504266116409998,1,10
combined_interactive_stress,risk_aware_action_critical_depth_probe_v5_minus_diffusion_depth_policy,manipulation_failure_rate,-0.034375,0.014532689843042615,-0.04890768984304262,-0.019842310156957386,1,10
combined_interactive_stress,risk_aware_action_critical_depth_probe_v5_minus_diffusion_depth_policy,mechanism_utility,0.09574837776066644,0.0040434757065371816,0.09170490205412926,0.09979185346720362,10,10
combined_interactive_stress,risk_aware_action_critical_depth_probe_v5_minus_diffusion_depth_policy,occluded_region_rmse,-0.02479011767129232,0.0009800494613671394,-0.02577016713265946,-0.02381006820992518,0,10
combined_interactive_stress,risk_aware_action_critical_depth_probe_v5_minus_diffusion_depth_policy,planning_regret,-0.12313889036442423,0.02160785724431208,-0.1447467476087363,-0.10153103312011215,0,10
combined_interactive_stress,risk_aware_action_critical_depth_probe_v5_minus_diffusion_depth_policy,probe_cost,0.025548139020377104,0.0021390692122963137,0.02340906980808079,0.027687208232673417,10,10
combined_interactive_stress,risk_aware_action_critical_depth_probe_v5_minus_diffusion_depth_policy,probe_damage,0.06927083333333334,0.01537287480293748,0.053897958530395855,0.08464370813627081,10,10
combined_interactive_stress,risk_aware_action_critical_depth_probe_v5_minus_diffusion_depth_policy,probe_informativeness,0.1755652591973434,0.009610044797933235,0.16595521439941016,0.18517530399527662,10,10
combined_interactive_stress,risk_aware_action_critical_depth_probe_v5_minus_diffusion_depth_policy,robust_utility,0.2754763608648664,0.07196835549778875,0.20350800536707764,0.3474447163626551,10,10
combined_interactive_stress,risk_aware_action_critical_depth_probe_v5_minus_diffusion_depth_policy,task_success,0.2015625,0.0349692331978774,0.1665932668021226,0.2365317331978774,10,10
combined_interactive_stress,risk_aware_action_critical_depth_probe_v5_minus_diffusion_depth_policy,useful_probe_precision,0.23004054970839222,0.012085722630218534,0.21795482707817368,0.24212627233861075,10,10
combined_interactive_stress,risk_aware_action_critical_depth_probe_v5_minus_ensemble_depth_completion,action_critical_rmse,-0.026612879086569053,0.0007198688681464382,-0.02733274795471549,-0.025893010218422614,0,10
combined_interactive_stress,risk_aware_action_critical_depth_probe_v5_minus_ensemble_depth_completion,calibration_error,-0.0333350799272419,0.0007331682189071888,-0.03406824814614909,-0.03260191170833471,0,10
combined_interactive_stress,risk_aware_action_critical_depth_probe_v5_minus_ensemble_depth_completion,collision_boundary_f1,0.0804173876984112,0.0020192860309558225,0.07839810166745538,0.08243667372936701,10,10
combined_interactive_stress,risk_aware_action_critical_depth_probe_v5_minus_ensemble_depth_completion,collision_rate,-0.0515625,0.02479362056570546,-0.07635612056570545,-0.026768879434294537,1,10
combined_interactive_stress,risk_aware_action_critical_depth_probe_v5_minus_ensemble_depth_completion,manipulation_failure_rate,-0.05833333333333333,0.015504125048467538,-0.07383745838180086,-0.04282920828486579,0,10
combined_interactive_stress,risk_aware_action_critical_depth_probe_v5_minus_ensemble_depth_completion,mechanism_utility,0.09421200582414094,0.0037376506333618945,0.09047435519077904,0.09794965645750284,10,10
combined_interactive_stress,risk_aware_action_critical_depth_probe_v5_minus_ensemble_depth_completion,occluded_region_rmse,-0.03083123238829516,0.0009644998353583519,-0.03179573222365351,-0.029866732552936807,0,10
combined_interactive_stress,risk_aware_action_critical_depth_probe_v5_minus_ensemble_depth_completion,planning_regret,-0.17771516399976084,0.023447952984087302,-0.20116311698384814,-0.15426721101567353,0,10
combined_interactive_stress,risk_aware_action_critical_depth_probe_v5_minus_ensemble_depth_completion,probe_cost,0.033831231585902025,0.0018138455235070202,0.03201738606239501,0.03564507710940904,10,10
combined_interactive_stress,risk_aware_action_critical_depth_probe_v5_minus_ensemble_depth_completion,probe_damage,0.06770833333333334,0.015293583995249545,0.052414749338083794,0.08300191732858289,10,10
combined_interactive_stress,risk_aware_action_critical_depth_probe_v5_minus_ensemble_depth_completion,probe_informativeness,0.17559418561457696,0.008969109464346753,0.1666250761502302,0.18456329507892372,10,10
combined_interactive_stress,risk_aware_action_critical_depth_probe_v5_minus_ensemble_depth_completion,robust_utility,0.4098327420105424,0.07866179019168963,0.33117095181885275,0.488494532202232,10,10
combined_interactive_stress,risk_aware_action_critical_depth_probe_v5_minus_ensemble_depth_completion,task_success,0.2875,0.03654779764015445,0.2509522023598455,0.32404779764015446,10,10
combined_interactive_stress,risk_aware_action_critical_depth_probe_v5_minus_ensemble_depth_completion,useful_probe_precision,0.2293749814168669,0.012062313304102089,0.2173126681127648,0.241437294720969,10,10
combined_interactive_stress,risk_aware_action_critical_depth_probe_v5_minus_foundation_depth_prior,action_critical_rmse,-0.03134407162337309,0.0006530564610528357,-0.031997128084425924,-0.030691015162320253,0,10
combined_interactive_stress,risk_aware_action_critical_depth_probe_v5_minus_foundation_depth_prior,calibration_error,-0.09042915829034179,0.0007990826362349095,-0.09122824092657669,-0.08963007565410688,0,10
combined_interactive_stress,risk_aware_action_critical_depth_probe_v5_minus_foundation_depth_prior,collision_boundary_f1,0.12406244916069824,0.0015141982625229283,0.12254825089817531,0.12557664742322117,10,10
combined_interactive_stress,risk_aware_action_critical_depth_probe_v5_minus_foundation_depth_prior,collision_rate,-0.09010416666666667,0.022264154231800663,-0.11236832089846732,-0.06784001243486601,0,10
combined_interactive_stress,risk_aware_action_critical_depth_probe_v5_minus_foundation_depth_prior,manipulation_failure_rate,-0.09427083333333333,0.019514863805223437,-0.11378569713855677,-0.0747559695281099,0,10
combined_interactive_stress,risk_aware_action_critical_depth_probe_v5_minus_foundation_depth_prior,mechanism_utility,0.11370040350969013,0.003732755638029545,0.10996764787166058,0.11743315914771968,10,10
combined_interactive_stress,risk_aware_action_critical_depth_probe_v5_minus_foundation_depth_prior,occluded_region_rmse,-0.0346829296732789,0.0009113866072712338,-0.03559431628055013,-0.033771543066007666,0,10
combined_interactive_stress,risk_aware_action_critical_depth_probe_v5_minus_foundation_depth_prior,planning_regret,-0.28409701207343135,0.01587343440985284,-0.2999704464832842,-0.2682235776635785,0,10
combined_interactive_stress,risk_aware_action_critical_depth_probe_v5_minus_foundation_depth_prior,probe_cost,0.031641741539904886,0.0021212790861024613,0.029520462453802424,0.03376302062600735,10,10
combined_interactive_stress,risk_aware_action_critical_depth_probe_v5_minus_foundation_depth_prior,probe_damage,0.07083333333333333,0.014612147460077923,0.056221185873255405,0.08544548079341126,10,10
combined_interactive_stress,risk_aware_action_critical_depth_probe_v5_minus_foundation_depth_prior,probe_informativeness,0.17637089725752214,0.009230523075097497,0.16714037418242464,0.18560142033261964,10,10
combined_interactive_stress,risk_aware_action_critical_depth_probe_v5_minus_foundation_depth_prior,robust_utility,0.7097985773670301,0.05141850356915433,0.6583800737978758,0.7612170809361845,10,10
combined_interactive_stress,risk_aware_action_critical_depth_probe_v5_minus_foundation_depth_prior,task_success,0.4619791666666667,0.027562499999999997,0.43441666666666673,0.4895416666666667,10,10
combined_interactive_stress,risk_aware_action_critical_depth_probe_v5_minus_foundation_depth_prior,useful_probe_precision,0.22925419598769642,0.012038185682060025,0.2172160103056364,0.24129238166975644,10,10
combined_interactive_stress,risk_aware_action_critical_depth_probe_v5_minus_gaussian_splat_uncertainty,action_critical_rmse,-0.03291221034243718,0.0008227440115189855,-0.03373495435395617,-0.03208946633091819,0,10
combined_interactive_stress,risk_aware_action_critical_depth_probe_v5_minus_gaussian_splat_uncertainty,calibration_error,-0.020168971710092104,0.000798715491866802,-0.020967687201958907,-0.0193702562182253,0,10
combined_interactive_stress,risk_aware_action_critical_depth_probe_v5_minus_gaussian_splat_uncertainty,collision_boundary_f1,0.07683748637377993,0.001932530478094303,0.07490495589568563,0.07877001685187424,10,10
combined_interactive_stress,risk_aware_action_critical_depth_probe_v5_minus_gaussian_splat_uncertainty,collision_rate,-0.02760416666666667,0.02030577524010969,-0.04790994190677636,-0.0072983914265569785,2,10
combined_interactive_stress,risk_aware_action_critical_depth_probe_v5_minus_gaussian_splat_uncertainty,manipulation_failure_rate,-0.10052083333333332,0.016108478293019073,-0.1166293116263524,-0.08441235504031425,0,10
combined_interactive_stress,risk_aware_action_critical_depth_probe_v5_minus_gaussian_splat_uncertainty,mechanism_utility,0.09474526576152179,0.004041948701493242,0.09070331706002854,0.09878721446301503,10,10
combined_interactive_stress,risk_aware_action_critical_depth_probe_v5_minus_gaussian_splat_uncertainty,occluded_region_rmse,-0.041553300739127774,0.0009407670822525325,-0.04249406782138031,-0.04061253365687524,0,10
combined_interactive_stress,risk_aware_action_critical_depth_probe_v5_minus_gaussian_splat_uncertainty,planning_regret,-0.21624695908842648,0.016298002485041343,-0.23254496157346782,-0.19994895660338513,0,10
combined_interactive_stress,risk_aware_action_critical_depth_probe_v5_minus_gaussian_splat_uncertainty,probe_cost,0.0339199850892244,0.0019365880145228705,0.031983397074701526,0.03585657310374727,10,10
combined_interactive_stress,risk_aware_action_critical_depth_probe_v5_minus_gaussian_splat_uncertainty,probe_damage,0.06614583333333333,0.014758016300942648,0.05138781703239069,0.08090384963427598,10,10
combined_interactive_stress,risk_aware_action_critical_depth_probe_v5_minus_gaussian_splat_uncertainty,probe_informativeness,0.17558831553259638,0.00953931223979155,0.16604900329280484,0.18512762777238792,10,10
combined_interactive_stress,risk_aware_action_critical_depth_probe_v5_minus_gaussian_splat_uncertainty,robust_utility,0.49240747863425255,0.060499297193312054,0.4319081814409405,0.5529067758275646,10,10
combined_interactive_stress,risk_aware_action_critical_depth_probe_v5_minus_gaussian_splat_uncertainty,task_success,0.3520833333333334,0.02671559819147597,0.32536773514185746,0.37879893152480937,10,10
combined_interactive_stress,risk_aware_action_critical_depth_probe_v5_minus_gaussian_splat_uncertainty,useful_probe_precision,0.2299653769914632,0.012427164552351763,0.21753821243911142,0.24239254154381495,10,10
combined_interactive_stress,risk_aware_action_critical_depth_probe_v5_minus_learned_depth_completion,action_critical_rmse,-0.041394739266965644,0.0007950304265712556,-0.0421897696935369,-0.04059970884039439,0,10
combined_interactive_stress,risk_aware_action_critical_depth_probe_v5_minus_learned_depth_completion,calibration_error,-0.10672377815661356,0.0008021361580946741,-0.10752591431470823,-0.10592164199851889,0,10
combined_interactive_stress,risk_aware_action_critical_depth_probe_v5_minus_learned_depth_completion,collision_boundary_f1,0.1591040757435825,0.002092118714621683,0.15701195702896084,0.16119619445820418,10,10
combined_interactive_stress,risk_aware_action_critical_depth_probe_v5_minus_learned_depth_completion,collision_rate,-0.12291666666666665,0.032574377735830086,-0.15549104440249673,-0.09034228893083657,0,10
combined_interactive_stress,risk_aware_action_critical_depth_probe_v5_minus_learned_depth_completion,manipulation_failure_rate,-0.1375,0.011609408102116206,-0.1491094081021162,-0.12589059189788382,0,10
combined_interactive_stress,risk_aware_action_critical_depth_probe_v5_minus_learned_depth_completion,mechanism_utility,0.1290213488187349,0.004092168482668921,0.12492918033606597,0.1331135173014038,10,10
combined_interactive_stress,risk_aware_action_critical_depth_probe_v5_minus_learned_depth_completion,occluded_region_rmse,-0.04717195771423317,0.0009376792232814725,-0.04810963693751465,-0.0462342784909517,0,10
combined_interactive_stress,risk_aware_action_critical_depth_probe_v5_minus_learned_depth_completion,planning_regret,-0.3615200597721141,0.020824675627086352,-0.38234473539920044,-0.34069538414502776,0,10
combined_interactive_stress,risk_aware_action_critical_depth_probe_v5_minus_learned_depth_completion,probe_cost,0.034109999112959276,0.0016272028110058995,0.03248279630195337,0.03573720192396518,10,10
combined_interactive_stress,risk_aware_action_critical_depth_probe_v5_minus_learned_depth_completion,probe_damage,0.06875,0.01442071367945052,0.05432928632054949,0.08317071367945053,10,10
combined_interactive_stress,risk_aware_action_critical_depth_probe_v5_minus_learned_depth_completion,probe_informativeness,0.17595905627890188,0.00920924262998017,0.16674981364892172,0.18516829890888203,10,10
combined_interactive_stress,risk_aware_action_critical_depth_probe_v5_minus_learned_depth_completion,robust_utility,0.9141389707291194,0.0744315928944892,0.8397073778346302,0.9885705636236086,10,10
combined_interactive_stress,risk_aware_action_critical_depth_probe_v5_minus_learned_depth_completion,task_success,0.5588541666666667,0.029899943258596382,0.5289542234080703,0.588754109925263,10,10
combined_interactive_stress,risk_aware_action_critical_depth_probe_v5_minus_learned_depth_completion,useful_probe_precision,0.22954081694033052,0.012132099580086453,0.21740871736024406,0.24167291652041697,10,10
combined_interactive_stress,risk_aware_action_critical_depth_probe_v5_minus_next_best_view_planner,action_critical_rmse,0.017123512784161816,0.0007678053438074156,0.0163557074403544,0.017891318127969232,10,10
combined_interactive_stress,risk_aware_action_critical_depth_probe_v5_minus_next_best_view_planner,calibration_error,-0.014472340548799745,0.0005586804575597812,-0.015031021006359526,-0.013913660091239965,0,10
combined_interactive_stress,risk_aware_action_critical_depth_probe_v5_minus_next_best_view_planner,collision_boundary_f1,-0.03316611830447256,0.0019136139185395495,-0.03507973222301211,-0.03125250438593301,0,10
combined_interactive_stress,risk_aware_action_critical_depth_probe_v5_minus_next_best_view_planner,collision_rate,0.035416666666666666,0.025771408755814247,0.009645257910852419,0.06118807542248091,9,10
combined_interactive_stress,risk_aware_action_critical_depth_probe_v5_minus_next_best_view_planner,manipulation_failure_rate,0.018229166666666664,0.0053261896964057484,0.012902976970260917,0.023555356363072412,10,10
combined_interactive_stress,risk_aware_action_critical_depth_probe_v5_minus_next_best_view_planner,mechanism_utility,0.039493306102071433,0.0037441107630615538,0.03574919533900988,0.04323741686513299,10,10
combined_interactive_stress,risk_aware_action_critical_depth_probe_v5_minus_next_best_view_planner,occluded_region_rmse,0.021118924811518336,0.0011033112160487924,0.020015613595469543,0.02222223602756713,10,10
combined_interactive_stress,risk_aware_action_critical_depth_probe_v5_minus_next_best_view_planner,planning_regret,0.10549056502189424,0.021387672268889893,0.08410289275300435,0.12687823729078412,10,10
combined_interactive_stress,risk_aware_action_critical_depth_probe_v5_minus_next_best_view_planner,probe_cost,0.02256260667869525,0.001872341447495202,0.02069026523120005,0.024434948126190452,10,10
combined_interactive_stress,risk_aware_action_critical_depth_probe_v5_minus_next_best_view_planner,probe_damage,0.0703125,0.0145366730389083,0.0557758269610917,0.0848491730389083,10,10
combined_interactive_stress,risk_aware_action_critical_depth_probe_v5_minus_next_best_view_planner,probe_informativeness,0.1564374110283586,0.00954145659731312,0.14689595443104547,0.1659788676256717,10,10
combined_interactive_stress,risk_aware_action_critical_depth_probe_v5_minus_next_best_view_planner,robust_utility,-0.33554044085147866,0.07775523960736198,-0.41329568045884063,-0.2577852012441167,0,10
combined_interactive_stress,risk_aware_action_critical_depth_probe_v5_minus_next_best_view_planner,task_success,-0.14739583333333334,0.031740822194701875,-0.1791366555280352,-0.11565501113863147,0,10
combined_interactive_stress,risk_aware_action_critical_depth_probe_v5_minus_next_best_view_planner,useful_probe_precision,0.21767409697490542,0.012050406391738754,0.20562369058316665,0.22972450336664418,10,10
combined_interactive_stress,risk_aware_action_critical_depth_probe_v5_minus_raw_depth_policy,action_critical_rmse,-0.07574804937482943,0.0008013034604566455,-0.07654935283528608,-0.07494674591437278,0,10
combined_interactive_stress,risk_aware_action_critical_depth_probe_v5_minus_raw_depth_policy,calibration_error,-0.1699799106926547,0.0007629619225893991,-0.1707428726152441,-0.1692169487700653,0,10
combined_interactive_stress,risk_aware_action_critical_depth_probe_v5_minus_raw_depth_policy,collision_boundary_f1,0.2794754760194595,0.0021961996457500804,0.2772792763737094,0.28167167566520956,10,10
combined_interactive_stress,risk_aware_action_critical_depth_probe_v5_minus_raw_depth_policy,collision_rate,-0.2364583333333333,0.032467564536219524,-0.26892589786955284,-0.20399076879711378,0,10
combined_interactive_stress,risk_aware_action_critical_depth_probe_v5_minus_raw_depth_policy,manipulation_failure_rate,-0.33645833333333336,0.02093192412395153,-0.35739025745728487,-0.31552640920938185,0,10
combined_interactive_stress,risk_aware_action_critical_depth_probe_v5_minus_raw_depth_policy,mechanism_utility,0.18235885805391747,0.0038680809690343296,0.17849077708488315,0.1862269390229518,10,10
combined_interactive_stress,risk_aware_action_critical_depth_probe_v5_minus_raw_depth_policy,occluded_region_rmse,-0.0897151453782927,0.0010869341002943602,-0.09080207947858705,-0.08862821127799834,0,10
combined_interactive_stress,risk_aware_action_critical_depth_probe_v5_minus_raw_depth_policy,planning_regret,-0.456687018563537,0.019373726507297462,-0.47606074507083446,-0.43731329205623953,0,10
combined_interactive_stress,risk_aware_action_critical_depth_probe_v5_minus_raw_depth_policy,probe_cost,0.03373731315963862,0.0022466080283191393,0.03149070513131948,0.03598392118795776,10,10
combined_interactive_stress,risk_aware_action_critical_depth_probe_v5_minus_raw_depth_policy,probe_damage,0.06822916666666667,0.016208798967414253,0.05202036769925242,0.08443796563408093,10,10
combined_interactive_stress,risk_aware_action_critical_depth_probe_v5_minus_raw_depth_policy,probe_informativeness,0.17611634264659468,0.009662871157154558,0.16645347148944012,0.18577921380374923,10,10
combined_interactive_stress,risk_aware_action_critical_depth_probe_v5_minus_raw_depth_policy,robust_utility,1.223273689175397,0.07814675138855441,1.1451269377868427,1.3014204405639513,10,10
combined_interactive_stress,risk_aware_action_critical_depth_probe_v5_minus_raw_depth_policy,task_success,0.5822916666666667,0.026567828986144817,0.5557238376805218,0.6088594956528115,10,10
combined_interactive_stress,risk_aware_action_critical_depth_probe_v5_minus_raw_depth_policy,useful_probe_precision,0.2297874858432812,0.011907921075598368,0.21787956476768283,0.24169540691887959,10,10
combined_interactive_stress,risk_aware_action_critical_depth_probe_v5_minus_robust_clearance_mpc,action_critical_rmse,-0.03347738750086722,0.0007787573604974458,-0.03425614486136466,-0.03269863014036978,0,10
combined_interactive_stress,risk_aware_action_critical_depth_probe_v5_minus_robust_clearance_mpc,calibration_error,-0.03681764575600373,0.0010183187528801166,-0.037835964508883844,-0.03579932700312361,0,10
combined_interactive_stress,risk_aware_action_critical_depth_probe_v5_minus_robust_clearance_mpc,collision_boundary_f1,0.04952549338743052,0.00224627029611122,0.0472792230913193,0.05177176368354174,10,10
combined_interactive_stress,risk_aware_action_critical_depth_probe_v5_minus_robust_clearance_mpc,collision_rate,0.09479166666666668,0.025409432789642472,0.0693822338770242,0.12020109945630915,10,10
combined_interactive_stress,risk_aware_action_critical_depth_probe_v5_minus_robust_clearance_mpc,manipulation_failure_rate,-0.05989583333333333,0.010122906447937948,-0.07001873978127128,-0.04977292688539538,0,10
combined_interactive_stress,risk_aware_action_critical_depth_probe_v5_minus_robust_clearance_mpc,mechanism_utility,0.08781307800615423,0.003811919134031278,0.08400115887212295,0.09162499714018552,10,10
combined_interactive_stress,risk_aware_action_critical_depth_probe_v5_minus_robust_clearance_mpc,occluded_region_rmse,-0.04548781058210439,0.0010458505848944194,-0.04653366116699881,-0.04444195999720997,0,10
combined_interactive_stress,risk_aware_action_critical_depth_probe_v5_minus_robust_clearance_mpc,planning_regret,0.024468320759169142,0.02655278026445306,-0.002084459505283919,0.0510211010236222,6,10
combined_interactive_stress,risk_aware_action_critical_depth_probe_v5_minus_robust_clearance_mpc,probe_cost,0.03438922453552147,0.0023601697897955476,0.03202905474572592,0.03674939432531702,10,10
combined_interactive_stress,risk_aware_action_critical_depth_probe_v5_minus_robust_clearance_mpc,probe_damage,0.0703125,0.015160511126212884,0.05515198887378712,0.08547301112621289,10,10
combined_interactive_stress,risk_aware_action_critical_depth_probe_v5_minus_robust_clearance_mpc,probe_informativeness,0.1754522604883522,0.00997919568628441,0.16547306480206778,0.1854314561746366,10,10
combined_interactive_stress,risk_aware_action_critical_depth_probe_v5_minus_robust_clearance_mpc,robust_utility,-0.2200611808608497,0.08788857107088893,-0.3079497519317386,-0.13217260978996076,1,10
combined_interactive_stress,risk_aware_action_critical_depth_probe_v5_minus_robust_clearance_mpc,task_success,-0.04687499999999998,0.043788871620284726,-0.0906638716202847,-0.0030861283797152528,2,10
combined_interactive_stress,risk_aware_action_critical_depth_probe_v5_minus_robust_clearance_mpc,useful_probe_precision,0.2292792376331402,0.01239180523135236,0.21688743240178784,0.24167104286449256,10,10
combined_interactive_stress,risk_aware_action_critical_depth_probe_v5_minus_uncertainty_guided_probe,action_critical_rmse,-0.003426886975469319,0.0014403874017756947,-0.004867274377245014,-0.0019864995736936244,0,10
combined_interactive_stress,risk_aware_action_critical_depth_probe_v5_minus_uncertainty_guided_probe,calibration_error,-0.016666571154762288,0.0013910170996294488,-0.018057588254391736,-0.01527555405513284,0,10
combined_interactive_stress,risk_aware_action_critical_depth_probe_v5_minus_uncertainty_guided_probe,collision_boundary_f1,0.025006014480935247,0.003969447072211949,0.021036567408723297,0.028975461553147196,10,10
combined_interactive_stress,risk_aware_action_critical_depth_probe_v5_minus_uncertainty_guided_probe,collision_rate,-0.023958333333333335,0.038863238068232914,-0.06282157140156625,0.014904904734899579,3,10
combined_interactive_stress,risk_aware_action_critical_depth_probe_v5_minus_uncertainty_guided_probe,manipulation_failure_rate,-0.019791666666666666,0.009838677533961764,-0.02963034420062843,-0.009952989132704902,1,10
combined_interactive_stress,risk_aware_action_critical_depth_probe_v5_minus_uncertainty_guided_probe,mechanism_utility,0.061318818142052936,0.005566213740407985,0.05575260440164495,0.06688503188246092,10,10
combined_interactive_stress,risk_aware_action_critical_depth_probe_v5_minus_uncertainty_guided_probe,occluded_region_rmse,-0.0036310642686847223,0.001807686086732684,-0.0054387503554174065,-0.0018233781819520384,0,10
combined_interactive_stress,risk_aware_action_critical_depth_probe_v5_minus_uncertainty_guided_probe,planning_regret,-0.14219859052071757,0.025638243349088777,-0.16783683386980636,-0.11656034717162879,0,10
combined_interactive_stress,risk_aware_action_critical_depth_probe_v5_minus_uncertainty_guided_probe,probe_cost,-0.03821843630272526,0.0058019762913791035,-0.044020412594104365,-0.03241646001134616,0,10
combined_interactive_stress,risk_aware_action_critical_depth_probe_v5_minus_uncertainty_guided_probe,probe_damage,-0.0734375,0.02116571542955875,-0.09460321542955875,-0.05227178457044125,0,10
combined_interactive_stress,risk_aware_action_critical_depth_probe_v5_minus_uncertainty_guided_probe,probe_informativeness,0.03387778169970083,0.015123067629208866,0.01875471407049196,0.04900084932890969,10,10
combined_interactive_stress,risk_aware_action_critical_depth_probe_v5_minus_uncertainty_guided_probe,robust_utility,0.42657154858454716,0.10002659992930488,0.3265449486552423,0.526598148513852,10,10
combined_interactive_stress,risk_aware_action_critical_depth_probe_v5_minus_uncertainty_guided_probe,task_success,0.2192708333333333,0.03417886596234904,0.18509196737098427,0.25344969929568234,10,10
combined_interactive_stress,risk_aware_action_critical_depth_probe_v5_minus_uncertainty_guided_probe,useful_probe_precision,0.10753006836749254,0.016741620277166937,0.0907884480903256,0.12427168864465948,10,10
combined_interactive_stress,risk_aware_action_critical_depth_probe_v5_minus_visuotactile_probe,action_critical_rmse,-0.011149073533406034,0.0010779755018819844,-0.012227049035288018,-0.01007109803152405,0,10
combined_interactive_stress,risk_aware_action_critical_depth_probe_v5_minus_visuotactile_probe,calibration_error,-0.038099031722000735,0.0009292158648581949,-0.03902824758685893,-0.03716981585714254,0,10
combined_interactive_stress,risk_aware_action_critical_depth_probe_v5_minus_visuotactile_probe,collision_boundary_f1,0.04497488717131802,0.002047362039528617,0.04292752513178941,0.047022249210846634,10,10
combined_interactive_stress,risk_aware_action_critical_depth_probe_v5_minus_visuotactile_probe,collision_rate,-0.02239583333333333,0.02007638888888889,-0.04247222222222222,-0.00231944444444444,2,10
combined_interactive_stress,risk_aware_action_critical_depth_probe_v5_minus_visuotactile_probe,manipulation_failure_rate,-0.03958333333333333,0.008081149475900806,-0.04766448280923414,-0.031502183857432524,0,10
combined_interactive_stress,risk_aware_action_critical_depth_probe_v5_minus_visuotactile_probe,mechanism_utility,0.05514499886260098,0.0024159170017662127,0.05272908186083476,0.05756091586436719,10,10
combined_interactive_stress,risk_aware_action_critical_depth_probe_v5_minus_visuotactile_probe,occluded_region_rmse,-0.013505243760206431,0.0013838989778120093,-0.01488914273801844,-0.012121344782394421,0,10
combined_interactive_stress,risk_aware_action_critical_depth_probe_v5_minus_visuotactile_probe,planning_regret,-0.1278477699933082,0.019269457701858155,-0.14711722769516636,-0.10857831229145005,0,10
combined_interactive_stress,risk_aware_action_critical_depth_probe_v5_minus_visuotactile_probe,probe_cost,-0.009550358748512214,0.0032368581171553575,-0.012787216865667571,-0.006313500631356857,0,10
combined_interactive_stress,risk_aware_action_critical_depth_probe_v5_minus_visuotactile_probe,probe_damage,-0.00989583333333333,0.019455439599644925,-0.029351272932978255,0.009559606266311596,4,10
combined_interactive_stress,risk_aware_action_critical_depth_probe_v5_minus_visuotactile_probe,probe_informativeness,0.05333742358062197,0.012283000968037479,0.04105442261258449,0.06562042454865945,10,10
combined_interactive_stress,risk_aware_action_critical_depth_probe_v5_minus_visuotactile_probe,robust_utility,0.3393582953869524,0.06646608051519044,0.27289221487176196,0.4058243759021428,10,10
combined_interactive_stress,risk_aware_action_critical_depth_probe_v5_minus_visuotactile_probe,task_success,0.2026041666666667,0.03153587527559919,0.1710682913910675,0.2341400419422659,10,10
combined_interactive_stress,risk_aware_action_critical_depth_probe_v5_minus_visuotactile_probe,useful_probe_precision,0.10121068560792171,0.014521139870281844,0.08668954573763986,0.11573182547820356,10,10
low_signal_depth_stress,risk_aware_action_critical_depth_probe_v5_minus_action_critical_interactive_depth_v4,action_critical_rmse,-0.003012618475960186,0.0012370192057454446,-0.004249637681705631,-0.0017755992702147415,1,10
low_signal_depth_stress,risk_aware_action_critical_depth_probe_v5_minus_action_critical_interactive_depth_v4,calibration_error,-0.015846850626117022,0.0010981971435310752,-0.016945047769648097,-0.014748653482585947,0,10
low_signal_depth_stress,risk_aware_action_critical_depth_probe_v5_minus_action_critical_interactive_depth_v4,collision_boundary_f1,0.018279784985381187,0.0027353450007070183,0.015544439984674169,0.021015129986088205,10,10
low_signal_depth_stress,risk_aware_action_critical_depth_probe_v5_minus_action_critical_interactive_depth_v4,collision_rate,-0.043750000000000004,0.02303858980863131,-0.06678858980863131,-0.020711410191368695,0,10
low_signal_depth_stress,risk_aware_action_critical_depth_probe_v5_minus_action_critical_interactive_depth_v4,manipulation_failure_rate,-0.01614583333333333,0.006536522659046033,-0.022682355992379364,-0.009609310674287299,0,10
low_signal_depth_stress,risk_aware_action_critical_depth_probe_v5_minus_action_critical_interactive_depth_v4,mechanism_utility,0.009902814237436086,0.0069937076300161305,0.0029091066074199553,0.016896521867452215,8,10
low_signal_depth_stress,risk_aware_action_critical_depth_probe_v5_minus_action_critical_interactive_depth_v4,occluded_region_rmse,-0.004148268341268489,0.0014015072356153469,-0.005549775576883836,-0.0027467611056531424,0,10
low_signal_depth_stress,risk_aware_action_critical_depth_probe_v5_minus_action_critical_interactive_depth_v4,planning_regret,-0.10147427572855247,0.0138802512212255,-0.11535452694977796,-0.08759402450732698,0,10
low_signal_depth_stress,risk_aware_action_critical_depth_probe_v5_minus_action_critical_interactive_depth_v4,probe_cost,-0.008900185103650416,0.0029347201915766417,-0.011834905295227058,-0.005965464912073774,0,10
low_signal_depth_stress,risk_aware_action_critical_depth_probe_v5_minus_action_critical_interactive_depth_v4,probe_damage,-0.006249999999999999,0.011767905650329702,-0.0180179056503297,0.005517905650329703,3,10
low_signal_depth_stress,risk_aware_action_critical_depth_probe_v5_minus_action_critical_interactive_depth_v4,probe_informativeness,-0.005628411517401908,0.014604290782938673,-0.02023270230034058,0.008975879265536765,5,10
low_signal_depth_stress,risk_aware_action_critical_depth_probe_v5_minus_action_critical_interactive_depth_v4,robust_utility,0.29469195462442305,0.05377561920847891,0.24091633541594415,0.34846757383290194,10,10
low_signal_depth_stress,risk_aware_action_critical_depth_probe_v5_minus_action_critical_interactive_depth_v4,task_success,0.16458333333333336,0.0215855229119592,0.14299781042137416,0.18616885624529256,10,10
low_signal_depth_stress,risk_aware_action_critical_depth_probe_v5_minus_action_critical_interactive_depth_v4,useful_probe_precision,0.0007114117466046843,0.018687186387785316,-0.017975774641180633,0.01939859813439,7,10
low_signal_depth_stress,risk_aware_action_critical_depth_probe_v5_minus_active_view_selection,action_critical_rmse,0.019953921100769482,0.0009657661403389406,0.01898815496043054,0.020919687241108424,10,10
low_signal_depth_stress,risk_aware_action_critical_depth_probe_v5_minus_active_view_selection,calibration_error,-0.008675734643282286,0.0009232758863206565,-0.009599010529602943,-0.007752458756961629,0,10
low_signal_depth_stress,risk_aware_action_critical_depth_probe_v5_minus_active_view_selection,collision_boundary_f1,-0.03701555515111048,0.0025024040358706755,-0.03951795918698115,-0.0345131511152398,0,10
low_signal_depth_stress,risk_aware_action_critical_depth_probe_v5_minus_active_view_selection,collision_rate,0.028645833333333325,0.017030894279329658,0.011614939054003667,0.04567672761266298,7,10
low_signal_depth_stress,risk_aware_action_critical_depth_probe_v5_minus_active_view_selection,manipulation_failure_rate,0.008333333333333333,0.004083333333333333,0.00425,0.012416666666666666,8,10
low_signal_depth_stress,risk_aware_action_critical_depth_probe_v5_minus_active_view_selection,mechanism_utility,0.03330137799695896,0.006506351289083513,0.026795026707875445,0.039807729286042474,10,10
low_signal_depth_stress,risk_aware_action_critical_depth_probe_v5_minus_active_view_selection,occluded_region_rmse,0.02633868361695175,0.0014487564629848079,0.024889927153966943,0.02778744007993656,10,10
low_signal_depth_stress,risk_aware_action_critical_depth_probe_v5_minus_active_view_selection,planning_regret,0.1081576204023675,0.013717829170737873,0.09443979123162963,0.12187544957310537,10,10
low_signal_depth_stress,risk_aware_action_critical_depth_probe_v5_minus_active_view_selection,probe_cost,0.019682308433750174,0.002682709300568584,0.016999599133181588,0.02236501773431876,10,10
low_signal_depth_stress,risk_aware_action_critical_depth_probe_v5_minus_active_view_selection,probe_damage,0.08177083333333333,0.006641957246536205,0.07512887608679714,0.08841279057986953,10,10
low_signal_depth_stress,risk_aware_action_critical_depth_probe_v5_minus_active_view_selection,probe_informativeness,0.15495426309514804,0.013217163371709376,0.14173709972343868,0.1681714264668574,10,10
low_signal_depth_stress,risk_aware_action_critical_depth_probe_v5_minus_active_view_selection,robust_utility,-0.32733387685429294,0.04510078564288072,-0.37243466249717366,-0.2822330912114122,0,10
low_signal_depth_stress,risk_aware_action_critical_depth_probe_v5_minus_active_view_selection,task_success,-0.14062500000000006,0.022673839755525737,-0.16329883975552578,-0.11795116024447432,0,10
low_signal_depth_stress,risk_aware_action_critical_depth_probe_v5_minus_active_view_selection,useful_probe_precision,0.21239418445792624,0.017152674927305874,0.19524150953062036,0.22954685938523212,10,10
low_signal_depth_stress,risk_aware_action_critical_depth_probe_v5_minus_diffusion_depth_policy,action_critical_rmse,-0.019049898145782736,0.0010858147169781646,-0.0201357128627609,-0.01796408342880457,0,10
low_signal_depth_stress,risk_aware_action_critical_depth_probe_v5_minus_diffusion_depth_policy,calibration_error,-0.07161721611833224,0.0011518286164080081,-0.07276904473474025,-0.07046538750192424,0,10
low_signal_depth_stress,risk_aware_action_critical_depth_probe_v5_minus_diffusion_depth_policy,collision_boundary_f1,0.0718046581402598,0.002557032520258335,0.06924762562000146,0.07436169066051813,10,10
low_signal_depth_stress,risk_aware_action_critical_depth_probe_v5_minus_diffusion_depth_policy,collision_rate,-0.06666666666666668,0.03231026644738842,-0.0989769331140551,-0.03435640021927826,1,10
low_signal_depth_stress,risk_aware_action_critical_depth_probe_v5_minus_diffusion_depth_policy,manipulation_failure_rate,-0.025,0.009105212775732263,-0.034105212775732266,-0.015894787224267737,0,10
low_signal_depth_stress,risk_aware_action_critical_depth_probe_v5_minus_diffusion_depth_policy,mechanism_utility,0.09110762538161216,0.006477270955689027,0.08463035442592313,0.09758489633730118,10,10
low_signal_depth_stress,risk_aware_action_critical_depth_probe_v5_minus_diffusion_depth_policy,occluded_region_rmse,-0.022316282567872152,0.0013448795288666267,-0.02366116209673878,-0.020971403039005524,0,10
low_signal_depth_stress,risk_aware_action_critical_depth_probe_v5_minus_diffusion_depth_policy,planning_regret,-0.11971107834567,0.021119002701549747,-0.14083008104721975,-0.09859207564412026,0,10
low_signal_depth_stress,risk_aware_action_critical_depth_probe_v5_minus_diffusion_depth_policy,probe_cost,0.022781061868385882,0.002909750519783286,0.019871311348602597,0.025690812388169167,10,10
low_signal_depth_stress,risk_aware_action_critical_depth_probe_v5_minus_diffusion_depth_policy,probe_damage,0.08125,0.007006748290393931,0.07424325170960608,0.08825674829039393,10,10
low_signal_depth_stress,risk_aware_action_critical_depth_probe_v5_minus_diffusion_depth_policy,probe_informativeness,0.17761675367811858,0.01329969317942917,0.1643170604986894,0.19091644685754774,10,10
low_signal_depth_stress,risk_aware_action_critical_depth_probe_v5_minus_diffusion_depth_policy,robust_utility,0.2711473983976621,0.07720930338031733,0.19393809501734477,0.34835670177797945,10,10
low_signal_depth_stress,risk_aware_action_critical_depth_probe_v5_minus_diffusion_depth_policy,task_success,0.1916666666666667,0.030768337400967138,0.16089832926569958,0.22243500406763383,10,10
low_signal_depth_stress,risk_aware_action_critical_depth_probe_v5_minus_diffusion_depth_policy,useful_probe_precision,0.22592239775250705,0.017227891627072257,0.2086945061254348,0.2431502893795793,10,10
low_signal_depth_stress,risk_aware_action_critical_depth_probe_v5_minus_ensemble_depth_completion,action_critical_rmse,-0.024850298186812482,0.0010548503590824643,-0.025905148545894947,-0.023795447827730017,0,10
low_signal_depth_stress,risk_aware_action_critical_depth_probe_v5_minus_ensemble_depth_completion,calibration_error,-0.03176120240903135,0.0009962660668897628,-0.03275746847592111,-0.03076493634214159,0,10
low_signal_depth_stress,risk_aware_action_critical_depth_probe_v5_minus_ensemble_depth_completion,collision_boundary_f1,0.07482989598675269,0.0031197080385602727,0.07171018794819241,0.07794960402531297,10,10
low_signal_depth_stress,risk_aware_action_critical_depth_probe_v5_minus_ensemble_depth_completion,collision_rate,-0.06145833333333332,0.02090978564697566,-0.08236811898030899,-0.04054854768635766,1,10
low_signal_depth_stress,risk_aware_action_critical_depth_probe_v5_minus_ensemble_depth_completion,manipulation_failure_rate,-0.05885416666666665,0.007914659224042185,-0.06676882589070884,-0.05093950744262447,0,10
low_signal_depth_stress,risk_aware_action_critical_depth_probe_v5_minus_ensemble_depth_completion,mechanism_utility,0.08946167358120113,0.006877503194223446,0.08258417038697768,0.09633917677542458,10,10
low_signal_depth_stress,risk_aware_action_critical_depth_probe_v5_minus_ensemble_depth_completion,occluded_region_rmse,-0.028417950856497853,0.0013974137438945511,-0.029815364600392403,-0.027020537112603302,0,10
low_signal_depth_stress,risk_aware_action_critical_depth_probe_v5_minus_ensemble_depth_completion,planning_regret,-0.1847276513761133,0.015161338189312437,-0.19988898956542572,-0.16956631318680088,0,10
low_signal_depth_stress,risk_aware_action_critical_depth_probe_v5_minus_ensemble_depth_completion,probe_cost,0.032078104682934004,0.002701629559145199,0.029376475123788805,0.034779734242079204,10,10
low_signal_depth_stress,risk_aware_action_critical_depth_probe_v5_minus_ensemble_depth_completion,probe_damage,0.07864583333333333,0.00782638888888889,0.07081944444444443,0.08647222222222223,10,10
low_signal_depth_stress,risk_aware_action_critical_depth_probe_v5_minus_ensemble_depth_completion,probe_informativeness,0.17843446369502802,0.012761905681724675,0.16567255801330336,0.1911963693767527,10,10
low_signal_depth_stress,risk_aware_action_critical_depth_probe_v5_minus_ensemble_depth_completion,robust_utility,0.43099771407367526,0.05661158009206156,0.3743861339816137,0.48760929416573684,10,10
low_signal_depth_stress,risk_aware_action_critical_depth_probe_v5_minus_ensemble_depth_completion,task_success,0.3020833333333333,0.026445516726626293,0.275637816606707,0.32852885005995963,10,10
low_signal_depth_stress,risk_aware_action_critical_depth_probe_v5_minus_ensemble_depth_completion,useful_probe_precision,0.22625061383825837,0.017294939601118754,0.20895567423713962,0.24354555343937712,10,10
low_signal_depth_stress,risk_aware_action_critical_depth_probe_v5_minus_foundation_depth_prior,action_critical_rmse,-0.029105604021620067,0.001184175826428171,-0.03028977984804824,-0.027921428195191896,0,10
low_signal_depth_stress,risk_aware_action_critical_depth_probe_v5_minus_foundation_depth_prior,calibration_error,-0.08880315030852673,0.0011941277558413354,-0.08999727806436807,-0.08760902255268539,0,10
low_signal_depth_stress,risk_aware_action_critical_depth_probe_v5_minus_foundation_depth_prior,collision_boundary_f1,0.11570707672133032,0.002761919366748892,0.11294515735458142,0.11846899608807922,10,10
low_signal_depth_stress,risk_aware_action_critical_depth_probe_v5_minus_foundation_depth_prior,collision_rate,-0.09947916666666667,0.022950468547692914,-0.1224296352143596,-0.07652869811897375,0,10
low_signal_depth_stress,risk_aware_action_critical_depth_probe_v5_minus_foundation_depth_prior,manipulation_failure_rate,-0.08385416666666667,0.009914879332393607,-0.09376904599906027,-0.07393928733427307,0,10
low_signal_depth_stress,risk_aware_action_critical_depth_probe_v5_minus_foundation_depth_prior,mechanism_utility,0.10816764079535049,0.00692849621011604,0.10123914458523445,0.11509613700546653,10,10
low_signal_depth_stress,risk_aware_action_critical_depth_probe_v5_minus_foundation_depth_prior,occluded_region_rmse,-0.032061965999053456,0.0015039760565464498,-0.03356594205559991,-0.030557989942507007,0,10
low_signal_depth_stress,risk_aware_action_critical_depth_probe_v5_minus_foundation_depth_prior,planning_regret,-0.2895966696378895,0.019509299641762158,-0.30910596927965167,-0.2700873699961273,0,10
low_signal_depth_stress,risk_aware_action_critical_depth_probe_v5_minus_foundation_depth_prior,probe_cost,0.029229753576722667,0.0026887822390674362,0.02654097133765523,0.0319185358157901,10,10
low_signal_depth_stress,risk_aware_action_critical_depth_probe_v5_minus_foundation_depth_prior,probe_damage,0.08020833333333333,0.006668055410909762,0.07354027792242357,0.08687638874424308,10,10
low_signal_depth_stress,risk_aware_action_critical_depth_probe_v5_minus_foundation_depth_prior,probe_informativeness,0.1779250575273056,0.013291366628462207,0.16463369089884342,0.1912164241557678,10,10
low_signal_depth_stress,risk_aware_action_critical_depth_probe_v5_minus_foundation_depth_prior,robust_utility,0.7269061704830033,0.0526127997567147,0.6742933707262886,0.7795189702397181,10,10
low_signal_depth_stress,risk_aware_action_critical_depth_probe_v5_minus_foundation_depth_prior,task_success,0.4776041666666667,0.03780147655866676,0.43980269010799994,0.5154056432253334,10,10
low_signal_depth_stress,risk_aware_action_critical_depth_probe_v5_minus_foundation_depth_prior,useful_probe_precision,0.22583545207068068,0.017252696309894233,0.20858275576078644,0.2430881483805749,10,10
low_signal_depth_stress,risk_aware_action_critical_depth_probe_v5_minus_gaussian_splat_uncertainty,action_critical_rmse,-0.030705054867811082,0.001094422951064996,-0.03179947781887608,-0.029610631916746087,0,10
low_signal_depth_stress,risk_aware_action_critical_depth_probe_v5_minus_gaussian_splat_uncertainty,calibration_error,-0.019118659345141658,0.0011259691064133207,-0.020244628451554978,-0.017992690238728338,0,10
low_signal_depth_stress,risk_aware_action_critical_depth_probe_v5_minus_gaussian_splat_uncertainty,collision_boundary_f1,0.06987375098945062,0.0021349139655866315,0.06773883702386399,0.07200866495503724,10,10
low_signal_depth_stress,risk_aware_action_critical_depth_probe_v5_minus_gaussian_splat_uncertainty,collision_rate,-0.05572916666666668,0.02618370615437003,-0.08191287282103671,-0.029545460512296645,1,10
low_signal_depth_stress,risk_aware_action_critical_depth_probe_v5_minus_gaussian_splat_uncertainty,manipulation_failure_rate,-0.09218749999999999,0.018887715700903272,-0.11107521570090326,-0.07329978429909673,0,10
low_signal_depth_stress,risk_aware_action_critical_depth_probe_v5_minus_gaussian_splat_uncertainty,mechanism_utility,0.089938884978108,0.006553556861779483,0.08338532811632851,0.09649244183988748,10,10
low_signal_depth_stress,risk_aware_action_critical_depth_probe_v5_minus_gaussian_splat_uncertainty,occluded_region_rmse,-0.03865222603834205,0.0013512315652248032,-0.040003457603566855,-0.037300994473117244,0,10
low_signal_depth_stress,risk_aware_action_critical_depth_probe_v5_minus_gaussian_splat_uncertainty,planning_regret,-0.21522272021665095,0.015440024698518833,-0.23066274491516978,-0.19978269551813213,0,10
low_signal_depth_stress,risk_aware_action_critical_depth_probe_v5_minus_gaussian_splat_uncertainty,probe_cost,0.030994477998009272,0.002898499548617367,0.028095978449391906,0.03389297754662664,10,10
low_signal_depth_stress,risk_aware_action_critical_depth_probe_v5_minus_gaussian_splat_uncertainty,probe_damage,0.075,0.009028589707078588,0.0659714102929214,0.08402858970707859,10,10
low_signal_depth_stress,risk_aware_action_critical_depth_probe_v5_minus_gaussian_splat_uncertainty,probe_informativeness,0.17776310940221376,0.013342091407465215,0.16442101799474856,0.19110520080967897,10,10
low_signal_depth_stress,risk_aware_action_critical_depth_probe_v5_minus_gaussian_splat_uncertainty,robust_utility,0.5063112265617467,0.04938223581193271,0.45692899074981397,0.5556934623736793,10,10
low_signal_depth_stress,risk_aware_action_critical_depth_probe_v5_minus_gaussian_splat_uncertainty,task_success,0.3453125,0.02688194444444444,0.3184305555555556,0.37219444444444444,10,10
low_signal_depth_stress,risk_aware_action_critical_depth_probe_v5_minus_gaussian_splat_uncertainty,useful_probe_precision,0.2264157586004852,0.017141369710165083,0.20927438889032013,0.2435571283106503,10,10
low_signal_depth_stress,risk_aware_action_critical_depth_probe_v5_minus_learned_depth_completion,action_critical_rmse,-0.038696954356965234,0.0010304935210495643,-0.0397274478780148,-0.03766646083591567,0,10
low_signal_depth_stress,risk_aware_action_critical_depth_probe_v5_minus_learned_depth_completion,calibration_error,-0.10452012585054908,0.0010321280999494695,-0.10555225395049855,-0.10348799775059961,0,10
low_signal_depth_stress,risk_aware_action_critical_depth_probe_v5_minus_learned_depth_completion,collision_boundary_f1,0.14859975833444436,0.0024805547161079653,0.14611920361833639,0.15108031305055233,10,10
low_signal_depth_stress,risk_aware_action_critical_depth_probe_v5_minus_learned_depth_completion,collision_rate,-0.11666666666666667,0.030708066358958078,-0.14737473302562476,-0.08595860030770859,0,10
low_signal_depth_stress,risk_aware_action_critical_depth_probe_v5_minus_learned_depth_completion,manipulation_failure_rate,-0.1270833333333333,0.01160940810211621,-0.13869274143544952,-0.11547392523121709,0,10
low_signal_depth_stress,risk_aware_action_critical_depth_probe_v5_minus_learned_depth_completion,mechanism_utility,0.1226759927808736,0.00671676624479429,0.1159592265360793,0.12939275902566788,10,10
low_signal_depth_stress,risk_aware_action_critical_depth_probe_v5_minus_learned_depth_completion,occluded_region_rmse,-0.043957242076856196,0.001354998807037381,-0.04531224088389357,-0.04260224326981882,0,10
low_signal_depth_stress,risk_aware_action_critical_depth_probe_v5_minus_learned_depth_completion,planning_regret,-0.372732628857133,0.014637711085369872,-0.38737033994250286,-0.3580949177717631,0,10
low_signal_depth_stress,risk_aware_action_critical_depth_probe_v5_minus_learned_depth_completion,probe_cost,0.032448749167754004,0.002417281753293617,0.03003146741446039,0.03486603092104762,10,10
low_signal_depth_stress,risk_aware_action_critical_depth_probe_v5_minus_learned_depth_completion,probe_damage,0.078125,0.0074551125882647605,0.07066988741173524,0.08558011258826476,10,10
low_signal_depth_stress,risk_aware_action_critical_depth_probe_v5_minus_learned_depth_completion,probe_informativeness,0.1793375004593233,0.01319774267076686,0.16613975778855644,0.19253524313009018,10,10
low_signal_depth_stress,risk_aware_action_critical_depth_probe_v5_minus_learned_depth_completion,robust_utility,0.9347637052076759,0.055572142233285146,0.8791915629743908,0.990335847440961,10,10
low_signal_depth_stress,risk_aware_action_critical_depth_probe_v5_minus_learned_depth_completion,task_success,0.5927083333333333,0.020119598040434148,0.5725887352928991,0.6128279313737675,10,10
low_signal_depth_stress,risk_aware_action_critical_depth_probe_v5_minus_learned_depth_completion,useful_probe_precision,0.2254386590903473,0.017016659084434053,0.20842200000591324,0.24245531817478136,10,10
low_signal_depth_stress,risk_aware_action_critical_depth_probe_v5_minus_next_best_view_planner,action_critical_rmse,0.016576356292142064,0.0012142110848827692,0.015362145207259295,0.017790567377024835,10,10
low_signal_depth_stress,risk_aware_action_critical_depth_probe_v5_minus_next_best_view_planner,calibration_error,-0.014607528374166836,0.0007831976231804289,-0.015390725997347265,-0.013824330750986408,0,10
low_signal_depth_stress,risk_aware_action_critical_depth_probe_v5_minus_next_best_view_planner,collision_boundary_f1,-0.0334057417361717,0.002511881215207389,-0.03591762295137909,-0.030893860520964316,0,10
low_signal_depth_stress,risk_aware_action_critical_depth_probe_v5_minus_next_best_view_planner,collision_rate,0.03958333333333333,0.02411895033852217,0.015464382994811163,0.0637022836718555,8,10
low_signal_depth_stress,risk_aware_action_critical_depth_probe_v5_minus_next_best_view_planner,manipulation_failure_rate,0.008333333333333333,0.004083333333333333,0.00425,0.012416666666666666,8,10
low_signal_depth_stress,risk_aware_action_critical_depth_probe_v5_minus_next_best_view_planner,mechanism_utility,0.03723978742405287,0.006770268231052041,0.03046951919300083,0.044010055655104914,10,10
low_signal_depth_stress,risk_aware_action_critical_depth_probe_v5_minus_next_best_view_planner,occluded_region_rmse,0.020787812329078652,0.001314930863850941,0.01947288146522771,0.022102743192929594,10,10
low_signal_depth_stress,risk_aware_action_critical_depth_probe_v5_minus_next_best_view_planner,planning_regret,0.08868937449593307,0.025747939921648238,0.06294143457428483,0.11443731441758132,10,10
low_signal_depth_stress,risk_aware_action_critical_depth_probe_v5_minus_next_best_view_planner,probe_cost,0.02076164147140708,0.002708581263907557,0.018053060207499524,0.023470222735314638,10,10
low_signal_depth_stress,risk_aware_action_critical_depth_probe_v5_minus_next_best_view_planner,probe_damage,0.08020833333333333,0.007789314360704448,0.07241901897262888,0.08799764769403777,10,10
low_signal_depth_stress,risk_aware_action_critical_depth_probe_v5_minus_next_best_view_planner,probe_informativeness,0.15905900350193652,0.013483476132558027,0.1455755273693785,0.17254247963449454,10,10
low_signal_depth_stress,risk_aware_action_critical_depth_probe_v5_minus_next_best_view_planner,robust_utility,-0.29504350261327994,0.08264148651918383,-0.3776849891324638,-0.2124020160940961,0,10
low_signal_depth_stress,risk_aware_action_critical_depth_probe_v5_minus_next_best_view_planner,task_success,-0.10885416666666665,0.03916743559627399,-0.14802160226294064,-0.06968673107039267,0,10
low_signal_depth_stress,risk_aware_action_critical_depth_probe_v5_minus_next_best_view_planner,useful_probe_precision,0.21340869578284974,0.017130180720496775,0.19627851506235297,0.2305388765033465,10,10
low_signal_depth_stress,risk_aware_action_critical_depth_probe_v5_minus_raw_depth_policy,action_critical_rmse,-0.07102622508412117,0.0012098755943755585,-0.07223610067849673,-0.0698163494897456,0,10
low_signal_depth_stress,risk_aware_action_critical_depth_probe_v5_minus_raw_depth_policy,calibration_error,-0.16785653715432383,0.0010989797849956066,-0.16895551693931943,-0.16675755736932824,0,10
low_signal_depth_stress,risk_aware_action_critical_depth_probe_v5_minus_raw_depth_policy,collision_boundary_f1,0.2608244922701174,0.0029733789752666813,0.2578511132948507,0.26379787124538406,10,10
low_signal_depth_stress,risk_aware_action_critical_depth_probe_v5_minus_raw_depth_policy,collision_rate,-0.225,0.02029151456327508,-0.24529151456327508,-0.20470848543672493,0,10
low_signal_depth_stress,risk_aware_action_critical_depth_probe_v5_minus_raw_depth_policy,manipulation_failure_rate,-0.33333333333333337,0.0161048838539934,-0.34943821718732676,-0.31722844947934,0,10
low_signal_depth_stress,risk_aware_action_critical_depth_probe_v5_minus_raw_depth_policy,mechanism_utility,0.172794887567396,0.00677090690626756,0.16602398066112845,0.17956579447366355,10,10
low_signal_depth_stress,risk_aware_action_critical_depth_probe_v5_minus_raw_depth_policy,occluded_region_rmse,-0.08407789932810054,0.0011714830026400241,-0.08524938233074057,-0.08290641632546052,0,10
low_signal_depth_stress,risk_aware_action_critical_depth_probe_v5_minus_raw_depth_policy,planning_regret,-0.47779838427792604,0.011722717971517941,-0.48952110224944395,-0.4660756663064081,0,10
low_signal_depth_stress,risk_aware_action_critical_depth_probe_v5_minus_raw_depth_policy,probe_cost,0.032264625614210264,0.002468534908698737,0.02979609070551153,0.034733160522909,10,10
low_signal_depth_stress,risk_aware_action_critical_depth_probe_v5_minus_raw_depth_policy,probe_damage,0.07812499999999999,0.007298145270047456,0.07082685472995252,0.08542314527004745,10,10
low_signal_depth_stress,risk_aware_action_critical_depth_probe_v5_minus_raw_depth_policy,probe_informativeness,0.17911332932885668,0.012956728274067544,0.16615660105478913,0.19207005760292423,10,10
low_signal_depth_stress,risk_aware_action_critical_depth_probe_v5_minus_raw_depth_policy,robust_utility,1.2662661071855807,0.041485119519109,1.2247809876664717,1.3077512267046898,10,10
low_signal_depth_stress,risk_aware_action_critical_depth_probe_v5_minus_raw_depth_policy,task_success,0.6354166666666667,0.021681863438378475,0.6137348032282882,0.6570985301050453,10,10
low_signal_depth_stress,risk_aware_action_critical_depth_probe_v5_minus_raw_depth_policy,useful_probe_precision,0.22581871768191508,0.017083048964625536,0.20873566871728955,0.24290176664654062,10,10
low_signal_depth_stress,risk_aware_action_critical_depth_probe_v5_minus_robust_clearance_mpc,action_critical_rmse,-0.031763432500021824,0.0011044522586059493,-0.03286788475862777,-0.030658980241415876,0,10
low_signal_depth_stress,risk_aware_action_critical_depth_probe_v5_minus_robust_clearance_mpc,calibration_error,-0.03515413018775242,0.0010699014545789024,-0.036224031642331324,-0.03408422873317352,0,10
low_signal_depth_stress,risk_aware_action_critical_depth_probe_v5_minus_robust_clearance_mpc,collision_boundary_f1,0.04507485418353622,0.0023361354386902985,0.04273871874484592,0.047410989622226514,10,10
low_signal_depth_stress,risk_aware_action_critical_depth_probe_v5_minus_robust_clearance_mpc,collision_rate,0.09739583333333332,0.015221488792651483,0.08217434454068184,0.1126173221259848,10,10
low_signal_depth_stress,risk_aware_action_critical_depth_probe_v5_minus_robust_clearance_mpc,manipulation_failure_rate,-0.046354166666666675,0.013649338678978435,-0.06000350534564511,-0.03270482798768824,0,10
low_signal_depth_stress,risk_aware_action_critical_depth_probe_v5_minus_robust_clearance_mpc,mechanism_utility,0.083424504199217,0.006716284514885647,0.07670821968433135,0.09014078871410265,10,10
low_signal_depth_stress,risk_aware_action_critical_depth_probe_v5_minus_robust_clearance_mpc,occluded_region_rmse,-0.041921486108454364,0.0014394690364553844,-0.04336095514490975,-0.04048201707199898,0,10
low_signal_depth_stress,risk_aware_action_critical_depth_probe_v5_minus_robust_clearance_mpc,planning_regret,0.03109274788878417,0.00832770730871998,0.02276504058006419,0.03942045519750415,10,10
low_signal_depth_stress,risk_aware_action_critical_depth_probe_v5_minus_robust_clearance_mpc,probe_cost,0.033011419536853624,0.0025458863111162498,0.030465533225737376,0.03555730584796987,10,10
low_signal_depth_stress,risk_aware_action_critical_depth_probe_v5_minus_robust_clearance_mpc,probe_damage,0.08072916666666666,0.007178167585949446,0.07355099908071722,0.0879073342526161,10,10
low_signal_depth_stress,risk_aware_action_critical_depth_probe_v5_minus_robust_clearance_mpc,probe_informativeness,0.17930791094648035,0.013422559839967495,0.16588535110651287,0.19273047078644784,10,10
low_signal_depth_stress,risk_aware_action_critical_depth_probe_v5_minus_robust_clearance_mpc,robust_utility,-0.24532705144838393,0.02589103711168054,-0.27121808856006446,-0.2194360143367034,0,10
low_signal_depth_stress,risk_aware_action_critical_depth_probe_v5_minus_robust_clearance_mpc,task_success,-0.04947916666666667,0.017434048178195136,-0.0669132148448618,-0.03204511848847154,0,10
low_signal_depth_stress,risk_aware_action_critical_depth_probe_v5_minus_robust_clearance_mpc,useful_probe_precision,0.22532275318258974,0.017673587102525746,0.20764916608006398,0.2429963402851155,10,10
low_signal_depth_stress,risk_aware_action_critical_depth_probe_v5_minus_uncertainty_guided_probe,action_critical_rmse,-0.001042595277088961,0.0014850486063708644,-0.0025276438834598257,0.0004424533292819034,4,10
low_signal_depth_stress,risk_aware_action_critical_depth_probe_v5_minus_uncertainty_guided_probe,calibration_error,-0.014706224627190725,0.0014765521998846753,-0.0161827768270754,-0.01322967242730605,0,10
low_signal_depth_stress,risk_aware_action_critical_depth_probe_v5_minus_uncertainty_guided_probe,collision_boundary_f1,0.01874479151412518,0.003500247249063271,0.015244544265061909,0.02224503876318845,10,10
low_signal_depth_stress,risk_aware_action_critical_depth_probe_v5_minus_uncertainty_guided_probe,collision_rate,-0.04114583333333334,0.013984547316856822,-0.05513038065019016,-0.027161286016476518,0,10
low_signal_depth_stress,risk_aware_action_critical_depth_probe_v5_minus_uncertainty_guided_probe,manipulation_failure_rate,-0.01979166666666667,0.004514294853539294,-0.024305961520205963,-0.015277371813127376,0,10
low_signal_depth_stress,risk_aware_action_critical_depth_probe_v5_minus_uncertainty_guided_probe,mechanism_utility,0.05114445672762171,0.008059319346708399,0.04308513738091331,0.05920377607433011,10,10
low_signal_depth_stress,risk_aware_action_critical_depth_probe_v5_minus_uncertainty_guided_probe,occluded_region_rmse,-0.0009850915340866143,0.001754880709820426,-0.0027399722439070406,0.0007697891757338117,3,10
low_signal_depth_stress,risk_aware_action_critical_depth_probe_v5_minus_uncertainty_guided_probe,planning_regret,-0.14293199294701864,0.012549147189398493,-0.15548114013641712,-0.13038284575762016,0,10
low_signal_depth_stress,risk_aware_action_critical_depth_probe_v5_minus_uncertainty_guided_probe,probe_cost,-0.04178576499407336,0.004207936715986564,-0.045993701710059925,-0.0375778282780868,0,10
low_signal_depth_stress,risk_aware_action_critical_depth_probe_v5_minus_uncertainty_guided_probe,probe_damage,-0.0515625,0.01577436173162399,-0.06733686173162398,-0.035788138268376006,1,10
low_signal_depth_stress,risk_aware_action_critical_depth_probe_v5_minus_uncertainty_guided_probe,probe_informativeness,0.02735888269570308,0.015375505977093635,0.011983376718609445,0.04273438867279671,9,10
low_signal_depth_stress,risk_aware_action_critical_depth_probe_v5_minus_uncertainty_guided_probe,robust_utility,0.43270996799156614,0.044246357362989354,0.38846361062857676,0.4769563253545555,10,10
low_signal_depth_stress,risk_aware_action_critical_depth_probe_v5_minus_uncertainty_guided_probe,task_success,0.22395833333333331,0.020416666666666666,0.20354166666666665,0.24437499999999998,10,10
low_signal_depth_stress,risk_aware_action_critical_depth_probe_v5_minus_uncertainty_guided_probe,useful_probe_precision,0.09828278547858897,0.018083234063539382,0.08019955141504959,0.11636601954212836,10,10
low_signal_depth_stress,risk_aware_action_critical_depth_probe_v5_minus_visuotactile_probe,action_critical_rmse,-0.008733656749614724,0.001368092470924605,-0.010101749220539328,-0.0073655642786901185,0,10
low_signal_depth_stress,risk_aware_action_critical_depth_probe_v5_minus_visuotactile_probe,calibration_error,-0.036355605124427516,0.00099833962935156,-0.037353944753779074,-0.03535726549507596,0,10
low_signal_depth_stress,risk_aware_action_critical_depth_probe_v5_minus_visuotactile_probe,collision_boundary_f1,0.03806339790639333,0.0034841538324540547,0.03457924407393927,0.04154755173884738,10,10
low_signal_depth_stress,risk_aware_action_critical_depth_probe_v5_minus_visuotactile_probe,collision_rate,-0.05104166666666667,0.01713595103579707,-0.06817761770246375,-0.0339057156308696,0,10
low_signal_depth_stress,risk_aware_action_critical_depth_probe_v5_minus_visuotactile_probe,manipulation_failure_rate,-0.023958333333333335,0.008081149475900804,-0.03203948280923414,-0.01587718385743253,0,10
low_signal_depth_stress,risk_aware_action_critical_depth_probe_v5_minus_visuotactile_probe,mechanism_utility,0.04278306746855874,0.006815927494080732,0.03596713997447801,0.049598994962639475,10,10
low_signal_depth_stress,risk_aware_action_critical_depth_probe_v5_minus_visuotactile_probe,occluded_region_rmse,-0.01025428605814755,0.0014926322746883073,-0.011746918332835858,-0.008761653783459243,0,10
low_signal_depth_stress,risk_aware_action_critical_depth_probe_v5_minus_visuotactile_probe,planning_regret,-0.1358597416158259,0.015435335596507185,-0.1512950772123331,-0.12042440601931871,0,10
low_signal_depth_stress,risk_aware_action_critical_depth_probe_v5_minus_visuotactile_probe,probe_cost,-0.012416346115053111,0.003667278727883926,-0.016083624842937037,-0.008749067387169185,0,10
low_signal_depth_stress,risk_aware_action_critical_depth_probe_v5_minus_visuotactile_probe,probe_damage,0.01927083333333333,0.013357799095737996,0.005913034237595335,0.032628632429071325,9,10
low_signal_depth_stress,risk_aware_action_critical_depth_probe_v5_minus_visuotactile_probe,probe_informativeness,0.04705408685947685,0.013444977016106134,0.03360910984337072,0.06049906387558299,10,10
low_signal_depth_stress,risk_aware_action_critical_depth_probe_v5_minus_visuotactile_probe,robust_utility,0.36017000132553223,0.04772774689530546,0.3124422544302268,0.4078977482208377,10,10
low_signal_depth_stress,risk_aware_action_critical_depth_probe_v5_minus_visuotactile_probe,task_success,0.21875,0.02386800605335441,0.1948819939466456,0.2426180060533544,10,10
low_signal_depth_stress,risk_aware_action_critical_depth_probe_v5_minus_visuotactile_probe,useful_probe_precision,0.09043309106764028,0.016384806305355545,0.07404828476228473,0.10681789737299582,10,10
missing_depth_shift,risk_aware_action_critical_depth_probe_v5_minus_action_critical_interactive_depth_v4,action_critical_rmse,-0.0009961374021132349,0.0010414812739418524,-0.0020376186760550875,4.5343871828617535e-05,3,10
missing_depth_shift,risk_aware_action_critical_depth_probe_v5_minus_action_critical_interactive_depth_v4,calibration_error,-0.01417955643183105,0.0007355238794057895,-0.014915080311236839,-0.01344403255242526,0,10
missing_depth_shift,risk_aware_action_critical_depth_probe_v5_minus_action_critical_interactive_depth_v4,collision_boundary_f1,0.012629317883855028,0.0023824582624840628,0.010246859621370966,0.015011776146339091,10,10
missing_depth_shift,risk_aware_action_critical_depth_probe_v5_minus_action_critical_interactive_depth_v4,collision_rate,-0.0031250000000000028,0.02583423310858369,-0.02895923310858369,0.022709233108583686,4,10
missing_depth_shift,risk_aware_action_critical_depth_probe_v5_minus_action_critical_interactive_depth_v4,manipulation_failure_rate,-0.0015625,0.0015593486739780287,-0.0031218486739780288,-3.1513260219714206e-06,0,10
missing_depth_shift,risk_aware_action_critical_depth_probe_v5_minus_action_critical_interactive_depth_v4,mechanism_utility,0.003357680613473979,0.006010442183986388,-0.002652761570512409,0.009368122797460368,6,10
missing_depth_shift,risk_aware_action_critical_depth_probe_v5_minus_action_critical_interactive_depth_v4,occluded_region_rmse,-0.0015435528102865441,0.0011504338132112685,-0.0026939866234978126,-0.00039311899707527567,2,10
missing_depth_shift,risk_aware_action_critical_depth_probe_v5_minus_action_critical_interactive_depth_v4,planning_regret,-0.04884573653161513,0.021494804327303715,-0.07034054085891885,-0.027350932204311413,0,10
missing_depth_shift,risk_aware_action_critical_depth_probe_v5_minus_action_critical_interactive_depth_v4,probe_cost,-0.00970345858507152,0.002222588094237541,-0.011926046679309061,-0.00748087049083398,0,10
missing_depth_shift,risk_aware_action_critical_depth_probe_v5_minus_action_critical_interactive_depth_v4,probe_damage,-0.004687499999999999,0.013649338678978435,-0.018336838678978434,0.008961838678978436,4,10
missing_depth_shift,risk_aware_action_critical_depth_probe_v5_minus_action_critical_interactive_depth_v4,probe_informativeness,-0.015288512895349831,0.015371912164467321,-0.030660425059817153,8.339926911749007e-05,3,10
missing_depth_shift,risk_aware_action_critical_depth_probe_v5_minus_action_critical_interactive_depth_v4,robust_utility,0.1197112542452619,0.07858853064019335,0.04112272360506855,0.19829978488545524,9,10
missing_depth_shift,risk_aware_action_critical_depth_probe_v5_minus_action_critical_interactive_depth_v4,task_success,0.07708333333333334,0.03374759650792525,0.04333573682540809,0.11083092984125859,10,10
missing_depth_shift,risk_aware_action_critical_depth_probe_v5_minus_action_critical_interactive_depth_v4,useful_probe_precision,-0.009602988910668273,0.017412552129303465,-0.02701554103997174,0.007809563218635192,5,10
missing_depth_shift,risk_aware_action_critical_depth_probe_v5_minus_active_view_selection,action_critical_rmse,0.015135238271130289,0.001057445975778948,0.014077792295351341,0.01619268424690924,10,10
missing_depth_shift,risk_aware_action_critical_depth_probe_v5_minus_active_view_selection,calibration_error,-0.011962028933061097,0.001129712271314761,-0.013091741204375857,-0.010832316661746336,0,10
missing_depth_shift,risk_aware_action_critical_depth_probe_v5_minus_active_view_selection,collision_boundary_f1,-0.02885973104807049,0.0025864898233952,-0.03144622087146569,-0.02627324122467529,0,10
missing_depth_shift,risk_aware_action_critical_depth_probe_v5_minus_active_view_selection,collision_rate,0.052083333333333336,0.03671217188909987,0.015371161444233464,0.08879550522243321,8,10
missing_depth_shift,risk_aware_action_critical_depth_probe_v5_minus_active_view_selection,manipulation_failure_rate,0.0,0.0,0.0,0.0,0,10
missing_depth_shift,risk_aware_action_critical_depth_probe_v5_minus_active_view_selection,mechanism_utility,0.05408261120146194,0.007127887369779441,0.0469547238316825,0.06121049857124138,10,10
missing_depth_shift,risk_aware_action_critical_depth_probe_v5_minus_active_view_selection,occluded_region_rmse,0.020144490632170203,0.0013243872781803572,0.018820103353989846,0.02146887791035056,10,10
missing_depth_shift,risk_aware_action_critical_depth_probe_v5_minus_active_view_selection,planning_regret,0.09676821492070968,0.029139839944348274,0.0676283749763614,0.12590805486505796,10,10
missing_depth_shift,risk_aware_action_critical_depth_probe_v5_minus_active_view_selection,probe_cost,0.016490687484163036,0.0022568497707186144,0.014233837713444423,0.018747537254881652,10,10
missing_depth_shift,risk_aware_action_critical_depth_probe_v5_minus_active_view_selection,probe_damage,0.05520833333333334,0.010454892823487827,0.04475344050984551,0.06566322615682116,10,10
missing_depth_shift,risk_aware_action_critical_depth_probe_v5_minus_active_view_selection,probe_informativeness,0.19175491155572497,0.015942015691920313,0.17581289586380466,0.20769692724764527,10,10
missing_depth_shift,risk_aware_action_critical_depth_probe_v5_minus_active_view_selection,robust_utility,-0.30247108782815524,0.10582347523746001,-0.40829456306561523,-0.19664761259069524,1,10
missing_depth_shift,risk_aware_action_critical_depth_probe_v5_minus_active_view_selection,task_success,-0.1255208333333333,0.042594569008592834,-0.16811540234192612,-0.08292626432474047,1,10
missing_depth_shift,risk_aware_action_critical_depth_probe_v5_minus_active_view_selection,useful_probe_precision,0.23100945921149338,0.01894820709431103,0.21206125211718235,0.2499576663058044,10,10
missing_depth_shift,risk_aware_action_critical_depth_probe_v5_minus_diffusion_depth_policy,action_critical_rmse,-0.014002428614099222,0.001088357668195021,-0.015090786282294244,-0.0129140709459042,0,10
missing_depth_shift,risk_aware_action_critical_depth_probe_v5_minus_diffusion_depth_policy,calibration_error,-0.06907509035266149,0.0009141436138054091,-0.0699892339664669,-0.06816094673885607,0,10
missing_depth_shift,risk_aware_action_critical_depth_probe_v5_minus_diffusion_depth_policy,collision_boundary_f1,0.0541551836612455,0.0029245301163086483,0.05123065354493685,0.05707971377755415,10,10
missing_depth_shift,risk_aware_action_critical_depth_probe_v5_minus_diffusion_depth_policy,collision_rate,-0.032812499999999994,0.025192048803475003,-0.058004548803475,-0.007620451196524991,3,10
missing_depth_shift,risk_aware_action_critical_depth_probe_v5_minus_diffusion_depth_policy,manipulation_failure_rate,-0.0020833333333333333,0.002257147426769647,-0.00434048076010298,0.0001738140934363138,0,10
missing_depth_shift,risk_aware_action_critical_depth_probe_v5_minus_diffusion_depth_policy,mechanism_utility,0.10048684559856888,0.007324392974666736,0.09316245262390214,0.10781123857323562,10,10
missing_depth_shift,risk_aware_action_critical_depth_probe_v5_minus_diffusion_depth_policy,occluded_region_rmse,-0.01644198713935002,0.0013035644536952824,-0.017745551593045302,-0.015138422685654736,0,10
missing_depth_shift,risk_aware_action_critical_depth_probe_v5_minus_diffusion_depth_policy,planning_regret,-0.07150484221373746,0.018564548350598335,-0.0900693905643358,-0.05294029386313912,0,10
missing_depth_shift,risk_aware_action_critical_depth_probe_v5_minus_diffusion_depth_policy,probe_cost,0.020111812677322774,0.0024095305752822606,0.017702282102040515,0.022521343252605033,10,10
missing_depth_shift,risk_aware_action_critical_depth_probe_v5_minus_diffusion_depth_policy,probe_damage,0.05364583333333334,0.010326743810683086,0.04331908952265025,0.06397257714401643,10,10
missing_depth_shift,risk_aware_action_critical_depth_probe_v5_minus_diffusion_depth_policy,probe_informativeness,0.21363887346079374,0.016242897834806872,0.19739597562598687,0.2298817712956006,10,10
missing_depth_shift,risk_aware_action_critical_depth_probe_v5_minus_diffusion_depth_policy,robust_utility,0.12971655502180127,0.06629889055586141,0.06341766446593985,0.19601544557766268,9,10
missing_depth_shift,risk_aware_action_critical_depth_probe_v5_minus_diffusion_depth_policy,task_success,0.10364583333333335,0.027495202478549228,0.07615063085478413,0.13114103581188258,10,10
missing_depth_shift,risk_aware_action_critical_depth_probe_v5_minus_diffusion_depth_policy,useful_probe_precision,0.24514870851261056,0.018700019277643747,0.2264486892349668,0.2638487277902543,10,10
missing_depth_shift,risk_aware_action_critical_depth_probe_v5_minus_ensemble_depth_completion,action_critical_rmse,-0.019955490860124114,0.0010830917448105702,-0.021038582604934682,-0.018872399115313545,0,10
missing_depth_shift,risk_aware_action_critical_depth_probe_v5_minus_ensemble_depth_completion,calibration_error,-0.028942037016795187,0.0011082876436240426,-0.03005032466041923,-0.027833749373171145,0,10
missing_depth_shift,risk_aware_action_critical_depth_probe_v5_minus_ensemble_depth_completion,collision_boundary_f1,0.058718952318845566,0.0022852749820356606,0.05643367733680991,0.061004227300881224,10,10
missing_depth_shift,risk_aware_action_critical_depth_probe_v5_minus_ensemble_depth_completion,collision_rate,-0.03854166666666666,0.036655356525848115,-0.07519702319251478,-0.0018863101408185465,3,10
missing_depth_shift,risk_aware_action_critical_depth_probe_v5_minus_ensemble_depth_completion,manipulation_failure_rate,-0.022916666666666665,0.007639217164663464,-0.03055588383133013,-0.015277449502003201,0,10
missing_depth_shift,risk_aware_action_critical_depth_probe_v5_minus_ensemble_depth_completion,mechanism_utility,0.09912604626226969,0.007094056687070168,0.09203198957519952,0.10622010294933985,10,10
missing_depth_shift,risk_aware_action_critical_depth_probe_v5_minus_ensemble_depth_completion,occluded_region_rmse,-0.022796800084601422,0.000977623106103343,-0.023774423190704764,-0.02181917697849808,0,10
missing_depth_shift,risk_aware_action_critical_depth_probe_v5_minus_ensemble_depth_completion,planning_regret,-0.12922967513232592,0.027893923300515138,-0.15712359843284104,-0.10133575183181077,0,10
missing_depth_shift,risk_aware_action_critical_depth_probe_v5_minus_ensemble_depth_completion,probe_cost,0.028497251634903038,0.0023869328107733144,0.026110318824129723,0.030884184445676352,10,10
missing_depth_shift,risk_aware_action_critical_depth_probe_v5_minus_ensemble_depth_completion,probe_damage,0.0515625,0.010592426922186052,0.040970073077813945,0.06215492692218605,10,10
missing_depth_shift,risk_aware_action_critical_depth_probe_v5_minus_ensemble_depth_completion,probe_informativeness,0.21391368462385735,0.016443987011693174,0.19746969761216418,0.23035767163555051,10,10
missing_depth_shift,risk_aware_action_critical_depth_probe_v5_minus_ensemble_depth_completion,robust_utility,0.27457469296077897,0.1031031454275453,0.17147154753323368,0.37767783838832425,9,10
missing_depth_shift,risk_aware_action_critical_depth_probe_v5_minus_ensemble_depth_completion,task_success,0.19739583333333335,0.0419094598629365,0.15548637347039684,0.23930529319626986,10,10
missing_depth_shift,risk_aware_action_critical_depth_probe_v5_minus_ensemble_depth_completion,useful_probe_precision,0.2449298641192434,0.018194535424912155,0.22673532869433125,0.26312439954415556,10,10
missing_depth_shift,risk_aware_action_critical_depth_probe_v5_minus_foundation_depth_prior,action_critical_rmse,-0.023188763865946614,0.0009326445698583012,-0.024121408435804917,-0.02225611929608831,0,10
missing_depth_shift,risk_aware_action_critical_depth_probe_v5_minus_foundation_depth_prior,calibration_error,-0.08560495044369039,0.0009181128144685316,-0.08652306325815892,-0.08468683762922186,0,10
missing_depth_shift,risk_aware_action_critical_depth_probe_v5_minus_foundation_depth_prior,collision_boundary_f1,0.09340800866474239,0.002558371466714271,0.09084963719802812,0.09596638013145666,10,10
missing_depth_shift,risk_aware_action_critical_depth_probe_v5_minus_foundation_depth_prior,collision_rate,-0.065625,0.03859416094772963,-0.10421916094772964,-0.02703083905227037,1,10
missing_depth_shift,risk_aware_action_critical_depth_probe_v5_minus_foundation_depth_prior,manipulation_failure_rate,-0.04687500000000001,0.011589443499033245,-0.05846444349903325,-0.035285556500966764,0,10
missing_depth_shift,risk_aware_action_critical_depth_probe_v5_minus_foundation_depth_prior,mechanism_utility,0.11529242633765771,0.007163763380307332,0.10812866295735038,0.12245618971796504,10,10
missing_depth_shift,risk_aware_action_critical_depth_probe_v5_minus_foundation_depth_prior,occluded_region_rmse,-0.024982416216680958,0.0011924081560662641,-0.02617482437274722,-0.023790008060614695,0,10
missing_depth_shift,risk_aware_action_critical_depth_probe_v5_minus_foundation_depth_prior,planning_regret,-0.23805714607855294,0.022599147479405623,-0.26065629355795855,-0.21545799859914733,0,10
missing_depth_shift,risk_aware_action_critical_depth_probe_v5_minus_foundation_depth_prior,probe_cost,0.025588619730723218,0.002075021232334203,0.023513598498389014,0.027663640963057422,10,10
missing_depth_shift,risk_aware_action_critical_depth_probe_v5_minus_foundation_depth_prior,probe_damage,0.0546875,0.010122906447937948,0.04456459355206205,0.06481040644793795,10,10
missing_depth_shift,risk_aware_action_critical_depth_probe_v5_minus_foundation_depth_prior,probe_informativeness,0.21295691857844687,0.015811011874226625,0.19714590670422025,0.2287679304526735,10,10
missing_depth_shift,risk_aware_action_critical_depth_probe_v5_minus_foundation_depth_prior,robust_utility,0.5756321717376947,0.09101175637414585,0.48462041536354883,0.6666439281118405,10,10
missing_depth_shift,risk_aware_action_critical_depth_probe_v5_minus_foundation_depth_prior,task_success,0.39010416666666664,0.02816094154093967,0.36194322512572696,0.4182651082076063,10,10
missing_depth_shift,risk_aware_action_critical_depth_probe_v5_minus_foundation_depth_prior,useful_probe_precision,0.24462854901120581,0.018504971010931213,0.2261235780002746,0.263133520022137,10,10
missing_depth_shift,risk_aware_action_critical_depth_probe_v5_minus_gaussian_splat_uncertainty,action_critical_rmse,-0.025402293882227468,0.0010891108047277921,-0.02649140468695526,-0.024313183077499675,0,10
missing_depth_shift,risk_aware_action_critical_depth_probe_v5_minus_gaussian_splat_uncertainty,calibration_error,-0.015434576222916972,0.0014732950791917687,-0.01690787130210874,-0.013961281143725203,0,10
missing_depth_shift,risk_aware_action_critical_depth_probe_v5_minus_gaussian_splat_uncertainty,collision_boundary_f1,0.05526266529446287,0.0026012212282515855,0.05266144406621129,0.05786388652271446,10,10
missing_depth_shift,risk_aware_action_critical_depth_probe_v5_minus_gaussian_splat_uncertainty,collision_rate,-0.009375000000000003,0.022458333333333334,-0.03183333333333334,0.01308333333333333,3,10
missing_depth_shift,risk_aware_action_critical_depth_probe_v5_minus_gaussian_splat_uncertainty,manipulation_failure_rate,-0.059895833333333336,0.0090349997822255,-0.06893083311555884,-0.050860833551107834,0,10
missing_depth_shift,risk_aware_action_critical_depth_probe_v5_minus_gaussian_splat_uncertainty,mechanism_utility,0.09826504088133563,0.0070964917607217355,0.0911685491206139,0.10536153264205736,10,10
missing_depth_shift,risk_aware_action_critical_depth_probe_v5_minus_gaussian_splat_uncertainty,occluded_region_rmse,-0.03135291842404569,0.001124803468507024,-0.03247772189255271,-0.030228114955538662,0,10
missing_depth_shift,risk_aware_action_critical_depth_probe_v5_minus_gaussian_splat_uncertainty,planning_regret,-0.16102974273830017,0.01850302860624814,-0.17953277134454831,-0.14252671413205203,0,10
missing_depth_shift,risk_aware_action_critical_depth_probe_v5_minus_gaussian_splat_uncertainty,probe_cost,0.02816063280169855,0.002898521703598071,0.02526211109810048,0.03105915450529662,10,10
missing_depth_shift,risk_aware_action_critical_depth_probe_v5_minus_gaussian_splat_uncertainty,probe_damage,0.05364583333333332,0.01032674381068309,0.043319089522650234,0.06397257714401641,10,10
missing_depth_shift,risk_aware_action_critical_depth_probe_v5_minus_gaussian_splat_uncertainty,probe_informativeness,0.21287611696354397,0.01663003482360877,0.1962460821399352,0.22950615178715275,10,10
missing_depth_shift,risk_aware_action_critical_depth_probe_v5_minus_gaussian_splat_uncertainty,robust_utility,0.33400198336643394,0.06562918823873497,0.26837279512769896,0.3996311716051689,10,10
missing_depth_shift,risk_aware_action_critical_depth_probe_v5_minus_gaussian_splat_uncertainty,task_success,0.2546875,0.028891567216923337,0.22579593278307666,0.28357906721692333,10,10
missing_depth_shift,risk_aware_action_critical_depth_probe_v5_minus_gaussian_splat_uncertainty,useful_probe_precision,0.24473986894902708,0.018749938266588828,0.22598993068243825,0.2634898072156159,10,10
missing_depth_shift,risk_aware_action_critical_depth_probe_v5_minus_learned_depth_completion,action_critical_rmse,-0.030831162317201555,0.0010738528701804164,-0.03190501518738197,-0.029757309447021138,0,10
missing_depth_shift,risk_aware_action_critical_depth_probe_v5_minus_learned_depth_completion,calibration_error,-0.10057330894444214,0.0012333265974655866,-0.10180663554190772,-0.09933998234697655,0,10
missing_depth_shift,risk_aware_action_critical_depth_probe_v5_minus_learned_depth_completion,collision_boundary_f1,0.11956262743966076,0.002981211635580279,0.11658141580408048,0.12254383907524104,10,10
missing_depth_shift,risk_aware_action_critical_depth_probe_v5_minus_learned_depth_completion,collision_rate,-0.09375000000000001,0.026489264509594428,-0.12023926450959443,-0.0672607354904056,0,10
missing_depth_shift,risk_aware_action_critical_depth_probe_v5_minus_learned_depth_completion,manipulation_failure_rate,-0.103125,0.01136751890744463,-0.11449251890744462,-0.09175748109255537,0,10
missing_depth_shift,risk_aware_action_critical_depth_probe_v5_minus_learned_depth_completion,mechanism_utility,0.12729039596266262,0.007142076194661901,0.12014831976800072,0.1344324721573245,10,10
missing_depth_shift,risk_aware_action_critical_depth_probe_v5_minus_learned_depth_completion,occluded_region_rmse,-0.034145555131913405,0.001273264936829996,-0.035418820068743403,-0.032872290195083406,0,10
missing_depth_shift,risk_aware_action_critical_depth_probe_v5_minus_learned_depth_completion,planning_regret,-0.361052359917079,0.016906376533901264,-0.37795873645098027,-0.34414598338317776,0,10
missing_depth_shift,risk_aware_action_critical_depth_probe_v5_minus_learned_depth_completion,probe_cost,0.028584044192834075,0.0022721952629763506,0.026311848929857724,0.030856239455810425,10,10
missing_depth_shift,risk_aware_action_critical_depth_probe_v5_minus_learned_depth_completion,probe_damage,0.0515625,0.01183168880395794,0.039730811196042055,0.06339418880395793,10,10
missing_depth_shift,risk_aware_action_critical_depth_probe_v5_minus_learned_depth_completion,probe_informativeness,0.21303185557471002,0.015781478042867884,0.19725037753184213,0.2288133336175779,10,10
missing_depth_shift,risk_aware_action_critical_depth_probe_v5_minus_learned_depth_completion,robust_utility,0.9077613596886452,0.05997732645735354,0.8477840332312917,0.9677386861459988,10,10
missing_depth_shift,risk_aware_action_critical_depth_probe_v5_minus_learned_depth_completion,task_success,0.5848958333333333,0.024868230087196658,0.5600276032461367,0.6097640634205299,10,10
missing_depth_shift,risk_aware_action_critical_depth_probe_v5_minus_learned_depth_completion,useful_probe_precision,0.24487176310671196,0.017986921739139124,0.22688484136757284,0.26285868484585106,10,10
missing_depth_shift,risk_aware_action_critical_depth_probe_v5_minus_next_best_view_planner,action_critical_rmse,0.012759101549332455,0.0011142113006030816,0.011644890248729374,0.013873312849935536,10,10
missing_depth_shift,risk_aware_action_critical_depth_probe_v5_minus_next_best_view_planner,calibration_error,-0.01705242294005683,0.0012863011824291923,-0.018338724122486022,-0.015766121757627635,0,10
missing_depth_shift,risk_aware_action_critical_depth_probe_v5_minus_next_best_view_planner,collision_boundary_f1,-0.026715324782959203,0.0029734366194656137,-0.029688761402424817,-0.02374188816349359,0,10
missing_depth_shift,risk_aware_action_critical_depth_probe_v5_minus_next_best_view_planner,collision_rate,0.04427083333333333,0.02896361612485184,0.015307217208481487,0.07323444945818516,9,10
missing_depth_shift,risk_aware_action_critical_depth_probe_v5_minus_next_best_view_planner,manipulation_failure_rate,0.0,0.0,0.0,0.0,0,10
missing_depth_shift,risk_aware_action_critical_depth_probe_v5_minus_next_best_view_planner,mechanism_utility,0.05689212189777405,0.007312948415625104,0.04957917348214895,0.06420507031339916,10,10
missing_depth_shift,risk_aware_action_critical_depth_probe_v5_minus_next_best_view_planner,occluded_region_rmse,0.016036292289994886,0.0009772369855597079,0.015059055304435178,0.017013529275554592,10,10
missing_depth_shift,risk_aware_action_critical_depth_probe_v5_minus_next_best_view_planner,planning_regret,0.07808759152838729,0.023688948512533642,0.05439864301585365,0.10177654004092093,9,10
missing_depth_shift,risk_aware_action_critical_depth_probe_v5_minus_next_best_view_planner,probe_cost,0.017353961374954433,0.002255746779749086,0.015098214595205347,0.019609708154703517,10,10
missing_depth_shift,risk_aware_action_critical_depth_probe_v5_minus_next_best_view_planner,probe_damage,0.0546875,0.010007869685038672,0.044679630314961326,0.06469536968503867,10,10
missing_depth_shift,risk_aware_action_critical_depth_probe_v5_minus_next_best_view_planner,probe_informativeness,0.19417921913321348,0.016111352977487857,0.17806786615572562,0.21029057211070135,10,10
missing_depth_shift,risk_aware_action_critical_depth_probe_v5_minus_next_best_view_planner,robust_utility,-0.26144110373674945,0.08468055786331971,-0.3461216616000692,-0.17676054587342974,1,10
missing_depth_shift,risk_aware_action_critical_depth_probe_v5_minus_next_best_view_planner,task_success,-0.10520833333333332,0.035519523843571904,-0.14072785717690522,-0.06968880948976142,1,10
missing_depth_shift,risk_aware_action_critical_depth_probe_v5_minus_next_best_view_planner,useful_probe_precision,0.23297653586555395,0.019138770486522266,0.21383776537903168,0.25211530635207624,10,10
missing_depth_shift,risk_aware_action_critical_depth_probe_v5_minus_raw_depth_policy,action_critical_rmse,-0.05826946795109975,0.0010957587475769635,-0.059365226698676714,-0.05717370920352279,0,10
missing_depth_shift,risk_aware_action_critical_depth_probe_v5_minus_raw_depth_policy,calibration_error,-0.16109329690892463,0.0009554066057097514,-0.16204870351463438,-0.16013789030321487,0,10
missing_depth_shift,risk_aware_action_critical_depth_probe_v5_minus_raw_depth_policy,collision_boundary_f1,0.21213016935920334,0.002577053588877569,0.20955311577032576,0.21470722294808092,10,10
missing_depth_shift,risk_aware_action_critical_depth_probe_v5_minus_raw_depth_policy,collision_rate,-0.16145833333333331,0.030625,-0.19208333333333333,-0.1308333333333333,0,10
missing_depth_shift,risk_aware_action_critical_depth_probe_v5_minus_raw_depth_policy,manipulation_failure_rate,-0.2651041666666667,0.02279861111111111,-0.2879027777777778,-0.24230555555555558,0,10
missing_depth_shift,risk_aware_action_critical_depth_probe_v5_minus_raw_depth_policy,mechanism_utility,0.1694274315592413,0.007135764830384314,0.162291666728857,0.17656319638962562,10,10
missing_depth_shift,risk_aware_action_critical_depth_probe_v5_minus_raw_depth_policy,occluded_region_rmse,-0.06713511086405169,0.0012135849391766624,-0.06834869580322835,-0.06592152592487503,0,10
missing_depth_shift,risk_aware_action_critical_depth_probe_v5_minus_raw_depth_policy,planning_regret,-0.493366973604542,0.018321798113379854,-0.5116887717179218,-0.47504517549116215,0,10
missing_depth_shift,risk_aware_action_critical_depth_probe_v5_minus_raw_depth_policy,probe_cost,0.02841737806349971,0.002269708109392788,0.02614766995410692,0.030687086172892498,10,10
missing_depth_shift,risk_aware_action_critical_depth_probe_v5_minus_raw_depth_policy,probe_damage,0.05416666666666666,0.010454892823487827,0.043711773843178835,0.0646215594901545,10,10
missing_depth_shift,risk_aware_action_critical_depth_probe_v5_minus_raw_depth_policy,probe_informativeness,0.21372046593681585,0.01639518880870554,0.1973252771281103,0.2301156547455214,10,10
missing_depth_shift,risk_aware_action_critical_depth_probe_v5_minus_raw_depth_policy,robust_utility,1.2524535033040194,0.07706869443334685,1.1753848088706724,1.3295221977373664,10,10
missing_depth_shift,risk_aware_action_critical_depth_probe_v5_minus_raw_depth_policy,task_success,0.6942708333333333,0.024303076262438474,0.6699677570708948,0.7185739095957717,10,10
missing_depth_shift,risk_aware_action_critical_depth_probe_v5_minus_raw_depth_policy,useful_probe_precision,0.2456701328785912,0.018531494662627265,0.22713863821596394,0.26420162754121845,10,10
missing_depth_shift,risk_aware_action_critical_depth_probe_v5_minus_robust_clearance_mpc,action_critical_rmse,-0.026305492785194933,0.0009946384724554124,-0.027300131257650344,-0.025310854312739522,0,10
missing_depth_shift,risk_aware_action_critical_depth_probe_v5_minus_robust_clearance_mpc,calibration_error,-0.03157646873630081,0.001194192310395563,-0.03277066104669637,-0.030382276425905245,0,10
missing_depth_shift,risk_aware_action_critical_depth_probe_v5_minus_robust_clearance_mpc,collision_boundary_f1,0.03320799321828425,0.0018609809160743047,0.031347012302209945,0.035068974134358555,10,10
missing_depth_shift,risk_aware_action_critical_depth_probe_v5_minus_robust_clearance_mpc,collision_rate,0.11875,0.03176817004623369,0.0869818299537663,0.1505181700462337,10,10
missing_depth_shift,risk_aware_action_critical_depth_probe_v5_minus_robust_clearance_mpc,manipulation_failure_rate,-0.019270833333333334,0.005282531667477369,-0.024553365000810703,-0.013988301665855966,0,10
missing_depth_shift,risk_aware_action_critical_depth_probe_v5_minus_robust_clearance_mpc,mechanism_utility,0.09385977784234181,0.006912426039315562,0.08694735180302625,0.10077220388165738,10,10
missing_depth_shift,risk_aware_action_critical_depth_probe_v5_minus_robust_clearance_mpc,occluded_region_rmse,-0.03448211274252586,0.0012469361988352882,-0.03572904894136115,-0.03323517654369058,0,10
missing_depth_shift,risk_aware_action_critical_depth_probe_v5_minus_robust_clearance_mpc,planning_regret,0.06991837553948536,0.024204797973834444,0.04571357756565092,0.09412317351331981,10,10
missing_depth_shift,risk_aware_action_critical_depth_probe_v5_minus_robust_clearance_mpc,probe_cost,0.02889670220904179,0.0022120964637456653,0.026684605745296124,0.031108798672787458,10,10
missing_depth_shift,risk_aware_action_critical_depth_probe_v5_minus_robust_clearance_mpc,probe_damage,0.05416666666666666,0.010674096804535387,0.04349256986213128,0.06484076347120205,10,10
missing_depth_shift,risk_aware_action_critical_depth_probe_v5_minus_robust_clearance_mpc,probe_informativeness,0.21245411657970462,0.01610378504555253,0.1963503315341521,0.22855790162525713,10,10
missing_depth_shift,risk_aware_action_critical_depth_probe_v5_minus_robust_clearance_mpc,robust_utility,-0.3554343063405835,0.09000127085963601,-0.4454355772002195,-0.2654330354809475,0,10
missing_depth_shift,risk_aware_action_critical_depth_probe_v5_minus_robust_clearance_mpc,task_success,-0.12395833333333331,0.036516102379973284,-0.1604744357133066,-0.08744223095336003,0,10
missing_depth_shift,risk_aware_action_critical_depth_probe_v5_minus_robust_clearance_mpc,useful_probe_precision,0.2452512998935394,0.01832379963373855,0.22692750025980085,0.2635750995272779,10,10
missing_depth_shift,risk_aware_action_critical_depth_probe_v5_minus_uncertainty_guided_probe,action_critical_rmse,0.0026977703190640295,0.0011664229375034979,0.0015313473815605316,0.0038641932565675273,10,10
missing_depth_shift,risk_aware_action_critical_depth_probe_v5_minus_uncertainty_guided_probe,calibration_error,-0.012746139364206276,0.0009018658989302481,-0.013648005263136524,-0.011844273465276028,0,10
missing_depth_shift,risk_aware_action_critical_depth_probe_v5_minus_uncertainty_guided_probe,collision_boundary_f1,0.00818361837715086,0.0025099974589032977,0.005673620918247562,0.010693615836054157,10,10
missing_depth_shift,risk_aware_action_critical_depth_probe_v5_minus_uncertainty_guided_probe,collision_rate,-0.020833333333333336,0.024205209526254396,-0.045038542859587735,0.0033718761929210604,2,10
missing_depth_shift,risk_aware_action_critical_depth_probe_v5_minus_uncertainty_guided_probe,manipulation_failure_rate,-0.0046875,0.003210174135213705,-0.007897674135213705,-0.001477325864786295,0,10
missing_depth_shift,risk_aware_action_critical_depth_probe_v5_minus_uncertainty_guided_probe,mechanism_utility,0.052555932772800275,0.007131526268795347,0.04542440650400493,0.05968745904159562,10,10
missing_depth_shift,risk_aware_action_critical_depth_probe_v5_minus_uncertainty_guided_probe,occluded_region_rmse,0.0034091493671510125,0.0014271384574827115,0.001982010909668301,0.004836287824633724,10,10
missing_depth_shift,risk_aware_action_critical_depth_probe_v5_minus_uncertainty_guided_probe,planning_regret,-0.10248898258222292,0.02015179349315631,-0.12264077607537922,-0.0823371890890666,0,10
missing_depth_shift,risk_aware_action_critical_depth_probe_v5_minus_uncertainty_guided_probe,probe_cost,-0.03552295513865536,0.003589494443943661,-0.03911244958259902,-0.0319334606947117,0,10
missing_depth_shift,risk_aware_action_critical_depth_probe_v5_minus_uncertainty_guided_probe,probe_damage,-0.0515625,0.014710865968606206,-0.0662733659686062,-0.03685163403139379,0,10
missing_depth_shift,risk_aware_action_critical_depth_probe_v5_minus_uncertainty_guided_probe,probe_informativeness,0.049966363646057554,0.017945544425415294,0.03202081922064226,0.06791190807147285,10,10
missing_depth_shift,risk_aware_action_critical_depth_probe_v5_minus_uncertainty_guided_probe,robust_utility,0.30797939215366726,0.07477510398769464,0.2332042881659726,0.3827544961413619,10,10
missing_depth_shift,risk_aware_action_critical_depth_probe_v5_minus_uncertainty_guided_probe,task_success,0.15729166666666666,0.02977381944047611,0.12751784722619056,0.18706548610714277,10,10
missing_depth_shift,risk_aware_action_critical_depth_probe_v5_minus_uncertainty_guided_probe,useful_probe_precision,0.11360462457485314,0.01908875066676162,0.09451587390809152,0.13269337524161476,10,10
missing_depth_shift,risk_aware_action_critical_depth_probe_v5_minus_visuotactile_probe,action_critical_rmse,-0.004471259547796995,0.0014665324508457505,-0.005937791998642746,-0.0030047270969512448,0,10
missing_depth_shift,risk_aware_action_critical_depth_probe_v5_minus_visuotactile_probe,calibration_error,-0.033737401791917115,0.0010384781550619791,-0.034775879946979095,-0.032698923636855136,0,10
missing_depth_shift,risk_aware_action_critical_depth_probe_v5_minus_visuotactile_probe,collision_boundary_f1,0.024718541601667775,0.004022198228346186,0.020696343373321588,0.02874073983001396,10,10
missing_depth_shift,risk_aware_action_critical_depth_probe_v5_minus_visuotactile_probe,collision_rate,-0.004166666666666663,0.03935471013584706,-0.04352137680251372,0.03518804346918039,6,10
missing_depth_shift,risk_aware_action_critical_depth_probe_v5_minus_visuotactile_probe,manipulation_failure_rate,-0.0062499999999999995,0.004514294853539294,-0.010764294853539294,-0.0017357051464607053,0,10
missing_depth_shift,risk_aware_action_critical_depth_probe_v5_minus_visuotactile_probe,mechanism_utility,0.04655721393926045,0.009651891543552836,0.03690532239570761,0.056209105482813285,10,10
missing_depth_shift,risk_aware_action_critical_depth_probe_v5_minus_visuotactile_probe,occluded_region_rmse,-0.005289704092384123,0.00160924379997814,-0.006898947892362263,-0.003680460292405983,0,10
missing_depth_shift,risk_aware_action_critical_depth_probe_v5_minus_visuotactile_probe,planning_regret,-0.07986023559968833,0.032721676081179665,-0.112581911680868,-0.04713855951850866,0,10
missing_depth_shift,risk_aware_action_critical_depth_probe_v5_minus_visuotactile_probe,probe_cost,-0.010762073478474878,0.0034330218849787496,-0.014195095363453628,-0.007329051593496129,0,10
missing_depth_shift,risk_aware_action_critical_depth_probe_v5_minus_visuotactile_probe,probe_damage,-0.0015624999999999986,0.015818342379425095,-0.017380842379425093,0.014255842379425097,4,10
missing_depth_shift,risk_aware_action_critical_depth_probe_v5_minus_visuotactile_probe,probe_informativeness,0.06324963539813346,0.020186020479056984,0.04306361491907647,0.08343565587719044,10,10
missing_depth_shift,risk_aware_action_critical_depth_probe_v5_minus_visuotactile_probe,robust_utility,0.19043626732696053,0.1185992740607384,0.07183699326622213,0.30903554138769895,8,10
missing_depth_shift,risk_aware_action_critical_depth_probe_v5_minus_visuotactile_probe,task_success,0.12760416666666669,0.04688553636727995,0.08071863029938674,0.17448970303394662,10,10
missing_depth_shift,risk_aware_action_critical_depth_probe_v5_minus_visuotactile_probe,useful_probe_precision,0.10171627301446155,0.021890717760704025,0.07982555525375754,0.12360699077516557,10,10
nominal_depth,risk_aware_action_critical_depth_probe_v5_minus_action_critical_interactive_depth_v4,action_critical_rmse,-0.0019395561154325273,0.0007353053032856507,-0.002674861418718178,-0.0012042508121468767,0,10
nominal_depth,risk_aware_action_critical_depth_probe_v5_minus_action_critical_interactive_depth_v4,calibration_error,-0.015557920535661057,0.0008685500180607403,-0.016426470553721796,-0.014689370517600317,0,10
nominal_depth,risk_aware_action_critical_depth_probe_v5_minus_action_critical_interactive_depth_v4,collision_boundary_f1,0.014281117145525801,0.00238314622264095,0.011897970922884851,0.016664263368166753,10,10
nominal_depth,risk_aware_action_critical_depth_probe_v5_minus_action_critical_interactive_depth_v4,collision_rate,0.0005208333333333329,0.02038545067324327,-0.019864617339909938,0.0209062840065766,4,10
nominal_depth,risk_aware_action_critical_depth_probe_v5_minus_action_critical_interactive_depth_v4,manipulation_failure_rate,0.0,0.0,0.0,0.0,0,10
nominal_depth,risk_aware_action_critical_depth_probe_v5_minus_action_critical_interactive_depth_v4,mechanism_utility,0.007884421639670958,0.005319823134986928,0.0025645985046840293,0.013204244774657887,8,10
nominal_depth,risk_aware_action_critical_depth_probe_v5_minus_action_critical_interactive_depth_v4,occluded_region_rmse,-0.002581141409219083,0.0010001656718407797,-0.0035813070810598625,-0.0015809757373783033,1,10
nominal_depth,risk_aware_action_critical_depth_probe_v5_minus_action_critical_interactive_depth_v4,planning_regret,-0.04378601382668469,0.012633542332750087,-0.05641955615943478,-0.031152471493934603,1,10
nominal_depth,risk_aware_action_critical_depth_probe_v5_minus_action_critical_interactive_depth_v4,probe_cost,-0.006220984414617771,0.002243570473274868,-0.008464554887892639,-0.003977413941342904,0,10
nominal_depth,risk_aware_action_critical_depth_probe_v5_minus_action_critical_interactive_depth_v4,probe_damage,-0.001562500000000002,0.01273657494914489,-0.014299074949144891,0.011174074949144889,4,10
nominal_depth,risk_aware_action_critical_depth_probe_v5_minus_action_critical_interactive_depth_v4,probe_informativeness,-0.002240288076651842,0.01467112816908332,-0.016911416245735163,0.012430840092431478,7,10
nominal_depth,risk_aware_action_critical_depth_probe_v5_minus_action_critical_interactive_depth_v4,robust_utility,0.0975373443167659,0.05032626466785916,0.047211079648906744,0.14786360898462506,9,10
nominal_depth,risk_aware_action_critical_depth_probe_v5_minus_action_critical_interactive_depth_v4,task_success,0.06718750000000001,0.01790585510358947,0.04928164489641054,0.08509335510358948,9,10
nominal_depth,risk_aware_action_critical_depth_probe_v5_minus_action_critical_interactive_depth_v4,useful_probe_precision,0.0027828365791758595,0.016508318336496554,-0.013725481757320693,0.019291154915672414,8,10
nominal_depth,risk_aware_action_critical_depth_probe_v5_minus_active_view_selection,action_critical_rmse,0.015642425855705404,0.0006165195156708575,0.015025906340034546,0.01625894537137626,10,10
nominal_depth,risk_aware_action_critical_depth_probe_v5_minus_active_view_selection,calibration_error,-0.012538918500740358,0.0007596254324659539,-0.013298543933206312,-0.011779293068274405,0,10
nominal_depth,risk_aware_action_critical_depth_probe_v5_minus_active_view_selection,collision_boundary_f1,-0.03112109471127057,0.001501668496968382,-0.03262276320823895,-0.029619426214302188,0,10
nominal_depth,risk_aware_action_critical_depth_probe_v5_minus_active_view_selection,collision_rate,0.03385416666666667,0.02827583439212692,0.00557833227453975,0.06213000105879359,8,10
nominal_depth,risk_aware_action_critical_depth_probe_v5_minus_active_view_selection,manipulation_failure_rate,0.0,0.0,0.0,0.0,0,10
nominal_depth,risk_aware_action_critical_depth_probe_v5_minus_active_view_selection,mechanism_utility,0.04101351309260624,0.004693788337800184,0.036319724754806056,0.04570730143040642,10,10
nominal_depth,risk_aware_action_critical_depth_probe_v5_minus_active_view_selection,occluded_region_rmse,0.01979711807491722,0.0009048777596055521,0.01889224031531167,0.02070199583452277,10,10
nominal_depth,risk_aware_action_critical_depth_probe_v5_minus_active_view_selection,planning_regret,0.07175990043804173,0.023074052710672505,0.048685847727369225,0.09483395314871423,9,10
nominal_depth,risk_aware_action_critical_depth_probe_v5_minus_active_view_selection,probe_cost,0.010129089324283738,0.0015984958096871018,0.008530593514596636,0.01172758513397084,10,10
nominal_depth,risk_aware_action_critical_depth_probe_v5_minus_active_view_selection,probe_damage,0.04739583333333333,0.0108088420630439,0.03658699127028943,0.058204675396377234,10,10
nominal_depth,risk_aware_action_critical_depth_probe_v5_minus_active_view_selection,probe_informativeness,0.15677798090551315,0.011323145316128732,0.1454548355893844,0.1681011262216419,10,10
nominal_depth,risk_aware_action_critical_depth_probe_v5_minus_active_view_selection,robust_utility,-0.21785581721481365,0.07972668650729318,-0.2975825037221068,-0.13812913070752048,1,10
nominal_depth,risk_aware_action_critical_depth_probe_v5_minus_active_view_selection,task_success,-0.08697916666666665,0.0342330268218544,-0.12121219348852105,-0.05274613984481225,1,10
nominal_depth,risk_aware_action_critical_depth_probe_v5_minus_active_view_selection,useful_probe_precision,0.1880950466690576,0.012590907514880057,0.17550413915417754,0.20068595418393767,10,10
nominal_depth,risk_aware_action_critical_depth_probe_v5_minus_diffusion_depth_policy,action_critical_rmse,-0.008203955244983902,0.0006244969140448118,-0.008828452159028714,-0.00757945833093909,0,10
nominal_depth,risk_aware_action_critical_depth_probe_v5_minus_diffusion_depth_policy,calibration_error,-0.06652633688505408,0.0007744589150504322,-0.06730079580010451,-0.06575187797000365,0,10
nominal_depth,risk_aware_action_critical_depth_probe_v5_minus_diffusion_depth_policy,collision_boundary_f1,0.03958534738143227,0.0014644519116779994,0.038120895469754265,0.04104979929311027,10,10
nominal_depth,risk_aware_action_critical_depth_probe_v5_minus_diffusion_depth_policy,collision_rate,-0.040625,0.014894685594218401,-0.0555196855942184,-0.0257303144057816,0,10
nominal_depth,risk_aware_action_critical_depth_probe_v5_minus_diffusion_depth_policy,manipulation_failure_rate,0.0,0.0,0.0,0.0,0,10
nominal_depth,risk_aware_action_critical_depth_probe_v5_minus_diffusion_depth_policy,mechanism_utility,0.08173969491150382,0.004708840952536488,0.07703085395896733,0.0864485358640403,10,10
nominal_depth,risk_aware_action_critical_depth_probe_v5_minus_diffusion_depth_policy,occluded_region_rmse,-0.00996031175428582,0.0008109354264739341,-0.010771247180759756,-0.009149376327811886,0,10
nominal_depth,risk_aware_action_critical_depth_probe_v5_minus_diffusion_depth_policy,planning_regret,-0.05655983335280514,0.014604565496766442,-0.07116439884957158,-0.0419552678560387,0,10
nominal_depth,risk_aware_action_critical_depth_probe_v5_minus_diffusion_depth_policy,probe_cost,0.013974663337537014,0.0014548962527421428,0.012519767084794872,0.015429559590279156,10,10
nominal_depth,risk_aware_action_critical_depth_probe_v5_minus_diffusion_depth_policy,probe_damage,0.046354166666666675,0.0116343156787036,0.034719850987963076,0.057988482345370275,10,10
nominal_depth,risk_aware_action_critical_depth_probe_v5_minus_diffusion_depth_policy,probe_informativeness,0.17982394490096115,0.011090372548408623,0.16873357235255254,0.19091431744936976,10,10
nominal_depth,risk_aware_action_critical_depth_probe_v5_minus_diffusion_depth_policy,robust_utility,0.1145588079438085,0.046828312132809954,0.06773049581099855,0.16138712007661846,10,10
nominal_depth,risk_aware_action_critical_depth_probe_v5_minus_diffusion_depth_policy,task_success,0.08072916666666666,0.024502362926176108,0.05622680374049055,0.10523152959284277,10,10
nominal_depth,risk_aware_action_critical_depth_probe_v5_minus_diffusion_depth_policy,useful_probe_precision,0.20248951172555607,0.012779504974108414,0.18971000675144767,0.21526901669966447,10,10
nominal_depth,risk_aware_action_critical_depth_probe_v5_minus_ensemble_depth_completion,action_critical_rmse,-0.013660286931947757,0.00064068429505666,-0.014300971227004418,-0.013019602636891097,0,10
nominal_depth,risk_aware_action_critical_depth_probe_v5_minus_ensemble_depth_completion,calibration_error,-0.025552361416923908,0.0007793935204214634,-0.02633175493734537,-0.024772967896502445,0,10
nominal_depth,risk_aware_action_critical_depth_probe_v5_minus_ensemble_depth_completion,collision_boundary_f1,0.04465156703361487,0.0014574804951874441,0.04319408653842743,0.046109047528802315,10,10
nominal_depth,risk_aware_action_critical_depth_probe_v5_minus_ensemble_depth_completion,collision_rate,-0.013020833333333332,0.020317176574663354,-0.03333800990799669,0.007296343241330022,3,10
nominal_depth,risk_aware_action_critical_depth_probe_v5_minus_ensemble_depth_completion,manipulation_failure_rate,-0.0005208333333333333,0.0010208333333333332,-0.0015416666666666664,0.0004999999999999999,0,10
nominal_depth,risk_aware_action_critical_depth_probe_v5_minus_ensemble_depth_completion,mechanism_utility,0.0799999770706489,0.005033757987035827,0.07496621908361308,0.08503373505768473,10,10
nominal_depth,risk_aware_action_critical_depth_probe_v5_minus_ensemble_depth_completion,occluded_region_rmse,-0.015499965638132981,0.0011083238531366026,-0.016608289491269586,-0.014391641784996379,0,10
nominal_depth,risk_aware_action_critical_depth_probe_v5_minus_ensemble_depth_completion,planning_regret,-0.07702171643332646,0.017020653446564848,-0.09404236987989131,-0.06000106298676161,0,10
nominal_depth,risk_aware_action_critical_depth_probe_v5_minus_ensemble_depth_completion,probe_cost,0.022663193954594908,0.0014960358977372144,0.021167158056857694,0.024159229852332122,10,10
nominal_depth,risk_aware_action_critical_depth_probe_v5_minus_ensemble_depth_completion,probe_damage,0.04531249999999999,0.010978903117224752,0.034333596882775236,0.05629140311722475,10,10
nominal_depth,risk_aware_action_critical_depth_probe_v5_minus_ensemble_depth_completion,probe_informativeness,0.17985463919101918,0.011033271172886258,0.1688213680181329,0.19088791036390546,10,10
nominal_depth,risk_aware_action_critical_depth_probe_v5_minus_ensemble_depth_completion,robust_utility,0.12309457548591633,0.058882961035426756,0.06421161445048958,0.18197753652134308,8,10
nominal_depth,risk_aware_action_critical_depth_probe_v5_minus_ensemble_depth_completion,task_success,0.11041666666666665,0.025636266719167522,0.08478039994749913,0.13605293338583418,10,10
nominal_depth,risk_aware_action_critical_depth_probe_v5_minus_ensemble_depth_completion,useful_probe_precision,0.20258869039807434,0.01253314549723757,0.19005554490083676,0.21512183589531192,10,10
nominal_depth,risk_aware_action_critical_depth_probe_v5_minus_foundation_depth_prior,action_critical_rmse,-0.015687367500017722,0.00042118512701133605,-0.01610855262702906,-0.015266182373006386,0,10
nominal_depth,risk_aware_action_critical_depth_probe_v5_minus_foundation_depth_prior,calibration_error,-0.08175596845778473,0.0007568420868589226,-0.08251281054464364,-0.08099912637092581,0,10
nominal_depth,risk_aware_action_critical_depth_probe_v5_minus_foundation_depth_prior,collision_boundary_f1,0.07490198528823136,0.0014369757831294771,0.07346500950510189,0.07633896107136083,10,10
nominal_depth,risk_aware_action_critical_depth_probe_v5_minus_foundation_depth_prior,collision_rate,-0.06354166666666665,0.02414773763781384,-0.0876894043044805,-0.03939392902885281,0,10
nominal_depth,risk_aware_action_critical_depth_probe_v5_minus_foundation_depth_prior,manipulation_failure_rate,-0.003125,0.002257147426769647,-0.005382147426769648,-0.0008678525732303531,0,10
nominal_depth,risk_aware_action_critical_depth_probe_v5_minus_foundation_depth_prior,mechanism_utility,0.09455766745212636,0.004662365646135356,0.08989530180599101,0.09922003309826172,10,10
nominal_depth,risk_aware_action_critical_depth_probe_v5_minus_foundation_depth_prior,occluded_region_rmse,-0.017014716077128924,0.0008871323933188714,-0.017901848470447797,-0.01612758368381005,0,10
nominal_depth,risk_aware_action_critical_depth_probe_v5_minus_foundation_depth_prior,planning_regret,-0.18467654988459364,0.01069769006583192,-0.19537423995042558,-0.1739788598187617,0,10
nominal_depth,risk_aware_action_critical_depth_probe_v5_minus_foundation_depth_prior,probe_cost,0.019950379339119362,0.0016539201444880967,0.018296459194631264,0.02160429948360746,10,10
nominal_depth,risk_aware_action_critical_depth_probe_v5_minus_foundation_depth_prior,probe_damage,0.04739583333333333,0.010592426922186047,0.03680340641114729,0.057988260255519376,10,10
nominal_depth,risk_aware_action_critical_depth_probe_v5_minus_foundation_depth_prior,probe_informativeness,0.17879292228590743,0.011626527931162032,0.1671663943547454,0.19041945021706946,10,10
nominal_depth,risk_aware_action_critical_depth_probe_v5_minus_foundation_depth_prior,robust_utility,0.42799123344624934,0.038189225619487184,0.38980200782676216,0.4661804590657365,10,10
nominal_depth,risk_aware_action_critical_depth_probe_v5_minus_foundation_depth_prior,task_success,0.29010416666666666,0.019070740477525012,0.27103342618914167,0.30917490714419166,10,10
nominal_depth,risk_aware_action_critical_depth_probe_v5_minus_foundation_depth_prior,useful_probe_precision,0.20209359789765266,0.012804881326483494,0.18928871657116916,0.21489847922413616,10,10
nominal_depth,risk_aware_action_critical_depth_probe_v5_minus_gaussian_splat_uncertainty,action_critical_rmse,-0.01666170486070643,0.0005261931880286233,-0.01718789804873505,-0.016135511672677808,0,10
nominal_depth,risk_aware_action_critical_depth_probe_v5_minus_gaussian_splat_uncertainty,calibration_error,-0.009835703546512678,0.0006410064576130355,-0.010476710004125714,-0.009194697088899643,0,10
nominal_depth,risk_aware_action_critical_depth_probe_v5_minus_gaussian_splat_uncertainty,collision_boundary_f1,0.035232851895962355,0.0015388218789279006,0.03369403001703446,0.036771673774890254,10,10
nominal_depth,risk_aware_action_critical_depth_probe_v5_minus_gaussian_splat_uncertainty,collision_rate,0.0005208333333333343,0.02027153276171437,-0.019750699428381036,0.020792366095047705,6,10
nominal_depth,risk_aware_action_critical_depth_probe_v5_minus_gaussian_splat_uncertainty,manipulation_failure_rate,-0.00625,0.005001041558182321,-0.011251041558182321,-0.0012489584418176793,0,10
nominal_depth,risk_aware_action_critical_depth_probe_v5_minus_gaussian_splat_uncertainty,mechanism_utility,0.07710618070480195,0.0050992764972278195,0.07200690420757414,0.08220545720202976,10,10
nominal_depth,risk_aware_action_critical_depth_probe_v5_minus_gaussian_splat_uncertainty,occluded_region_rmse,-0.021500610244382982,0.0008767324099516737,-0.022377342654334657,-0.020623877834431308,0,10
nominal_depth,risk_aware_action_critical_depth_probe_v5_minus_gaussian_splat_uncertainty,planning_regret,-0.09718928243952966,0.01501252650710556,-0.11220180894663523,-0.0821767559324241,0,10
nominal_depth,risk_aware_action_critical_depth_probe_v5_minus_gaussian_splat_uncertainty,probe_cost,0.021993989355507407,0.001566561692865682,0.020427427662641724,0.02356055104837309,10,10
nominal_depth,risk_aware_action_critical_depth_probe_v5_minus_gaussian_splat_uncertainty,probe_damage,0.043750000000000004,0.01150923877415417,0.032240761225845835,0.055259238774154174,10,10
nominal_depth,risk_aware_action_critical_depth_probe_v5_minus_gaussian_splat_uncertainty,probe_informativeness,0.1786871410684557,0.011568754937983063,0.16711838613047264,0.19025589600643877,10,10
nominal_depth,risk_aware_action_critical_depth_probe_v5_minus_gaussian_splat_uncertainty,robust_utility,0.15467568082408226,0.05448894380247017,0.10018673702161209,0.20916462462655244,10,10
nominal_depth,risk_aware_action_critical_depth_probe_v5_minus_gaussian_splat_uncertainty,task_success,0.140625,0.024584922265034267,0.11604007773496573,0.16520992226503428,10,10
nominal_depth,risk_aware_action_critical_depth_probe_v5_minus_gaussian_splat_uncertainty,useful_probe_precision,0.20218208953700478,0.01319342637196804,0.18898866316503674,0.21537551590897283,10,10
nominal_depth,risk_aware_action_critical_depth_probe_v5_minus_learned_depth_completion,action_critical_rmse,-0.022243609365554102,0.0005263849056578386,-0.02276999427121194,-0.021717224459896264,0,10
nominal_depth,risk_aware_action_critical_depth_probe_v5_minus_learned_depth_completion,calibration_error,-0.09560421631396773,0.0008028628131340527,-0.09640707912710178,-0.09480135350083368,0,10
nominal_depth,risk_aware_action_critical_depth_probe_v5_minus_learned_depth_completion,collision_boundary_f1,0.09602392789086976,0.0017170576736601714,0.09430687021720958,0.09774098556452994,10,10
nominal_depth,risk_aware_action_critical_depth_probe_v5_minus_learned_depth_completion,collision_rate,-0.0890625,0.016065291946431418,-0.10512779194643142,-0.07299720805356859,0,10
nominal_depth,risk_aware_action_critical_depth_probe_v5_minus_learned_depth_completion,manipulation_failure_rate,-0.035416666666666666,0.01084627076492989,-0.046262937431596554,-0.024570395901736777,0,10
nominal_depth,risk_aware_action_critical_depth_probe_v5_minus_learned_depth_completion,mechanism_utility,0.10436022989145477,0.004671001510236308,0.09968922838121846,0.10903123140169108,10,10
nominal_depth,risk_aware_action_critical_depth_probe_v5_minus_learned_depth_completion,occluded_region_rmse,-0.024868792079712047,0.0008963235621448709,-0.025765115641856916,-0.023972468517567177,0,10
nominal_depth,risk_aware_action_critical_depth_probe_v5_minus_learned_depth_completion,planning_regret,-0.32201606882604084,0.010667600350341106,-0.3326836691763819,-0.31134846847569975,0,10
nominal_depth,risk_aware_action_critical_depth_probe_v5_minus_learned_depth_completion,probe_cost,0.022748876014787055,0.001814361633984109,0.020934514380802946,0.024563237648771163,10,10
nominal_depth,risk_aware_action_critical_depth_probe_v5_minus_learned_depth_completion,probe_damage,0.04583333333333333,0.011161941026055269,0.03467139230727806,0.0569952743593886,10,10
nominal_depth,risk_aware_action_critical_depth_probe_v5_minus_learned_depth_completion,probe_informativeness,0.1790738989049298,0.011344940060610627,0.16772895884431918,0.19041883896554043,10,10
nominal_depth,risk_aware_action_critical_depth_probe_v5_minus_learned_depth_completion,robust_utility,0.7901355981198596,0.037893045841176316,0.7522425522786832,0.8280286439610359,10,10
nominal_depth,risk_aware_action_critical_depth_probe_v5_minus_learned_depth_completion,task_success,0.5218750000000001,0.014659615308310588,0.5072153846916895,0.5365346153083107,10,10
nominal_depth,risk_aware_action_critical_depth_probe_v5_minus_learned_depth_completion,useful_probe_precision,0.20241757528461085,0.013002099012798208,0.18941547627181266,0.21541967429740905,10,10
nominal_depth,risk_aware_action_critical_depth_probe_v5_minus_next_best_view_planner,action_critical_rmse,0.01371723061454346,0.0007164453576584053,0.013000785256885054,0.014433675972201866,10,10
nominal_depth,risk_aware_action_critical_depth_probe_v5_minus_next_best_view_planner,calibration_error,-0.017196649938804064,0.0005713730704381619,-0.017768023009242226,-0.0166252768683659,0,10
nominal_depth,risk_aware_action_critical_depth_probe_v5_minus_next_best_view_planner,collision_boundary_f1,-0.029105161538721846,0.001237156429446343,-0.03034231796816819,-0.027868005109275503,0,10
nominal_depth,risk_aware_action_critical_depth_probe_v5_minus_next_best_view_planner,collision_rate,0.03125,0.018324519135388243,0.012925480864611757,0.04957451913538824,7,10
nominal_depth,risk_aware_action_critical_depth_probe_v5_minus_next_best_view_planner,manipulation_failure_rate,0.0,0.0,0.0,0.0,0,10
nominal_depth,risk_aware_action_critical_depth_probe_v5_minus_next_best_view_planner,mechanism_utility,0.04349856453062998,0.0047231284531479584,0.038775436077482024,0.04822169298377794,10,10
nominal_depth,risk_aware_action_critical_depth_probe_v5_minus_next_best_view_planner,occluded_region_rmse,0.01676489748091336,0.0008444817501241977,0.015920415730789162,0.017609379231037555,10,10
nominal_depth,risk_aware_action_critical_depth_probe_v5_minus_next_best_view_planner,planning_regret,0.05773083928755771,0.011816818242618298,0.04591402104493941,0.06954765753017601,10,10
nominal_depth,risk_aware_action_critical_depth_probe_v5_minus_next_best_view_planner,probe_cost,0.011573882323477811,0.0015680772978304812,0.01000580502564733,0.013141959621308293,10,10
nominal_depth,risk_aware_action_critical_depth_probe_v5_minus_next_best_view_planner,probe_damage,0.04739583333333333,0.010482544003287759,0.036913289330045576,0.05787837733662109,10,10
nominal_depth,risk_aware_action_critical_depth_probe_v5_minus_next_best_view_planner,probe_informativeness,0.16054805236587608,0.011098783493440623,0.14944926887243545,0.1716468358593167,10,10
nominal_depth,risk_aware_action_critical_depth_probe_v5_minus_next_best_view_planner,robust_utility,-0.19004536230787406,0.04041131333268035,-0.23045667564055441,-0.1496340489751937,0,10
nominal_depth,risk_aware_action_critical_depth_probe_v5_minus_next_best_view_planner,task_success,-0.0703125,0.018591128627853847,-0.08890362862785385,-0.05172137137214615,0,10
nominal_depth,risk_aware_action_critical_depth_probe_v5_minus_next_best_view_planner,useful_probe_precision,0.1896914023984903,0.01289077983031425,0.17680062256817605,0.20258218222880456,10,10
nominal_depth,risk_aware_action_critical_depth_probe_v5_minus_raw_depth_policy,action_critical_rmse,-0.04107907795256918,0.0007095789573288463,-0.041788656909898025,-0.04036949899524034,0,10
nominal_depth,risk_aware_action_critical_depth_probe_v5_minus_raw_depth_policy,calibration_error,-0.15032806374112523,0.000741950078647781,-0.151070013819773,-0.14958611366247745,0,10
nominal_depth,risk_aware_action_critical_depth_probe_v5_minus_raw_depth_policy,collision_boundary_f1,0.16867741403860115,0.0017444773659530228,0.16693293667264814,0.17042189140455416,10,10
nominal_depth,risk_aware_action_critical_depth_probe_v5_minus_raw_depth_policy,collision_rate,-0.13020833333333331,0.02760238027063858,-0.1578107136039719,-0.10260595306269474,0,10
nominal_depth,risk_aware_action_critical_depth_probe_v5_minus_raw_depth_policy,manipulation_failure_rate,-0.19635416666666666,0.01870289994720565,-0.2150570666138723,-0.17765126671946102,0,10
nominal_depth,risk_aware_action_critical_depth_probe_v5_minus_raw_depth_policy,mechanism_utility,0.13786011418183236,0.005020635758602091,0.13283947842323027,0.14288074994043445,10,10
nominal_depth,risk_aware_action_critical_depth_probe_v5_minus_raw_depth_policy,occluded_region_rmse,-0.0474198119887563,0.0008948227718269692,-0.048314634760583265,-0.04652498921692933,0,10
nominal_depth,risk_aware_action_critical_depth_probe_v5_minus_raw_depth_policy,planning_regret,-0.501081023968432,0.0128987578053354,-0.5139797817737675,-0.4881822661630966,0,10
nominal_depth,risk_aware_action_critical_depth_probe_v5_minus_raw_depth_policy,probe_cost,0.022330989497056298,0.0013684848518396241,0.020962504645216675,0.02369947434889592,10,10
nominal_depth,risk_aware_action_critical_depth_probe_v5_minus_raw_depth_policy,probe_damage,0.04322916666666667,0.00950953113905033,0.033719635527616344,0.052738697805717,10,10
nominal_depth,risk_aware_action_critical_depth_probe_v5_minus_raw_depth_policy,probe_informativeness,0.17925467253343838,0.01109081499050983,0.16816385754292856,0.1903454875239482,10,10
nominal_depth,risk_aware_action_critical_depth_probe_v5_minus_raw_depth_policy,robust_utility,1.249632375518213,0.05064135374166401,1.198991021776549,1.3002737292598772,10,10
nominal_depth,risk_aware_action_critical_depth_probe_v5_minus_raw_depth_policy,task_success,0.7432291666666667,0.017749979623097326,0.7254791870435694,0.760979146289764,10,10
nominal_depth,risk_aware_action_critical_depth_probe_v5_minus_raw_depth_policy,useful_probe_precision,0.20177368016263958,0.012991547003799937,0.18878213315883965,0.2147652271664395,10,10
nominal_depth,risk_aware_action_critical_depth_probe_v5_minus_robust_clearance_mpc,action_critical_rmse,-0.016644285184385637,0.0004573679939109186,-0.017101653178296556,-0.016186917190474718,0,10
nominal_depth,risk_aware_action_critical_depth_probe_v5_minus_robust_clearance_mpc,calibration_error,-0.025206354650359857,0.00056694147518896,-0.025773296125548815,-0.024639413175170898,0,10
nominal_depth,risk_aware_action_critical_depth_probe_v5_minus_robust_clearance_mpc,collision_boundary_f1,0.012111957607796708,0.0013824204594074835,0.010729537148389225,0.013494378067204191,10,10
nominal_depth,risk_aware_action_critical_depth_probe_v5_minus_robust_clearance_mpc,collision_rate,0.12916666666666668,0.01601837534725142,0.11314829131941526,0.1451850420139181,10,10
nominal_depth,risk_aware_action_critical_depth_probe_v5_minus_robust_clearance_mpc,manipulation_failure_rate,0.0,0.0,0.0,0.0,0,10
nominal_depth,risk_aware_action_critical_depth_probe_v5_minus_robust_clearance_mpc,mechanism_utility,0.0710756868642226,0.004460820636440008,0.0666148662277826,0.0755365075006626,10,10
nominal_depth,risk_aware_action_critical_depth_probe_v5_minus_robust_clearance_mpc,occluded_region_rmse,-0.02343786528009078,0.0009545446480420018,-0.02439240992813278,-0.02248332063204878,0,10
nominal_depth,risk_aware_action_critical_depth_probe_v5_minus_robust_clearance_mpc,planning_regret,0.10339526080924355,0.011387275812470695,0.09200798499677286,0.11478253662171424,10,10
nominal_depth,risk_aware_action_critical_depth_probe_v5_minus_robust_clearance_mpc,probe_cost,0.0229541788852023,0.0014403043881604973,0.021513874497041802,0.024394483273362796,10,10
nominal_depth,risk_aware_action_critical_depth_probe_v5_minus_robust_clearance_mpc,probe_damage,0.0484375,0.01054861111111111,0.03788888888888889,0.058986111111111114,10,10
nominal_depth,risk_aware_action_critical_depth_probe_v5_minus_robust_clearance_mpc,probe_informativeness,0.17876437188501276,0.010929005323607006,0.16783536656140577,0.18969337720861976,10,10
nominal_depth,risk_aware_action_critical_depth_probe_v5_minus_robust_clearance_mpc,robust_utility,-0.4357234830114412,0.03929560557359779,-0.475019088585039,-0.3964278774378434,0,10
nominal_depth,risk_aware_action_critical_depth_probe_v5_minus_robust_clearance_mpc,task_success,-0.16979166666666665,0.019079845629859253,-0.1888715122965259,-0.1507118210368074,0,10
nominal_depth,risk_aware_action_critical_depth_probe_v5_minus_robust_clearance_mpc,useful_probe_precision,0.2025704273589423,0.012793957792244695,0.18977646956669758,0.215364385151187,10,10
nominal_depth,risk_aware_action_critical_depth_probe_v5_minus_uncertainty_guided_probe,action_critical_rmse,0.0017417518064556463,0.0009338414686201113,0.0008079103378355351,0.0026755932750757577,8,10
nominal_depth,risk_aware_action_critical_depth_probe_v5_minus_uncertainty_guided_probe,calibration_error,-0.013386111998511228,0.0009083922753309538,-0.014294504273842181,-0.012477719723180274,0,10
nominal_depth,risk_aware_action_critical_depth_probe_v5_minus_uncertainty_guided_probe,collision_boundary_f1,0.008830318423047722,0.0022236646369574132,0.006606653786090309,0.011053983060005136,10,10
nominal_depth,risk_aware_action_critical_depth_probe_v5_minus_uncertainty_guided_probe,collision_rate,-0.0046875,0.01757955489726069,-0.02226705489726069,0.01289205489726069,3,10
nominal_depth,risk_aware_action_critical_depth_probe_v5_minus_uncertainty_guided_probe,manipulation_failure_rate,0.0,0.0,0.0,0.0,0,10
nominal_depth,risk_aware_action_critical_depth_probe_v5_minus_uncertainty_guided_probe,mechanism_utility,0.042204824713317844,0.005779688627410559,0.036425136085907285,0.0479845133407284,10,10
nominal_depth,risk_aware_action_critical_depth_probe_v5_minus_uncertainty_guided_probe,occluded_region_rmse,0.001940926332330089,0.0011748014380708286,0.0007661248942592604,0.0031157277704009175,8,10
nominal_depth,risk_aware_action_critical_depth_probe_v5_minus_uncertainty_guided_probe,planning_regret,-0.06730431300865905,0.012936846992647685,-0.08024116000130674,-0.05436746601601136,0,10
nominal_depth,risk_aware_action_critical_depth_probe_v5_minus_uncertainty_guided_probe,probe_cost,-0.02730351743210747,0.003896565502956276,-0.031200082935063746,-0.023406951929151196,0,10
nominal_depth,risk_aware_action_critical_depth_probe_v5_minus_uncertainty_guided_probe,probe_damage,-0.027083333333333338,0.01580003198738753,-0.042883365320720866,-0.01128330134594581,1,10
nominal_depth,risk_aware_action_critical_depth_probe_v5_minus_uncertainty_guided_probe,probe_informativeness,0.04744451203250145,0.01606899418340322,0.03137551784909823,0.06351350621590467,10,10
nominal_depth,risk_aware_action_critical_depth_probe_v5_minus_uncertainty_guided_probe,robust_utility,0.18293213568956948,0.045789996416541356,0.13714213927302812,0.22872213210611084,10,10
nominal_depth,risk_aware_action_critical_depth_probe_v5_minus_uncertainty_guided_probe,task_success,0.10052083333333335,0.022264154231800653,0.0782566791015327,0.12278498756513401,10,10
nominal_depth,risk_aware_action_critical_depth_probe_v5_minus_uncertainty_guided_probe,useful_probe_precision,0.09607987269907163,0.015705452254075,0.08037442044499662,0.11178532495314664,10,10
nominal_depth,risk_aware_action_critical_depth_probe_v5_minus_visuotactile_probe,action_critical_rmse,-0.00273338929959578,0.0006309990318968489,-0.003364388331492629,-0.002102390267698931,0,10
nominal_depth,risk_aware_action_critical_depth_probe_v5_minus_visuotactile_probe,calibration_error,-0.0332084442171926,0.0008330348984164874,-0.03404147911560909,-0.03237540931877611,0,10
nominal_depth,risk_aware_action_critical_depth_probe_v5_minus_visuotactile_probe,collision_boundary_f1,0.02066342425437816,0.0018990745293567264,0.018764349725021435,0.022562498783734886,10,10
nominal_depth,risk_aware_action_critical_depth_probe_v5_minus_visuotactile_probe,collision_rate,-0.0203125,0.019514863805223433,-0.039827363805223434,-0.0007976361947765673,3,10
nominal_depth,risk_aware_action_critical_depth_probe_v5_minus_visuotactile_probe,manipulation_failure_rate,0.0,0.0,0.0,0.0,0,10
nominal_depth,risk_aware_action_critical_depth_probe_v5_minus_visuotactile_probe,mechanism_utility,0.03823461514420804,0.004682673114041456,0.033551942030166586,0.042917288258249496,10,10
nominal_depth,risk_aware_action_critical_depth_probe_v5_minus_visuotactile_probe,occluded_region_rmse,-0.0037327901977730884,0.0009929564921777971,-0.004725746689950886,-0.002739833705595291,0,10
nominal_depth,risk_aware_action_critical_depth_probe_v5_minus_visuotactile_probe,planning_regret,-0.06615605657383292,0.02303574990853363,-0.08919180648236655,-0.043120306665299285,0,10
nominal_depth,risk_aware_action_critical_depth_probe_v5_minus_visuotactile_probe,probe_cost,-0.009182420570212383,0.0025194231810784957,-0.011701843751290878,-0.006662997389133887,0,10
nominal_depth,risk_aware_action_critical_depth_probe_v5_minus_visuotactile_probe,probe_damage,-0.0005208333333333335,0.011229166666666667,-0.01175,0.010708333333333334,6,10
nominal_depth,risk_aware_action_critical_depth_probe_v5_minus_visuotactile_probe,probe_informativeness,0.05344318789378857,0.013946146331203346,0.039497041562585225,0.06738933422499191,10,10
nominal_depth,risk_aware_action_critical_depth_probe_v5_minus_visuotactile_probe,robust_utility,0.1620946165591238,0.07452353457030673,0.08757108198881706,0.23661815112943052,9,10
nominal_depth,risk_aware_action_critical_depth_probe_v5_minus_visuotactile_probe,task_success,0.09375,0.03962446693180404,0.05412553306819596,0.13337446693180405,10,10
nominal_depth,risk_aware_action_critical_depth_probe_v5_minus_visuotactile_probe,useful_probe_precision,0.08161201504474097,0.014863613233851491,0.06674840181088948,0.09647562827859246,10,10
occlusion_shift,risk_aware_action_critical_depth_probe_v5_minus_action_critical_interactive_depth_v4,action_critical_rmse,-0.0027573654947754705,0.0010912427508057306,-0.003848608245581201,-0.00166612274396974,1,10
occlusion_shift,risk_aware_action_critical_depth_probe_v5_minus_action_critical_interactive_depth_v4,calibration_error,-0.015607120115912903,0.0007604924879738666,-0.01636761260388677,-0.014846627627939037,0,10
occlusion_shift,risk_aware_action_critical_depth_probe_v5_minus_action_critical_interactive_depth_v4,collision_boundary_f1,0.016839391898091683,0.0026893476085307513,0.014150044289560931,0.019528739506622435,10,10
occlusion_shift,risk_aware_action_critical_depth_probe_v5_minus_action_critical_interactive_depth_v4,collision_rate,-0.008333333333333335,0.03275162563112679,-0.04108495896446013,0.024418292297793454,5,10
occlusion_shift,risk_aware_action_critical_depth_probe_v5_minus_action_critical_interactive_depth_v4,manipulation_failure_rate,-0.0020833333333333333,0.004083333333333333,-0.006166666666666666,0.0019999999999999996,0,10
occlusion_shift,risk_aware_action_critical_depth_probe_v5_minus_action_critical_interactive_depth_v4,mechanism_utility,0.010276172139659766,0.00975012006601304,0.0005260520736467267,0.020026292205672806,7,10
occlusion_shift,risk_aware_action_critical_depth_probe_v5_minus_action_critical_interactive_depth_v4,occluded_region_rmse,-0.004682786380029693,0.0013703025532464331,-0.006053088933276126,-0.0033124838267832597,0,10
occlusion_shift,risk_aware_action_critical_depth_probe_v5_minus_action_critical_interactive_depth_v4,planning_regret,-0.05531307842803226,0.029007391871634734,-0.084320470299667,-0.026305686556397524,1,10
occlusion_shift,risk_aware_action_critical_depth_probe_v5_minus_action_critical_interactive_depth_v4,probe_cost,-0.005904654010542387,0.003064018824811829,-0.008968672835354217,-0.002840635185730558,0,10
occlusion_shift,risk_aware_action_critical_depth_probe_v5_minus_action_critical_interactive_depth_v4,probe_damage,0.0,0.014194111487723558,-0.014194111487723558,0.014194111487723558,5,10
occlusion_shift,risk_aware_action_critical_depth_probe_v5_minus_action_critical_interactive_depth_v4,probe_informativeness,0.000334745151714963,0.018417604398918885,-0.01808285924720392,0.01875234955063385,5,10
occlusion_shift,risk_aware_action_critical_depth_probe_v5_minus_action_critical_interactive_depth_v4,robust_utility,0.13722537714938615,0.10452322409883878,0.03270215305054737,0.24174860124822495,8,10
occlusion_shift,risk_aware_action_critical_depth_probe_v5_minus_action_critical_interactive_depth_v4,task_success,0.09010416666666664,0.04263804118321287,0.04746612548345377,0.1327422078498795,9,10
occlusion_shift,risk_aware_action_critical_depth_probe_v5_minus_action_critical_interactive_depth_v4,useful_probe_precision,0.008883307466486204,0.021709275217809573,-0.012825967751323369,0.030592582684295776,7,10
occlusion_shift,risk_aware_action_critical_depth_probe_v5_minus_active_view_selection,action_critical_rmse,0.02299211460879474,0.0007647065350149979,0.022227408073779743,0.02375682114380974,10,10
occlusion_shift,risk_aware_action_critical_depth_probe_v5_minus_active_view_selection,calibration_error,-0.006587308872513223,0.0009438188192441812,-0.007531127691757404,-0.005643490053269042,0,10
occlusion_shift,risk_aware_action_critical_depth_probe_v5_minus_active_view_selection,collision_boundary_f1,-0.04625833868449858,0.0018124844330735634,-0.048070823117572145,-0.04444585425142501,0,10
occlusion_shift,risk_aware_action_critical_depth_probe_v5_minus_active_view_selection,collision_rate,0.043750000000000004,0.01877396102729312,0.024976038972706883,0.06252396102729313,9,10
occlusion_shift,risk_aware_action_critical_depth_probe_v5_minus_active_view_selection,manipulation_failure_rate,0.0,0.0,0.0,0.0,0,10
occlusion_shift,risk_aware_action_critical_depth_probe_v5_minus_active_view_selection,mechanism_utility,0.03606742734064937,0.0069227397585934864,0.02914468758205588,0.04299016709924285,10,10
occlusion_shift,risk_aware_action_critical_depth_probe_v5_minus_active_view_selection,occluded_region_rmse,0.029550705582978863,0.001078523206664676,0.028472182376314187,0.03062922878964354,10,10
occlusion_shift,risk_aware_action_critical_depth_probe_v5_minus_active_view_selection,planning_regret,0.09897544784072715,0.01585911608706483,0.08311633175366231,0.11483456392779198,10,10
occlusion_shift,risk_aware_action_critical_depth_probe_v5_minus_active_view_selection,probe_cost,0.01203436618436771,0.0022318818647512196,0.00980248431961649,0.01426624804911893,10,10
occlusion_shift,risk_aware_action_critical_depth_probe_v5_minus_active_view_selection,probe_damage,0.04583333333333334,0.007729625248450372,0.03810370808488296,0.05356295858178371,10,10
occlusion_shift,risk_aware_action_critical_depth_probe_v5_minus_active_view_selection,probe_informativeness,0.15995040521627976,0.015425964136238788,0.14452444108004098,0.17537636935251855,10,10
occlusion_shift,risk_aware_action_critical_depth_probe_v5_minus_active_view_selection,robust_utility,-0.27456283681131055,0.057994246635660864,-0.33255708344697144,-0.2165685901756497,0,10
occlusion_shift,risk_aware_action_critical_depth_probe_v5_minus_active_view_selection,task_success,-0.11614583333333335,0.023821874876004723,-0.13996770820933807,-0.09232395845732863,0,10
occlusion_shift,risk_aware_action_critical_depth_probe_v5_minus_active_view_selection,useful_probe_precision,0.19779455420285025,0.017213136345427014,0.18058141785742324,0.21500769054827726,10,10
occlusion_shift,risk_aware_action_critical_depth_probe_v5_minus_diffusion_depth_policy,action_critical_rmse,-0.01410297067953065,0.000980123652191251,-0.015083094331721902,-0.013122847027339398,0,10
occlusion_shift,risk_aware_action_critical_depth_probe_v5_minus_diffusion_depth_policy,calibration_error,-0.06895512699539405,0.0010128979125517896,-0.06996802490794583,-0.06794222908284227,0,10
occlusion_shift,risk_aware_action_critical_depth_probe_v5_minus_diffusion_depth_policy,collision_boundary_f1,0.056236229307706866,0.0019922597315113685,0.0542439695761955,0.058228489039218234,10,10
occlusion_shift,risk_aware_action_critical_depth_probe_v5_minus_diffusion_depth_policy,collision_rate,-0.04583333333333332,0.027341060052873126,-0.07317439338620645,-0.018492273280460197,1,10
occlusion_shift,risk_aware_action_critical_depth_probe_v5_minus_diffusion_depth_policy,manipulation_failure_rate,-0.0015625,0.0015593486739780287,-0.0031218486739780288,-3.1513260219714206e-06,0,10
occlusion_shift,risk_aware_action_critical_depth_probe_v5_minus_diffusion_depth_policy,mechanism_utility,0.09112130653464479,0.0072031364728228475,0.08391817006182194,0.09832444300746764,10,10
occlusion_shift,risk_aware_action_critical_depth_probe_v5_minus_diffusion_depth_policy,occluded_region_rmse,-0.017488765325238957,0.0008902816650449924,-0.018379046990283948,-0.016598483660193966,0,10
occlusion_shift,risk_aware_action_critical_depth_probe_v5_minus_diffusion_depth_policy,planning_regret,-0.08024550475935156,0.02539174889669508,-0.10563725365604665,-0.05485375586265648,0,10
occlusion_shift,risk_aware_action_critical_depth_probe_v5_minus_diffusion_depth_policy,probe_cost,0.01650236873618976,0.0020206933979073608,0.014481675338282398,0.01852306213409712,10,10
occlusion_shift,risk_aware_action_critical_depth_probe_v5_minus_diffusion_depth_policy,probe_damage,0.04583333333333334,0.0071052085963418995,0.038728124736991436,0.05293854192967524,10,10
occlusion_shift,risk_aware_action_critical_depth_probe_v5_minus_diffusion_depth_policy,probe_informativeness,0.18246734755708843,0.014551588257974455,0.16791575929911398,0.19701893581506288,10,10
occlusion_shift,risk_aware_action_critical_depth_probe_v5_minus_diffusion_depth_policy,robust_utility,0.1740438128310459,0.0860434349158552,0.08800037791519069,0.26008724774690106,9,10
occlusion_shift,risk_aware_action_critical_depth_probe_v5_minus_diffusion_depth_policy,task_success,0.1192708333333333,0.039666815597487304,0.079604017735846,0.1589376489308206,10,10
occlusion_shift,risk_aware_action_critical_depth_probe_v5_minus_diffusion_depth_policy,useful_probe_precision,0.21204298860325171,0.01738575903825463,0.1946572295649971,0.22942874764150634,10,10
occlusion_shift,risk_aware_action_critical_depth_probe_v5_minus_ensemble_depth_completion,action_critical_rmse,-0.01903295291347527,0.0009254116806061968,-0.019958364594081467,-0.018107541232869073,0,10
occlusion_shift,risk_aware_action_critical_depth_probe_v5_minus_ensemble_depth_completion,calibration_error,-0.02850671678944864,0.0008168197104091376,-0.029323536499857777,-0.027689897079039502,0,10
occlusion_shift,risk_aware_action_critical_depth_probe_v5_minus_ensemble_depth_completion,collision_boundary_f1,0.05887228267467781,0.0021462885862980436,0.05672599408837977,0.06101857126097585,10,10
occlusion_shift,risk_aware_action_critical_depth_probe_v5_minus_ensemble_depth_completion,collision_rate,-0.03177083333333334,0.03586501950149467,-0.06763585283482801,0.004094186168161332,3,10
occlusion_shift,risk_aware_action_critical_depth_probe_v5_minus_ensemble_depth_completion,manipulation_failure_rate,-0.017708333333333333,0.004860138791647217,-0.02256847212498055,-0.012848194541686116,0,10
occlusion_shift,risk_aware_action_critical_depth_probe_v5_minus_ensemble_depth_completion,mechanism_utility,0.08880009064144777,0.007012691838872937,0.08178739880257484,0.0958127824803207,10,10
occlusion_shift,risk_aware_action_critical_depth_probe_v5_minus_ensemble_depth_completion,occluded_region_rmse,-0.022795359993942242,0.0009702913309753404,-0.02376565132491758,-0.021825068662966903,0,10
occlusion_shift,risk_aware_action_critical_depth_probe_v5_minus_ensemble_depth_completion,planning_regret,-0.12657033136836585,0.02111591211344823,-0.14768624348181408,-0.10545441925491761,0,10
occlusion_shift,risk_aware_action_critical_depth_probe_v5_minus_ensemble_depth_completion,probe_cost,0.024604682296985265,0.002353155074377047,0.022251527222608217,0.026957837371362314,10,10
occlusion_shift,risk_aware_action_critical_depth_probe_v5_minus_ensemble_depth_completion,probe_damage,0.04375,0.008768344966799043,0.034981655033200956,0.05251834496679904,10,10
occlusion_shift,risk_aware_action_critical_depth_probe_v5_minus_ensemble_depth_completion,probe_informativeness,0.182501976200742,0.014674233380910097,0.1678277428198319,0.19717620958165208,10,10
occlusion_shift,risk_aware_action_critical_depth_probe_v5_minus_ensemble_depth_completion,robust_utility,0.27391028450886573,0.0821606711876144,0.19174961332125134,0.3560709556964801,10,10
occlusion_shift,risk_aware_action_critical_depth_probe_v5_minus_ensemble_depth_completion,task_success,0.19999999999999998,0.027568800720164603,0.17243119927983538,0.22756880072016458,10,10
occlusion_shift,risk_aware_action_critical_depth_probe_v5_minus_ensemble_depth_completion,useful_probe_precision,0.21179132128123376,0.017416442472311222,0.19437487880892254,0.22920776375354499,10,10
occlusion_shift,risk_aware_action_critical_depth_probe_v5_minus_foundation_depth_prior,action_critical_rmse,-0.022271178400774774,0.0009291016507089703,-0.023200280051483745,-0.021342076750065803,0,10
occlusion_shift,risk_aware_action_critical_depth_probe_v5_minus_foundation_depth_prior,calibration_error,-0.08519297250336852,0.0008041170777099636,-0.08599708958107849,-0.08438885542565855,0,10
occlusion_shift,risk_aware_action_critical_depth_probe_v5_minus_foundation_depth_prior,collision_boundary_f1,0.09351427220524998,0.001843269034197042,0.09167100317105294,0.09535754123944702,10,10
occlusion_shift,risk_aware_action_critical_depth_probe_v5_minus_foundation_depth_prior,collision_rate,-0.0765625,0.031114490918845012,-0.10767699091884501,-0.045448009081155,0,10
occlusion_shift,risk_aware_action_critical_depth_probe_v5_minus_foundation_depth_prior,manipulation_failure_rate,-0.03177083333333333,0.0055809705130276345,-0.03735180384636096,-0.026189862820305696,0,10
occlusion_shift,risk_aware_action_critical_depth_probe_v5_minus_foundation_depth_prior,mechanism_utility,0.10543307788554424,0.006796291948783975,0.09863678593676026,0.11222936983432821,10,10
occlusion_shift,risk_aware_action_critical_depth_probe_v5_minus_foundation_depth_prior,occluded_region_rmse,-0.02595633606559618,0.0009651444023260859,-0.026921480467922268,-0.024991191663270095,0,10
occlusion_shift,risk_aware_action_critical_depth_probe_v5_minus_foundation_depth_prior,planning_regret,-0.24497162289913285,0.015437882337559498,-0.2604095052366924,-0.22953374056157336,0,10
occlusion_shift,risk_aware_action_critical_depth_probe_v5_minus_foundation_depth_prior,probe_cost,0.021627390570087054,0.002239075114552627,0.019388315455534426,0.02386646568463968,10,10
occlusion_shift,risk_aware_action_critical_depth_probe_v5_minus_foundation_depth_prior,probe_damage,0.0453125,0.008342012262978218,0.03697048773702178,0.05365451226297822,10,10
occlusion_shift,risk_aware_action_critical_depth_probe_v5_minus_foundation_depth_prior,probe_informativeness,0.18163049897124312,0.014603513186846355,0.16702698578439676,0.19623401215808947,10,10
occlusion_shift,risk_aware_action_critical_depth_probe_v5_minus_foundation_depth_prior,robust_utility,0.6037108727808292,0.058718623373905786,0.5449922494069235,0.662429496154735,10,10
occlusion_shift,risk_aware_action_critical_depth_probe_v5_minus_foundation_depth_prior,task_success,0.3984375,0.020600159236544454,0.37783734076345554,0.41903765923654446,10,10
occlusion_shift,risk_aware_action_critical_depth_probe_v5_minus_foundation_depth_prior,useful_probe_precision,0.21197722400571797,0.01712682264881784,0.19485040135690013,0.22910404665453582,10,10
occlusion_shift,risk_aware_action_critical_depth_probe_v5_minus_gaussian_splat_uncertainty,action_critical_rmse,-0.02346796855133928,0.0008373795648705352,-0.024305348116209814,-0.022630588986468744,0,10
occlusion_shift,risk_aware_action_critical_depth_probe_v5_minus_gaussian_splat_uncertainty,calibration_error,-0.013514112224866055,0.000869367470784797,-0.014383479695650852,-0.012644744754081257,0,10
occlusion_shift,risk_aware_action_critical_depth_probe_v5_minus_gaussian_splat_uncertainty,collision_boundary_f1,0.05177932345099886,0.0019533682257616416,0.049825955225237216,0.0537326916767605,10,10
occlusion_shift,risk_aware_action_critical_depth_probe_v5_minus_gaussian_splat_uncertainty,collision_rate,0.004166666666666668,0.025591060782533197,-0.021424394115866528,0.029757727449199866,7,10
occlusion_shift,risk_aware_action_critical_depth_probe_v5_minus_gaussian_splat_uncertainty,manipulation_failure_rate,-0.040624999999999994,0.011161941026055269,-0.051786941026055265,-0.029463058973944724,0,10
occlusion_shift,risk_aware_action_critical_depth_probe_v5_minus_gaussian_splat_uncertainty,mechanism_utility,0.08686513292796626,0.006933814289387155,0.07993131863857911,0.0937989472173534,10,10
occlusion_shift,risk_aware_action_critical_depth_probe_v5_minus_gaussian_splat_uncertainty,occluded_region_rmse,-0.031022432519193177,0.0009962728496029968,-0.032018705368796176,-0.03002615966959018,0,10
occlusion_shift,risk_aware_action_critical_depth_probe_v5_minus_gaussian_splat_uncertainty,planning_regret,-0.13464793268047381,0.01788414341766894,-0.15253207609814276,-0.11676378926280487,0,10
occlusion_shift,risk_aware_action_critical_depth_probe_v5_minus_gaussian_splat_uncertainty,probe_cost,0.02528733947995641,0.002036159093566708,0.0232511803863897,0.02732349857352312,10,10
occlusion_shift,risk_aware_action_critical_depth_probe_v5_minus_gaussian_splat_uncertainty,probe_damage,0.0453125,0.007766984698821569,0.03754551530117843,0.053079484698821566,10,10
occlusion_shift,risk_aware_action_critical_depth_probe_v5_minus_gaussian_splat_uncertainty,probe_informativeness,0.18411914292373538,0.014867252331341148,0.16925189059239423,0.19898639525507653,10,10
occlusion_shift,risk_aware_action_critical_depth_probe_v5_minus_gaussian_splat_uncertainty,robust_utility,0.256789195926177,0.07170698592291096,0.18508221000326602,0.32849618184908796,10,10
occlusion_shift,risk_aware_action_critical_depth_probe_v5_minus_gaussian_splat_uncertainty,task_success,0.2098958333333333,0.025557103855573474,0.18433872947775984,0.23545293718890678,10,10
occlusion_shift,risk_aware_action_critical_depth_probe_v5_minus_gaussian_splat_uncertainty,useful_probe_precision,0.21206065699402904,0.017190003340764818,0.19487065365326423,0.22925066033479385,10,10
occlusion_shift,risk_aware_action_critical_depth_probe_v5_minus_learned_depth_completion,action_critical_rmse,-0.03066969243603458,0.0009644232768782513,-0.03163411571291283,-0.029705269159156326,0,10
occlusion_shift,risk_aware_action_critical_depth_probe_v5_minus_learned_depth_completion,calibration_error,-0.10042250550049778,0.0010773844963750338,-0.10149988999687282,-0.09934512100412274,0,10
occlusion_shift,risk_aware_action_critical_depth_probe_v5_minus_learned_depth_completion,collision_boundary_f1,0.12073686717366354,0.0021407282532045157,0.11859613892045902,0.12287759542686806,10,10
occlusion_shift,risk_aware_action_critical_depth_probe_v5_minus_learned_depth_completion,collision_rate,-0.09635416666666667,0.031307404836684,-0.12766157150335067,-0.06504676182998267,0,10
occlusion_shift,risk_aware_action_critical_depth_probe_v5_minus_learned_depth_completion,manipulation_failure_rate,-0.10364583333333333,0.015993055555555552,-0.11963888888888888,-0.08765277777777777,0,10
occlusion_shift,risk_aware_action_critical_depth_probe_v5_minus_learned_depth_completion,mechanism_utility,0.11805070938311073,0.007091107390528785,0.11095960199258194,0.1251418167736395,10,10
occlusion_shift,risk_aware_action_critical_depth_probe_v5_minus_learned_depth_completion,occluded_region_rmse,-0.036637507477801874,0.0010146697115733887,-0.03765217718937526,-0.03562283776622849,0,10
occlusion_shift,risk_aware_action_critical_depth_probe_v5_minus_learned_depth_completion,planning_regret,-0.3646277987030321,0.015207712243660748,-0.3798355109466928,-0.34942008645937134,0,10
occlusion_shift,risk_aware_action_critical_depth_probe_v5_minus_learned_depth_completion,probe_cost,0.024611640149427915,0.001963854873144053,0.02264778527628386,0.02657549502257197,10,10
occlusion_shift,risk_aware_action_critical_depth_probe_v5_minus_learned_depth_completion,probe_damage,0.0421875,0.008116891134054881,0.03407060886594512,0.05030439113405488,10,10
occlusion_shift,risk_aware_action_critical_depth_probe_v5_minus_learned_depth_completion,probe_informativeness,0.18248005443585072,0.014493609223766862,0.16798644521208386,0.19697366365961758,10,10
occlusion_shift,risk_aware_action_critical_depth_probe_v5_minus_learned_depth_completion,robust_utility,0.9280449369390972,0.06408119740586053,0.8639637395332367,0.9921261343449577,10,10
occlusion_shift,risk_aware_action_critical_depth_probe_v5_minus_learned_depth_completion,task_success,0.5895833333333333,0.018687416129709814,0.5708959172036235,0.6082707494630432,10,10
occlusion_shift,risk_aware_action_critical_depth_probe_v5_minus_learned_depth_completion,useful_probe_precision,0.21168162096779247,0.0174895664340521,0.19419205453374036,0.22917118740184458,10,10
occlusion_shift,risk_aware_action_critical_depth_probe_v5_minus_next_best_view_planner,action_critical_rmse,0.021787360217205724,0.0007932548957687276,0.020994105321436998,0.02258061511297445,10,10
occlusion_shift,risk_aware_action_critical_depth_probe_v5_minus_next_best_view_planner,calibration_error,-0.01114423843571737,0.001192988046131375,-0.012337226481848745,-0.009951250389585994,0,10
occlusion_shift,risk_aware_action_critical_depth_probe_v5_minus_next_best_view_planner,collision_boundary_f1,-0.04669382922650202,0.001760566026892138,-0.04845439525339416,-0.04493326319960988,0,10
occlusion_shift,risk_aware_action_critical_depth_probe_v5_minus_next_best_view_planner,collision_rate,0.05208333333333333,0.022927754051895215,0.029155579281438113,0.07501108738522855,8,10
occlusion_shift,risk_aware_action_critical_depth_probe_v5_minus_next_best_view_planner,manipulation_failure_rate,0.0,0.0,0.0,0.0,0,10
occlusion_shift,risk_aware_action_critical_depth_probe_v5_minus_next_best_view_planner,mechanism_utility,0.037842317357103916,0.0068485129017668445,0.030993804455337073,0.04469083025887076,10,10
occlusion_shift,risk_aware_action_critical_depth_probe_v5_minus_next_best_view_planner,occluded_region_rmse,0.026301799680211346,0.0009734864703251954,0.02532831320988615,0.02727528615053654,10,10
occlusion_shift,risk_aware_action_critical_depth_probe_v5_minus_next_best_view_planner,planning_regret,0.0917529850383401,0.02076009048508125,0.07099289455325886,0.11251307552342135,10,10
occlusion_shift,risk_aware_action_critical_depth_probe_v5_minus_next_best_view_planner,probe_cost,0.013352784357838415,0.002264424629058277,0.011088359728780138,0.015617208986896692,10,10
occlusion_shift,risk_aware_action_critical_depth_probe_v5_minus_next_best_view_planner,probe_damage,0.04427083333333333,0.0068479581810931035,0.03742287515224023,0.05111879151442643,10,10
occlusion_shift,risk_aware_action_critical_depth_probe_v5_minus_next_best_view_planner,probe_informativeness,0.1620417404991876,0.015302234517476596,0.146739505981711,0.17734397501666418,10,10
occlusion_shift,risk_aware_action_critical_depth_probe_v5_minus_next_best_view_planner,robust_utility,-0.2714400754464161,0.07160846263902061,-0.34304853808543667,-0.19983161280739548,0,10
occlusion_shift,risk_aware_action_critical_depth_probe_v5_minus_next_best_view_planner,task_success,-0.1088541666666667,0.031054891695597792,-0.1399090583622645,-0.07779927497106891,0,10
occlusion_shift,risk_aware_action_critical_depth_probe_v5_minus_next_best_view_planner,useful_probe_precision,0.20013960422822002,0.01706114306209253,0.1830784611661275,0.21720074729031255,10,10
occlusion_shift,risk_aware_action_critical_depth_probe_v5_minus_raw_depth_policy,action_critical_rmse,-0.056203085204470836,0.0009550561955456127,-0.057158141400016446,-0.055248029008925226,0,10
occlusion_shift,risk_aware_action_critical_depth_probe_v5_minus_raw_depth_policy,calibration_error,-0.15942447424202197,0.0007690628429164736,-0.16019353708493844,-0.1586554113991055,0,10
occlusion_shift,risk_aware_action_critical_depth_probe_v5_minus_raw_depth_policy,collision_boundary_f1,0.21252732284804104,0.0024894485775706905,0.21003787427047035,0.21501677142561174,10,10
occlusion_shift,risk_aware_action_critical_depth_probe_v5_minus_raw_depth_policy,collision_rate,-0.19166666666666668,0.030236892630128614,-0.22190355929679528,-0.16142977403653808,0,10
occlusion_shift,risk_aware_action_critical_depth_probe_v5_minus_raw_depth_policy,manipulation_failure_rate,-0.25,0.017149459868037596,-0.2671494598680376,-0.2328505401319624,0,10
occlusion_shift,risk_aware_action_critical_depth_probe_v5_minus_raw_depth_policy,mechanism_utility,0.1590579475637551,0.006762715608069763,0.15229523195568534,0.16582066317182487,10,10
occlusion_shift,risk_aware_action_critical_depth_probe_v5_minus_raw_depth_policy,occluded_region_rmse,-0.070894150703845,0.001029989296218763,-0.07192414000006377,-0.06986416140762623,0,10
occlusion_shift,risk_aware_action_critical_depth_probe_v5_minus_raw_depth_policy,planning_regret,-0.5006711381594978,0.015633011152782077,-0.5163041493122799,-0.4850381270067157,0,10
occlusion_shift,risk_aware_action_critical_depth_probe_v5_minus_raw_depth_policy,probe_cost,0.02427010239156115,0.0025328832384629435,0.021737219153098206,0.026802985630024093,10,10
occlusion_shift,risk_aware_action_critical_depth_probe_v5_minus_raw_depth_policy,probe_damage,0.04375,0.008223184065362972,0.035526815934637024,0.05197318406536297,10,10
occlusion_shift,risk_aware_action_critical_depth_probe_v5_minus_raw_depth_policy,probe_informativeness,0.1819777290177949,0.01490676617893115,0.16707096283886375,0.19688449519672607,10,10
occlusion_shift,risk_aware_action_critical_depth_probe_v5_minus_raw_depth_policy,robust_utility,1.301360133416762,0.06508653711697074,1.2362735962997913,1.3664466705337326,10,10
occlusion_shift,risk_aware_action_critical_depth_probe_v5_minus_raw_depth_policy,task_success,0.7,0.01985310153180351,0.6801468984681964,0.7198531015318035,10,10
occlusion_shift,risk_aware_action_critical_depth_probe_v5_minus_raw_depth_policy,useful_probe_precision,0.21201116865547748,0.0169001485572339,0.19511102009824358,0.22891131721271138,10,10
occlusion_shift,risk_aware_action_critical_depth_probe_v5_minus_robust_clearance_mpc,action_critical_rmse,-0.02381967789371757,0.0010874022081887606,-0.02490708010190633,-0.02273227568552881,0,10
occlusion_shift,risk_aware_action_critical_depth_probe_v5_minus_robust_clearance_mpc,calibration_error,-0.029590057206403907,0.0010628644336151806,-0.03065292164001909,-0.028527192772788725,0,10
occlusion_shift,risk_aware_action_critical_depth_probe_v5_minus_robust_clearance_mpc,collision_boundary_f1,0.027200904226443647,0.0029888359975403836,0.024212068228903264,0.03018974022398403,10,10
occlusion_shift,risk_aware_action_critical_depth_probe_v5_minus_robust_clearance_mpc,collision_rate,0.12552083333333336,0.022491820572593784,0.10302901276073957,0.14801265390592713,10,10
occlusion_shift,risk_aware_action_critical_depth_probe_v5_minus_robust_clearance_mpc,manipulation_failure_rate,-0.0062499999999999995,0.0036649038270776483,-0.009914903827077649,-0.002585096172922351,0,10
occlusion_shift,risk_aware_action_critical_depth_probe_v5_minus_robust_clearance_mpc,mechanism_utility,0.08125148248388221,0.007446227745356153,0.07380525473852606,0.08869771022923836,10,10
occlusion_shift,risk_aware_action_critical_depth_probe_v5_minus_robust_clearance_mpc,occluded_region_rmse,-0.03418835444863334,0.0010371547179677508,-0.035225509166601096,-0.03315119973066559,0,10
occlusion_shift,risk_aware_action_critical_depth_probe_v5_minus_robust_clearance_mpc,planning_regret,0.08111785206652963,0.02063870887178932,0.06047914319474031,0.10175656093831895,10,10
occlusion_shift,risk_aware_action_critical_depth_probe_v5_minus_robust_clearance_mpc,probe_cost,0.025299262148874718,0.002078518971893339,0.02322074317698138,0.027377781120768056,10,10
occlusion_shift,risk_aware_action_critical_depth_probe_v5_minus_robust_clearance_mpc,probe_damage,0.04635416666666667,0.007677016589739518,0.03867715007692715,0.054031183256406184,10,10
occlusion_shift,risk_aware_action_critical_depth_probe_v5_minus_robust_clearance_mpc,probe_informativeness,0.18224674714326425,0.014750754534783066,0.1674959926084812,0.1969975016780473,10,10
occlusion_shift,risk_aware_action_critical_depth_probe_v5_minus_robust_clearance_mpc,robust_utility,-0.37983907956448737,0.07275706877793242,-0.4525961483424198,-0.30708201078655495,0,10
occlusion_shift,risk_aware_action_critical_depth_probe_v5_minus_robust_clearance_mpc,task_success,-0.1359375,0.031718926936500955,-0.16765642693650096,-0.10421857306349903,0,10
occlusion_shift,risk_aware_action_critical_depth_probe_v5_minus_robust_clearance_mpc,useful_probe_precision,0.21232302294449662,0.017253226941012438,0.19506979600348417,0.22957624988550906,10,10
occlusion_shift,risk_aware_action_critical_depth_probe_v5_minus_uncertainty_guided_probe,action_critical_rmse,0.0012326159970211456,0.0010003257484720275,0.00023229024854911815,0.002232941745493173,7,10
occlusion_shift,risk_aware_action_critical_depth_probe_v5_minus_uncertainty_guided_probe,calibration_error,-0.013307351955710195,0.0010075207806527413,-0.014314872736362937,-0.012299831175057454,0,10
occlusion_shift,risk_aware_action_critical_depth_probe_v5_minus_uncertainty_guided_probe,collision_boundary_f1,0.012491908127156625,0.00283005762644408,0.009661850500712544,0.015321965753600706,10,10
occlusion_shift,risk_aware_action_critical_depth_probe_v5_minus_uncertainty_guided_probe,collision_rate,-0.028645833333333325,0.03078526737116631,-0.05943110070449964,0.002139434037832986,4,10
occlusion_shift,risk_aware_action_critical_depth_probe_v5_minus_uncertainty_guided_probe,manipulation_failure_rate,-0.0031249999999999997,0.002257147426769647,-0.005382147426769647,-0.0008678525732303526,0,10
occlusion_shift,risk_aware_action_critical_depth_probe_v5_minus_uncertainty_guided_probe,mechanism_utility,0.047194545460247296,0.00792011937063885,0.03927442608960845,0.055114664830886145,10,10
occlusion_shift,risk_aware_action_critical_depth_probe_v5_minus_uncertainty_guided_probe,occluded_region_rmse,0.0013253677031726176,0.0009597535357489909,0.0003656141674236267,0.0022851212389216084,9,10
occlusion_shift,risk_aware_action_critical_depth_probe_v5_minus_uncertainty_guided_probe,planning_regret,-0.09270651165587449,0.031240930456044227,-0.12394744211191872,-0.061465581199830255,0,10
occlusion_shift,risk_aware_action_critical_depth_probe_v5_minus_uncertainty_guided_probe,probe_cost,-0.031555214536538416,0.002849023516803227,-0.03440423805334164,-0.028706191019735188,0,10
occlusion_shift,risk_aware_action_critical_depth_probe_v5_minus_uncertainty_guided_probe,probe_damage,-0.04583333333333333,0.012894687093796169,-0.0587280204271295,-0.03293864623953716,0,10
occlusion_shift,risk_aware_action_critical_depth_probe_v5_minus_uncertainty_guided_probe,probe_informativeness,0.03957411884610127,0.01635512328475467,0.0232189955613466,0.05592924213085594,9,10
occlusion_shift,risk_aware_action_critical_depth_probe_v5_minus_uncertainty_guided_probe,robust_utility,0.2830575604171935,0.10873683326861426,0.1743207271485792,0.39179439368580776,10,10
occlusion_shift,risk_aware_action_critical_depth_probe_v5_minus_uncertainty_guided_probe,task_success,0.13697916666666665,0.04645882172555114,0.09052034494111552,0.18343798839221778,10,10
occlusion_shift,risk_aware_action_critical_depth_probe_v5_minus_uncertainty_guided_probe,useful_probe_precision,0.09713837906083986,0.017947103785234522,0.07919127527560534,0.11508548284607438,10,10
occlusion_shift,risk_aware_action_critical_depth_probe_v5_minus_visuotactile_probe,action_critical_rmse,-0.005668013085180368,0.0010107759281639626,-0.006678789013344331,-0.004657237157016406,0,10
occlusion_shift,risk_aware_action_critical_depth_probe_v5_minus_visuotactile_probe,calibration_error,-0.033993170952232366,0.0010434221195048203,-0.03503659307173718,-0.03294974883272755,0,10
occlusion_shift,risk_aware_action_critical_depth_probe_v5_minus_visuotactile_probe,collision_boundary_f1,0.028809443734059904,0.002190391092253928,0.026619052641805977,0.03099983482631383,10,10
occlusion_shift,risk_aware_action_critical_depth_probe_v5_minus_visuotactile_probe,collision_rate,-0.023958333333333325,0.01955931348046655,-0.043517646813799875,-0.004399019852866774,3,10
occlusion_shift,risk_aware_action_critical_depth_probe_v5_minus_visuotactile_probe,manipulation_failure_rate,-0.0046875,0.0028265595089096225,-0.007514059508909623,-0.0018609404910903773,0,10
occlusion_shift,risk_aware_action_critical_depth_probe_v5_minus_visuotactile_probe,mechanism_utility,0.04490732381342964,0.006940386810091977,0.03796693700333766,0.05184771062352162,10,10
occlusion_shift,risk_aware_action_critical_depth_probe_v5_minus_visuotactile_probe,occluded_region_rmse,-0.007418766820636161,0.0011699301455079649,-0.008588696966144126,-0.006248836675128196,0,10
occlusion_shift,risk_aware_action_critical_depth_probe_v5_minus_visuotactile_probe,planning_regret,-0.080658407352542,0.019860183186461152,-0.10051859053900315,-0.06079822416608084,0,10
occlusion_shift,risk_aware_action_critical_depth_probe_v5_minus_visuotactile_probe,probe_cost,-0.007894832525607957,0.0029978602041352536,-0.010892692729743211,-0.004896972321472704,0,10
occlusion_shift,risk_aware_action_critical_depth_probe_v5_minus_visuotactile_probe,probe_damage,0.0010416666666666658,0.01073898552867938,-0.009697318862012713,0.011780652195346046,5,10
occlusion_shift,risk_aware_action_critical_depth_probe_v5_minus_visuotactile_probe,probe_informativeness,0.059577655706658225,0.016995468759948798,0.04258218694670943,0.07657312446660702,10,10
occlusion_shift,risk_aware_action_critical_depth_probe_v5_minus_visuotactile_probe,robust_utility,0.20372699891830712,0.06997288501286629,0.13375411390544084,0.2736998839311734,10,10
occlusion_shift,risk_aware_action_critical_depth_probe_v5_minus_visuotactile_probe,task_success,0.12187499999999998,0.030556868658653844,0.09131813134134614,0.15243186865865382,10,10
occlusion_shift,risk_aware_action_critical_depth_probe_v5_minus_visuotactile_probe,useful_probe_precision,0.09418675477184175,0.01842184801501043,0.07576490675683133,0.11260860278685218,10,10
probe_noise_shift,risk_aware_action_critical_depth_probe_v5_minus_action_critical_interactive_depth_v4,action_critical_rmse,-0.00224602549484437,0.0012573329399722432,-0.003503358434816613,-0.0009886925548721268,1,10
probe_noise_shift,risk_aware_action_critical_depth_probe_v5_minus_action_critical_interactive_depth_v4,calibration_error,-0.014552163462361933,0.0007969185472534473,-0.015349082009615381,-0.013755244915108485,0,10
probe_noise_shift,risk_aware_action_critical_depth_probe_v5_minus_action_critical_interactive_depth_v4,collision_boundary_f1,0.016282645575718215,0.0028005772905538803,0.013482068285164335,0.019083222866272096,10,10
probe_noise_shift,risk_aware_action_critical_depth_probe_v5_minus_action_critical_interactive_depth_v4,collision_rate,-0.021874999999999995,0.024051645980737283,-0.04592664598073728,0.002176645980737288,4,10
probe_noise_shift,risk_aware_action_critical_depth_probe_v5_minus_action_critical_interactive_depth_v4,manipulation_failure_rate,-0.003645833333333333,0.004040574737950402,-0.007686408071283735,0.0003947414046170691,0,10
probe_noise_shift,risk_aware_action_critical_depth_probe_v5_minus_action_critical_interactive_depth_v4,mechanism_utility,0.00596349794119313,0.0051931492890844285,0.0007703486521087018,0.01115664723027756,7,10
probe_noise_shift,risk_aware_action_critical_depth_probe_v5_minus_action_critical_interactive_depth_v4,occluded_region_rmse,-0.003428166339811129,0.0009237309946856595,-0.004351897334496788,-0.0025044353451254696,0,10
probe_noise_shift,risk_aware_action_critical_depth_probe_v5_minus_action_critical_interactive_depth_v4,planning_regret,-0.05370438112297079,0.010415454900671096,-0.06411983602364188,-0.04328892622229969,0,10
probe_noise_shift,risk_aware_action_critical_depth_probe_v5_minus_action_critical_interactive_depth_v4,probe_cost,-0.008391223187321883,0.002959279477543952,-0.011350502664865834,-0.005431943709777932,0,10
probe_noise_shift,risk_aware_action_critical_depth_probe_v5_minus_action_critical_interactive_depth_v4,probe_damage,0.003645833333333335,0.011187844846054252,-0.0075420115127209164,0.014833678179387588,5,10
probe_noise_shift,risk_aware_action_critical_depth_probe_v5_minus_action_critical_interactive_depth_v4,probe_informativeness,-0.007636543938943534,0.012337169486847871,-0.019973713425791406,0.004700625547904337,3,10
probe_noise_shift,risk_aware_action_critical_depth_probe_v5_minus_action_critical_interactive_depth_v4,robust_utility,0.13972496444075752,0.0397482797302909,0.09997668471046661,0.17947324417104843,10,10
probe_noise_shift,risk_aware_action_critical_depth_probe_v5_minus_action_critical_interactive_depth_v4,task_success,0.0796875,0.0167429115390829,0.06294458846091709,0.0964304115390829,10,10
probe_noise_shift,risk_aware_action_critical_depth_probe_v5_minus_action_critical_interactive_depth_v4,useful_probe_precision,-0.0010137009122372447,0.016525162427775256,-0.0175388633400125,0.01551146151553801,4,10
probe_noise_shift,risk_aware_action_critical_depth_probe_v5_minus_active_view_selection,action_critical_rmse,0.017454887423229197,0.0009442887329906029,0.016510598690238593,0.0183991761562198,10,10
probe_noise_shift,risk_aware_action_critical_depth_probe_v5_minus_active_view_selection,calibration_error,-0.010508578736399772,0.0006422796099572278,-0.011150858346357,-0.009866299126442544,0,10
probe_noise_shift,risk_aware_action_critical_depth_probe_v5_minus_active_view_selection,collision_boundary_f1,-0.034159952844804796,0.0020652270164928633,-0.03622517986129766,-0.03209472582831193,0,10
probe_noise_shift,risk_aware_action_critical_depth_probe_v5_minus_active_view_selection,collision_rate,0.03697916666666667,0.025026036788934662,0.011953129877732005,0.06200520345560133,8,10
probe_noise_shift,risk_aware_action_critical_depth_probe_v5_minus_active_view_selection,manipulation_failure_rate,0.0,0.0,0.0,0.0,0,10
probe_noise_shift,risk_aware_action_critical_depth_probe_v5_minus_active_view_selection,mechanism_utility,0.02466053930254942,0.0046835487851595225,0.0199769905173899,0.029344088087708945,10,10
probe_noise_shift,risk_aware_action_critical_depth_probe_v5_minus_active_view_selection,occluded_region_rmse,0.022393514598371876,0.001092062389389477,0.0213014522089824,0.023485576987761353,10,10
probe_noise_shift,risk_aware_action_critical_depth_probe_v5_minus_active_view_selection,planning_regret,0.09614391355091648,0.016102286663902517,0.08004162688701397,0.11224620021481899,10,10
probe_noise_shift,risk_aware_action_critical_depth_probe_v5_minus_active_view_selection,probe_cost,0.01717683692409101,0.002422805120656682,0.014754031803434327,0.019599642044747692,10,10
probe_noise_shift,risk_aware_action_critical_depth_probe_v5_minus_active_view_selection,probe_damage,0.0625,0.012640758408740677,0.049859241591259325,0.07514075840874068,10,10
probe_noise_shift,risk_aware_action_critical_depth_probe_v5_minus_active_view_selection,probe_informativeness,0.11204456777903511,0.011302778017035874,0.10074178976199924,0.12334734579607098,10,10
probe_noise_shift,risk_aware_action_critical_depth_probe_v5_minus_active_view_selection,robust_utility,-0.2880374660993895,0.05890415818837204,-0.34694162428776154,-0.2291333079110175,0,10
probe_noise_shift,risk_aware_action_critical_depth_probe_v5_minus_active_view_selection,task_success,-0.121875,0.02482862169446611,-0.1467036216944661,-0.09704637830553389,0,10
probe_noise_shift,risk_aware_action_critical_depth_probe_v5_minus_active_view_selection,useful_probe_precision,0.17444767504314035,0.015668292447635037,0.1587793825955053,0.1901159674907754,10,10
probe_noise_shift,risk_aware_action_critical_depth_probe_v5_minus_diffusion_depth_policy,action_critical_rmse,-0.01196359070701947,0.0007928661190622459,-0.012756456826081716,-0.011170724587957225,0,10
probe_noise_shift,risk_aware_action_critical_depth_probe_v5_minus_diffusion_depth_policy,calibration_error,-0.0674295946518852,0.0007711549530988205,-0.06820074960498401,-0.06665843969878638,0,10
probe_noise_shift,risk_aware_action_critical_depth_probe_v5_minus_diffusion_depth_policy,collision_boundary_f1,0.05052213471380458,0.001956823682719327,0.04856531103108525,0.05247895839652391,10,10
probe_noise_shift,risk_aware_action_critical_depth_probe_v5_minus_diffusion_depth_policy,collision_rate,-0.06458333333333334,0.021477971057358762,-0.0860613043906921,-0.04310536227597458,0,10
probe_noise_shift,risk_aware_action_critical_depth_probe_v5_minus_diffusion_depth_policy,manipulation_failure_rate,-0.0005208333333333333,0.0010208333333333332,-0.0015416666666666664,0.0004999999999999999,0,10
probe_noise_shift,risk_aware_action_critical_depth_probe_v5_minus_diffusion_depth_policy,mechanism_utility,0.07149614492369423,0.004719789568044258,0.06677635535564998,0.07621593449173848,10,10
probe_noise_shift,risk_aware_action_critical_depth_probe_v5_minus_diffusion_depth_policy,occluded_region_rmse,-0.014174267729867884,0.0008542262928273863,-0.015028494022695271,-0.013320041437040497,0,10
probe_noise_shift,risk_aware_action_critical_depth_probe_v5_minus_diffusion_depth_policy,planning_regret,-0.08203282777613263,0.013503952993183606,-0.09553678076931624,-0.06852887478294903,0,10
probe_noise_shift,risk_aware_action_critical_depth_probe_v5_minus_diffusion_depth_policy,probe_cost,0.02138943481100087,0.0027349846901848244,0.018654450120816044,0.024124419501185695,10,10
probe_noise_shift,risk_aware_action_critical_depth_probe_v5_minus_diffusion_depth_policy,probe_damage,0.06145833333333332,0.012249999999999999,0.049208333333333326,0.07370833333333332,10,10
probe_noise_shift,risk_aware_action_critical_depth_probe_v5_minus_diffusion_depth_policy,probe_informativeness,0.13542662731991656,0.011874957292217112,0.12355167002769944,0.14730158461213366,10,10
probe_noise_shift,risk_aware_action_critical_depth_probe_v5_minus_diffusion_depth_policy,robust_utility,0.18362820132635527,0.049354600934481734,0.13427360039187353,0.232982802260837,10,10
probe_noise_shift,risk_aware_action_critical_depth_probe_v5_minus_diffusion_depth_policy,task_success,0.12291666666666667,0.02109722222222222,0.10181944444444446,0.14401388888888889,10,10
probe_noise_shift,risk_aware_action_critical_depth_probe_v5_minus_diffusion_depth_policy,useful_probe_precision,0.18788957182672678,0.015003798064167918,0.17288577376255887,0.20289336989089468,10,10
probe_noise_shift,risk_aware_action_critical_depth_probe_v5_minus_ensemble_depth_completion,action_critical_rmse,-0.017531285320562643,0.0010558149335010423,-0.018587100254063686,-0.0164754703870616,0,10
probe_noise_shift,risk_aware_action_critical_depth_probe_v5_minus_ensemble_depth_completion,calibration_error,-0.027820823912979707,0.0006466177833102363,-0.028467441696289942,-0.027174206129669472,0,10
probe_noise_shift,risk_aware_action_critical_depth_probe_v5_minus_ensemble_depth_completion,collision_boundary_f1,0.054840277426611274,0.0028470465061587596,0.051993230920452514,0.057687323932770034,10,10
probe_noise_shift,risk_aware_action_critical_depth_probe_v5_minus_ensemble_depth_completion,collision_rate,-0.04427083333333333,0.030634450702277112,-0.07490528403561045,-0.013636382631056217,1,10
probe_noise_shift,risk_aware_action_critical_depth_probe_v5_minus_ensemble_depth_completion,manipulation_failure_rate,-0.015625,0.005693936291690236,-0.021318936291690238,-0.009931063708309764,0,10
probe_noise_shift,risk_aware_action_critical_depth_probe_v5_minus_ensemble_depth_completion,mechanism_utility,0.07014308050987253,0.004787078806239094,0.06535600170363344,0.07493015931611162,10,10
probe_noise_shift,risk_aware_action_critical_depth_probe_v5_minus_ensemble_depth_completion,occluded_region_rmse,-0.020573249889721854,0.0007123946812084306,-0.021285644570930285,-0.019860855208513422,0,10
probe_noise_shift,risk_aware_action_critical_depth_probe_v5_minus_ensemble_depth_completion,planning_regret,-0.12840355342040405,0.023929278384916975,-0.15233283180532103,-0.10447427503548708,0,10
probe_noise_shift,risk_aware_action_critical_depth_probe_v5_minus_ensemble_depth_completion,probe_cost,0.029982996158341334,0.002593831267911672,0.02738916489042966,0.03257682742625301,10,10
probe_noise_shift,risk_aware_action_critical_depth_probe_v5_minus_ensemble_depth_completion,probe_damage,0.059375,0.01219315514571218,0.047181844854287815,0.07156815514571217,10,10
probe_noise_shift,risk_aware_action_critical_depth_probe_v5_minus_ensemble_depth_completion,probe_informativeness,0.1361775585719123,0.011596868608488234,0.12458068996342407,0.14777442718040054,10,10
probe_noise_shift,risk_aware_action_critical_depth_probe_v5_minus_ensemble_depth_completion,robust_utility,0.2761697895804808,0.08387903816835611,0.19229075141212465,0.3600488277488369,10,10
probe_noise_shift,risk_aware_action_critical_depth_probe_v5_minus_ensemble_depth_completion,task_success,0.20416666666666666,0.038672086645199624,0.16549458002146705,0.24283875331186627,10,10
probe_noise_shift,risk_aware_action_critical_depth_probe_v5_minus_ensemble_depth_completion,useful_probe_precision,0.18825091832335566,0.015299312827141748,0.1729516054962139,0.20355023115049742,10,10
probe_noise_shift,risk_aware_action_critical_depth_probe_v5_minus_foundation_depth_prior,action_critical_rmse,-0.020495715922458517,0.0009104196957550513,-0.021406135618213567,-0.019585296226703467,0,10
probe_noise_shift,risk_aware_action_critical_depth_probe_v5_minus_foundation_depth_prior,calibration_error,-0.08395170018954727,0.0007506571116462515,-0.08470235730119352,-0.08320104307790102,0,10
probe_noise_shift,risk_aware_action_critical_depth_probe_v5_minus_foundation_depth_prior,collision_boundary_f1,0.08949980629746476,0.002418785666801828,0.08708102063066293,0.09191859196426659,10,10
probe_noise_shift,risk_aware_action_critical_depth_probe_v5_minus_foundation_depth_prior,collision_rate,-0.09479166666666665,0.02878516703181315,-0.1235768336984798,-0.0660064996348535,0,10
probe_noise_shift,risk_aware_action_critical_depth_probe_v5_minus_foundation_depth_prior,manipulation_failure_rate,-0.029166666666666667,0.007170097692913669,-0.03633676435958034,-0.021996568973752996,0,10
probe_noise_shift,risk_aware_action_critical_depth_probe_v5_minus_foundation_depth_prior,mechanism_utility,0.08647558621293523,0.005098280749382097,0.08137730546355314,0.09157386696231733,10,10
probe_noise_shift,risk_aware_action_critical_depth_probe_v5_minus_foundation_depth_prior,occluded_region_rmse,-0.022524373303879706,0.0007048218157521732,-0.02322919511963188,-0.021819551488127534,0,10
probe_noise_shift,risk_aware_action_critical_depth_probe_v5_minus_foundation_depth_prior,planning_regret,-0.23265277337185286,0.012942312487463485,-0.24559508585931636,-0.21971046088438936,0,10
probe_noise_shift,risk_aware_action_critical_depth_probe_v5_minus_foundation_depth_prior,probe_cost,0.02693089353432847,0.0027283997865942913,0.02420249374773418,0.029659293320922764,10,10
probe_noise_shift,risk_aware_action_critical_depth_probe_v5_minus_foundation_depth_prior,probe_damage,0.06145833333333334,0.012622425174424707,0.048835908158908634,0.07408075850775804,10,10
probe_noise_shift,risk_aware_action_critical_depth_probe_v5_minus_foundation_depth_prior,probe_informativeness,0.13552395999187852,0.011371032483001758,0.12415292750887677,0.14689499247488028,10,10
probe_noise_shift,risk_aware_action_critical_depth_probe_v5_minus_foundation_depth_prior,robust_utility,0.575479729947504,0.05188393404788195,0.523595795899622,0.6273636639953859,10,10
probe_noise_shift,risk_aware_action_critical_depth_probe_v5_minus_foundation_depth_prior,task_success,0.37499999999999994,0.020359874716136882,0.3546401252838631,0.3953598747161368,10,10
probe_noise_shift,risk_aware_action_critical_depth_probe_v5_minus_foundation_depth_prior,useful_probe_precision,0.18808200491037008,0.015223334096250212,0.17285867081411987,0.2033053390066203,10,10
probe_noise_shift,risk_aware_action_critical_depth_probe_v5_minus_gaussian_splat_uncertainty,action_critical_rmse,-0.021859954170297274,0.0008831298934972366,-0.02274308406379451,-0.020976824276800036,0,10
probe_noise_shift,risk_aware_action_critical_depth_probe_v5_minus_gaussian_splat_uncertainty,calibration_error,-0.01260658723329175,0.0008795259055705666,-0.013486113138862317,-0.011727061327721182,0,10
probe_noise_shift,risk_aware_action_critical_depth_probe_v5_minus_gaussian_splat_uncertainty,collision_boundary_f1,0.04750887844139755,0.001850109209887403,0.045658769231510146,0.04935898765128495,10,10
probe_noise_shift,risk_aware_action_critical_depth_probe_v5_minus_gaussian_splat_uncertainty,collision_rate,-0.015624999999999997,0.025735440268285073,-0.04136044026828507,0.010110440268285076,3,10
probe_noise_shift,risk_aware_action_critical_depth_probe_v5_minus_gaussian_splat_uncertainty,manipulation_failure_rate,-0.033854166666666664,0.010460428906917089,-0.044314595573583755,-0.023393737759749574,0,10
probe_noise_shift,risk_aware_action_critical_depth_probe_v5_minus_gaussian_splat_uncertainty,mechanism_utility,0.06821948795706323,0.0051897891963605235,0.0630296987607027,0.07340927715342375,10,10
probe_noise_shift,risk_aware_action_critical_depth_probe_v5_minus_gaussian_splat_uncertainty,occluded_region_rmse,-0.027860502647341613,0.0009009926199069412,-0.028761495267248555,-0.02695951002743467,0,10
probe_noise_shift,risk_aware_action_critical_depth_probe_v5_minus_gaussian_splat_uncertainty,planning_regret,-0.14380520167375893,0.01750214178972987,-0.1613073434634888,-0.12630305988402907,0,10
probe_noise_shift,risk_aware_action_critical_depth_probe_v5_minus_gaussian_splat_uncertainty,probe_cost,0.02960309852683172,0.002449406894360783,0.027153691632470937,0.0320525054211925,10,10
probe_noise_shift,risk_aware_action_critical_depth_probe_v5_minus_gaussian_splat_uncertainty,probe_damage,0.058333333333333334,0.014340195385827335,0.043993137947506,0.07267352871916066,10,10
probe_noise_shift,risk_aware_action_critical_depth_probe_v5_minus_gaussian_splat_uncertainty,probe_informativeness,0.1353249369119076,0.01123326359400347,0.12409167331790415,0.1465582005059111,10,10
probe_noise_shift,risk_aware_action_critical_depth_probe_v5_minus_gaussian_splat_uncertainty,robust_utility,0.2891912975975345,0.06378987915940836,0.2254014184381261,0.35298117675694285,10,10
probe_noise_shift,risk_aware_action_critical_depth_probe_v5_minus_gaussian_splat_uncertainty,task_success,0.23072916666666665,0.02970568481389288,0.20102348185277377,0.26043485148055956,10,10
probe_noise_shift,risk_aware_action_critical_depth_probe_v5_minus_gaussian_splat_uncertainty,useful_probe_precision,0.1875790903506861,0.015329530606917793,0.1722495597437683,0.2029086209576039,10,10
probe_noise_shift,risk_aware_action_critical_depth_probe_v5_minus_learned_depth_completion,action_critical_rmse,-0.028162390128897742,0.0009809332275711844,-0.029143323356468926,-0.027181456901326558,0,10
probe_noise_shift,risk_aware_action_critical_depth_probe_v5_minus_learned_depth_completion,calibration_error,-0.09821540879533434,0.0009838559426717055,-0.09919926473800605,-0.09723155285266263,0,10
probe_noise_shift,risk_aware_action_critical_depth_probe_v5_minus_learned_depth_completion,collision_boundary_f1,0.11635227203506511,0.002781775849245745,0.11357049618581937,0.11913404788431085,10,10
probe_noise_shift,risk_aware_action_critical_depth_probe_v5_minus_learned_depth_completion,collision_rate,-0.10260416666666668,0.025329561008427086,-0.12793372767509376,-0.0772746056582396,1,10
probe_noise_shift,risk_aware_action_critical_depth_probe_v5_minus_learned_depth_completion,manipulation_failure_rate,-0.08489583333333332,0.01937193947352844,-0.10426777280686177,-0.06552389385980488,0,10
probe_noise_shift,risk_aware_action_critical_depth_probe_v5_minus_learned_depth_completion,mechanism_utility,0.09908098928810809,0.004380542655715268,0.09470044663239283,0.10346153194382335,10,10
probe_noise_shift,risk_aware_action_critical_depth_probe_v5_minus_learned_depth_completion,occluded_region_rmse,-0.03167660565050264,0.0007061819003181373,-0.03238278755082078,-0.030970423750184505,0,10
probe_noise_shift,risk_aware_action_critical_depth_probe_v5_minus_learned_depth_completion,planning_regret,-0.3580031301228172,0.01377920028533731,-0.3717823304081545,-0.3442239298374799,0,10
probe_noise_shift,risk_aware_action_critical_depth_probe_v5_minus_learned_depth_completion,probe_cost,0.028939994288369908,0.0033756571162519523,0.025564337172117955,0.03231565140462186,10,10
probe_noise_shift,risk_aware_action_critical_depth_probe_v5_minus_learned_depth_completion,probe_damage,0.05625000000000001,0.012530356657452451,0.043719643342547555,0.06878035665745245,10,10
probe_noise_shift,risk_aware_action_critical_depth_probe_v5_minus_learned_depth_completion,probe_informativeness,0.1349911990536899,0.012646893001681495,0.1223443060520084,0.14763809205537137,10,10
probe_noise_shift,risk_aware_action_critical_depth_probe_v5_minus_learned_depth_completion,robust_utility,0.9018137011798993,0.05657955105941908,0.8452341501204803,0.9583932522393184,10,10
probe_noise_shift,risk_aware_action_critical_depth_probe_v5_minus_learned_depth_completion,task_success,0.5838541666666667,0.020271532761714377,0.5635826339049523,0.604125699428381,10,10
probe_noise_shift,risk_aware_action_critical_depth_probe_v5_minus_learned_depth_completion,useful_probe_precision,0.18811777830601864,0.015160694226080311,0.17295708407993832,0.20327847253209896,10,10
probe_noise_shift,risk_aware_action_critical_depth_probe_v5_minus_next_best_view_planner,action_critical_rmse,0.014745068099099017,0.0008688339729548832,0.013876234126144135,0.0156139020720539,10,10
probe_noise_shift,risk_aware_action_critical_depth_probe_v5_minus_next_best_view_planner,calibration_error,-0.016251772065268438,0.00082491365214102,-0.01707668571740946,-0.015426858413127418,0,10
probe_noise_shift,risk_aware_action_critical_depth_probe_v5_minus_next_best_view_planner,collision_boundary_f1,-0.031429647901520266,0.0019460722260596132,-0.03337572012757988,-0.029483575675460654,0,10
probe_noise_shift,risk_aware_action_critical_depth_probe_v5_minus_next_best_view_planner,collision_rate,0.026041666666666675,0.029781596329583673,-0.0037399296629169985,0.055823262996250345,7,10
probe_noise_shift,risk_aware_action_critical_depth_probe_v5_minus_next_best_view_planner,manipulation_failure_rate,0.0,0.0,0.0,0.0,0,10
probe_noise_shift,risk_aware_action_critical_depth_probe_v5_minus_next_best_view_planner,mechanism_utility,0.027887315427852,0.004640332838623788,0.02324698258922821,0.032527648266475785,10,10
probe_noise_shift,risk_aware_action_critical_depth_probe_v5_minus_next_best_view_planner,occluded_region_rmse,0.01794929800801645,0.0010742367382750068,0.016875061269741445,0.019023534746291457,10,10
probe_noise_shift,risk_aware_action_critical_depth_probe_v5_minus_next_best_view_planner,planning_regret,0.07573478768378725,0.014621731902194403,0.061113055781592845,0.09035651958598165,10,10
probe_noise_shift,risk_aware_action_critical_depth_probe_v5_minus_next_best_view_planner,probe_cost,0.01842450124795176,0.0026077108919193566,0.015816790356032402,0.021032212139871116,10,10
probe_noise_shift,risk_aware_action_critical_depth_probe_v5_minus_next_best_view_planner,probe_damage,0.0625,0.012362905612564756,0.050137094387435244,0.07486290561256476,10,10
probe_noise_shift,risk_aware_action_critical_depth_probe_v5_minus_next_best_view_planner,probe_informativeness,0.11673362717676342,0.011597493754505504,0.10513613342225792,0.12833112093126892,10,10
probe_noise_shift,risk_aware_action_critical_depth_probe_v5_minus_next_best_view_planner,robust_utility,-0.2388006288381698,0.05616802524911432,-0.2949686540872841,-0.18263260358905548,0,10
probe_noise_shift,risk_aware_action_critical_depth_probe_v5_minus_next_best_view_planner,task_success,-0.09739583333333333,0.0197273088608653,-0.11712314219419864,-0.07766852447246803,0,10
probe_noise_shift,risk_aware_action_critical_depth_probe_v5_minus_next_best_view_planner,useful_probe_precision,0.17584593346726668,0.015570453805064463,0.1602754796622022,0.19141638727233115,10,10
probe_noise_shift,risk_aware_action_critical_depth_probe_v5_minus_raw_depth_policy,action_critical_rmse,-0.05221957764290175,0.0009629504991210824,-0.05318252814202283,-0.05125662714378067,0,10
probe_noise_shift,risk_aware_action_critical_depth_probe_v5_minus_raw_depth_policy,calibration_error,-0.15617286581379622,0.0006297365734575278,-0.15680260238725374,-0.1555431292403387,0,10
probe_noise_shift,risk_aware_action_critical_depth_probe_v5_minus_raw_depth_policy,collision_boundary_f1,0.2019750625458851,0.0027012189195289187,0.19927384362635617,0.20467628146541403,10,10
probe_noise_shift,risk_aware_action_critical_depth_probe_v5_minus_raw_depth_policy,collision_rate,-0.1833333333333333,0.03340273157769963,-0.21673606491103292,-0.14993060175563366,0,10
probe_noise_shift,risk_aware_action_critical_depth_probe_v5_minus_raw_depth_policy,manipulation_failure_rate,-0.24427083333333335,0.020214333063157727,-0.26448516639649106,-0.22405650027017562,0,10
probe_noise_shift,risk_aware_action_critical_depth_probe_v5_minus_raw_depth_policy,mechanism_utility,0.13730448774803022,0.0051280304250396515,0.13217645732299058,0.14243251817306987,10,10
probe_noise_shift,risk_aware_action_critical_depth_probe_v5_minus_raw_depth_policy,occluded_region_rmse,-0.06121164359719813,0.000817158482843752,-0.06202880208004188,-0.06039448511435438,0,10
probe_noise_shift,risk_aware_action_critical_depth_probe_v5_minus_raw_depth_policy,planning_regret,-0.49321807718566174,0.011685303000699072,-0.5049033801863608,-0.48153277418496265,0,10
probe_noise_shift,risk_aware_action_critical_depth_probe_v5_minus_raw_depth_policy,probe_cost,0.030078226170615258,0.0025771327333328252,0.027501093437282433,0.032655358903948085,10,10
probe_noise_shift,risk_aware_action_critical_depth_probe_v5_minus_raw_depth_policy,probe_damage,0.059895833333333336,0.012845204421120372,0.04705062891221296,0.0727410377544537,10,10
probe_noise_shift,risk_aware_action_critical_depth_probe_v5_minus_raw_depth_policy,probe_informativeness,0.13685148609164177,0.011624247896218715,0.12522723819542306,0.1484757339878605,10,10
probe_noise_shift,risk_aware_action_critical_depth_probe_v5_minus_raw_depth_policy,robust_utility,1.2652613152436099,0.05580137882179864,1.2094599364218113,1.3210626940654084,10,10
probe_noise_shift,risk_aware_action_critical_depth_probe_v5_minus_raw_depth_policy,task_success,0.6979166666666666,0.01624804119248201,0.6816686254741846,0.7141647078591487,10,10
probe_noise_shift,risk_aware_action_critical_depth_probe_v5_minus_raw_depth_policy,useful_probe_precision,0.18810957225213282,0.015007855119070476,0.17310171713306233,0.2031174273712033,10,10
probe_noise_shift,risk_aware_action_critical_depth_probe_v5_minus_robust_clearance_mpc,action_critical_rmse,-0.02203119225667707,0.0009538984850307148,-0.022985090741707785,-0.021077293771646355,0,10
probe_noise_shift,risk_aware_action_critical_depth_probe_v5_minus_robust_clearance_mpc,calibration_error,-0.028647519069155702,0.0008217287733866795,-0.02946924784254238,-0.027825790295769023,0,10
probe_noise_shift,risk_aware_action_critical_depth_probe_v5_minus_robust_clearance_mpc,collision_boundary_f1,0.023636238729340252,0.0024526737799682777,0.021183564949371975,0.026088912509308528,10,10
probe_noise_shift,risk_aware_action_critical_depth_probe_v5_minus_robust_clearance_mpc,collision_rate,0.1109375,0.026095112748107063,0.08484238725189293,0.13703261274810705,10,10
probe_noise_shift,risk_aware_action_critical_depth_probe_v5_minus_robust_clearance_mpc,manipulation_failure_rate,-0.004166666666666667,0.002966472892131847,-0.007133139558798514,-0.0012001937745348195,0,10
probe_noise_shift,risk_aware_action_critical_depth_probe_v5_minus_robust_clearance_mpc,mechanism_utility,0.06265230132147454,0.004800909779017907,0.05785139154245663,0.06745321110049245,10,10
probe_noise_shift,risk_aware_action_critical_depth_probe_v5_minus_robust_clearance_mpc,occluded_region_rmse,-0.03031356619244426,0.0008278394274210196,-0.031141405619865278,-0.02948572676502324,0,10
probe_noise_shift,risk_aware_action_critical_depth_probe_v5_minus_robust_clearance_mpc,planning_regret,0.09144865843656957,0.012332422311018417,0.07911623612555116,0.10378108074758799,10,10
probe_noise_shift,risk_aware_action_critical_depth_probe_v5_minus_robust_clearance_mpc,probe_cost,0.029949317114751996,0.0026628439483652503,0.027286473166386747,0.03261216106311725,10,10
probe_noise_shift,risk_aware_action_critical_depth_probe_v5_minus_robust_clearance_mpc,probe_damage,0.060416666666666674,0.012097820179123996,0.04831884648754268,0.07251448684579068,10,10
probe_noise_shift,risk_aware_action_critical_depth_probe_v5_minus_robust_clearance_mpc,probe_informativeness,0.13517068945755015,0.011452205532989616,0.12371848392456053,0.14662289499053976,10,10
probe_noise_shift,risk_aware_action_critical_depth_probe_v5_minus_robust_clearance_mpc,robust_utility,-0.4049695337342788,0.048525659589938715,-0.4534951933242175,-0.3564438741443401,0,10
probe_noise_shift,risk_aware_action_critical_depth_probe_v5_minus_robust_clearance_mpc,task_success,-0.15572916666666664,0.01797040417775092,-0.17369957084441756,-0.13775876248891572,0,10
probe_noise_shift,risk_aware_action_critical_depth_probe_v5_minus_robust_clearance_mpc,useful_probe_precision,0.18751725729375168,0.015577651064142372,0.1719396062296093,0.20309490835789407,10,10
probe_noise_shift,risk_aware_action_critical_depth_probe_v5_minus_uncertainty_guided_probe,action_critical_rmse,1.666949966975459e-05,0.0016442554274989254,-0.0016275859278291709,0.00166092492716868,5,10
probe_noise_shift,risk_aware_action_critical_depth_probe_v5_minus_uncertainty_guided_probe,calibration_error,-0.014290707644724671,0.0012250469504768529,-0.015515754595201523,-0.013065660694247819,0,10
probe_noise_shift,risk_aware_action_critical_depth_probe_v5_minus_uncertainty_guided_probe,collision_boundary_f1,0.015132367773055478,0.0036553995559265658,0.011476968217128913,0.018787767328982043,10,10
probe_noise_shift,risk_aware_action_critical_depth_probe_v5_minus_uncertainty_guided_probe,collision_rate,-0.03072916666666666,0.021705881757139885,-0.05243504842380654,-0.009023284909526776,2,10
probe_noise_shift,risk_aware_action_critical_depth_probe_v5_minus_uncertainty_guided_probe,manipulation_failure_rate,-0.0015625,0.0030624999999999997,-0.004625,0.0014999999999999996,0,10
probe_noise_shift,risk_aware_action_critical_depth_probe_v5_minus_uncertainty_guided_probe,mechanism_utility,0.043788268638161224,0.006930214431759304,0.03685805420640192,0.05071848306992053,10,10
probe_noise_shift,risk_aware_action_critical_depth_probe_v5_minus_uncertainty_guided_probe,occluded_region_rmse,-0.00052319094382842,0.001329874700537112,-0.001853065644365532,0.000806683756708692,4,10
probe_noise_shift,risk_aware_action_critical_depth_probe_v5_minus_uncertainty_guided_probe,planning_regret,-0.105693170774293,0.015713520951262355,-0.12140669172555535,-0.08997964982303064,0,10
probe_noise_shift,risk_aware_action_critical_depth_probe_v5_minus_uncertainty_guided_probe,probe_cost,-0.035041949394241094,0.00502069948737324,-0.040062648881614336,-0.030021249906867855,0,10
probe_noise_shift,risk_aware_action_critical_depth_probe_v5_minus_uncertainty_guided_probe,probe_damage,-0.04791666666666666,0.02074299394589667,-0.06865966061256333,-0.02717367272076999,0,10
probe_noise_shift,risk_aware_action_critical_depth_probe_v5_minus_uncertainty_guided_probe,probe_informativeness,0.019066736371117055,0.014582731404159945,0.00448400496695711,0.033649467775277,8,10
probe_noise_shift,risk_aware_action_critical_depth_probe_v5_minus_uncertainty_guided_probe,robust_utility,0.3142259149832066,0.05828040263818469,0.25594551234502194,0.3725063176213913,10,10
probe_noise_shift,risk_aware_action_critical_depth_probe_v5_minus_uncertainty_guided_probe,task_success,0.15520833333333334,0.02301847754830833,0.132189855785025,0.17822681088164166,10,10
probe_noise_shift,risk_aware_action_critical_depth_probe_v5_minus_uncertainty_guided_probe,useful_probe_precision,0.08604278599083526,0.01680287327928726,0.069239912711548,0.10284565927012251,10,10
probe_noise_shift,risk_aware_action_critical_depth_probe_v5_minus_visuotactile_probe,action_critical_rmse,-0.004730537419594114,0.001159797106142382,-0.005890334525736496,-0.0035707403134517318,0,10
probe_noise_shift,risk_aware_action_critical_depth_probe_v5_minus_visuotactile_probe,calibration_error,-0.0340238994739324,0.0011364298790858649,-0.035160329353018265,-0.03288746959484653,0,10
probe_noise_shift,risk_aware_action_critical_depth_probe_v5_minus_visuotactile_probe,collision_boundary_f1,0.026164248228966836,0.0029075505935077994,0.023256697635459036,0.029071798822474636,10,10
probe_noise_shift,risk_aware_action_critical_depth_probe_v5_minus_visuotactile_probe,collision_rate,-0.03854166666666666,0.032716252874687435,-0.0712579195413541,-0.005825413791979227,3,10
probe_noise_shift,risk_aware_action_critical_depth_probe_v5_minus_visuotactile_probe,manipulation_failure_rate,-0.005729166666666665,0.003210174135213706,-0.008939340801880372,-0.0025189925314529596,0,10
probe_noise_shift,risk_aware_action_critical_depth_probe_v5_minus_visuotactile_probe,mechanism_utility,0.03838954925756581,0.006285514227860006,0.0321040350297058,0.04467506348542582,10,10
probe_noise_shift,risk_aware_action_critical_depth_probe_v5_minus_visuotactile_probe,occluded_region_rmse,-0.006040032668672395,0.0011088601069880674,-0.0071488927756604625,-0.004931172561684328,0,10
probe_noise_shift,risk_aware_action_critical_depth_probe_v5_minus_visuotactile_probe,planning_regret,-0.10661041272585148,0.018706785021563976,-0.12531719774741545,-0.0879036277042875,0,10
probe_noise_shift,risk_aware_action_critical_depth_probe_v5_minus_visuotactile_probe,probe_cost,-0.013419363865115694,0.0040513814422117244,-0.01747074530732742,-0.00936798242290397,0,10
probe_noise_shift,risk_aware_action_critical_depth_probe_v5_minus_visuotactile_probe,probe_damage,-0.018229166666666664,0.016687494220186727,-0.03491666088685339,-0.0015416724464799372,1,10
probe_noise_shift,risk_aware_action_critical_depth_probe_v5_minus_visuotactile_probe,probe_informativeness,0.027041333572331332,0.014783033200842873,0.01225830037148846,0.04182436677317421,9,10
probe_noise_shift,risk_aware_action_critical_depth_probe_v5_minus_visuotactile_probe,robust_utility,0.2959790641587719,0.06980652364783486,0.22617254051093705,0.36578558780660675,10,10
probe_noise_shift,risk_aware_action_critical_depth_probe_v5_minus_visuotactile_probe,task_success,0.1609375,0.02719881806420098,0.13373868193579902,0.188136318064201,10,10
probe_noise_shift,risk_aware_action_critical_depth_probe_v5_minus_visuotactile_probe,useful_probe_precision,0.0699065333179905,0.01890769270828,0.0509988406097105,0.08881422602627051,10,10
tight_clearance_shift,risk_aware_action_critical_depth_probe_v5_minus_action_critical_interactive_depth_v4,action_critical_rmse,-0.002153572463805387,0.0013496859698738852,-0.0035032584336792726,-0.000803886493931502,2,10
tight_clearance_shift,risk_aware_action_critical_depth_probe_v5_minus_action_critical_interactive_depth_v4,calibration_error,-0.014098494565231578,0.0008632378519115881,-0.014961732417143166,-0.01323525671331999,0,10
tight_clearance_shift,risk_aware_action_critical_depth_probe_v5_minus_action_critical_interactive_depth_v4,collision_boundary_f1,0.018927982904849837,0.003365125080660819,0.015562857824189019,0.022293107985510655,10,10
tight_clearance_shift,risk_aware_action_critical_depth_probe_v5_minus_action_critical_interactive_depth_v4,collision_rate,-0.02447916666666666,0.021469882948972785,-0.04594904961563945,-0.0030092837176938746,2,10
tight_clearance_shift,risk_aware_action_critical_depth_probe_v5_minus_action_critical_interactive_depth_v4,manipulation_failure_rate,-0.0125,0.005734463040078355,-0.018234463040078357,-0.006765536959921646,0,10
tight_clearance_shift,risk_aware_action_critical_depth_probe_v5_minus_action_critical_interactive_depth_v4,mechanism_utility,0.009898153568917278,0.009237506729477365,0.0006606468394399125,0.01913566029839464,6,10
tight_clearance_shift,risk_aware_action_critical_depth_probe_v5_minus_action_critical_interactive_depth_v4,occluded_region_rmse,-0.0023887171829621552,0.0017420006372008484,-0.004130717820163003,-0.0006467165457613069,1,10
tight_clearance_shift,risk_aware_action_critical_depth_probe_v5_minus_action_critical_interactive_depth_v4,planning_regret,-0.088449095695415,0.013699318678286875,-0.10214841437370187,-0.07474977701712812,0,10
tight_clearance_shift,risk_aware_action_critical_depth_probe_v5_minus_action_critical_interactive_depth_v4,probe_cost,-0.008600091534212161,0.003518282972825211,-0.012118374507037372,-0.00508180856138695,1,10
tight_clearance_shift,risk_aware_action_critical_depth_probe_v5_minus_action_critical_interactive_depth_v4,probe_damage,-0.02395833333333333,0.011708720502363573,-0.035667053835696905,-0.012249612830969758,1,10
tight_clearance_shift,risk_aware_action_critical_depth_probe_v5_minus_action_critical_interactive_depth_v4,probe_informativeness,-0.01340029117923254,0.021934723263123096,-0.035335014442355636,0.008534432083890556,2,10
tight_clearance_shift,risk_aware_action_critical_depth_probe_v5_minus_action_critical_interactive_depth_v4,robust_utility,0.2549241824474912,0.05020639753663312,0.2047177849108581,0.30513057998412435,10,10
tight_clearance_shift,risk_aware_action_critical_depth_probe_v5_minus_action_critical_interactive_depth_v4,task_success,0.140625,0.018450462329849215,0.12217453767015078,0.1590754623298492,10,10
tight_clearance_shift,risk_aware_action_critical_depth_probe_v5_minus_action_critical_interactive_depth_v4,useful_probe_precision,-0.009694045578817779,0.024167667988938827,-0.03386171356775661,0.014473622410121048,3,10
tight_clearance_shift,risk_aware_action_critical_depth_probe_v5_minus_active_view_selection,action_critical_rmse,0.017805207760900204,0.0010687857378121046,0.016736422023088098,0.01887399349871231,10,10
tight_clearance_shift,risk_aware_action_critical_depth_probe_v5_minus_active_view_selection,calibration_error,-0.009793577004954413,0.0008135814816933741,-0.010607158486647787,-0.00897999552326104,0,10
tight_clearance_shift,risk_aware_action_critical_depth_probe_v5_minus_active_view_selection,collision_boundary_f1,-0.02895980771694845,0.002428201002417863,-0.03138800871936631,-0.026531606714530587,0,10
tight_clearance_shift,risk_aware_action_critical_depth_probe_v5_minus_active_view_selection,collision_rate,0.028125,0.013370795173819955,0.014754204826180046,0.041495795173819953,9,10
tight_clearance_shift,risk_aware_action_critical_depth_probe_v5_minus_active_view_selection,manipulation_failure_rate,0.0020833333333333333,0.0016670138527274405,0.0004163194806058928,0.003750347186060774,4,10
tight_clearance_shift,risk_aware_action_critical_depth_probe_v5_minus_active_view_selection,mechanism_utility,0.041016059836027574,0.007212335719429932,0.03380372411659764,0.04822839555545751,10,10
tight_clearance_shift,risk_aware_action_critical_depth_probe_v5_minus_active_view_selection,occluded_region_rmse,0.024480309679129612,0.0012223951456389523,0.02325791453349066,0.025702704824768566,10,10
tight_clearance_shift,risk_aware_action_critical_depth_probe_v5_minus_active_view_selection,planning_regret,0.08316110215052264,0.013611800349471915,0.06954930180105072,0.09677290249999455,10,10
tight_clearance_shift,risk_aware_action_critical_depth_probe_v5_minus_active_view_selection,probe_cost,0.01202820003012328,0.0031344189723348684,0.008893781057788411,0.015162619002458149,10,10
tight_clearance_shift,risk_aware_action_critical_depth_probe_v5_minus_active_view_selection,probe_damage,0.040625,0.010738985528679381,0.02988601447132062,0.05136398552867938,10,10
tight_clearance_shift,risk_aware_action_critical_depth_probe_v5_minus_active_view_selection,probe_informativeness,0.15123027178601137,0.019875600317065475,0.1313546714689459,0.17110587210307684,10,10
tight_clearance_shift,risk_aware_action_critical_depth_probe_v5_minus_active_view_selection,robust_utility,-0.23570351601143752,0.048018614489395345,-0.28372213050083284,-0.18768490152204217,0,10
tight_clearance_shift,risk_aware_action_critical_depth_probe_v5_minus_active_view_selection,task_success,-0.10885416666666665,0.021970985400292728,-0.13082515206695938,-0.08688318126637393,0,10
tight_clearance_shift,risk_aware_action_critical_depth_probe_v5_minus_active_view_selection,useful_probe_precision,0.18898452620217152,0.02154156518379108,0.16744296101838044,0.2105260913859626,10,10
tight_clearance_shift,risk_aware_action_critical_depth_probe_v5_minus_diffusion_depth_policy,action_critical_rmse,-0.012481325957744208,0.0009918907874205325,-0.01347321674516474,-0.011489435170323676,0,10
tight_clearance_shift,risk_aware_action_critical_depth_probe_v5_minus_diffusion_depth_policy,calibration_error,-0.06642567318289747,0.001067607582649563,-0.06749328076554703,-0.0653580656002479,0,10
tight_clearance_shift,risk_aware_action_critical_depth_probe_v5_minus_diffusion_depth_policy,collision_boundary_f1,0.060399267852122115,0.0023621355730374448,0.05803713227908467,0.06276140342515955,10,10
tight_clearance_shift,risk_aware_action_critical_depth_probe_v5_minus_diffusion_depth_policy,collision_rate,-0.046875,0.02152105629836814,-0.06839605629836815,-0.02535394370163186,0,10
tight_clearance_shift,risk_aware_action_critical_depth_probe_v5_minus_diffusion_depth_policy,manipulation_failure_rate,-0.013541666666666669,0.006839498686596161,-0.02038116535326283,-0.006702167980070508,0,10
tight_clearance_shift,risk_aware_action_critical_depth_probe_v5_minus_diffusion_depth_policy,mechanism_utility,0.08852159800725495,0.007430396541775788,0.08109120146547917,0.09595199454903074,10,10
tight_clearance_shift,risk_aware_action_critical_depth_probe_v5_minus_diffusion_depth_policy,occluded_region_rmse,-0.013047277354475825,0.0014299733025068837,-0.014477250656982708,-0.011617304051968941,0,10
tight_clearance_shift,risk_aware_action_critical_depth_probe_v5_minus_diffusion_depth_policy,planning_regret,-0.1030878102563241,0.017952132874054474,-0.12103994313037858,-0.08513567738226963,0,10
tight_clearance_shift,risk_aware_action_critical_depth_probe_v5_minus_diffusion_depth_policy,probe_cost,0.016327828371942854,0.003090610178567885,0.013237218193374969,0.019418438550510737,10,10
tight_clearance_shift,risk_aware_action_critical_depth_probe_v5_minus_diffusion_depth_policy,probe_damage,0.043229166666666666,0.010765907068864756,0.03246325959780191,0.05399507373553142,10,10
tight_clearance_shift,risk_aware_action_critical_depth_probe_v5_minus_diffusion_depth_policy,probe_informativeness,0.17418400261119432,0.019531902770824214,0.1546520998403701,0.19371590538201855,10,10
tight_clearance_shift,risk_aware_action_critical_depth_probe_v5_minus_diffusion_depth_policy,robust_utility,0.24397028424424935,0.06475177266406074,0.17921851158018862,0.3087220569083101,10,10
tight_clearance_shift,risk_aware_action_critical_depth_probe_v5_minus_diffusion_depth_policy,task_success,0.16562500000000005,0.02854279532777854,0.1370822046722215,0.1941677953277786,10,10
tight_clearance_shift,risk_aware_action_critical_depth_probe_v5_minus_diffusion_depth_policy,useful_probe_precision,0.2021716391582487,0.021655093461344564,0.18051654569690415,0.22382673261959327,10,10
tight_clearance_shift,risk_aware_action_critical_depth_probe_v5_minus_ensemble_depth_completion,action_critical_rmse,-0.017769357630469367,0.0009853067922521756,-0.018754664422721543,-0.016784050838217192,0,10
tight_clearance_shift,risk_aware_action_critical_depth_probe_v5_minus_ensemble_depth_completion,calibration_error,-0.026093085691116014,0.0011152275303555061,-0.02720831322147152,-0.024977858160760508,0,10
tight_clearance_shift,risk_aware_action_critical_depth_probe_v5_minus_ensemble_depth_completion,collision_boundary_f1,0.062383534793379714,0.0024279506328560136,0.0599555841605237,0.06481148542623573,10,10
tight_clearance_shift,risk_aware_action_critical_depth_probe_v5_minus_ensemble_depth_completion,collision_rate,-0.050520833333333334,0.025237969455517897,-0.07575880278885123,-0.025282863877815438,1,10
tight_clearance_shift,risk_aware_action_critical_depth_probe_v5_minus_ensemble_depth_completion,manipulation_failure_rate,-0.035416666666666666,0.00858147903379175,-0.043998145700458416,-0.026835187632874916,0,10
tight_clearance_shift,risk_aware_action_critical_depth_probe_v5_minus_ensemble_depth_completion,mechanism_utility,0.08731858531753,0.007218686752728611,0.08009989856480139,0.09453727207025862,10,10
tight_clearance_shift,risk_aware_action_critical_depth_probe_v5_minus_ensemble_depth_completion,occluded_region_rmse,-0.019095285832785767,0.001260710595832413,-0.02035599642861818,-0.017834575236953355,0,10
tight_clearance_shift,risk_aware_action_critical_depth_probe_v5_minus_ensemble_depth_completion,planning_regret,-0.16293027522794368,0.01847971711748108,-0.18140999234542476,-0.1444505581104626,0,10
tight_clearance_shift,risk_aware_action_critical_depth_probe_v5_minus_ensemble_depth_completion,probe_cost,0.0239407763980785,0.0030532649211565555,0.020887511476921944,0.02699404131923506,10,10
tight_clearance_shift,risk_aware_action_critical_depth_probe_v5_minus_ensemble_depth_completion,probe_damage,0.03697916666666667,0.010482544003287759,0.02649662266337891,0.04746171066995443,10,10
tight_clearance_shift,risk_aware_action_critical_depth_probe_v5_minus_ensemble_depth_completion,probe_informativeness,0.17437712946854755,0.018969368188024697,0.15540776128052286,0.19334649765657225,10,10
tight_clearance_shift,risk_aware_action_critical_depth_probe_v5_minus_ensemble_depth_completion,robust_utility,0.39758073394338855,0.06849470619936965,0.3290860277440189,0.4660754401427582,10,10
tight_clearance_shift,risk_aware_action_critical_depth_probe_v5_minus_ensemble_depth_completion,task_success,0.2645833333333333,0.025771408755814247,0.23881192457751904,0.2903547420891475,10,10
tight_clearance_shift,risk_aware_action_critical_depth_probe_v5_minus_ensemble_depth_completion,useful_probe_precision,0.20252332400947903,0.02150970470518402,0.18101361930429502,0.22403302871466305,10,10
tight_clearance_shift,risk_aware_action_critical_depth_probe_v5_minus_foundation_depth_prior,action_critical_rmse,-0.02173824732922992,0.001051347885207318,-0.022789595214437238,-0.0206868994440226,0,10
tight_clearance_shift,risk_aware_action_critical_depth_probe_v5_minus_foundation_depth_prior,calibration_error,-0.0833233307035059,0.001116810054679595,-0.08444014075818548,-0.0822065206488263,0,10
tight_clearance_shift,risk_aware_action_critical_depth_probe_v5_minus_foundation_depth_prior,collision_boundary_f1,0.1054944555483811,0.0023699525248921673,0.10312450302348894,0.10786440807327327,10,10
tight_clearance_shift,risk_aware_action_critical_depth_probe_v5_minus_foundation_depth_prior,collision_rate,-0.10260416666666665,0.0280207954701658,-0.13062496213683245,-0.07458337119650085,0,10
tight_clearance_shift,risk_aware_action_critical_depth_probe_v5_minus_foundation_depth_prior,manipulation_failure_rate,-0.0515625,0.011229166666666667,-0.06279166666666666,-0.04033333333333333,0,10
tight_clearance_shift,risk_aware_action_critical_depth_probe_v5_minus_foundation_depth_prior,mechanism_utility,0.10574083423372463,0.007555247501791332,0.0981855867319333,0.11329608173551596,10,10
tight_clearance_shift,risk_aware_action_critical_depth_probe_v5_minus_foundation_depth_prior,occluded_region_rmse,-0.021466408604061932,0.0013986595789531658,-0.0228650681830151,-0.020067749025108765,0,10
tight_clearance_shift,risk_aware_action_critical_depth_probe_v5_minus_foundation_depth_prior,planning_regret,-0.278119175966886,0.013103285408286014,-0.29122246137517205,-0.2650158905586,0,10
tight_clearance_shift,risk_aware_action_critical_depth_probe_v5_minus_foundation_depth_prior,probe_cost,0.021379224009230632,0.0031252843057621997,0.018253939703468433,0.02450450831499283,10,10
tight_clearance_shift,risk_aware_action_critical_depth_probe_v5_minus_foundation_depth_prior,probe_damage,0.042708333333333334,0.0106306176144285,0.03207771571890483,0.05333895094776184,10,10
tight_clearance_shift,risk_aware_action_critical_depth_probe_v5_minus_foundation_depth_prior,probe_informativeness,0.1740978372336631,0.019751328427313797,0.1543465088063493,0.1938491656609769,10,10
tight_clearance_shift,risk_aware_action_critical_depth_probe_v5_minus_foundation_depth_prior,robust_utility,0.7240129089759616,0.04413745540913516,0.6798754535668264,0.7681503643850968,10,10
tight_clearance_shift,risk_aware_action_critical_depth_probe_v5_minus_foundation_depth_prior,task_success,0.4562500000000001,0.02542765397003336,0.4308223460299667,0.4816776539700335,10,10
tight_clearance_shift,risk_aware_action_critical_depth_probe_v5_minus_foundation_depth_prior,useful_probe_precision,0.20259261291883668,0.02181922715909285,0.18077338575974383,0.22441184007792953,10,10
tight_clearance_shift,risk_aware_action_critical_depth_probe_v5_minus_gaussian_splat_uncertainty,action_critical_rmse,-0.02149080300454308,0.00108140442658327,-0.02257220743112635,-0.02040939857795981,0,10
tight_clearance_shift,risk_aware_action_critical_depth_probe_v5_minus_gaussian_splat_uncertainty,calibration_error,-0.011764283460984733,0.0008594664534053359,-0.012623749914390069,-0.010904817007579398,0,10
tight_clearance_shift,risk_aware_action_critical_depth_probe_v5_minus_gaussian_splat_uncertainty,collision_boundary_f1,0.05165608571296498,0.002518919871816862,0.04913716584114812,0.054175005584781846,10,10
tight_clearance_shift,risk_aware_action_critical_depth_probe_v5_minus_gaussian_splat_uncertainty,collision_rate,-0.0359375,0.028690482039259318,-0.06462798203925932,-0.007247017960740679,2,10
tight_clearance_shift,risk_aware_action_critical_depth_probe_v5_minus_gaussian_splat_uncertainty,manipulation_failure_rate,-0.0640625,0.008202035678701439,-0.07226453567870143,-0.055860464321298556,0,10
tight_clearance_shift,risk_aware_action_critical_depth_probe_v5_minus_gaussian_splat_uncertainty,mechanism_utility,0.08353463642860146,0.007540375500089768,0.07599426092851169,0.09107501192869122,10,10
tight_clearance_shift,risk_aware_action_critical_depth_probe_v5_minus_gaussian_splat_uncertainty,occluded_region_rmse,-0.02645784997581575,0.0013530545600374826,-0.02781090453585323,-0.02510479541577827,0,10
tight_clearance_shift,risk_aware_action_critical_depth_probe_v5_minus_gaussian_splat_uncertainty,planning_regret,-0.1898487128634348,0.022465127168199817,-0.21231384003163462,-0.16738358569523498,0,10
tight_clearance_shift,risk_aware_action_critical_depth_probe_v5_minus_gaussian_splat_uncertainty,probe_cost,0.024458537448186442,0.0029639149716086913,0.02149462247657775,0.027422452419795133,10,10
tight_clearance_shift,risk_aware_action_critical_depth_probe_v5_minus_gaussian_splat_uncertainty,probe_damage,0.04010416666666666,0.010978903117224752,0.02912526354944191,0.05108306978389142,10,10
tight_clearance_shift,risk_aware_action_critical_depth_probe_v5_minus_gaussian_splat_uncertainty,probe_informativeness,0.17375392988993993,0.01967721967943385,0.1540767102105061,0.19343114956937377,10,10
tight_clearance_shift,risk_aware_action_critical_depth_probe_v5_minus_gaussian_splat_uncertainty,robust_utility,0.4514067494116854,0.07947554543418536,0.3719312039775,0.5308822948458708,10,10
tight_clearance_shift,risk_aware_action_critical_depth_probe_v5_minus_gaussian_splat_uncertainty,task_success,0.3078125,0.03491621433566289,0.2728962856643371,0.3427287143356629,10,10
tight_clearance_shift,risk_aware_action_critical_depth_probe_v5_minus_gaussian_splat_uncertainty,useful_probe_precision,0.20301660371423874,0.02170201171663347,0.18131459199760527,0.2247186154308722,10,10
tight_clearance_shift,risk_aware_action_critical_depth_probe_v5_minus_learned_depth_completion,action_critical_rmse,-0.029488991656375245,0.0010653493687846542,-0.0305543410251599,-0.02842364228759059,0,10
tight_clearance_shift,risk_aware_action_critical_depth_probe_v5_minus_learned_depth_completion,calibration_error,-0.09780761675823342,0.0008244632107343124,-0.09863207996896774,-0.0969831535474991,0,10
tight_clearance_shift,risk_aware_action_critical_depth_probe_v5_minus_learned_depth_completion,collision_boundary_f1,0.1358944363381412,0.0021646409707545525,0.13372979536738663,0.13805907730889574,10,10
tight_clearance_shift,risk_aware_action_critical_depth_probe_v5_minus_learned_depth_completion,collision_rate,-0.12083333333333335,0.025134530008843053,-0.1459678633421764,-0.0956988033244903,0,10
tight_clearance_shift,risk_aware_action_critical_depth_probe_v5_minus_learned_depth_completion,manipulation_failure_rate,-0.1015625,0.011812099901774712,-0.11337459990177472,-0.08975040009822528,0,10
tight_clearance_shift,risk_aware_action_critical_depth_probe_v5_minus_learned_depth_completion,mechanism_utility,0.1190509647544958,0.007756564938467361,0.11129439981602843,0.12680752969296316,10,10
tight_clearance_shift,risk_aware_action_critical_depth_probe_v5_minus_learned_depth_completion,occluded_region_rmse,-0.030001214848145052,0.0013527338119649168,-0.031353948660109966,-0.028648481036180135,0,10
tight_clearance_shift,risk_aware_action_critical_depth_probe_v5_minus_learned_depth_completion,planning_regret,-0.37497957942256044,0.015109594685619772,-0.3900891741081802,-0.35986998473694065,0,10
tight_clearance_shift,risk_aware_action_critical_depth_probe_v5_minus_learned_depth_completion,probe_cost,0.02403637848647366,0.0027640261800138412,0.02127235230645982,0.0268004046664875,10,10
tight_clearance_shift,risk_aware_action_critical_depth_probe_v5_minus_learned_depth_completion,probe_damage,0.03854166666666667,0.01130623803563849,0.02723542863102818,0.04984790470230516,10,10
tight_clearance_shift,risk_aware_action_critical_depth_probe_v5_minus_learned_depth_completion,probe_informativeness,0.1738700732853204,0.019402268128623435,0.15446780515669695,0.19327234141394384,10,10
tight_clearance_shift,risk_aware_action_critical_depth_probe_v5_minus_learned_depth_completion,robust_utility,0.9766451820837941,0.0601447405632221,0.9165004415205721,1.0367899226470163,10,10
tight_clearance_shift,risk_aware_action_critical_depth_probe_v5_minus_learned_depth_completion,task_success,0.6010416666666667,0.020653487621366186,0.5803881790453005,0.6216951542880329,10,10
tight_clearance_shift,risk_aware_action_critical_depth_probe_v5_minus_learned_depth_completion,useful_probe_precision,0.20236236169737065,0.021890062212541417,0.18047229948482924,0.22425242390991207,10,10
tight_clearance_shift,risk_aware_action_critical_depth_probe_v5_minus_next_best_view_planner,action_critical_rmse,0.015678456590635943,0.001130721865502632,0.01454773472513331,0.016809178456138576,10,10
tight_clearance_shift,risk_aware_action_critical_depth_probe_v5_minus_next_best_view_planner,calibration_error,-0.01508903169709074,0.0010570689670202674,-0.01614610066411101,-0.014031962730070473,0,10
tight_clearance_shift,risk_aware_action_critical_depth_probe_v5_minus_next_best_view_planner,collision_boundary_f1,-0.028983689586008943,0.0024980974160857274,-0.03148178700209467,-0.026485592169923217,0,10
tight_clearance_shift,risk_aware_action_critical_depth_probe_v5_minus_next_best_view_planner,collision_rate,0.018229166666666668,0.02547542256188874,-0.007246255895222074,0.04370458922855541,5,10
tight_clearance_shift,risk_aware_action_critical_depth_probe_v5_minus_next_best_view_planner,manipulation_failure_rate,0.0020833333333333333,0.0016670138527274405,0.0004163194806058928,0.003750347186060774,4,10
tight_clearance_shift,risk_aware_action_critical_depth_probe_v5_minus_next_best_view_planner,mechanism_utility,0.042721769786712015,0.007592648174492029,0.03512912161221998,0.05031441796120405,10,10
tight_clearance_shift,risk_aware_action_critical_depth_probe_v5_minus_next_best_view_planner,occluded_region_rmse,0.01977809956174243,0.0013830381970673061,0.018395061364675124,0.021161137758809737,10,10
tight_clearance_shift,risk_aware_action_critical_depth_probe_v5_minus_next_best_view_planner,planning_regret,0.05821984347140842,0.013197165576189386,0.045022677895219035,0.0714170090475978,10,10
tight_clearance_shift,risk_aware_action_critical_depth_probe_v5_minus_next_best_view_planner,probe_cost,0.013081418525135785,0.0028892716029528848,0.0101921469221829,0.01597069012808867,10,10
tight_clearance_shift,risk_aware_action_critical_depth_probe_v5_minus_next_best_view_planner,probe_damage,0.04114583333333334,0.010259248029894242,0.030886585303439098,0.05140508136322758,10,10
tight_clearance_shift,risk_aware_action_critical_depth_probe_v5_minus_next_best_view_planner,probe_informativeness,0.15335122736764126,0.019560823439191292,0.13379040392844996,0.17291205080683256,10,10
tight_clearance_shift,risk_aware_action_critical_depth_probe_v5_minus_next_best_view_planner,robust_utility,-0.17171828365849148,0.051950477324283865,-0.22366876098277536,-0.11976780633420761,0,10
tight_clearance_shift,risk_aware_action_critical_depth_probe_v5_minus_next_best_view_planner,task_success,-0.07083333333333333,0.015232894930477366,-0.08606622826381069,-0.055600438402855966,0,10
tight_clearance_shift,risk_aware_action_critical_depth_probe_v5_minus_next_best_view_planner,useful_probe_precision,0.19043194147299838,0.02216103799452881,0.16827090347846957,0.2125929794675272,10,10
tight_clearance_shift,risk_aware_action_critical_depth_probe_v5_minus_raw_depth_policy,action_critical_rmse,-0.05424606683922756,0.0009772162135056888,-0.055223283052733246,-0.05326885062572187,0,10
tight_clearance_shift,risk_aware_action_critical_depth_probe_v5_minus_raw_depth_policy,calibration_error,-0.15482249977198118,0.0007999113179194791,-0.15562241108990066,-0.1540225884540617,0,10
tight_clearance_shift,risk_aware_action_critical_depth_probe_v5_minus_raw_depth_policy,collision_boundary_f1,0.23747388464220537,0.002791873337494239,0.23468201130471114,0.2402657579796996,10,10
tight_clearance_shift,risk_aware_action_critical_depth_probe_v5_minus_raw_depth_policy,collision_rate,-0.18958333333333333,0.025744437101375247,-0.21532777043470858,-0.16383889623195808,0,10
tight_clearance_shift,risk_aware_action_critical_depth_probe_v5_minus_raw_depth_policy,manipulation_failure_rate,-0.27760416666666665,0.029822391725435243,-0.30742655839210187,-0.2477817749412314,0,10
tight_clearance_shift,risk_aware_action_critical_depth_probe_v5_minus_raw_depth_policy,mechanism_utility,0.1623122926104627,0.007270797803989312,0.1550414948064734,0.16958309041445202,10,10
tight_clearance_shift,risk_aware_action_critical_depth_probe_v5_minus_raw_depth_policy,occluded_region_rmse,-0.05900974811027404,0.0012961994528272046,-0.060305947563101245,-0.057713548657446836,0,10
tight_clearance_shift,risk_aware_action_critical_depth_probe_v5_minus_raw_depth_policy,planning_regret,-0.47832195855123993,0.012026205681971425,-0.49034816423321137,-0.4662957528692685,0,10
tight_clearance_shift,risk_aware_action_critical_depth_probe_v5_minus_raw_depth_policy,probe_cost,0.024373101573717446,0.0028984098501344114,0.021474691723583034,0.027271511423851858,10,10
tight_clearance_shift,risk_aware_action_critical_depth_probe_v5_minus_raw_depth_policy,probe_damage,0.04010416666666667,0.011187844846054253,0.028916321820612417,0.05129201151272092,10,10
tight_clearance_shift,risk_aware_action_critical_depth_probe_v5_minus_raw_depth_policy,probe_informativeness,0.17376043567748625,0.019315509000559568,0.1544449266769267,0.1930759446780458,10,10
tight_clearance_shift,risk_aware_action_critical_depth_probe_v5_minus_raw_depth_policy,robust_utility,1.2589645023704228,0.04511076006404198,1.2138537423063809,1.3040752624344647,10,10
tight_clearance_shift,risk_aware_action_critical_depth_probe_v5_minus_raw_depth_policy,task_success,0.6572916666666667,0.018810929808143816,0.6384807368585229,0.6761025964748105,10,10
tight_clearance_shift,risk_aware_action_critical_depth_probe_v5_minus_raw_depth_policy,useful_probe_precision,0.20293087611183772,0.02147167949606627,0.18145919661577145,0.22440255560790398,10,10
tight_clearance_shift,risk_aware_action_critical_depth_probe_v5_minus_robust_clearance_mpc,action_critical_rmse,-0.02091575705771773,0.0009128581353137116,-0.02182861519303144,-0.02000289892240402,0,10
tight_clearance_shift,risk_aware_action_critical_depth_probe_v5_minus_robust_clearance_mpc,calibration_error,-0.027283019821949122,0.0010164794862188107,-0.028299499308167934,-0.02626654033573031,0,10
tight_clearance_shift,risk_aware_action_critical_depth_probe_v5_minus_robust_clearance_mpc,collision_boundary_f1,0.02083921536275273,0.0023416043882272326,0.018497610974525496,0.02318081975097996,10,10
tight_clearance_shift,risk_aware_action_critical_depth_probe_v5_minus_robust_clearance_mpc,collision_rate,0.10833333333333332,0.019653803467541364,0.08867952986579196,0.1279871368008747,10,10
tight_clearance_shift,risk_aware_action_critical_depth_probe_v5_minus_robust_clearance_mpc,manipulation_failure_rate,-0.02239583333333333,0.010872926668400729,-0.03326876000173406,-0.011522906664932601,0,10
tight_clearance_shift,risk_aware_action_critical_depth_probe_v5_minus_robust_clearance_mpc,mechanism_utility,0.07568710837272985,0.007481903147763408,0.06820520522496644,0.08316901152049326,10,10
tight_clearance_shift,risk_aware_action_critical_depth_probe_v5_minus_robust_clearance_mpc,occluded_region_rmse,-0.02881136446111669,0.001419807094047756,-0.030231171555164443,-0.027391557367068935,0,10
tight_clearance_shift,risk_aware_action_critical_depth_probe_v5_minus_robust_clearance_mpc,planning_regret,0.0655165988111541,0.020827475337605268,0.04468912347354883,0.08634407414875936,10,10
tight_clearance_shift,risk_aware_action_critical_depth_probe_v5_minus_robust_clearance_mpc,probe_cost,0.02522812792706708,0.002627710391562406,0.022600417535504673,0.027855838318629485,10,10
tight_clearance_shift,risk_aware_action_critical_depth_probe_v5_minus_robust_clearance_mpc,probe_damage,0.042708333333333334,0.01105771893964339,0.03165061439368994,0.053766052272976726,10,10
tight_clearance_shift,risk_aware_action_critical_depth_probe_v5_minus_robust_clearance_mpc,probe_informativeness,0.1746099009633532,0.018974676833376395,0.1556352241299768,0.19358457779672958,10,10
tight_clearance_shift,risk_aware_action_critical_depth_probe_v5_minus_robust_clearance_mpc,robust_utility,-0.31166531320853436,0.07350671776872786,-0.3851720309772622,-0.2381585954398065,0,10
tight_clearance_shift,risk_aware_action_critical_depth_probe_v5_minus_robust_clearance_mpc,task_success,-0.10833333333333332,0.03357560682186979,-0.1419089401552031,-0.07475772651146353,0,10
tight_clearance_shift,risk_aware_action_critical_depth_probe_v5_minus_robust_clearance_mpc,useful_probe_precision,0.2030481275207229,0.021700344911981338,0.18134778260874157,0.22474847243270424,10,10
tight_clearance_shift,risk_aware_action_critical_depth_probe_v5_minus_uncertainty_guided_probe,action_critical_rmse,0.0014843651059049778,0.0011634211061673227,0.00032094399973765504,0.0026477862120723008,8,10
tight_clearance_shift,risk_aware_action_critical_depth_probe_v5_minus_uncertainty_guided_probe,calibration_error,-0.012214647308917371,0.0010549004334331413,-0.013269547742350512,-0.01115974687548423,0,10
tight_clearance_shift,risk_aware_action_critical_depth_probe_v5_minus_uncertainty_guided_probe,collision_boundary_f1,0.014311343761122752,0.002668085298441398,0.011643258462681355,0.01697942905956415,10,10
tight_clearance_shift,risk_aware_action_critical_depth_probe_v5_minus_uncertainty_guided_probe,collision_rate,-0.019791666666666673,0.0267415903476399,-0.04653325701430657,0.006949923680973226,3,10
tight_clearance_shift,risk_aware_action_critical_depth_probe_v5_minus_uncertainty_guided_probe,manipulation_failure_rate,-0.008854166666666666,0.0030624999999999997,-0.011916666666666666,-0.005791666666666667,0,10
tight_clearance_shift,risk_aware_action_critical_depth_probe_v5_minus_uncertainty_guided_probe,mechanism_utility,0.04957048405427622,0.007539234477126967,0.04203124957714925,0.05710971853140319,10,10
tight_clearance_shift,risk_aware_action_critical_depth_probe_v5_minus_uncertainty_guided_probe,occluded_region_rmse,0.002721397028816541,0.001503946956482605,0.001217450072333936,0.004225343985299146,9,10
tight_clearance_shift,risk_aware_action_critical_depth_probe_v5_minus_uncertainty_guided_probe,planning_regret,-0.12485192965761023,0.023276940436461026,-0.14812887009407125,-0.1015749892211492,0,10
tight_clearance_shift,risk_aware_action_critical_depth_probe_v5_minus_uncertainty_guided_probe,probe_cost,-0.03293439887921255,0.003867986185564074,-0.03680238506477662,-0.029066412693648472,0,10
tight_clearance_shift,risk_aware_action_critical_depth_probe_v5_minus_uncertainty_guided_probe,probe_damage,-0.06822916666666666,0.017380834629638457,-0.08561000129630511,-0.0508483320370282,0,10
tight_clearance_shift,risk_aware_action_critical_depth_probe_v5_minus_uncertainty_guided_probe,probe_informativeness,0.03299484879234253,0.02025278806902355,0.01274206072331898,0.053247636861366084,9,10
tight_clearance_shift,risk_aware_action_critical_depth_probe_v5_minus_uncertainty_guided_probe,robust_utility,0.3786628512951524,0.08816968028679521,0.2904931710083572,0.46683253158194765,10,10
tight_clearance_shift,risk_aware_action_critical_depth_probe_v5_minus_uncertainty_guided_probe,task_success,0.19895833333333335,0.03308928018200098,0.16586905315133238,0.23204761351533432,10,10
tight_clearance_shift,risk_aware_action_critical_depth_probe_v5_minus_uncertainty_guided_probe,useful_probe_precision,0.08794002507453898,0.021811615403086806,0.06612840967145217,0.10975164047762578,10,10
tight_clearance_shift,risk_aware_action_critical_depth_probe_v5_minus_visuotactile_probe,action_critical_rmse,-0.0044939604720813904,0.0011596672949267552,-0.005653627767008146,-0.003334293177154635,0,10
tight_clearance_shift,risk_aware_action_critical_depth_probe_v5_minus_visuotactile_probe,calibration_error,-0.032508771222071374,0.0010667637951871066,-0.03357553501725848,-0.031442007426884265,0,10
tight_clearance_shift,risk_aware_action_critical_depth_probe_v5_minus_visuotactile_probe,collision_boundary_f1,0.030435558107630024,0.0022759648817850934,0.02815959322584493,0.03271152298941512,10,10
tight_clearance_shift,risk_aware_action_critical_depth_probe_v5_minus_visuotactile_probe,collision_rate,-0.020312499999999997,0.023000864894164953,-0.04331336489416495,0.002688364894164956,3,10
tight_clearance_shift,risk_aware_action_critical_depth_probe_v5_minus_visuotactile_probe,manipulation_failure_rate,-0.016145833333333335,0.005580970513027636,-0.02172680384636097,-0.0105648628203057,0,10
tight_clearance_shift,risk_aware_action_critical_depth_probe_v5_minus_visuotactile_probe,mechanism_utility,0.0450298789495598,0.005842591639170672,0.03918728731038913,0.05087247058873047,10,10
tight_clearance_shift,risk_aware_action_critical_depth_probe_v5_minus_visuotactile_probe,occluded_region_rmse,-0.004923939663468952,0.0016447925648977034,-0.006568732228366655,-0.003279147098571249,0,10
tight_clearance_shift,risk_aware_action_critical_depth_probe_v5_minus_visuotactile_probe,planning_regret,-0.10918491037225608,0.01599610820116545,-0.12518101857342154,-0.09318880217109063,0,10
tight_clearance_shift,risk_aware_action_critical_depth_probe_v5_minus_visuotactile_probe,probe_cost,-0.009885655229512964,0.003460582578274382,-0.013346237807787346,-0.006425072651238583,1,10
tight_clearance_shift,risk_aware_action_critical_depth_probe_v5_minus_visuotactile_probe,probe_damage,-0.019791666666666666,0.014659615308310593,-0.03445128197497726,-0.005132051358356073,1,10
tight_clearance_shift,risk_aware_action_critical_depth_probe_v5_minus_visuotactile_probe,probe_informativeness,0.04919199659263943,0.01847188220767435,0.030720114384965084,0.06766387880031378,10,10
tight_clearance_shift,risk_aware_action_critical_depth_probe_v5_minus_visuotactile_probe,robust_utility,0.29576890175134707,0.05983260415661922,0.23593629759472784,0.3556015059079663,10,10
tight_clearance_shift,risk_aware_action_critical_depth_probe_v5_minus_visuotactile_probe,task_success,0.175,0.021852086765058724,0.15314791323494126,0.19685208676505872,10,10
tight_clearance_shift,risk_aware_action_critical_depth_probe_v5_minus_visuotactile_probe,useful_probe_precision,0.08064886190733772,0.01999793067904931,0.06065093122828841,0.10064679258638703,10,10
transparent_specular_shift,risk_aware_action_critical_depth_probe_v5_minus_action_critical_interactive_depth_v4,action_critical_rmse,-0.00025077620833013003,0.0012311317161804334,-0.0014819079245105633,0.0009803555078503035,4,10
transparent_specular_shift,risk_aware_action_critical_depth_probe_v5_minus_action_critical_interactive_depth_v4,calibration_error,-0.013806042493929086,0.0008571635223395411,-0.014663206016268627,-0.012948878971589545,0,10
transparent_specular_shift,risk_aware_action_critical_depth_probe_v5_minus_action_critical_interactive_depth_v4,collision_boundary_f1,0.010115734330955006,0.0034727592619940603,0.006642975068960945,0.013588493592949067,9,10
transparent_specular_shift,risk_aware_action_critical_depth_probe_v5_minus_action_critical_interactive_depth_v4,collision_rate,-0.02135416666666667,0.023792693311507046,-0.04514685997817372,0.0024385266448403754,2,10
transparent_specular_shift,risk_aware_action_critical_depth_probe_v5_minus_action_critical_interactive_depth_v4,manipulation_failure_rate,-0.0020833333333333333,0.0016670138527274405,-0.003750347186060774,-0.0004163194806058928,0,10
transparent_specular_shift,risk_aware_action_critical_depth_probe_v5_minus_action_critical_interactive_depth_v4,mechanism_utility,0.001328495066112767,0.00570176482897978,-0.0043732697628670126,0.007030259895092547,5,10
transparent_specular_shift,risk_aware_action_critical_depth_probe_v5_minus_action_critical_interactive_depth_v4,occluded_region_rmse,-0.0006392306767142669,0.0014460506065853767,-0.0020852812832996438,0.0008068199298711098,4,10
transparent_specular_shift,risk_aware_action_critical_depth_probe_v5_minus_action_critical_interactive_depth_v4,planning_regret,-0.06520962842843245,0.02436157709898203,-0.08957120552741447,-0.04084805132945042,0,10
transparent_specular_shift,risk_aware_action_critical_depth_probe_v5_minus_action_critical_interactive_depth_v4,probe_cost,-0.011505142103499446,0.003086512474948964,-0.01459165457844841,-0.008418629628550483,0,10
transparent_specular_shift,risk_aware_action_critical_depth_probe_v5_minus_action_critical_interactive_depth_v4,probe_damage,-0.025520833333333333,0.018727647427362045,-0.044248480760695375,-0.006793185905971288,2,10
transparent_specular_shift,risk_aware_action_critical_depth_probe_v5_minus_action_critical_interactive_depth_v4,probe_informativeness,-0.029263443928048728,0.01735367352285841,-0.04661711745090714,-0.011909770405190319,1,10
transparent_specular_shift,risk_aware_action_critical_depth_probe_v5_minus_action_critical_interactive_depth_v4,robust_utility,0.1922758819582912,0.08701771345162969,0.10525816850666152,0.2792935954099209,9,10
transparent_specular_shift,risk_aware_action_critical_depth_probe_v5_minus_action_critical_interactive_depth_v4,task_success,0.09843749999999998,0.038781218134754755,0.05965628186524523,0.13721871813475472,10,10
transparent_specular_shift,risk_aware_action_critical_depth_probe_v5_minus_action_critical_interactive_depth_v4,useful_probe_precision,-0.026150294529629286,0.02026992544050702,-0.0464202199701363,-0.005880369089122265,1,10
transparent_specular_shift,risk_aware_action_critical_depth_probe_v5_minus_active_view_selection,action_critical_rmse,0.013427113917056971,0.0011369905573656248,0.012290123359691346,0.014564104474422596,10,10
transparent_specular_shift,risk_aware_action_critical_depth_probe_v5_minus_active_view_selection,calibration_error,-0.013578396646592555,0.0009237496476299169,-0.014502146294222472,-0.012654646998962639,0,10
transparent_specular_shift,risk_aware_action_critical_depth_probe_v5_minus_active_view_selection,collision_boundary_f1,-0.026307685140266414,0.003292025977069601,-0.029599711117336017,-0.02301565916319681,0,10
transparent_specular_shift,risk_aware_action_critical_depth_probe_v5_minus_active_view_selection,collision_rate,0.02291666666666666,0.027484672355809023,-0.004568005689142361,0.050401339022475684,7,10
transparent_specular_shift,risk_aware_action_critical_depth_probe_v5_minus_active_view_selection,manipulation_failure_rate,0.0,0.0,0.0,0.0,0,10
transparent_specular_shift,risk_aware_action_critical_depth_probe_v5_minus_active_view_selection,mechanism_utility,0.04164251152354278,0.006368592423142762,0.035273919100400015,0.04801110394668554,10,10
transparent_specular_shift,risk_aware_action_critical_depth_probe_v5_minus_active_view_selection,occluded_region_rmse,0.01770180527851689,0.0010823873703402018,0.01661941790817669,0.01878419264885709,10,10
transparent_specular_shift,risk_aware_action_critical_depth_probe_v5_minus_active_view_selection,planning_regret,0.07248608933566258,0.022677161716609696,0.04980892761905289,0.09516325105227227,10,10
transparent_specular_shift,risk_aware_action_critical_depth_probe_v5_minus_active_view_selection,probe_cost,0.012157578868078587,0.0018520089626366256,0.010305569905441962,0.014009587830715212,10,10
transparent_specular_shift,risk_aware_action_critical_depth_probe_v5_minus_active_view_selection,probe_damage,0.04895833333333333,0.012097820179123996,0.03686051315420934,0.06105615351245733,10,10
transparent_specular_shift,risk_aware_action_critical_depth_probe_v5_minus_active_view_selection,probe_informativeness,0.14857404209800246,0.0123432458206495,0.13623079627735296,0.16091728791865195,10,10
transparent_specular_shift,risk_aware_action_critical_depth_probe_v5_minus_active_view_selection,robust_utility,-0.21626958869131396,0.0815829332303256,-0.2978525219216396,-0.13468665546098835,0,10
transparent_specular_shift,risk_aware_action_critical_depth_probe_v5_minus_active_view_selection,task_success,-0.0953125,0.03696519428257836,-0.13227769428257835,-0.05834730571742163,0,10
transparent_specular_shift,risk_aware_action_critical_depth_probe_v5_minus_active_view_selection,useful_probe_precision,0.18953330092356957,0.014627925715984962,0.17490537520758462,0.20416122663955452,10,10
transparent_specular_shift,risk_aware_action_critical_depth_probe_v5_minus_diffusion_depth_policy,action_critical_rmse,-0.012909022812356102,0.0008838577640958575,-0.01379288057645196,-0.012025165048260244,0,10
transparent_specular_shift,risk_aware_action_critical_depth_probe_v5_minus_diffusion_depth_policy,calibration_error,-0.06825192377916324,0.0009448336967987321,-0.06919675747596198,-0.0673070900823645,0,10
transparent_specular_shift,risk_aware_action_critical_depth_probe_v5_minus_diffusion_depth_policy,collision_boundary_f1,0.0515734487768577,0.002510724485513064,0.04906272429134463,0.05408417326237076,10,10
transparent_specular_shift,risk_aware_action_critical_depth_probe_v5_minus_diffusion_depth_policy,collision_rate,-0.05208333333333333,0.026706928517974463,-0.07879026185130779,-0.025376404815358865,1,10
transparent_specular_shift,risk_aware_action_critical_depth_probe_v5_minus_diffusion_depth_policy,manipulation_failure_rate,-0.0020833333333333333,0.0016670138527274405,-0.003750347186060774,-0.0004163194806058928,0,10
transparent_specular_shift,risk_aware_action_critical_depth_probe_v5_minus_diffusion_depth_policy,mechanism_utility,0.08514411466421587,0.006015780150513157,0.07912833451370271,0.09115989481472903,10,10
transparent_specular_shift,risk_aware_action_critical_depth_probe_v5_minus_diffusion_depth_policy,occluded_region_rmse,-0.01462798241727764,0.0010322076280591065,-0.015660190045336746,-0.013595774789218534,0,10
transparent_specular_shift,risk_aware_action_critical_depth_probe_v5_minus_diffusion_depth_policy,planning_regret,-0.08029938094789682,0.02300931403420537,-0.10330869498210218,-0.05729006691369145,0,10
transparent_specular_shift,risk_aware_action_critical_depth_probe_v5_minus_diffusion_depth_policy,probe_cost,0.016726236165394294,0.0018556130192400348,0.014870623146154258,0.01858184918463433,10,10
transparent_specular_shift,risk_aware_action_critical_depth_probe_v5_minus_diffusion_depth_policy,probe_damage,0.0484375,0.01208345506005098,0.03635404493994902,0.06052095506005098,10,10
transparent_specular_shift,risk_aware_action_critical_depth_probe_v5_minus_diffusion_depth_policy,probe_informativeness,0.17180200887420222,0.012791982335030412,0.15901002653917182,0.18459399120923262,10,10
transparent_specular_shift,risk_aware_action_critical_depth_probe_v5_minus_diffusion_depth_policy,robust_utility,0.17434631311151283,0.08499467588691235,0.08935163722460047,0.25934098899842517,8,10
transparent_specular_shift,risk_aware_action_critical_depth_probe_v5_minus_diffusion_depth_policy,task_success,0.11458333333333334,0.03758490901681776,0.07699842431651557,0.1521682423501511,10,10
transparent_specular_shift,risk_aware_action_critical_depth_probe_v5_minus_diffusion_depth_policy,useful_probe_precision,0.20371388330306753,0.014080512329673445,0.18963337097339408,0.21779439563274097,10,10
transparent_specular_shift,risk_aware_action_critical_depth_probe_v5_minus_ensemble_depth_completion,action_critical_rmse,-0.019263532655577686,0.0008801821355205573,-0.020143714791098243,-0.01838335052005713,0,10
transparent_specular_shift,risk_aware_action_critical_depth_probe_v5_minus_ensemble_depth_completion,calibration_error,-0.028718104576111226,0.0008040764672251746,-0.029522181043336402,-0.02791402810888605,0,10
transparent_specular_shift,risk_aware_action_critical_depth_probe_v5_minus_ensemble_depth_completion,collision_boundary_f1,0.05794000420857735,0.002344034249347624,0.05559596995922973,0.060284038457924974,10,10
transparent_specular_shift,risk_aware_action_critical_depth_probe_v5_minus_ensemble_depth_completion,collision_rate,-0.043229166666666666,0.026316037048563327,-0.06954520371522999,-0.01691312961810334,2,10
transparent_specular_shift,risk_aware_action_critical_depth_probe_v5_minus_ensemble_depth_completion,manipulation_failure_rate,-0.02447916666666667,0.004824270118466204,-0.029303436785132874,-0.019654896548200466,0,10
transparent_specular_shift,risk_aware_action_critical_depth_probe_v5_minus_ensemble_depth_completion,mechanism_utility,0.08420955020021484,0.0061545002074750695,0.07805504999273977,0.09036405040768991,10,10
transparent_specular_shift,risk_aware_action_critical_depth_probe_v5_minus_ensemble_depth_completion,occluded_region_rmse,-0.021582533464079033,0.0009181120364642648,-0.022500645500543297,-0.02066442142761477,0,10
transparent_specular_shift,risk_aware_action_critical_depth_probe_v5_minus_ensemble_depth_completion,planning_regret,-0.13555535387083664,0.023234112163171318,-0.15878946603400795,-0.11232124170766533,0,10
transparent_specular_shift,risk_aware_action_critical_depth_probe_v5_minus_ensemble_depth_completion,probe_cost,0.02533253205783975,0.001885684270278214,0.023446847787561537,0.027218216328117967,10,10
transparent_specular_shift,risk_aware_action_critical_depth_probe_v5_minus_ensemble_depth_completion,probe_damage,0.047395833333333325,0.01295292290587555,0.03444291042745777,0.06034875623920888,10,10
transparent_specular_shift,risk_aware_action_critical_depth_probe_v5_minus_ensemble_depth_completion,probe_informativeness,0.17199230308276758,0.013060772346284614,0.15893153073648297,0.1850530754290522,10,10
transparent_specular_shift,risk_aware_action_critical_depth_probe_v5_minus_ensemble_depth_completion,robust_utility,0.3011314988846062,0.08368610945677667,0.21744538942782954,0.3848176083413829,10,10
transparent_specular_shift,risk_aware_action_critical_depth_probe_v5_minus_ensemble_depth_completion,task_success,0.20885416666666665,0.036915042210935965,0.17193912445573067,0.24576920887760262,10,10
transparent_specular_shift,risk_aware_action_critical_depth_probe_v5_minus_ensemble_depth_completion,useful_probe_precision,0.20343598238376104,0.014072285694928879,0.18936369668883216,0.21750826807868992,10,10
transparent_specular_shift,risk_aware_action_critical_depth_probe_v5_minus_foundation_depth_prior,action_critical_rmse,-0.022459001791036493,0.0009372157971711687,-0.02339621758820766,-0.021521785993865325,0,10
transparent_specular_shift,risk_aware_action_critical_depth_probe_v5_minus_foundation_depth_prior,calibration_error,-0.08529030880967782,0.0008200457240703336,-0.08611035453374816,-0.08447026308560748,0,10
transparent_specular_shift,risk_aware_action_critical_depth_probe_v5_minus_foundation_depth_prior,collision_boundary_f1,0.09199078254303959,0.0027701632080547453,0.08922061933498485,0.09476094575109434,10,10
transparent_specular_shift,risk_aware_action_critical_depth_probe_v5_minus_foundation_depth_prior,collision_rate,-0.09947916666666666,0.030223486780376285,-0.12970265344704296,-0.06925567988629037,0,10
transparent_specular_shift,risk_aware_action_critical_depth_probe_v5_minus_foundation_depth_prior,manipulation_failure_rate,-0.04166666666666667,0.007608842423436784,-0.049275509090103455,-0.03405782424322989,0,10
transparent_specular_shift,risk_aware_action_critical_depth_probe_v5_minus_foundation_depth_prior,mechanism_utility,0.10099041183405318,0.006082132541656115,0.09490827929239706,0.10707254437570929,10,10
transparent_specular_shift,risk_aware_action_critical_depth_probe_v5_minus_foundation_depth_prior,occluded_region_rmse,-0.02415798395596578,0.0010091630189630245,-0.025167146974928806,-0.023148820937002754,0,10
transparent_specular_shift,risk_aware_action_critical_depth_probe_v5_minus_foundation_depth_prior,planning_regret,-0.26456281483501687,0.016089619396654858,-0.28065243423167174,-0.24847319543836202,0,10
transparent_specular_shift,risk_aware_action_critical_depth_probe_v5_minus_foundation_depth_prior,probe_cost,0.022133080222308005,0.0022207672100612707,0.019912313012246732,0.024353847432369277,10,10
transparent_specular_shift,risk_aware_action_critical_depth_probe_v5_minus_foundation_depth_prior,probe_damage,0.04791666666666666,0.011963074940709726,0.03595359172595694,0.059879741607376386,10,10
transparent_specular_shift,risk_aware_action_critical_depth_probe_v5_minus_foundation_depth_prior,probe_informativeness,0.17193857351294783,0.013377398858697775,0.15856117465425007,0.1853159723716456,10,10
transparent_specular_shift,risk_aware_action_critical_depth_probe_v5_minus_foundation_depth_prior,robust_utility,0.6714569163799,0.06399924275748774,0.6074576736224123,0.7354561591373877,10,10
transparent_specular_shift,risk_aware_action_critical_depth_probe_v5_minus_foundation_depth_prior,task_success,0.4255208333333334,0.02257403906223546,0.4029467942710979,0.4480948723955689,10,10
transparent_specular_shift,risk_aware_action_critical_depth_probe_v5_minus_foundation_depth_prior,useful_probe_precision,0.20337422227547602,0.013495740089543162,0.18987848218593287,0.21686996236501918,10,10
transparent_specular_shift,risk_aware_action_critical_depth_probe_v5_minus_gaussian_splat_uncertainty,action_critical_rmse,-0.024030152085126256,0.0010142823413426736,-0.02504443442646893,-0.02301586974378358,0,10
transparent_specular_shift,risk_aware_action_critical_depth_probe_v5_minus_gaussian_splat_uncertainty,calibration_error,-0.014454392915142833,0.0009723667317301041,-0.015426759646872937,-0.013482026183412729,0,10
transparent_specular_shift,risk_aware_action_critical_depth_probe_v5_minus_gaussian_splat_uncertainty,collision_boundary_f1,0.05210366949325538,0.0025869562325217944,0.049516713260733584,0.054690625725777174,10,10
transparent_specular_shift,risk_aware_action_critical_depth_probe_v5_minus_gaussian_splat_uncertainty,collision_rate,-0.041666666666666664,0.020359874716136886,-0.06202654138280355,-0.02130679195052978,1,10
transparent_specular_shift,risk_aware_action_critical_depth_probe_v5_minus_gaussian_splat_uncertainty,manipulation_failure_rate,-0.04479166666666667,0.008500136164486707,-0.053291802831153375,-0.03629153050217996,0,10
transparent_specular_shift,risk_aware_action_critical_depth_probe_v5_minus_gaussian_splat_uncertainty,mechanism_utility,0.08324755196341839,0.0060119087418506805,0.07723564322156772,0.08925946070526906,10,10
transparent_specular_shift,risk_aware_action_critical_depth_probe_v5_minus_gaussian_splat_uncertainty,occluded_region_rmse,-0.029028241847535375,0.0009542278350558026,-0.02998246968259118,-0.02807401401247957,0,10
transparent_specular_shift,risk_aware_action_critical_depth_probe_v5_minus_gaussian_splat_uncertainty,planning_regret,-0.17188930822277357,0.01935693717695496,-0.19124624539972854,-0.1525323710458186,0,10
transparent_specular_shift,risk_aware_action_critical_depth_probe_v5_minus_gaussian_splat_uncertainty,probe_cost,0.024897451994315013,0.002241070772497124,0.02265638122181789,0.027138522766812136,10,10
transparent_specular_shift,risk_aware_action_critical_depth_probe_v5_minus_gaussian_splat_uncertainty,probe_damage,0.04635416666666666,0.012121724213851206,0.034232442452815454,0.05847589088051787,10,10
transparent_specular_shift,risk_aware_action_critical_depth_probe_v5_minus_gaussian_splat_uncertainty,probe_informativeness,0.17211122800695508,0.012849022614101788,0.1592622053928533,0.18496025062105687,10,10
transparent_specular_shift,risk_aware_action_critical_depth_probe_v5_minus_gaussian_splat_uncertainty,robust_utility,0.38638117267361316,0.06892752828023786,0.3174536443933753,0.455308700953851,10,10
transparent_specular_shift,risk_aware_action_critical_depth_probe_v5_minus_gaussian_splat_uncertainty,task_success,0.2625,0.03282225677986595,0.22967774322013407,0.29532225677986595,10,10
transparent_specular_shift,risk_aware_action_critical_depth_probe_v5_minus_gaussian_splat_uncertainty,useful_probe_precision,0.2032969996640403,0.014357184341753365,0.18893981532228693,0.21765418400579367,10,10
transparent_specular_shift,risk_aware_action_critical_depth_probe_v5_minus_learned_depth_completion,action_critical_rmse,-0.031133237032439497,0.0009444759754596662,-0.03207771300789916,-0.030188761056979832,0,10
transparent_specular_shift,risk_aware_action_critical_depth_probe_v5_minus_learned_depth_completion,calibration_error,-0.10093335228047676,0.0010551144708161298,-0.10198846675129289,-0.09987823780966062,0,10
transparent_specular_shift,risk_aware_action_critical_depth_probe_v5_minus_learned_depth_completion,collision_boundary_f1,0.12030772580934497,0.0027218208302313422,0.11758590497911363,0.12302954663957631,10,10
transparent_specular_shift,risk_aware_action_critical_depth_probe_v5_minus_learned_depth_completion,collision_rate,-0.12291666666666667,0.03417039557339035,-0.15708706224005703,-0.08874627109327632,0,10
transparent_specular_shift,risk_aware_action_critical_depth_probe_v5_minus_learned_depth_completion,manipulation_failure_rate,-0.10572916666666668,0.01567126022343898,-0.12140042689010566,-0.0900579064432277,0,10
transparent_specular_shift,risk_aware_action_critical_depth_probe_v5_minus_learned_depth_completion,mechanism_utility,0.11352079033067815,0.006151906869024307,0.10736888346165384,0.11967269719970246,10,10
transparent_specular_shift,risk_aware_action_critical_depth_probe_v5_minus_learned_depth_completion,occluded_region_rmse,-0.03410331216546193,0.0011238463229441904,-0.03522715848840612,-0.03297946584251774,0,10
transparent_specular_shift,risk_aware_action_critical_depth_probe_v5_minus_learned_depth_completion,planning_regret,-0.3809024146873452,0.01624744633886368,-0.39714986102620886,-0.36465496834848155,0,10
transparent_specular_shift,risk_aware_action_critical_depth_probe_v5_minus_learned_depth_completion,probe_cost,0.025416942461036283,0.0020217615735621973,0.023395180887474085,0.02743870403459848,10,10
transparent_specular_shift,risk_aware_action_critical_depth_probe_v5_minus_learned_depth_completion,probe_damage,0.04739583333333334,0.011929150819513155,0.03546668251382018,0.0593249841528465,10,10
transparent_specular_shift,risk_aware_action_critical_depth_probe_v5_minus_learned_depth_completion,probe_informativeness,0.17232043269130295,0.012864556394178375,0.15945587629712457,0.18518498908548134,10,10
transparent_specular_shift,risk_aware_action_critical_depth_probe_v5_minus_learned_depth_completion,robust_utility,0.9864593923042936,0.06597395921409763,0.9204854330901959,1.0524333515183912,10,10
transparent_specular_shift,risk_aware_action_critical_depth_probe_v5_minus_learned_depth_completion,task_success,0.6114583333333334,0.028801252625151173,0.5826570807081822,0.6402595859584846,10,10
transparent_specular_shift,risk_aware_action_critical_depth_probe_v5_minus_learned_depth_completion,useful_probe_precision,0.20378721227353416,0.013848091920100771,0.18993912035343338,0.21763530419363494,10,10
transparent_specular_shift,risk_aware_action_critical_depth_probe_v5_minus_next_best_view_planner,action_critical_rmse,0.011180030401347931,0.001020812341095763,0.010159218060252169,0.012200842742443693,10,10
transparent_specular_shift,risk_aware_action_critical_depth_probe_v5_minus_next_best_view_planner,calibration_error,-0.018435828587436937,0.0009451003138712253,-0.019380928901308162,-0.017490728273565712,0,10
transparent_specular_shift,risk_aware_action_critical_depth_probe_v5_minus_next_best_view_planner,collision_boundary_f1,-0.023081770941759318,0.002844586866748998,-0.025926357808508316,-0.02023718407501032,0,10
transparent_specular_shift,risk_aware_action_critical_depth_probe_v5_minus_next_best_view_planner,collision_rate,0.012499999999999992,0.019677355067923532,-0.00717735506792354,0.032177355067923526,6,10
transparent_specular_shift,risk_aware_action_critical_depth_probe_v5_minus_next_best_view_planner,manipulation_failure_rate,0.0,0.0,0.0,0.0,0,10
transparent_specular_shift,risk_aware_action_critical_depth_probe_v5_minus_next_best_view_planner,mechanism_utility,0.04491665345611327,0.006707280875970936,0.038209372580142335,0.05162393433208421,10,10
transparent_specular_shift,risk_aware_action_critical_depth_probe_v5_minus_next_best_view_planner,occluded_region_rmse,0.014547344290605668,0.0009797296644509339,0.013567614626154734,0.015527073955056602,10,10
transparent_specular_shift,risk_aware_action_critical_depth_probe_v5_minus_next_best_view_planner,planning_regret,0.044221381414989026,0.020311194235994316,0.02391018717899471,0.06453257565098335,9,10
transparent_specular_shift,risk_aware_action_critical_depth_probe_v5_minus_next_best_view_planner,probe_cost,0.014195072066588594,0.0018169837909919092,0.012378088275596685,0.016012055857580504,10,10
transparent_specular_shift,risk_aware_action_critical_depth_probe_v5_minus_next_best_view_planner,probe_damage,0.0484375,0.01282716339477177,0.035610336605228235,0.06126466339477177,10,10
transparent_specular_shift,risk_aware_action_critical_depth_probe_v5_minus_next_best_view_planner,probe_informativeness,0.15233237782864298,0.013235751515350579,0.1390966263132924,0.16556812934399356,10,10
transparent_specular_shift,risk_aware_action_critical_depth_probe_v5_minus_next_best_view_planner,robust_utility,-0.14643638386259689,0.068212930544816,-0.2146493144074129,-0.07822345331778088,2,10
transparent_specular_shift,risk_aware_action_critical_depth_probe_v5_minus_next_best_view_planner,task_success,-0.054687499999999986,0.03296482134599632,-0.0876523213459963,-0.021722678654003666,2,10
transparent_specular_shift,risk_aware_action_critical_depth_probe_v5_minus_next_best_view_planner,useful_probe_precision,0.19244845041657152,0.014431417448402985,0.17801703296816854,0.2068798678649745,10,10
transparent_specular_shift,risk_aware_action_critical_depth_probe_v5_minus_raw_depth_policy,action_critical_rmse,-0.05582650779780104,0.001038414500741695,-0.05686492229854273,-0.054788093297059345,0,10
transparent_specular_shift,risk_aware_action_critical_depth_probe_v5_minus_raw_depth_policy,calibration_error,-0.15948093512031675,0.000923660165380326,-0.16040459528569706,-0.15855727495493643,0,10
transparent_specular_shift,risk_aware_action_critical_depth_probe_v5_minus_raw_depth_policy,collision_boundary_f1,0.20605214282039014,0.0027736248142972977,0.20327851800609284,0.20882576763468744,10,10
transparent_specular_shift,risk_aware_action_critical_depth_probe_v5_minus_raw_depth_policy,collision_rate,-0.16822916666666668,0.042881751011709476,-0.21111091767837614,-0.12534741565495722,0,10
transparent_specular_shift,risk_aware_action_critical_depth_probe_v5_minus_raw_depth_policy,manipulation_failure_rate,-0.2630208333333333,0.022065643027966673,-0.28508647636129997,-0.24095519030536663,0,10
transparent_specular_shift,risk_aware_action_critical_depth_probe_v5_minus_raw_depth_policy,mechanism_utility,0.15282537003238006,0.006343852710174283,0.14648151732220577,0.15916922274255435,10,10
transparent_specular_shift,risk_aware_action_critical_depth_probe_v5_minus_raw_depth_policy,occluded_region_rmse,-0.06396634278193492,0.0010856578787135807,-0.06505200066064849,-0.06288068490322134,0,10
transparent_specular_shift,risk_aware_action_critical_depth_probe_v5_minus_raw_depth_policy,planning_regret,-0.5046502263963684,0.016582238134509233,-0.5212324645308776,-0.48806798826185915,0,10
transparent_specular_shift,risk_aware_action_critical_depth_probe_v5_minus_raw_depth_policy,probe_cost,0.024723671363194727,0.0021932411602630614,0.022530430202931665,0.02691691252345779,10,10
transparent_specular_shift,risk_aware_action_critical_depth_probe_v5_minus_raw_depth_policy,probe_damage,0.046875,0.012268889756787185,0.03460611024321281,0.05914388975678719,10,10
transparent_specular_shift,risk_aware_action_critical_depth_probe_v5_minus_raw_depth_policy,probe_informativeness,0.1716079393211249,0.012956636241986489,0.1586513030791384,0.18456457556311137,10,10
transparent_specular_shift,risk_aware_action_critical_depth_probe_v5_minus_raw_depth_policy,robust_utility,1.2962225202477344,0.07193413311856962,1.2242883871291648,1.368156653366304,10,10
transparent_specular_shift,risk_aware_action_critical_depth_probe_v5_minus_raw_depth_policy,task_success,0.7161458333333334,0.024312603144914326,0.691833230188419,0.7404584364782477,10,10
transparent_specular_shift,risk_aware_action_critical_depth_probe_v5_minus_raw_depth_policy,useful_probe_precision,0.20354373042820867,0.014261158210452322,0.18928257221775635,0.217804888638661,10,10
transparent_specular_shift,risk_aware_action_critical_depth_probe_v5_minus_robust_clearance_mpc,action_critical_rmse,-0.0245973868625062,0.0010110249930394449,-0.025608411855545646,-0.023586361869466756,0,10
transparent_specular_shift,risk_aware_action_critical_depth_probe_v5_minus_robust_clearance_mpc,calibration_error,-0.030339360547183274,0.0008998845399818537,-0.031239245087165128,-0.02943947600720142,0,10
transparent_specular_shift,risk_aware_action_critical_depth_probe_v5_minus_robust_clearance_mpc,collision_boundary_f1,0.02935524382288176,0.002913483447103924,0.026441760375777834,0.032268727269985684,10,10
transparent_specular_shift,risk_aware_action_critical_depth_probe_v5_minus_robust_clearance_mpc,collision_rate,0.10416666666666667,0.016104883853993397,0.08806178281267327,0.12027155052066008,10,10
transparent_specular_shift,risk_aware_action_critical_depth_probe_v5_minus_robust_clearance_mpc,manipulation_failure_rate,-0.00625,0.0025464057215544874,-0.008796405721554488,-0.003703594278445513,0,10
transparent_specular_shift,risk_aware_action_critical_depth_probe_v5_minus_robust_clearance_mpc,mechanism_utility,0.0779562718793009,0.00617263380744678,0.07178363807185412,0.08412890568674769,10,10
transparent_specular_shift,risk_aware_action_critical_depth_probe_v5_minus_robust_clearance_mpc,occluded_region_rmse,-0.032058792233605325,0.0008302137494652922,-0.03288900598307062,-0.031228578484140034,0,10
transparent_specular_shift,risk_aware_action_critical_depth_probe_v5_minus_robust_clearance_mpc,planning_regret,0.06926073442759739,0.014906749837655707,0.05435398458994169,0.0841674842652531,10,10
transparent_specular_shift,risk_aware_action_critical_depth_probe_v5_minus_robust_clearance_mpc,probe_cost,0.025791905179324053,0.0019203075567992103,0.023871597622524842,0.027712212736123263,10,10
transparent_specular_shift,risk_aware_action_critical_depth_probe_v5_minus_robust_clearance_mpc,probe_damage,0.049479166666666664,0.012197902334969597,0.03728126433169707,0.06167706900163626,10,10
transparent_specular_shift,risk_aware_action_critical_depth_probe_v5_minus_robust_clearance_mpc,probe_informativeness,0.17241636502202956,0.012523469684183225,0.15989289533784634,0.18493983470621278,10,10
transparent_specular_shift,risk_aware_action_critical_depth_probe_v5_minus_robust_clearance_mpc,robust_utility,-0.33849257931325355,0.055677390772833305,-0.39416997008608684,-0.28281518854042026,0,10
transparent_specular_shift,risk_aware_action_critical_depth_probe_v5_minus_robust_clearance_mpc,task_success,-0.12343749999999998,0.022879727172963823,-0.1463172271729638,-0.10055777282703615,0,10
transparent_specular_shift,risk_aware_action_critical_depth_probe_v5_minus_robust_clearance_mpc,useful_probe_precision,0.20355165290116864,0.013945026983513093,0.18960662591765554,0.21749667988468174,10,10
transparent_specular_shift,risk_aware_action_critical_depth_probe_v5_minus_uncertainty_guided_probe,action_critical_rmse,0.0003156625788941665,0.0012769361040244503,-0.0009612735251302838,0.0015925986829186168,6,10
transparent_specular_shift,risk_aware_action_critical_depth_probe_v5_minus_uncertainty_guided_probe,calibration_error,-0.014204809028588538,0.0011706887591938664,-0.015375497787782405,-0.013034120269394671,0,10
transparent_specular_shift,risk_aware_action_critical_depth_probe_v5_minus_uncertainty_guided_probe,collision_boundary_f1,0.012931736398474124,0.0035569334828594204,0.009374802915614704,0.016488669881333545,10,10
transparent_specular_shift,risk_aware_action_critical_depth_probe_v5_minus_uncertainty_guided_probe,collision_rate,-0.01927083333333333,0.023281068490882458,-0.04255190182421579,0.004010235157549127,3,10
transparent_specular_shift,risk_aware_action_critical_depth_probe_v5_minus_uncertainty_guided_probe,manipulation_failure_rate,-0.0031249999999999997,0.002257147426769647,-0.005382147426769647,-0.0008678525732303526,0,10
transparent_specular_shift,risk_aware_action_critical_depth_probe_v5_minus_uncertainty_guided_probe,mechanism_utility,0.04690365862642323,0.0063204691056830764,0.04058318952074015,0.0532241277321063,10,10
transparent_specular_shift,risk_aware_action_critical_depth_probe_v5_minus_uncertainty_guided_probe,occluded_region_rmse,0.0009475819100567044,0.0012742612912196047,-0.00032667938116290025,0.0022218432012763092,7,10
transparent_specular_shift,risk_aware_action_critical_depth_probe_v5_minus_uncertainty_guided_probe,planning_regret,-0.0986800298199884,0.01769457470775953,-0.11637460452774792,-0.08098545511222888,0,10
transparent_specular_shift,risk_aware_action_critical_depth_probe_v5_minus_uncertainty_guided_probe,probe_cost,-0.03080124452335841,0.002969139195807392,-0.033770383719165804,-0.027832105327551017,0,10
transparent_specular_shift,risk_aware_action_critical_depth_probe_v5_minus_uncertainty_guided_probe,probe_damage,-0.04739583333333334,0.013649338678978433,-0.06104517201231177,-0.033746494654354905,0,10
transparent_specular_shift,risk_aware_action_critical_depth_probe_v5_minus_uncertainty_guided_probe,probe_informativeness,0.03796207738699744,0.013916394102165042,0.024045683284832396,0.051878471489162484,10,10
transparent_specular_shift,risk_aware_action_critical_depth_probe_v5_minus_uncertainty_guided_probe,robust_utility,0.2906725497406023,0.06600097759887746,0.22467157214172484,0.35667352733947977,10,10
transparent_specular_shift,risk_aware_action_critical_depth_probe_v5_minus_uncertainty_guided_probe,task_success,0.15052083333333335,0.03030001174596397,0.12022082158736938,0.18082084507929733,10,10
transparent_specular_shift,risk_aware_action_critical_depth_probe_v5_minus_uncertainty_guided_probe,useful_probe_precision,0.09342285669536869,0.01424035449811558,0.07918250219725312,0.10766321119348427,10,10
transparent_specular_shift,risk_aware_action_critical_depth_probe_v5_minus_visuotactile_probe,action_critical_rmse,-0.004427894591225811,0.0013313103795977892,-0.005759204970823601,-0.003096584211628022,0,10
transparent_specular_shift,risk_aware_action_critical_depth_probe_v5_minus_visuotactile_probe,calibration_error,-0.0338423744999488,0.0009870039926353166,-0.034829378492584114,-0.032855370507313485,0,10
transparent_specular_shift,risk_aware_action_critical_depth_probe_v5_minus_visuotactile_probe,collision_boundary_f1,0.02487782422912954,0.004004919965800574,0.020872904263328967,0.028882744194930116,10,10
transparent_specular_shift,risk_aware_action_critical_depth_probe_v5_minus_visuotactile_probe,collision_rate,-0.02760416666666667,0.02752045833428311,-0.05512462500094978,-8.370833238355996e-05,2,10
transparent_specular_shift,risk_aware_action_critical_depth_probe_v5_minus_visuotactile_probe,manipulation_failure_rate,-0.004166666666666667,0.0025464057215544874,-0.006713072388221154,-0.0016202609451121792,0,10
transparent_specular_shift,risk_aware_action_critical_depth_probe_v5_minus_visuotactile_probe,mechanism_utility,0.03847060108531256,0.006145351724615375,0.03232524936069719,0.04461595280992794,10,10
transparent_specular_shift,risk_aware_action_critical_depth_probe_v5_minus_visuotactile_probe,occluded_region_rmse,-0.00494892128767488,0.0011609981427187059,-0.0061099194303935855,-0.003787923144956174,0,10
transparent_specular_shift,risk_aware_action_critical_depth_probe_v5_minus_visuotactile_probe,planning_regret,-0.09000289327112203,0.01742269474097045,-0.10742558801209248,-0.07258019853015157,0,10
transparent_specular_shift,risk_aware_action_critical_depth_probe_v5_minus_visuotactile_probe,probe_cost,-0.011809382580987661,0.0026875278711932737,-0.014496910452180935,-0.009121854709794387,0,10
transparent_specular_shift,risk_aware_action_critical_depth_probe_v5_minus_visuotactile_probe,probe_damage,-0.005208333333333335,0.017013888888888887,-0.022222222222222223,0.011805555555555552,3,10
transparent_specular_shift,risk_aware_action_critical_depth_probe_v5_minus_visuotactile_probe,probe_informativeness,0.04129761760430557,0.013121879927263108,0.028175737677042463,0.05441949753156868,10,10
transparent_specular_shift,risk_aware_action_critical_depth_probe_v5_minus_visuotactile_probe,robust_utility,0.23424248420887098,0.06043857010532421,0.17380391410354676,0.29468105431419517,10,10
transparent_specular_shift,risk_aware_action_critical_depth_probe_v5_minus_visuotactile_probe,task_success,0.13541666666666669,0.027264723766013785,0.1081519429006529,0.16268139043268048,10,10
transparent_specular_shift,risk_aware_action_critical_depth_probe_v5_minus_visuotactile_probe,useful_probe_precision,0.07634099792506971,0.014858484539226764,0.06148251338584294,0.09119948246429647,10,10
