method,split,task,seed,episodes,action_critical_rmse,occluded_region_rmse,collision_boundary_f1,calibration_error,probe_informativeness,task_success,collision_rate,manipulation_failure_rate,probe_cost,probe_damage,planning_regret_to_oracle,probe_rate
raw_depth_policy,nominal_depth,occluded_bin_grasping,0,72,0.090467,0.114334,0.646358,0.115774,0.000000,0.750000,0.083333,0.166667,0.000000,0.000000,0.560970,0.000000
raw_depth_policy,nominal_depth,occluded_bin_grasping,1,72,0.082147,0.103958,0.669172,0.117857,0.000000,0.819444,0.069444,0.111111,0.000000,0.000000,0.504453,0.000000
raw_depth_policy,nominal_depth,occluded_bin_grasping,2,72,0.084868,0.110013,0.667035,0.132937,0.000000,0.847222,0.083333,0.069444,0.000000,0.000000,0.506825,0.000000
raw_depth_policy,nominal_depth,occluded_bin_grasping,3,72,0.087276,0.107287,0.658217,0.123313,0.000000,0.847222,0.041667,0.111111,0.000000,0.000000,0.528070,0.000000
raw_depth_policy,nominal_depth,occluded_bin_grasping,4,72,0.089110,0.108882,0.657922,0.116071,0.000000,0.736111,0.111111,0.152778,0.000000,0.000000,0.556576,0.000000
raw_depth_policy,nominal_depth,occluded_bin_grasping,5,72,0.086224,0.107254,0.662258,0.112897,0.000000,0.916667,0.055556,0.027778,0.000000,0.000000,0.518655,0.000000
raw_depth_policy,nominal_depth,occluded_bin_grasping,6,72,0.088936,0.105289,0.659035,0.120734,0.000000,0.875000,0.027778,0.097222,0.000000,0.000000,0.541541,0.000000
raw_depth_policy,nominal_depth,shelf_insertion_clearance,0,72,0.074246,0.103746,0.636500,0.131250,0.000000,0.750000,0.083333,0.166667,0.000000,0.000000,0.474607,0.000000
raw_depth_policy,nominal_depth,shelf_insertion_clearance,1,72,0.067255,0.097395,0.669906,0.124306,0.000000,0.791667,0.083333,0.125000,0.000000,0.000000,0.421343,0.000000
raw_depth_policy,nominal_depth,shelf_insertion_clearance,2,72,0.073902,0.105391,0.627595,0.133532,0.000000,0.680556,0.055556,0.263889,0.000000,0.000000,0.483911,0.000000
raw_depth_policy,nominal_depth,shelf_insertion_clearance,3,72,0.070134,0.101096,0.614502,0.115873,0.000000,0.750000,0.125000,0.125000,0.000000,0.000000,0.453540,0.000000
raw_depth_policy,nominal_depth,shelf_insertion_clearance,4,72,0.069918,0.099481,0.661160,0.126190,0.000000,0.736111,0.069444,0.194444,0.000000,0.000000,0.443788,0.000000
raw_depth_policy,nominal_depth,shelf_insertion_clearance,5,72,0.064730,0.094598,0.655785,0.112103,0.000000,0.763889,0.055556,0.180556,0.000000,0.000000,0.415406,0.000000
raw_depth_policy,nominal_depth,shelf_insertion_clearance,6,72,0.068335,0.097720,0.659978,0.104663,0.000000,0.763889,0.069444,0.166667,0.000000,0.000000,0.434478,0.000000
raw_depth_policy,nominal_depth,transparent_container_lift,0,72,0.111055,0.128375,0.559913,0.130556,0.000000,0.263889,0.305556,0.430556,0.000000,0.000000,0.736146,0.000000
raw_depth_policy,nominal_depth,transparent_container_lift,1,72,0.108823,0.123276,0.561445,0.115575,0.000000,0.263889,0.138889,0.597222,0.000000,0.000000,0.741938,0.000000
raw_depth_policy,nominal_depth,transparent_container_lift,2,72,0.113071,0.129239,0.550771,0.115377,0.000000,0.250000,0.319444,0.430556,0.000000,0.000000,0.746579,0.000000
raw_depth_policy,nominal_depth,transparent_container_lift,3,72,0.113339,0.132554,0.548189,0.141369,0.000000,0.180556,0.277778,0.541667,0.000000,0.000000,0.757155,0.000000
raw_depth_policy,nominal_depth,transparent_container_lift,4,72,0.116252,0.129319,0.582188,0.129067,0.000000,0.263889,0.194444,0.541667,0.000000,0.000000,0.757459,0.000000
raw_depth_policy,nominal_depth,transparent_container_lift,5,72,0.108512,0.128543,0.573631,0.127282,0.000000,0.180556,0.319444,0.500000,0.000000,0.000000,0.740006,0.000000
raw_depth_policy,nominal_depth,transparent_container_lift,6,72,0.126275,0.128894,0.549047,0.135516,0.000000,0.111111,0.347222,0.541667,0.000000,0.000000,0.821442,0.000000
raw_depth_policy,nominal_depth,leaf_occluded_fruit_grasp,0,72,0.106434,0.122521,0.579829,0.130456,0.000000,0.125000,0.347222,0.527778,0.000000,0.000000,0.728545,0.000000
raw_depth_policy,nominal_depth,leaf_occluded_fruit_grasp,1,72,0.106087,0.120873,0.583203,0.132639,0.000000,0.111111,0.319444,0.569444,0.000000,0.000000,0.729774,0.000000
raw_depth_policy,nominal_depth,leaf_occluded_fruit_grasp,2,72,0.111464,0.117399,0.565748,0.114087,0.000000,0.097222,0.291667,0.611111,0.000000,0.000000,0.764361,0.000000
raw_depth_policy,nominal_depth,leaf_occluded_fruit_grasp,3,72,0.097848,0.115084,0.566129,0.121329,0.000000,0.180556,0.277778,0.541667,0.000000,0.000000,0.686980,0.000000
raw_depth_policy,nominal_depth,leaf_occluded_fruit_grasp,4,72,0.107570,0.121293,0.567845,0.117857,0.000000,0.111111,0.319444,0.569444,0.000000,0.000000,0.738189,0.000000
raw_depth_policy,nominal_depth,leaf_occluded_fruit_grasp,5,72,0.104288,0.120049,0.546401,0.119147,0.000000,0.138889,0.277778,0.583333,0.000000,0.000000,0.725306,0.000000
raw_depth_policy,nominal_depth,leaf_occluded_fruit_grasp,6,72,0.107994,0.121490,0.556120,0.127480,0.000000,0.152778,0.263889,0.583333,0.000000,0.000000,0.739085,0.000000
raw_depth_policy,missing_depth_shift,occluded_bin_grasping,0,72,0.116756,0.128532,0.550815,0.121032,0.000000,0.263889,0.194444,0.541667,0.000000,0.000000,0.762254,0.000000
raw_depth_policy,missing_depth_shift,occluded_bin_grasping,1,72,0.110830,0.127509,0.539463,0.127679,0.000000,0.291667,0.263889,0.444444,0.000000,0.000000,0.732285,0.000000
raw_depth_policy,missing_depth_shift,occluded_bin_grasping,2,72,0.114778,0.123692,0.558350,0.131746,0.000000,0.277778,0.333333,0.388889,0.000000,0.000000,0.754714,0.000000
raw_depth_policy,missing_depth_shift,occluded_bin_grasping,3,72,0.114566,0.123030,0.535335,0.123214,0.000000,0.347222,0.263889,0.388889,0.000000,0.000000,0.753049,0.000000
raw_depth_policy,missing_depth_shift,occluded_bin_grasping,4,72,0.116572,0.127931,0.532787,0.121825,0.000000,0.361111,0.250000,0.388889,0.000000,0.000000,0.767533,0.000000
raw_depth_policy,missing_depth_shift,occluded_bin_grasping,5,72,0.110360,0.125099,0.574099,0.120437,0.000000,0.277778,0.319444,0.402778,0.000000,0.000000,0.729318,0.000000
raw_depth_policy,missing_depth_shift,occluded_bin_grasping,6,72,0.113821,0.129020,0.557260,0.124107,0.000000,0.347222,0.166667,0.486111,0.000000,0.000000,0.750189,0.000000
raw_depth_policy,missing_depth_shift,shelf_insertion_clearance,0,72,0.094005,0.113802,0.476272,0.127381,0.000000,0.208333,0.333333,0.458333,0.000000,0.000000,0.673937,0.000000
raw_depth_policy,missing_depth_shift,shelf_insertion_clearance,1,72,0.099822,0.117309,0.514045,0.116071,0.000000,0.194444,0.319444,0.486111,0.000000,0.000000,0.701232,0.000000
raw_depth_policy,missing_depth_shift,shelf_insertion_clearance,2,72,0.098782,0.115695,0.521407,0.125992,0.000000,0.180556,0.319444,0.500000,0.000000,0.000000,0.692953,0.000000
raw_depth_policy,missing_depth_shift,shelf_insertion_clearance,3,72,0.096687,0.116242,0.514763,0.127778,0.000000,0.194444,0.236111,0.569444,0.000000,0.000000,0.688749,0.000000
raw_depth_policy,missing_depth_shift,shelf_insertion_clearance,4,72,0.094795,0.114485,0.535841,0.116667,0.000000,0.236111,0.250000,0.513889,0.000000,0.000000,0.663812,0.000000
raw_depth_policy,missing_depth_shift,shelf_insertion_clearance,5,72,0.098108,0.116620,0.509992,0.132937,0.000000,0.250000,0.291667,0.458333,0.000000,0.000000,0.689892,0.000000
raw_depth_policy,missing_depth_shift,shelf_insertion_clearance,6,72,0.099267,0.119707,0.510670,0.127579,0.000000,0.208333,0.305556,0.486111,0.000000,0.000000,0.685961,0.000000
raw_depth_policy,missing_depth_shift,transparent_container_lift,0,72,0.146292,0.147345,0.451462,0.131944,0.000000,0.013889,0.361111,0.625000,0.000000,0.000000,0.914729,0.000000
raw_depth_policy,missing_depth_shift,transparent_container_lift,1,72,0.136635,0.146520,0.492785,0.122123,0.000000,0.055556,0.250000,0.694444,0.000000,0.000000,0.875540,0.000000
raw_depth_policy,missing_depth_shift,transparent_container_lift,2,72,0.133543,0.146933,0.447572,0.130060,0.000000,0.000000,0.361111,0.638889,0.000000,0.000000,0.881915,0.000000
raw_depth_policy,missing_depth_shift,transparent_container_lift,3,72,0.143885,0.150329,0.483746,0.142163,0.000000,0.041667,0.430556,0.527778,0.000000,0.000000,0.885508,0.000000
raw_depth_policy,missing_depth_shift,transparent_container_lift,4,72,0.138193,0.146417,0.447883,0.119643,0.000000,0.000000,0.361111,0.638889,0.000000,0.000000,0.897366,0.000000
raw_depth_policy,missing_depth_shift,transparent_container_lift,5,72,0.133839,0.145199,0.431965,0.130655,0.000000,0.013889,0.472222,0.513889,0.000000,0.000000,0.880848,0.000000
raw_depth_policy,missing_depth_shift,transparent_container_lift,6,72,0.141498,0.144312,0.473120,0.126587,0.000000,0.027778,0.444444,0.527778,0.000000,0.000000,0.888871,0.000000
raw_depth_policy,missing_depth_shift,leaf_occluded_fruit_grasp,0,72,0.137632,0.140771,0.462713,0.124206,0.000000,0.000000,0.472222,0.527778,0.000000,0.000000,0.866707,0.000000
raw_depth_policy,missing_depth_shift,leaf_occluded_fruit_grasp,1,72,0.127844,0.139322,0.477179,0.125794,0.000000,0.013889,0.500000,0.486111,0.000000,0.000000,0.849296,0.000000
raw_depth_policy,missing_depth_shift,leaf_occluded_fruit_grasp,2,72,0.130478,0.141273,0.494492,0.122123,0.000000,0.041667,0.319444,0.638889,0.000000,0.000000,0.853435,0.000000
raw_depth_policy,missing_depth_shift,leaf_occluded_fruit_grasp,3,72,0.134392,0.140055,0.500050,0.121032,0.000000,0.000000,0.472222,0.527778,0.000000,0.000000,0.870663,0.000000
raw_depth_policy,missing_depth_shift,leaf_occluded_fruit_grasp,4,72,0.123795,0.137002,0.484174,0.113194,0.000000,0.027778,0.486111,0.486111,0.000000,0.000000,0.831279,0.000000
raw_depth_policy,missing_depth_shift,leaf_occluded_fruit_grasp,5,72,0.129646,0.140044,0.485907,0.115278,0.000000,0.000000,0.430556,0.569444,0.000000,0.000000,0.849192,0.000000
raw_depth_policy,missing_depth_shift,leaf_occluded_fruit_grasp,6,72,0.135195,0.143311,0.439192,0.122520,0.000000,0.027778,0.472222,0.500000,0.000000,0.000000,0.882632,0.000000
raw_depth_policy,occlusion_shift,occluded_bin_grasping,0,72,0.106319,0.113071,0.549953,0.122222,0.000000,0.263889,0.194444,0.541667,0.000000,0.000000,0.722288,0.000000
raw_depth_policy,occlusion_shift,occluded_bin_grasping,1,72,0.110799,0.118276,0.555659,0.133929,0.000000,0.152778,0.333333,0.513889,0.000000,0.000000,0.761361,0.000000
raw_depth_policy,occlusion_shift,occluded_bin_grasping,2,72,0.102508,0.116687,0.520247,0.128671,0.000000,0.250000,0.236111,0.513889,0.000000,0.000000,0.717080,0.000000
raw_depth_policy,occlusion_shift,occluded_bin_grasping,3,72,0.113418,0.119012,0.533919,0.129167,0.000000,0.250000,0.361111,0.388889,0.000000,0.000000,0.750489,0.000000
raw_depth_policy,occlusion_shift,occluded_bin_grasping,4,72,0.108989,0.119110,0.553301,0.124702,0.000000,0.305556,0.180556,0.513889,0.000000,0.000000,0.726613,0.000000
raw_depth_policy,occlusion_shift,occluded_bin_grasping,5,72,0.109596,0.113481,0.579965,0.118155,0.000000,0.291667,0.291667,0.416667,0.000000,0.000000,0.725108,0.000000
raw_depth_policy,occlusion_shift,occluded_bin_grasping,6,72,0.104644,0.116496,0.546852,0.124107,0.000000,0.250000,0.236111,0.513889,0.000000,0.000000,0.721101,0.000000
raw_depth_policy,occlusion_shift,shelf_insertion_clearance,0,72,0.094206,0.106584,0.497092,0.110218,0.000000,0.166667,0.388889,0.444444,0.000000,0.000000,0.671821,0.000000
raw_depth_policy,occlusion_shift,shelf_insertion_clearance,1,72,0.090743,0.108768,0.511327,0.126786,0.000000,0.236111,0.305556,0.458333,0.000000,0.000000,0.646767,0.000000
raw_depth_policy,occlusion_shift,shelf_insertion_clearance,2,72,0.094981,0.111116,0.486702,0.120139,0.000000,0.111111,0.472222,0.416667,0.000000,0.000000,0.683125,0.000000
raw_depth_policy,occlusion_shift,shelf_insertion_clearance,3,72,0.092342,0.108626,0.517484,0.121627,0.000000,0.236111,0.263889,0.500000,0.000000,0.000000,0.654217,0.000000
raw_depth_policy,occlusion_shift,shelf_insertion_clearance,4,72,0.098882,0.112310,0.512962,0.123115,0.000000,0.125000,0.388889,0.486111,0.000000,0.000000,0.695454,0.000000
raw_depth_policy,occlusion_shift,shelf_insertion_clearance,5,72,0.096574,0.114326,0.494471,0.126984,0.000000,0.152778,0.277778,0.569444,0.000000,0.000000,0.686660,0.000000
raw_depth_policy,occlusion_shift,shelf_insertion_clearance,6,72,0.092158,0.112396,0.516836,0.122321,0.000000,0.138889,0.388889,0.472222,0.000000,0.000000,0.666896,0.000000
raw_depth_policy,occlusion_shift,transparent_container_lift,0,72,0.132390,0.144536,0.460355,0.135317,0.000000,0.013889,0.388889,0.597222,0.000000,0.000000,0.865844,0.000000
raw_depth_policy,occlusion_shift,transparent_container_lift,1,72,0.140990,0.149669,0.444506,0.125694,0.000000,0.000000,0.527778,0.472222,0.000000,0.000000,0.889465,0.000000
raw_depth_policy,occlusion_shift,transparent_container_lift,2,72,0.142661,0.150928,0.478250,0.128472,0.000000,0.000000,0.416667,0.583333,0.000000,0.000000,0.896033,0.000000
raw_depth_policy,occlusion_shift,transparent_container_lift,3,72,0.138308,0.150105,0.487790,0.115873,0.000000,0.027778,0.375000,0.597222,0.000000,0.000000,0.878534,0.000000
raw_depth_policy,occlusion_shift,transparent_container_lift,4,72,0.132878,0.143043,0.501867,0.119643,0.000000,0.013889,0.402778,0.583333,0.000000,0.000000,0.869070,0.000000
raw_depth_policy,occlusion_shift,transparent_container_lift,5,72,0.139888,0.146281,0.460977,0.137897,0.000000,0.013889,0.500000,0.486111,0.000000,0.000000,0.902717,0.000000
raw_depth_policy,occlusion_shift,transparent_container_lift,6,72,0.140535,0.147693,0.468197,0.126190,0.000000,0.000000,0.416667,0.583333,0.000000,0.000000,0.892199,0.000000
raw_depth_policy,occlusion_shift,leaf_occluded_fruit_grasp,0,72,0.125107,0.130577,0.478009,0.109226,0.000000,0.000000,0.444444,0.555556,0.000000,0.000000,0.844569,0.000000
raw_depth_policy,occlusion_shift,leaf_occluded_fruit_grasp,1,72,0.126450,0.128106,0.475880,0.122817,0.000000,0.013889,0.388889,0.597222,0.000000,0.000000,0.842447,0.000000
raw_depth_policy,occlusion_shift,leaf_occluded_fruit_grasp,2,72,0.119762,0.122282,0.482648,0.105060,0.000000,0.000000,0.388889,0.611111,0.000000,0.000000,0.829985,0.000000
raw_depth_policy,occlusion_shift,leaf_occluded_fruit_grasp,3,72,0.119743,0.129409,0.454378,0.134325,0.000000,0.000000,0.444444,0.555556,0.000000,0.000000,0.826425,0.000000
raw_depth_policy,occlusion_shift,leaf_occluded_fruit_grasp,4,72,0.120400,0.124588,0.485460,0.108929,0.000000,0.013889,0.402778,0.583333,0.000000,0.000000,0.824548,0.000000
raw_depth_policy,occlusion_shift,leaf_occluded_fruit_grasp,5,72,0.119752,0.129126,0.471561,0.131052,0.000000,0.000000,0.486111,0.513889,0.000000,0.000000,0.824105,0.000000
raw_depth_policy,occlusion_shift,leaf_occluded_fruit_grasp,6,72,0.124520,0.129274,0.469112,0.123115,0.000000,0.013889,0.402778,0.583333,0.000000,0.000000,0.839835,0.000000
raw_depth_policy,transparent_specular_shift,occluded_bin_grasping,0,72,0.131808,0.144203,0.532201,0.144643,0.000000,0.083333,0.333333,0.583333,0.000000,0.000000,0.847049,0.000000
raw_depth_policy,transparent_specular_shift,occluded_bin_grasping,1,72,0.119600,0.138138,0.542980,0.128175,0.000000,0.180556,0.250000,0.569444,0.000000,0.000000,0.781074,0.000000
raw_depth_policy,transparent_specular_shift,occluded_bin_grasping,2,72,0.131505,0.137751,0.517770,0.126190,0.000000,0.166667,0.250000,0.583333,0.000000,0.000000,0.820813,0.000000
raw_depth_policy,transparent_specular_shift,occluded_bin_grasping,3,72,0.117491,0.129634,0.535649,0.117262,0.000000,0.208333,0.222222,0.569444,0.000000,0.000000,0.783547,0.000000
raw_depth_policy,transparent_specular_shift,occluded_bin_grasping,4,72,0.128578,0.139967,0.531906,0.135913,0.000000,0.125000,0.361111,0.513889,0.000000,0.000000,0.820522,0.000000
raw_depth_policy,transparent_specular_shift,occluded_bin_grasping,5,72,0.126118,0.135058,0.544404,0.111508,0.000000,0.180556,0.305556,0.513889,0.000000,0.000000,0.809354,0.000000
raw_depth_policy,transparent_specular_shift,occluded_bin_grasping,6,72,0.118212,0.131248,0.512352,0.128373,0.000000,0.125000,0.305556,0.569444,0.000000,0.000000,0.793183,0.000000
raw_depth_policy,transparent_specular_shift,shelf_insertion_clearance,0,72,0.108153,0.122971,0.503824,0.127976,0.000000,0.138889,0.347222,0.513889,0.000000,0.000000,0.747104,0.000000
raw_depth_policy,transparent_specular_shift,shelf_insertion_clearance,1,72,0.112877,0.124095,0.495134,0.120536,0.000000,0.083333,0.347222,0.569444,0.000000,0.000000,0.776188,0.000000
raw_depth_policy,transparent_specular_shift,shelf_insertion_clearance,2,72,0.102807,0.122865,0.480303,0.111607,0.000000,0.041667,0.361111,0.597222,0.000000,0.000000,0.739194,0.000000
raw_depth_policy,transparent_specular_shift,shelf_insertion_clearance,3,72,0.107442,0.121539,0.469523,0.120536,0.000000,0.111111,0.305556,0.583333,0.000000,0.000000,0.748441,0.000000
raw_depth_policy,transparent_specular_shift,shelf_insertion_clearance,4,72,0.103270,0.123269,0.462402,0.134921,0.000000,0.083333,0.361111,0.555556,0.000000,0.000000,0.736886,0.000000
raw_depth_policy,transparent_specular_shift,shelf_insertion_clearance,5,72,0.098902,0.120611,0.499364,0.116567,0.000000,0.111111,0.277778,0.611111,0.000000,0.000000,0.707789,0.000000
raw_depth_policy,transparent_specular_shift,shelf_insertion_clearance,6,72,0.111318,0.129809,0.460993,0.126786,0.000000,0.027778,0.347222,0.625000,0.000000,0.000000,0.788799,0.000000
raw_depth_policy,transparent_specular_shift,transparent_container_lift,0,72,0.139201,0.142699,0.485333,0.123313,0.000000,0.000000,0.416667,0.583333,0.000000,0.000000,0.900736,0.000000
raw_depth_policy,transparent_specular_shift,transparent_container_lift,1,72,0.138567,0.143682,0.441826,0.130655,0.000000,0.027778,0.416667,0.555556,0.000000,0.000000,0.876374,0.000000
raw_depth_policy,transparent_specular_shift,transparent_container_lift,2,72,0.139060,0.138201,0.488314,0.124107,0.000000,0.013889,0.319444,0.666667,0.000000,0.000000,0.897273,0.000000
raw_depth_policy,transparent_specular_shift,transparent_container_lift,3,72,0.134932,0.143412,0.465007,0.123214,0.000000,0.013889,0.444444,0.541667,0.000000,0.000000,0.872958,0.000000
raw_depth_policy,transparent_specular_shift,transparent_container_lift,4,72,0.138392,0.142044,0.454903,0.120437,0.000000,0.027778,0.430556,0.541667,0.000000,0.000000,0.897641,0.000000
raw_depth_policy,transparent_specular_shift,transparent_container_lift,5,72,0.138583,0.150349,0.477501,0.154067,0.000000,0.013889,0.291667,0.694444,0.000000,0.000000,0.893850,0.000000
raw_depth_policy,transparent_specular_shift,transparent_container_lift,6,72,0.139355,0.145789,0.464134,0.132242,0.000000,0.013889,0.305556,0.680556,0.000000,0.000000,0.893791,0.000000
raw_depth_policy,transparent_specular_shift,leaf_occluded_fruit_grasp,0,72,0.140549,0.148516,0.442669,0.132440,0.000000,0.000000,0.416667,0.583333,0.000000,0.000000,0.896958,0.000000
raw_depth_policy,transparent_specular_shift,leaf_occluded_fruit_grasp,1,72,0.146107,0.156550,0.457904,0.137698,0.000000,0.000000,0.430556,0.569444,0.000000,0.000000,0.911962,0.000000
raw_depth_policy,transparent_specular_shift,leaf_occluded_fruit_grasp,2,72,0.139971,0.149618,0.441069,0.134028,0.000000,0.000000,0.430556,0.569444,0.000000,0.000000,0.906607,0.000000
raw_depth_policy,transparent_specular_shift,leaf_occluded_fruit_grasp,3,72,0.136564,0.148315,0.468719,0.137004,0.000000,0.000000,0.416667,0.583333,0.000000,0.000000,0.860162,0.000000
raw_depth_policy,transparent_specular_shift,leaf_occluded_fruit_grasp,4,72,0.140433,0.150726,0.455969,0.122619,0.000000,0.013889,0.527778,0.458333,0.000000,0.000000,0.892447,0.000000
raw_depth_policy,transparent_specular_shift,leaf_occluded_fruit_grasp,5,72,0.151262,0.152290,0.433982,0.129762,0.000000,0.000000,0.513889,0.486111,0.000000,0.000000,0.909405,0.000000
raw_depth_policy,transparent_specular_shift,leaf_occluded_fruit_grasp,6,72,0.140097,0.151176,0.450512,0.119841,0.000000,0.000000,0.444444,0.555556,0.000000,0.000000,0.883441,0.000000
raw_depth_policy,combined_interactive_stress,occluded_bin_grasping,0,72,0.147244,0.149879,0.412135,0.123413,0.000000,0.000000,0.444444,0.555556,0.000000,0.000000,0.911922,0.000000
raw_depth_policy,combined_interactive_stress,occluded_bin_grasping,1,72,0.138496,0.145408,0.394602,0.124802,0.000000,0.000000,0.541667,0.458333,0.000000,0.000000,0.906580,0.000000
raw_depth_policy,combined_interactive_stress,occluded_bin_grasping,2,72,0.144269,0.147267,0.402705,0.130258,0.000000,0.000000,0.472222,0.527778,0.000000,0.000000,0.903004,0.000000
raw_depth_policy,combined_interactive_stress,occluded_bin_grasping,3,72,0.137747,0.146491,0.381425,0.112798,0.000000,0.000000,0.416667,0.583333,0.000000,0.000000,0.899525,0.000000
raw_depth_policy,combined_interactive_stress,occluded_bin_grasping,4,72,0.145487,0.148630,0.437384,0.134425,0.000000,0.000000,0.444444,0.555556,0.000000,0.000000,0.900690,0.000000
raw_depth_policy,combined_interactive_stress,occluded_bin_grasping,5,72,0.142424,0.147732,0.384589,0.107937,0.000000,0.013889,0.458333,0.527778,0.000000,0.000000,0.904680,0.000000
raw_depth_policy,combined_interactive_stress,occluded_bin_grasping,6,72,0.141982,0.145502,0.420825,0.119246,0.000000,0.013889,0.402778,0.583333,0.000000,0.000000,0.897115,0.000000
raw_depth_policy,combined_interactive_stress,shelf_insertion_clearance,0,72,0.127173,0.142110,0.364456,0.126786,0.000000,0.000000,0.486111,0.513889,0.000000,0.000000,0.832623,0.000000
raw_depth_policy,combined_interactive_stress,shelf_insertion_clearance,1,72,0.123522,0.139296,0.413381,0.126290,0.000000,0.013889,0.375000,0.611111,0.000000,0.000000,0.836594,0.000000
raw_depth_policy,combined_interactive_stress,shelf_insertion_clearance,2,72,0.121433,0.134207,0.389403,0.122123,0.000000,0.000000,0.527778,0.472222,0.000000,0.000000,0.838393,0.000000
raw_depth_policy,combined_interactive_stress,shelf_insertion_clearance,3,72,0.126616,0.138803,0.397952,0.121627,0.000000,0.000000,0.444444,0.555556,0.000000,0.000000,0.860660,0.000000
raw_depth_policy,combined_interactive_stress,shelf_insertion_clearance,4,72,0.123897,0.135809,0.386659,0.124802,0.000000,0.000000,0.486111,0.513889,0.000000,0.000000,0.851696,0.000000
raw_depth_policy,combined_interactive_stress,shelf_insertion_clearance,5,72,0.128771,0.132185,0.389857,0.118155,0.000000,0.000000,0.430556,0.569444,0.000000,0.000000,0.856598,0.000000
raw_depth_policy,combined_interactive_stress,shelf_insertion_clearance,6,72,0.119773,0.137027,0.398985,0.133730,0.000000,0.000000,0.444444,0.555556,0.000000,0.000000,0.818191,0.000000
raw_depth_policy,combined_interactive_stress,transparent_container_lift,0,72,0.168469,0.168196,0.328030,0.111905,0.000000,0.000000,0.472222,0.527778,0.000000,0.000000,0.953670,0.000000
raw_depth_policy,combined_interactive_stress,transparent_container_lift,1,72,0.164524,0.168018,0.317240,0.125496,0.000000,0.000000,0.555556,0.444444,0.000000,0.000000,0.962893,0.000000
raw_depth_policy,combined_interactive_stress,transparent_container_lift,2,72,0.161308,0.169949,0.298277,0.119643,0.000000,0.000000,0.444444,0.555556,0.000000,0.000000,0.954551,0.000000
raw_depth_policy,combined_interactive_stress,transparent_container_lift,3,72,0.157656,0.161973,0.366728,0.107341,0.000000,0.000000,0.527778,0.472222,0.000000,0.000000,0.941150,0.000000
raw_depth_policy,combined_interactive_stress,transparent_container_lift,4,72,0.162449,0.167954,0.295758,0.134722,0.000000,0.000000,0.541667,0.458333,0.000000,0.000000,0.956534,0.000000
raw_depth_policy,combined_interactive_stress,transparent_container_lift,5,72,0.157600,0.162602,0.338458,0.115377,0.000000,0.000000,0.458333,0.541667,0.000000,0.000000,0.963940,0.000000
raw_depth_policy,combined_interactive_stress,transparent_container_lift,6,72,0.166450,0.164464,0.345769,0.106944,0.000000,0.000000,0.527778,0.472222,0.000000,0.000000,0.935445,0.000000
raw_depth_policy,combined_interactive_stress,leaf_occluded_fruit_grasp,0,72,0.155290,0.160141,0.333255,0.127282,0.000000,0.000000,0.666667,0.333333,0.000000,0.000000,0.951956,0.000000
raw_depth_policy,combined_interactive_stress,leaf_occluded_fruit_grasp,1,72,0.154886,0.162898,0.261972,0.119246,0.000000,0.000000,0.541667,0.458333,0.000000,0.000000,0.931618,0.000000
raw_depth_policy,combined_interactive_stress,leaf_occluded_fruit_grasp,2,72,0.161401,0.161997,0.348844,0.122222,0.000000,0.000000,0.611111,0.388889,0.000000,0.000000,0.946774,0.000000
raw_depth_policy,combined_interactive_stress,leaf_occluded_fruit_grasp,3,72,0.167292,0.161785,0.325965,0.127083,0.000000,0.000000,0.541667,0.458333,0.000000,0.000000,0.948616,0.000000
raw_depth_policy,combined_interactive_stress,leaf_occluded_fruit_grasp,4,72,0.146091,0.156418,0.370123,0.109821,0.000000,0.000000,0.513889,0.486111,0.000000,0.000000,0.918912,0.000000
raw_depth_policy,combined_interactive_stress,leaf_occluded_fruit_grasp,5,72,0.155350,0.158875,0.328235,0.098710,0.000000,0.000000,0.458333,0.541667,0.000000,0.000000,0.938933,0.000000
raw_depth_policy,combined_interactive_stress,leaf_occluded_fruit_grasp,6,72,0.148153,0.159808,0.314837,0.126488,0.000000,0.000000,0.569444,0.430556,0.000000,0.000000,0.921216,0.000000
learned_depth_completion,nominal_depth,occluded_bin_grasping,0,72,0.048468,0.057727,0.805043,0.056845,0.000000,1.000000,0.000000,0.000000,0.000000,0.000000,0.257903,0.000000
learned_depth_completion,nominal_depth,occluded_bin_grasping,1,72,0.047222,0.057728,0.788000,0.064187,0.000000,0.986111,0.000000,0.013889,0.000000,0.000000,0.256571,0.000000
learned_depth_completion,nominal_depth,occluded_bin_grasping,2,72,0.044549,0.056956,0.795815,0.057937,0.000000,1.000000,0.000000,0.000000,0.000000,0.000000,0.237387,0.000000
learned_depth_completion,nominal_depth,occluded_bin_grasping,3,72,0.047455,0.056783,0.788400,0.052083,0.000000,1.000000,0.000000,0.000000,0.000000,0.000000,0.256022,0.000000
learned_depth_completion,nominal_depth,occluded_bin_grasping,4,72,0.048549,0.059034,0.761459,0.059127,0.000000,1.000000,0.000000,0.000000,0.000000,0.000000,0.268831,0.000000
learned_depth_completion,nominal_depth,occluded_bin_grasping,5,72,0.046319,0.057718,0.779212,0.051190,0.000000,1.000000,0.000000,0.000000,0.000000,0.000000,0.251637,0.000000
learned_depth_completion,nominal_depth,occluded_bin_grasping,6,72,0.048854,0.056447,0.782437,0.052679,0.000000,1.000000,0.000000,0.000000,0.000000,0.000000,0.265570,0.000000
learned_depth_completion,nominal_depth,shelf_insertion_clearance,0,72,0.043371,0.056277,0.738759,0.058135,0.000000,1.000000,0.000000,0.000000,0.000000,0.000000,0.244248,0.000000
learned_depth_completion,nominal_depth,shelf_insertion_clearance,1,72,0.037375,0.054386,0.749319,0.062996,0.000000,1.000000,0.000000,0.000000,0.000000,0.000000,0.206938,0.000000
learned_depth_completion,nominal_depth,shelf_insertion_clearance,2,72,0.040003,0.056444,0.753905,0.057540,0.000000,1.000000,0.000000,0.000000,0.000000,0.000000,0.221081,0.000000
learned_depth_completion,nominal_depth,shelf_insertion_clearance,3,72,0.039005,0.055123,0.764887,0.059524,0.000000,1.000000,0.000000,0.000000,0.000000,0.000000,0.212656,0.000000
learned_depth_completion,nominal_depth,shelf_insertion_clearance,4,72,0.043145,0.057734,0.747758,0.065675,0.000000,1.000000,0.000000,0.000000,0.000000,0.000000,0.240778,0.000000
learned_depth_completion,nominal_depth,shelf_insertion_clearance,5,72,0.037212,0.053176,0.743196,0.059425,0.000000,1.000000,0.000000,0.000000,0.000000,0.000000,0.207460,0.000000
learned_depth_completion,nominal_depth,shelf_insertion_clearance,6,72,0.041239,0.055063,0.757217,0.056746,0.000000,1.000000,0.000000,0.000000,0.000000,0.000000,0.227892,0.000000
learned_depth_completion,nominal_depth,transparent_container_lift,0,72,0.058865,0.068012,0.736933,0.052480,0.000000,0.972222,0.000000,0.027778,0.000000,0.000000,0.338166,0.000000
learned_depth_completion,nominal_depth,transparent_container_lift,1,72,0.064721,0.069925,0.726947,0.057837,0.000000,0.958333,0.000000,0.041667,0.000000,0.000000,0.376264,0.000000
learned_depth_completion,nominal_depth,transparent_container_lift,2,72,0.060170,0.068861,0.723309,0.052381,0.000000,0.972222,0.000000,0.027778,0.000000,0.000000,0.349004,0.000000
learned_depth_completion,nominal_depth,transparent_container_lift,3,72,0.065910,0.070479,0.721842,0.053571,0.000000,0.958333,0.000000,0.041667,0.000000,0.000000,0.384455,0.000000
learned_depth_completion,nominal_depth,transparent_container_lift,4,72,0.058124,0.066428,0.735841,0.048214,0.000000,0.986111,0.000000,0.013889,0.000000,0.000000,0.332321,0.000000
learned_depth_completion,nominal_depth,transparent_container_lift,5,72,0.062735,0.070076,0.720818,0.064187,0.000000,0.930556,0.027778,0.041667,0.000000,0.000000,0.368230,0.000000
learned_depth_completion,nominal_depth,transparent_container_lift,6,72,0.063796,0.070301,0.714513,0.066270,0.000000,0.930556,0.000000,0.069444,0.000000,0.000000,0.377563,0.000000
learned_depth_completion,nominal_depth,leaf_occluded_fruit_grasp,0,72,0.056624,0.062958,0.732730,0.055060,0.000000,0.930556,0.000000,0.069444,0.000000,0.000000,0.331593,0.000000
learned_depth_completion,nominal_depth,leaf_occluded_fruit_grasp,1,72,0.060226,0.064086,0.735853,0.063492,0.000000,0.902778,0.041667,0.055556,0.000000,0.000000,0.352844,0.000000
learned_depth_completion,nominal_depth,leaf_occluded_fruit_grasp,2,72,0.052605,0.062536,0.723501,0.056746,0.000000,0.944444,0.041667,0.013889,0.000000,0.000000,0.306189,0.000000
learned_depth_completion,nominal_depth,leaf_occluded_fruit_grasp,3,72,0.057028,0.063519,0.745445,0.067560,0.000000,0.916667,0.027778,0.055556,0.000000,0.000000,0.331024,0.000000
learned_depth_completion,nominal_depth,leaf_occluded_fruit_grasp,4,72,0.053262,0.062307,0.741089,0.050000,0.000000,0.958333,0.000000,0.041667,0.000000,0.000000,0.306473,0.000000
learned_depth_completion,nominal_depth,leaf_occluded_fruit_grasp,5,72,0.052035,0.061937,0.726947,0.052778,0.000000,0.986111,0.013889,0.000000,0.000000,0.000000,0.298311,0.000000
learned_depth_completion,nominal_depth,leaf_occluded_fruit_grasp,6,72,0.056814,0.062061,0.745082,0.049306,0.000000,0.958333,0.013889,0.027778,0.000000,0.000000,0.325283,0.000000
learned_depth_completion,missing_depth_shift,occluded_bin_grasping,0,72,0.064545,0.067985,0.714091,0.052480,0.000000,0.986111,0.000000,0.013889,0.000000,0.000000,0.374786,0.000000
learned_depth_completion,missing_depth_shift,occluded_bin_grasping,1,72,0.063605,0.067582,0.710807,0.054762,0.000000,0.972222,0.000000,0.027778,0.000000,0.000000,0.371926,0.000000
learned_depth_completion,missing_depth_shift,occluded_bin_grasping,2,72,0.060960,0.066761,0.733187,0.059524,0.000000,0.986111,0.000000,0.013889,0.000000,0.000000,0.349408,0.000000
learned_depth_completion,missing_depth_shift,occluded_bin_grasping,3,72,0.057105,0.067738,0.705102,0.051984,0.000000,0.986111,0.013889,0.000000,0.000000,0.000000,0.332958,0.000000
learned_depth_completion,missing_depth_shift,occluded_bin_grasping,4,72,0.064726,0.069772,0.711498,0.050794,0.000000,1.000000,0.000000,0.000000,0.000000,0.000000,0.374650,0.000000
learned_depth_completion,missing_depth_shift,occluded_bin_grasping,5,72,0.062198,0.068394,0.716709,0.058532,0.000000,0.986111,0.000000,0.013889,0.000000,0.000000,0.360546,0.000000
learned_depth_completion,missing_depth_shift,occluded_bin_grasping,6,72,0.060271,0.067912,0.716940,0.064484,0.000000,0.972222,0.000000,0.027778,0.000000,0.000000,0.351116,0.000000
learned_depth_completion,missing_depth_shift,shelf_insertion_clearance,0,72,0.054315,0.065369,0.667251,0.058730,0.000000,0.875000,0.000000,0.125000,0.000000,0.000000,0.341135,0.000000
learned_depth_completion,missing_depth_shift,shelf_insertion_clearance,1,72,0.056801,0.064500,0.634167,0.056250,0.000000,0.930556,0.000000,0.069444,0.000000,0.000000,0.356271,0.000000
learned_depth_completion,missing_depth_shift,shelf_insertion_clearance,2,72,0.057639,0.065645,0.622897,0.056250,0.000000,0.888889,0.055556,0.055556,0.000000,0.000000,0.365924,0.000000
learned_depth_completion,missing_depth_shift,shelf_insertion_clearance,3,72,0.053013,0.063013,0.649801,0.057540,0.000000,0.916667,0.027778,0.055556,0.000000,0.000000,0.330691,0.000000
learned_depth_completion,missing_depth_shift,shelf_insertion_clearance,4,72,0.056701,0.066374,0.657475,0.074008,0.000000,0.902778,0.041667,0.055556,0.000000,0.000000,0.350878,0.000000
learned_depth_completion,missing_depth_shift,shelf_insertion_clearance,5,72,0.054874,0.064810,0.642469,0.071131,0.000000,0.888889,0.027778,0.083333,0.000000,0.000000,0.346853,0.000000
learned_depth_completion,missing_depth_shift,shelf_insertion_clearance,6,72,0.055694,0.064606,0.657628,0.064385,0.000000,0.902778,0.041667,0.055556,0.000000,0.000000,0.345331,0.000000
learned_depth_completion,missing_depth_shift,transparent_container_lift,0,72,0.074482,0.081408,0.636804,0.061409,0.000000,0.722222,0.083333,0.194444,0.000000,0.000000,0.480273,0.000000
learned_depth_completion,missing_depth_shift,transparent_container_lift,1,72,0.070256,0.076318,0.646091,0.055853,0.000000,0.763889,0.041667,0.194444,0.000000,0.000000,0.450615,0.000000
learned_depth_completion,missing_depth_shift,transparent_container_lift,2,72,0.078719,0.080665,0.650201,0.053373,0.000000,0.680556,0.083333,0.236111,0.000000,0.000000,0.506352,0.000000
learned_depth_completion,missing_depth_shift,transparent_container_lift,3,72,0.076847,0.079447,0.661785,0.058730,0.000000,0.611111,0.069444,0.319444,0.000000,0.000000,0.503273,0.000000
learned_depth_completion,missing_depth_shift,transparent_container_lift,4,72,0.076469,0.077148,0.659210,0.059127,0.000000,0.736111,0.111111,0.152778,0.000000,0.000000,0.482883,0.000000
learned_depth_completion,missing_depth_shift,transparent_container_lift,5,72,0.070374,0.075475,0.687937,0.050595,0.000000,0.847222,0.013889,0.138889,0.000000,0.000000,0.432089,0.000000
learned_depth_completion,missing_depth_shift,transparent_container_lift,6,72,0.073333,0.080343,0.623436,0.058631,0.000000,0.694444,0.041667,0.263889,0.000000,0.000000,0.482402,0.000000
learned_depth_completion,missing_depth_shift,leaf_occluded_fruit_grasp,0,72,0.069888,0.072485,0.638999,0.057440,0.000000,0.513889,0.111111,0.375000,0.000000,0.000000,0.478517,0.000000
learned_depth_completion,missing_depth_shift,leaf_occluded_fruit_grasp,1,72,0.069162,0.073713,0.656250,0.057143,0.000000,0.541667,0.083333,0.375000,0.000000,0.000000,0.468223,0.000000
learned_depth_completion,missing_depth_shift,leaf_occluded_fruit_grasp,2,72,0.066823,0.073753,0.655134,0.064385,0.000000,0.583333,0.111111,0.305556,0.000000,0.000000,0.447840,0.000000
learned_depth_completion,missing_depth_shift,leaf_occluded_fruit_grasp,3,72,0.065711,0.071808,0.664918,0.059524,0.000000,0.638889,0.069444,0.291667,0.000000,0.000000,0.434321,0.000000
learned_depth_completion,missing_depth_shift,leaf_occluded_fruit_grasp,4,72,0.070562,0.074163,0.660350,0.061210,0.000000,0.597222,0.125000,0.277778,0.000000,0.000000,0.465635,0.000000
learned_depth_completion,missing_depth_shift,leaf_occluded_fruit_grasp,5,72,0.065107,0.072319,0.651197,0.049603,0.000000,0.638889,0.083333,0.277778,0.000000,0.000000,0.433281,0.000000
learned_depth_completion,missing_depth_shift,leaf_occluded_fruit_grasp,6,72,0.069699,0.074606,0.632078,0.050694,0.000000,0.541667,0.208333,0.250000,0.000000,0.000000,0.469636,0.000000
learned_depth_completion,occlusion_shift,occluded_bin_grasping,0,72,0.059333,0.060944,0.721314,0.065079,0.000000,0.986111,0.000000,0.013889,0.000000,0.000000,0.342820,0.000000
learned_depth_completion,occlusion_shift,occluded_bin_grasping,1,72,0.057659,0.062358,0.705912,0.060119,0.000000,0.958333,0.013889,0.027778,0.000000,0.000000,0.339584,0.000000
learned_depth_completion,occlusion_shift,occluded_bin_grasping,2,72,0.053644,0.060005,0.723379,0.046528,0.000000,1.000000,0.000000,0.000000,0.000000,0.000000,0.307524,0.000000
learned_depth_completion,occlusion_shift,occluded_bin_grasping,3,72,0.056792,0.060399,0.718501,0.049306,0.000000,0.972222,0.013889,0.013889,0.000000,0.000000,0.329731,0.000000
learned_depth_completion,occlusion_shift,occluded_bin_grasping,4,72,0.056856,0.061404,0.699470,0.064484,0.000000,0.958333,0.013889,0.027778,0.000000,0.000000,0.336477,0.000000
learned_depth_completion,occlusion_shift,occluded_bin_grasping,5,72,0.056530,0.062994,0.730431,0.059226,0.000000,0.958333,0.000000,0.041667,0.000000,0.000000,0.327984,0.000000
learned_depth_completion,occlusion_shift,occluded_bin_grasping,6,72,0.060603,0.062435,0.735855,0.060119,0.000000,1.000000,0.000000,0.000000,0.000000,0.000000,0.344893,0.000000
learned_depth_completion,occlusion_shift,shelf_insertion_clearance,0,72,0.049454,0.057463,0.673093,0.058631,0.000000,0.888889,0.041667,0.069444,0.000000,0.000000,0.307235,0.000000
learned_depth_completion,occlusion_shift,shelf_insertion_clearance,1,72,0.051933,0.057723,0.646477,0.055754,0.000000,0.944444,0.000000,0.055556,0.000000,0.000000,0.323278,0.000000
learned_depth_completion,occlusion_shift,shelf_insertion_clearance,2,72,0.046321,0.056455,0.637065,0.054464,0.000000,0.930556,0.000000,0.069444,0.000000,0.000000,0.294796,0.000000
learned_depth_completion,occlusion_shift,shelf_insertion_clearance,3,72,0.053373,0.059871,0.636588,0.060119,0.000000,0.916667,0.013889,0.069444,0.000000,0.000000,0.336783,0.000000
learned_depth_completion,occlusion_shift,shelf_insertion_clearance,4,72,0.053853,0.058765,0.662678,0.059524,0.000000,0.847222,0.041667,0.111111,0.000000,0.000000,0.340666,0.000000
learned_depth_completion,occlusion_shift,shelf_insertion_clearance,5,72,0.052757,0.060831,0.654223,0.064484,0.000000,0.861111,0.041667,0.097222,0.000000,0.000000,0.334533,0.000000
learned_depth_completion,occlusion_shift,shelf_insertion_clearance,6,72,0.049583,0.057444,0.646552,0.056052,0.000000,0.888889,0.027778,0.083333,0.000000,0.000000,0.315187,0.000000
learned_depth_completion,occlusion_shift,transparent_container_lift,0,72,0.065910,0.074899,0.677821,0.053571,0.000000,0.666667,0.055556,0.277778,0.000000,0.000000,0.429601,0.000000
learned_depth_completion,occlusion_shift,transparent_container_lift,1,72,0.069738,0.075326,0.670416,0.059127,0.000000,0.597222,0.027778,0.375000,0.000000,0.000000,0.464275,0.000000
learned_depth_completion,occlusion_shift,transparent_container_lift,2,72,0.068897,0.073100,0.637934,0.055952,0.000000,0.625000,0.097222,0.277778,0.000000,0.000000,0.459417,0.000000
learned_depth_completion,occlusion_shift,transparent_container_lift,3,72,0.067290,0.073816,0.665305,0.053869,0.000000,0.722222,0.111111,0.166667,0.000000,0.000000,0.430053,0.000000
learned_depth_completion,occlusion_shift,transparent_container_lift,4,72,0.070207,0.074705,0.661808,0.051687,0.000000,0.569444,0.097222,0.333333,0.000000,0.000000,0.468508,0.000000
learned_depth_completion,occlusion_shift,transparent_container_lift,5,72,0.074737,0.077486,0.645012,0.066567,0.000000,0.569444,0.069444,0.361111,0.000000,0.000000,0.500480,0.000000
learned_depth_completion,occlusion_shift,transparent_container_lift,6,72,0.074257,0.075138,0.661132,0.048413,0.000000,0.583333,0.097222,0.319444,0.000000,0.000000,0.490353,0.000000
learned_depth_completion,occlusion_shift,leaf_occluded_fruit_grasp,0,72,0.063086,0.065959,0.663215,0.053373,0.000000,0.638889,0.083333,0.277778,0.000000,0.000000,0.418670,0.000000
learned_depth_completion,occlusion_shift,leaf_occluded_fruit_grasp,1,72,0.066087,0.066631,0.659174,0.056548,0.000000,0.569444,0.125000,0.305556,0.000000,0.000000,0.443576,0.000000
learned_depth_completion,occlusion_shift,leaf_occluded_fruit_grasp,2,72,0.068334,0.067652,0.669816,0.056944,0.000000,0.541667,0.180556,0.277778,0.000000,0.000000,0.454330,0.000000
learned_depth_completion,occlusion_shift,leaf_occluded_fruit_grasp,3,72,0.066414,0.068157,0.641585,0.064980,0.000000,0.486111,0.180556,0.333333,0.000000,0.000000,0.457195,0.000000
learned_depth_completion,occlusion_shift,leaf_occluded_fruit_grasp,4,72,0.063847,0.065891,0.685289,0.057738,0.000000,0.597222,0.166667,0.236111,0.000000,0.000000,0.418205,0.000000
learned_depth_completion,occlusion_shift,leaf_occluded_fruit_grasp,5,72,0.064631,0.065983,0.699028,0.051587,0.000000,0.722222,0.097222,0.180556,0.000000,0.000000,0.407370,0.000000
learned_depth_completion,occlusion_shift,leaf_occluded_fruit_grasp,6,72,0.061695,0.064228,0.684507,0.045040,0.000000,0.694444,0.055556,0.250000,0.000000,0.000000,0.399936,0.000000
learned_depth_completion,transparent_specular_shift,occluded_bin_grasping,0,72,0.060985,0.069993,0.724102,0.054563,0.000000,0.986111,0.000000,0.013889,0.000000,0.000000,0.351734,0.000000
learned_depth_completion,transparent_specular_shift,occluded_bin_grasping,1,72,0.063330,0.069208,0.710667,0.056052,0.000000,0.986111,0.013889,0.000000,0.000000,0.000000,0.367728,0.000000
learned_depth_completion,transparent_specular_shift,occluded_bin_grasping,2,72,0.066670,0.071459,0.711032,0.051488,0.000000,0.916667,0.013889,0.069444,0.000000,0.000000,0.396040,0.000000
learned_depth_completion,transparent_specular_shift,occluded_bin_grasping,3,72,0.061560,0.071929,0.688769,0.053472,0.000000,0.944444,0.027778,0.027778,0.000000,0.000000,0.367300,0.000000
learned_depth_completion,transparent_specular_shift,occluded_bin_grasping,4,72,0.061510,0.069551,0.722456,0.057540,0.000000,0.972222,0.000000,0.027778,0.000000,0.000000,0.356980,0.000000
learned_depth_completion,transparent_specular_shift,occluded_bin_grasping,5,72,0.064875,0.071289,0.715204,0.057143,0.000000,0.944444,0.027778,0.027778,0.000000,0.000000,0.380180,0.000000
learned_depth_completion,transparent_specular_shift,occluded_bin_grasping,6,72,0.068747,0.073370,0.717220,0.057440,0.000000,0.930556,0.027778,0.041667,0.000000,0.000000,0.403959,0.000000
learned_depth_completion,transparent_specular_shift,shelf_insertion_clearance,0,72,0.062026,0.068850,0.605512,0.060913,0.000000,0.791667,0.055556,0.152778,0.000000,0.000000,0.408179,0.000000
learned_depth_completion,transparent_specular_shift,shelf_insertion_clearance,1,72,0.058873,0.064799,0.640787,0.055159,0.000000,0.805556,0.083333,0.111111,0.000000,0.000000,0.377952,0.000000
learned_depth_completion,transparent_specular_shift,shelf_insertion_clearance,2,72,0.060343,0.068171,0.641182,0.064187,0.000000,0.805556,0.055556,0.138889,0.000000,0.000000,0.388052,0.000000
learned_depth_completion,transparent_specular_shift,shelf_insertion_clearance,3,72,0.057509,0.067790,0.610939,0.069742,0.000000,0.791667,0.027778,0.180556,0.000000,0.000000,0.382342,0.000000
learned_depth_completion,transparent_specular_shift,shelf_insertion_clearance,4,72,0.055173,0.064949,0.635868,0.061210,0.000000,0.833333,0.041667,0.125000,0.000000,0.000000,0.356564,0.000000
learned_depth_completion,transparent_specular_shift,shelf_insertion_clearance,5,72,0.056962,0.066775,0.658999,0.060615,0.000000,0.875000,0.055556,0.069444,0.000000,0.000000,0.355134,0.000000
learned_depth_completion,transparent_specular_shift,shelf_insertion_clearance,6,72,0.058539,0.066757,0.614347,0.057639,0.000000,0.805556,0.069444,0.125000,0.000000,0.000000,0.383193,0.000000
learned_depth_completion,transparent_specular_shift,transparent_container_lift,0,72,0.082767,0.080411,0.612949,0.068552,0.000000,0.486111,0.069444,0.444444,0.000000,0.000000,0.565249,0.000000
learned_depth_completion,transparent_specular_shift,transparent_container_lift,1,72,0.073900,0.077371,0.652611,0.052877,0.000000,0.625000,0.041667,0.333333,0.000000,0.000000,0.488246,0.000000
learned_depth_completion,transparent_specular_shift,transparent_container_lift,2,72,0.074801,0.079901,0.642629,0.055952,0.000000,0.597222,0.138889,0.263889,0.000000,0.000000,0.493642,0.000000
learned_depth_completion,transparent_specular_shift,transparent_container_lift,3,72,0.077490,0.080837,0.656592,0.057738,0.000000,0.541667,0.111111,0.347222,0.000000,0.000000,0.514587,0.000000
learned_depth_completion,transparent_specular_shift,transparent_container_lift,4,72,0.076421,0.077452,0.665125,0.053274,0.000000,0.611111,0.097222,0.291667,0.000000,0.000000,0.498334,0.000000
learned_depth_completion,transparent_specular_shift,transparent_container_lift,5,72,0.073776,0.078921,0.649373,0.063095,0.000000,0.638889,0.027778,0.333333,0.000000,0.000000,0.487328,0.000000
learned_depth_completion,transparent_specular_shift,transparent_container_lift,6,72,0.074871,0.076152,0.645385,0.058730,0.000000,0.569444,0.083333,0.347222,0.000000,0.000000,0.500333,0.000000
learned_depth_completion,transparent_specular_shift,leaf_occluded_fruit_grasp,0,72,0.070323,0.075906,0.655233,0.054167,0.000000,0.361111,0.194444,0.444444,0.000000,0.000000,0.492007,0.000000
learned_depth_completion,transparent_specular_shift,leaf_occluded_fruit_grasp,1,72,0.071058,0.073650,0.656174,0.054861,0.000000,0.500000,0.138889,0.361111,0.000000,0.000000,0.481320,0.000000
learned_depth_completion,transparent_specular_shift,leaf_occluded_fruit_grasp,2,72,0.073555,0.076886,0.651361,0.066071,0.000000,0.416667,0.166667,0.416667,0.000000,0.000000,0.506126,0.000000
learned_depth_completion,transparent_specular_shift,leaf_occluded_fruit_grasp,3,72,0.078424,0.077937,0.620207,0.062996,0.000000,0.250000,0.194444,0.555556,0.000000,0.000000,0.561840,0.000000
learned_depth_completion,transparent_specular_shift,leaf_occluded_fruit_grasp,4,72,0.072713,0.076153,0.663187,0.054266,0.000000,0.375000,0.180556,0.444444,0.000000,0.000000,0.502987,0.000000
learned_depth_completion,transparent_specular_shift,leaf_occluded_fruit_grasp,5,72,0.073464,0.074683,0.652118,0.045437,0.000000,0.347222,0.111111,0.541667,0.000000,0.000000,0.517777,0.000000
learned_depth_completion,transparent_specular_shift,leaf_occluded_fruit_grasp,6,72,0.070079,0.075542,0.641793,0.058333,0.000000,0.375000,0.138889,0.486111,0.000000,0.000000,0.495347,0.000000
learned_depth_completion,combined_interactive_stress,occluded_bin_grasping,0,72,0.072023,0.075675,0.586339,0.061310,0.000000,0.375000,0.222222,0.402778,0.000000,0.000000,0.514928,0.000000
learned_depth_completion,combined_interactive_stress,occluded_bin_grasping,1,72,0.072539,0.073460,0.576365,0.042262,0.000000,0.347222,0.194444,0.458333,0.000000,0.000000,0.525591,0.000000
learned_depth_completion,combined_interactive_stress,occluded_bin_grasping,2,72,0.077608,0.077956,0.598147,0.074107,0.000000,0.388889,0.236111,0.375000,0.000000,0.000000,0.541848,0.000000
learned_depth_completion,combined_interactive_stress,occluded_bin_grasping,3,72,0.075124,0.076961,0.586754,0.063393,0.000000,0.361111,0.138889,0.500000,0.000000,0.000000,0.539621,0.000000
learned_depth_completion,combined_interactive_stress,occluded_bin_grasping,4,72,0.067210,0.070415,0.593375,0.047024,0.000000,0.458333,0.277778,0.263889,0.000000,0.000000,0.471158,0.000000
learned_depth_completion,combined_interactive_stress,occluded_bin_grasping,5,72,0.069939,0.076751,0.587349,0.060317,0.000000,0.472222,0.180556,0.347222,0.000000,0.000000,0.492462,0.000000
learned_depth_completion,combined_interactive_stress,occluded_bin_grasping,6,72,0.074883,0.076550,0.601921,0.068849,0.000000,0.402778,0.194444,0.402778,0.000000,0.000000,0.525225,0.000000
learned_depth_completion,combined_interactive_stress,shelf_insertion_clearance,0,72,0.064814,0.070823,0.547897,0.056448,0.000000,0.347222,0.222222,0.430556,0.000000,0.000000,0.485954,0.000000
learned_depth_completion,combined_interactive_stress,shelf_insertion_clearance,1,72,0.064511,0.068014,0.542469,0.050794,0.000000,0.388889,0.194444,0.416667,0.000000,0.000000,0.481749,0.000000
learned_depth_completion,combined_interactive_stress,shelf_insertion_clearance,2,72,0.068490,0.071665,0.541439,0.062103,0.000000,0.333333,0.166667,0.500000,0.000000,0.000000,0.513962,0.000000
learned_depth_completion,combined_interactive_stress,shelf_insertion_clearance,3,72,0.061973,0.067703,0.578560,0.053075,0.000000,0.458333,0.166667,0.375000,0.000000,0.000000,0.451006,0.000000
learned_depth_completion,combined_interactive_stress,shelf_insertion_clearance,4,72,0.065145,0.071073,0.545061,0.061706,0.000000,0.263889,0.263889,0.472222,0.000000,0.000000,0.496886,0.000000
learned_depth_completion,combined_interactive_stress,shelf_insertion_clearance,5,72,0.070971,0.073272,0.591583,0.061508,0.000000,0.375000,0.194444,0.430556,0.000000,0.000000,0.507804,0.000000
learned_depth_completion,combined_interactive_stress,shelf_insertion_clearance,6,72,0.065315,0.070641,0.544085,0.067857,0.000000,0.361111,0.180556,0.458333,0.000000,0.000000,0.490032,0.000000
learned_depth_completion,combined_interactive_stress,transparent_container_lift,0,72,0.085518,0.086759,0.468281,0.059921,0.000000,0.027778,0.333333,0.638889,0.000000,0.000000,0.659810,0.000000
learned_depth_completion,combined_interactive_stress,transparent_container_lift,1,72,0.081581,0.083676,0.527670,0.056845,0.000000,0.041667,0.347222,0.611111,0.000000,0.000000,0.620278,0.000000
learned_depth_completion,combined_interactive_stress,transparent_container_lift,2,72,0.086628,0.088128,0.529307,0.060218,0.000000,0.041667,0.263889,0.694444,0.000000,0.000000,0.654160,0.000000
learned_depth_completion,combined_interactive_stress,transparent_container_lift,3,72,0.085138,0.088127,0.507028,0.055556,0.000000,0.000000,0.250000,0.750000,0.000000,0.000000,0.655885,0.000000
learned_depth_completion,combined_interactive_stress,transparent_container_lift,4,72,0.085452,0.086495,0.499659,0.050694,0.000000,0.027778,0.277778,0.694444,0.000000,0.000000,0.654720,0.000000
learned_depth_completion,combined_interactive_stress,transparent_container_lift,5,72,0.084403,0.084842,0.530381,0.055258,0.000000,0.027778,0.361111,0.611111,0.000000,0.000000,0.636378,0.000000
learned_depth_completion,combined_interactive_stress,transparent_container_lift,6,72,0.083497,0.088338,0.529697,0.061012,0.000000,0.013889,0.291667,0.694444,0.000000,0.000000,0.636167,0.000000
learned_depth_completion,combined_interactive_stress,leaf_occluded_fruit_grasp,0,72,0.077607,0.080068,0.488716,0.063790,0.000000,0.013889,0.277778,0.708333,0.000000,0.000000,0.614357,0.000000
learned_depth_completion,combined_interactive_stress,leaf_occluded_fruit_grasp,1,72,0.074540,0.078665,0.534715,0.051885,0.000000,0.027778,0.291667,0.680556,0.000000,0.000000,0.582609,0.000000
learned_depth_completion,combined_interactive_stress,leaf_occluded_fruit_grasp,2,72,0.078886,0.079692,0.497104,0.052381,0.000000,0.027778,0.319444,0.652778,0.000000,0.000000,0.615458,0.000000
learned_depth_completion,combined_interactive_stress,leaf_occluded_fruit_grasp,3,72,0.077679,0.082207,0.502615,0.065278,0.000000,0.027778,0.388889,0.583333,0.000000,0.000000,0.602918,0.000000
learned_depth_completion,combined_interactive_stress,leaf_occluded_fruit_grasp,4,72,0.077590,0.080151,0.528716,0.061706,0.000000,0.013889,0.333333,0.652778,0.000000,0.000000,0.601324,0.000000
learned_depth_completion,combined_interactive_stress,leaf_occluded_fruit_grasp,5,72,0.076766,0.081431,0.524381,0.059821,0.000000,0.027778,0.416667,0.555556,0.000000,0.000000,0.590778,0.000000
learned_depth_completion,combined_interactive_stress,leaf_occluded_fruit_grasp,6,72,0.077841,0.078005,0.491297,0.054762,0.000000,0.027778,0.347222,0.625000,0.000000,0.000000,0.609120,0.000000
gaussian_splat_uncertainty,nominal_depth,occluded_bin_grasping,0,72,0.051663,0.061199,0.791488,0.061607,0.000000,1.000000,0.000000,0.000000,0.000000,0.000000,0.279686,0.000000
gaussian_splat_uncertainty,nominal_depth,occluded_bin_grasping,1,72,0.056531,0.062283,0.785619,0.057341,0.000000,1.000000,0.000000,0.000000,0.000000,0.000000,0.309329,0.000000
gaussian_splat_uncertainty,nominal_depth,occluded_bin_grasping,2,72,0.049848,0.062278,0.781126,0.058631,0.000000,1.000000,0.000000,0.000000,0.000000,0.000000,0.271649,0.000000
gaussian_splat_uncertainty,nominal_depth,occluded_bin_grasping,3,72,0.055183,0.062416,0.815200,0.050397,0.000000,1.000000,0.000000,0.000000,0.000000,0.000000,0.294414,0.000000
gaussian_splat_uncertainty,nominal_depth,occluded_bin_grasping,4,72,0.050968,0.064838,0.793304,0.053770,0.000000,1.000000,0.000000,0.000000,0.000000,0.000000,0.275222,0.000000
gaussian_splat_uncertainty,nominal_depth,occluded_bin_grasping,5,72,0.053091,0.062229,0.805656,0.051389,0.000000,1.000000,0.000000,0.000000,0.000000,0.000000,0.284568,0.000000
gaussian_splat_uncertainty,nominal_depth,occluded_bin_grasping,6,72,0.047534,0.062142,0.798900,0.058829,0.000000,1.000000,0.000000,0.000000,0.000000,0.000000,0.253964,0.000000
gaussian_splat_uncertainty,nominal_depth,shelf_insertion_clearance,0,72,0.045099,0.061071,0.752758,0.058135,0.000000,1.000000,0.000000,0.000000,0.000000,0.000000,0.250914,0.000000
gaussian_splat_uncertainty,nominal_depth,shelf_insertion_clearance,1,72,0.040346,0.054413,0.772614,0.054167,0.000000,0.986111,0.000000,0.013889,0.000000,0.000000,0.220384,0.000000
gaussian_splat_uncertainty,nominal_depth,shelf_insertion_clearance,2,72,0.045705,0.059422,0.747766,0.051984,0.000000,0.986111,0.000000,0.013889,0.000000,0.000000,0.257430,0.000000
gaussian_splat_uncertainty,nominal_depth,shelf_insertion_clearance,3,72,0.043323,0.059272,0.777539,0.052183,0.000000,1.000000,0.000000,0.000000,0.000000,0.000000,0.234666,0.000000
gaussian_splat_uncertainty,nominal_depth,shelf_insertion_clearance,4,72,0.042541,0.058237,0.763079,0.057341,0.000000,0.986111,0.000000,0.013889,0.000000,0.000000,0.235406,0.000000
gaussian_splat_uncertainty,nominal_depth,shelf_insertion_clearance,5,72,0.041960,0.061844,0.742287,0.054266,0.000000,1.000000,0.000000,0.000000,0.000000,0.000000,0.235222,0.000000
gaussian_splat_uncertainty,nominal_depth,shelf_insertion_clearance,6,72,0.043799,0.057543,0.786066,0.059821,0.000000,1.000000,0.000000,0.000000,0.000000,0.000000,0.235380,0.000000
gaussian_splat_uncertainty,nominal_depth,transparent_container_lift,0,72,0.062378,0.072912,0.756393,0.050992,0.000000,0.986111,0.000000,0.013889,0.000000,0.000000,0.352065,0.000000
gaussian_splat_uncertainty,nominal_depth,transparent_container_lift,1,72,0.064045,0.075689,0.720293,0.049504,0.000000,0.944444,0.013889,0.041667,0.000000,0.000000,0.374977,0.000000
gaussian_splat_uncertainty,nominal_depth,transparent_container_lift,2,72,0.065666,0.074718,0.724384,0.055357,0.000000,0.986111,0.013889,0.000000,0.000000,0.000000,0.377982,0.000000
gaussian_splat_uncertainty,nominal_depth,transparent_container_lift,3,72,0.064443,0.070854,0.727776,0.052976,0.000000,0.972222,0.000000,0.027778,0.000000,0.000000,0.372713,0.000000
gaussian_splat_uncertainty,nominal_depth,transparent_container_lift,4,72,0.066634,0.075869,0.731923,0.051687,0.000000,0.958333,0.000000,0.041667,0.000000,0.000000,0.386150,0.000000
gaussian_splat_uncertainty,nominal_depth,transparent_container_lift,5,72,0.062779,0.071089,0.762322,0.057639,0.000000,0.958333,0.000000,0.041667,0.000000,0.000000,0.356578,0.000000
gaussian_splat_uncertainty,nominal_depth,transparent_container_lift,6,72,0.063665,0.071819,0.763183,0.053968,0.000000,0.986111,0.000000,0.013889,0.000000,0.000000,0.357899,0.000000
gaussian_splat_uncertainty,nominal_depth,leaf_occluded_fruit_grasp,0,72,0.061971,0.068341,0.726294,0.054464,0.000000,0.916667,0.013889,0.069444,0.000000,0.000000,0.365121,0.000000
gaussian_splat_uncertainty,nominal_depth,leaf_occluded_fruit_grasp,1,72,0.062604,0.068579,0.733841,0.052976,0.000000,0.944444,0.027778,0.027778,0.000000,0.000000,0.362534,0.000000
gaussian_splat_uncertainty,nominal_depth,leaf_occluded_fruit_grasp,2,72,0.064871,0.069022,0.745435,0.055754,0.000000,0.930556,0.013889,0.055556,0.000000,0.000000,0.375539,0.000000
gaussian_splat_uncertainty,nominal_depth,leaf_occluded_fruit_grasp,3,72,0.060762,0.069472,0.740393,0.049008,0.000000,0.916667,0.013889,0.069444,0.000000,0.000000,0.354725,0.000000
gaussian_splat_uncertainty,nominal_depth,leaf_occluded_fruit_grasp,4,72,0.059251,0.063930,0.750095,0.061806,0.000000,0.972222,0.000000,0.027778,0.000000,0.000000,0.337247,0.000000
gaussian_splat_uncertainty,nominal_depth,leaf_occluded_fruit_grasp,5,72,0.060523,0.068363,0.761303,0.049802,0.000000,0.958333,0.013889,0.027778,0.000000,0.000000,0.342903,0.000000
gaussian_splat_uncertainty,nominal_depth,leaf_occluded_fruit_grasp,6,72,0.063767,0.068143,0.742411,0.053075,0.000000,0.958333,0.000000,0.041667,0.000000,0.000000,0.367084,0.000000
gaussian_splat_uncertainty,missing_depth_shift,occluded_bin_grasping,0,72,0.067903,0.074655,0.743710,0.059821,0.000000,0.986111,0.013889,0.000000,0.000000,0.000000,0.386320,0.000000
gaussian_splat_uncertainty,missing_depth_shift,occluded_bin_grasping,1,72,0.069201,0.074340,0.738539,0.050496,0.000000,0.986111,0.000000,0.013889,0.000000,0.000000,0.395921,0.000000
gaussian_splat_uncertainty,missing_depth_shift,occluded_bin_grasping,2,72,0.065397,0.074375,0.748257,0.055456,0.000000,0.958333,0.041667,0.000000,0.000000,0.000000,0.372639,0.000000
gaussian_splat_uncertainty,missing_depth_shift,occluded_bin_grasping,3,72,0.064021,0.072817,0.716389,0.055159,0.000000,0.972222,0.000000,0.027778,0.000000,0.000000,0.372997,0.000000
gaussian_splat_uncertainty,missing_depth_shift,occluded_bin_grasping,4,72,0.064174,0.071237,0.733293,0.058135,0.000000,1.000000,0.000000,0.000000,0.000000,0.000000,0.366221,0.000000
gaussian_splat_uncertainty,missing_depth_shift,occluded_bin_grasping,5,72,0.065114,0.073021,0.728102,0.048512,0.000000,1.000000,0.000000,0.000000,0.000000,0.000000,0.372919,0.000000
gaussian_splat_uncertainty,missing_depth_shift,occluded_bin_grasping,6,72,0.066938,0.075389,0.743575,0.062698,0.000000,0.986111,0.000000,0.013889,0.000000,0.000000,0.381591,0.000000
gaussian_splat_uncertainty,missing_depth_shift,shelf_insertion_clearance,0,72,0.061523,0.069721,0.662144,0.052579,0.000000,0.902778,0.041667,0.055556,0.000000,0.000000,0.378059,0.000000
gaussian_splat_uncertainty,missing_depth_shift,shelf_insertion_clearance,1,72,0.059244,0.069339,0.674370,0.050595,0.000000,0.972222,0.013889,0.013889,0.000000,0.000000,0.354542,0.000000
gaussian_splat_uncertainty,missing_depth_shift,shelf_insertion_clearance,2,72,0.061205,0.070145,0.681716,0.051687,0.000000,0.958333,0.013889,0.027778,0.000000,0.000000,0.365961,0.000000
gaussian_splat_uncertainty,missing_depth_shift,shelf_insertion_clearance,3,72,0.059910,0.070279,0.681050,0.047917,0.000000,0.916667,0.013889,0.069444,0.000000,0.000000,0.364026,0.000000
gaussian_splat_uncertainty,missing_depth_shift,shelf_insertion_clearance,4,72,0.063641,0.073393,0.645486,0.055853,0.000000,0.875000,0.000000,0.125000,0.000000,0.000000,0.400448,0.000000
gaussian_splat_uncertainty,missing_depth_shift,shelf_insertion_clearance,5,72,0.055066,0.067078,0.680076,0.054464,0.000000,0.916667,0.013889,0.069444,0.000000,0.000000,0.336162,0.000000
gaussian_splat_uncertainty,missing_depth_shift,shelf_insertion_clearance,6,72,0.059311,0.069240,0.666478,0.050397,0.000000,0.958333,0.000000,0.041667,0.000000,0.000000,0.359463,0.000000
gaussian_splat_uncertainty,missing_depth_shift,transparent_container_lift,0,72,0.077647,0.084457,0.675561,0.052579,0.000000,0.819444,0.069444,0.111111,0.000000,0.000000,0.477522,0.000000
gaussian_splat_uncertainty,missing_depth_shift,transparent_container_lift,1,72,0.080513,0.085866,0.662441,0.047222,0.000000,0.680556,0.069444,0.250000,0.000000,0.000000,0.515350,0.000000
gaussian_splat_uncertainty,missing_depth_shift,transparent_container_lift,2,72,0.082237,0.084514,0.688255,0.058036,0.000000,0.722222,0.041667,0.236111,0.000000,0.000000,0.514463,0.000000
gaussian_splat_uncertainty,missing_depth_shift,transparent_container_lift,3,72,0.079918,0.084790,0.678504,0.052778,0.000000,0.638889,0.097222,0.263889,0.000000,0.000000,0.511698,0.000000
gaussian_splat_uncertainty,missing_depth_shift,transparent_container_lift,4,72,0.078574,0.083169,0.656201,0.057341,0.000000,0.680556,0.055556,0.263889,0.000000,0.000000,0.506436,0.000000
gaussian_splat_uncertainty,missing_depth_shift,transparent_container_lift,5,72,0.078820,0.083782,0.664812,0.055258,0.000000,0.708333,0.055556,0.236111,0.000000,0.000000,0.502182,0.000000
gaussian_splat_uncertainty,missing_depth_shift,transparent_container_lift,6,72,0.078101,0.084527,0.661582,0.055754,0.000000,0.694444,0.069444,0.236111,0.000000,0.000000,0.499764,0.000000
gaussian_splat_uncertainty,missing_depth_shift,leaf_occluded_fruit_grasp,0,72,0.073652,0.079146,0.683519,0.059325,0.000000,0.527778,0.152778,0.319444,0.000000,0.000000,0.484446,0.000000
gaussian_splat_uncertainty,missing_depth_shift,leaf_occluded_fruit_grasp,1,72,0.075532,0.080676,0.674804,0.052480,0.000000,0.555556,0.111111,0.333333,0.000000,0.000000,0.497243,0.000000
gaussian_splat_uncertainty,missing_depth_shift,leaf_occluded_fruit_grasp,2,72,0.070287,0.077825,0.666630,0.057341,0.000000,0.513889,0.194444,0.291667,0.000000,0.000000,0.469204,0.000000
gaussian_splat_uncertainty,missing_depth_shift,leaf_occluded_fruit_grasp,3,72,0.076243,0.080138,0.700837,0.051786,0.000000,0.541667,0.083333,0.375000,0.000000,0.000000,0.498592,0.000000
gaussian_splat_uncertainty,missing_depth_shift,leaf_occluded_fruit_grasp,4,72,0.071489,0.081819,0.663901,0.047024,0.000000,0.625000,0.083333,0.291667,0.000000,0.000000,0.469048,0.000000
gaussian_splat_uncertainty,missing_depth_shift,leaf_occluded_fruit_grasp,5,72,0.070354,0.077851,0.682581,0.051389,0.000000,0.597222,0.083333,0.319444,0.000000,0.000000,0.461598,0.000000
gaussian_splat_uncertainty,missing_depth_shift,leaf_occluded_fruit_grasp,6,72,0.071701,0.075191,0.675396,0.056845,0.000000,0.625000,0.111111,0.263889,0.000000,0.000000,0.465853,0.000000
gaussian_splat_uncertainty,occlusion_shift,occluded_bin_grasping,0,72,0.060899,0.066244,0.723892,0.049802,0.000000,0.986111,0.000000,0.013889,0.000000,0.000000,0.351284,0.000000
gaussian_splat_uncertainty,occlusion_shift,occluded_bin_grasping,1,72,0.065927,0.066401,0.734569,0.055754,0.000000,0.986111,0.000000,0.013889,0.000000,0.000000,0.377501,0.000000
gaussian_splat_uncertainty,occlusion_shift,occluded_bin_grasping,2,72,0.058685,0.063250,0.763822,0.054266,0.000000,0.972222,0.000000,0.027778,0.000000,0.000000,0.330666,0.000000
gaussian_splat_uncertainty,occlusion_shift,occluded_bin_grasping,3,72,0.059670,0.064737,0.746727,0.060417,0.000000,0.972222,0.013889,0.013889,0.000000,0.000000,0.339652,0.000000
gaussian_splat_uncertainty,occlusion_shift,occluded_bin_grasping,4,72,0.061902,0.066951,0.723982,0.050992,0.000000,1.000000,0.000000,0.000000,0.000000,0.000000,0.355274,0.000000
gaussian_splat_uncertainty,occlusion_shift,occluded_bin_grasping,5,72,0.063321,0.065141,0.753562,0.055754,0.000000,1.000000,0.000000,0.000000,0.000000,0.000000,0.356406,0.000000
gaussian_splat_uncertainty,occlusion_shift,occluded_bin_grasping,6,72,0.064498,0.065892,0.714244,0.057540,0.000000,0.986111,0.000000,0.013889,0.000000,0.000000,0.374476,0.000000
gaussian_splat_uncertainty,occlusion_shift,shelf_insertion_clearance,0,72,0.054598,0.061612,0.684549,0.050794,0.000000,0.916667,0.013889,0.069444,0.000000,0.000000,0.332378,0.000000
gaussian_splat_uncertainty,occlusion_shift,shelf_insertion_clearance,1,72,0.051186,0.061312,0.655851,0.050198,0.000000,0.958333,0.013889,0.027778,0.000000,0.000000,0.314058,0.000000
gaussian_splat_uncertainty,occlusion_shift,shelf_insertion_clearance,2,72,0.053105,0.060134,0.692686,0.056052,0.000000,0.930556,0.013889,0.055556,0.000000,0.000000,0.319956,0.000000
gaussian_splat_uncertainty,occlusion_shift,shelf_insertion_clearance,3,72,0.054692,0.060500,0.680747,0.053075,0.000000,0.930556,0.027778,0.041667,0.000000,0.000000,0.331195,0.000000
gaussian_splat_uncertainty,occlusion_shift,shelf_insertion_clearance,4,72,0.053659,0.062413,0.679846,0.050397,0.000000,0.902778,0.041667,0.055556,0.000000,0.000000,0.328197,0.000000
gaussian_splat_uncertainty,occlusion_shift,shelf_insertion_clearance,5,72,0.055454,0.062352,0.701450,0.048016,0.000000,0.888889,0.013889,0.097222,0.000000,0.000000,0.336896,0.000000
gaussian_splat_uncertainty,occlusion_shift,shelf_insertion_clearance,6,72,0.053892,0.063466,0.668960,0.060913,0.000000,0.930556,0.013889,0.055556,0.000000,0.000000,0.330218,0.000000
gaussian_splat_uncertainty,occlusion_shift,transparent_container_lift,0,72,0.075322,0.079545,0.667388,0.057937,0.000000,0.763889,0.097222,0.138889,0.000000,0.000000,0.471556,0.000000
gaussian_splat_uncertainty,occlusion_shift,transparent_container_lift,1,72,0.075878,0.080609,0.663047,0.052183,0.000000,0.555556,0.097222,0.347222,0.000000,0.000000,0.502906,0.000000
gaussian_splat_uncertainty,occlusion_shift,transparent_container_lift,2,72,0.073389,0.076027,0.676807,0.060417,0.000000,0.708333,0.111111,0.180556,0.000000,0.000000,0.464474,0.000000
gaussian_splat_uncertainty,occlusion_shift,transparent_container_lift,3,72,0.072554,0.077980,0.686864,0.059028,0.000000,0.708333,0.111111,0.180556,0.000000,0.000000,0.457021,0.000000
gaussian_splat_uncertainty,occlusion_shift,transparent_container_lift,4,72,0.071727,0.076723,0.676606,0.058433,0.000000,0.680556,0.013889,0.305556,0.000000,0.000000,0.464326,0.000000
gaussian_splat_uncertainty,occlusion_shift,transparent_container_lift,5,72,0.075386,0.079626,0.688371,0.050694,0.000000,0.777778,0.041667,0.180556,0.000000,0.000000,0.467941,0.000000
gaussian_splat_uncertainty,occlusion_shift,transparent_container_lift,6,72,0.074136,0.078449,0.677954,0.054762,0.000000,0.694444,0.041667,0.263889,0.000000,0.000000,0.474503,0.000000
gaussian_splat_uncertainty,occlusion_shift,leaf_occluded_fruit_grasp,0,72,0.070314,0.069314,0.691776,0.055258,0.000000,0.611111,0.111111,0.277778,0.000000,0.000000,0.455686,0.000000
gaussian_splat_uncertainty,occlusion_shift,leaf_occluded_fruit_grasp,1,72,0.066647,0.070372,0.701146,0.054861,0.000000,0.680556,0.097222,0.222222,0.000000,0.000000,0.423969,0.000000
gaussian_splat_uncertainty,occlusion_shift,leaf_occluded_fruit_grasp,2,72,0.065991,0.070893,0.704086,0.058433,0.000000,0.638889,0.069444,0.291667,0.000000,0.000000,0.426139,0.000000
gaussian_splat_uncertainty,occlusion_shift,leaf_occluded_fruit_grasp,3,72,0.067772,0.069350,0.684549,0.054960,0.000000,0.680556,0.097222,0.222222,0.000000,0.000000,0.434478,0.000000
gaussian_splat_uncertainty,occlusion_shift,leaf_occluded_fruit_grasp,4,72,0.066158,0.070662,0.704422,0.059325,0.000000,0.680556,0.083333,0.236111,0.000000,0.000000,0.421184,0.000000
gaussian_splat_uncertainty,occlusion_shift,leaf_occluded_fruit_grasp,5,72,0.066782,0.071044,0.674539,0.055754,0.000000,0.625000,0.083333,0.291667,0.000000,0.000000,0.439198,0.000000
gaussian_splat_uncertainty,occlusion_shift,leaf_occluded_fruit_grasp,6,72,0.065755,0.073086,0.688056,0.049107,0.000000,0.569444,0.055556,0.375000,0.000000,0.000000,0.438884,0.000000
gaussian_splat_uncertainty,transparent_specular_shift,occluded_bin_grasping,0,72,0.067789,0.074177,0.744533,0.063492,0.000000,0.958333,0.000000,0.041667,0.000000,0.000000,0.389904,0.000000
gaussian_splat_uncertainty,transparent_specular_shift,occluded_bin_grasping,1,72,0.068081,0.076086,0.699045,0.048512,0.000000,0.958333,0.013889,0.027778,0.000000,0.000000,0.401684,0.000000
gaussian_splat_uncertainty,transparent_specular_shift,occluded_bin_grasping,2,72,0.065085,0.076124,0.735695,0.055853,0.000000,0.986111,0.013889,0.000000,0.000000,0.000000,0.371897,0.000000
gaussian_splat_uncertainty,transparent_specular_shift,occluded_bin_grasping,3,72,0.066419,0.073836,0.739982,0.055556,0.000000,0.958333,0.000000,0.041667,0.000000,0.000000,0.383050,0.000000
gaussian_splat_uncertainty,transparent_specular_shift,occluded_bin_grasping,4,72,0.071820,0.076618,0.713974,0.052679,0.000000,0.930556,0.027778,0.041667,0.000000,0.000000,0.422565,0.000000
gaussian_splat_uncertainty,transparent_specular_shift,occluded_bin_grasping,5,72,0.070259,0.076314,0.726414,0.053075,0.000000,0.930556,0.013889,0.055556,0.000000,0.000000,0.411360,0.000000
gaussian_splat_uncertainty,transparent_specular_shift,occluded_bin_grasping,6,72,0.067523,0.074533,0.735538,0.055655,0.000000,0.986111,0.000000,0.013889,0.000000,0.000000,0.386908,0.000000
gaussian_splat_uncertainty,transparent_specular_shift,shelf_insertion_clearance,0,72,0.058156,0.069788,0.667086,0.055159,0.000000,0.861111,0.027778,0.111111,0.000000,0.000000,0.363591,0.000000
gaussian_splat_uncertainty,transparent_specular_shift,shelf_insertion_clearance,1,72,0.060738,0.068352,0.658147,0.055853,0.000000,0.930556,0.013889,0.055556,0.000000,0.000000,0.371092,0.000000
gaussian_splat_uncertainty,transparent_specular_shift,shelf_insertion_clearance,2,72,0.057978,0.069802,0.672310,0.050397,0.000000,0.930556,0.013889,0.055556,0.000000,0.000000,0.353110,0.000000
gaussian_splat_uncertainty,transparent_specular_shift,shelf_insertion_clearance,3,72,0.059713,0.069863,0.641471,0.058036,0.000000,0.847222,0.041667,0.111111,0.000000,0.000000,0.379746,0.000000
gaussian_splat_uncertainty,transparent_specular_shift,shelf_insertion_clearance,4,72,0.060832,0.069968,0.659965,0.056944,0.000000,0.888889,0.027778,0.083333,0.000000,0.000000,0.377211,0.000000
gaussian_splat_uncertainty,transparent_specular_shift,shelf_insertion_clearance,5,72,0.058793,0.070697,0.660811,0.057143,0.000000,0.875000,0.041667,0.083333,0.000000,0.000000,0.366157,0.000000
gaussian_splat_uncertainty,transparent_specular_shift,shelf_insertion_clearance,6,72,0.060683,0.069978,0.656936,0.058234,0.000000,0.847222,0.027778,0.125000,0.000000,0.000000,0.382493,0.000000
gaussian_splat_uncertainty,transparent_specular_shift,transparent_container_lift,0,72,0.075457,0.082268,0.669564,0.050992,0.000000,0.638889,0.083333,0.277778,0.000000,0.000000,0.488902,0.000000
gaussian_splat_uncertainty,transparent_specular_shift,transparent_container_lift,1,72,0.081832,0.085183,0.672917,0.046329,0.000000,0.625000,0.055556,0.319444,0.000000,0.000000,0.528542,0.000000
gaussian_splat_uncertainty,transparent_specular_shift,transparent_container_lift,2,72,0.079104,0.081423,0.682419,0.053075,0.000000,0.708333,0.083333,0.208333,0.000000,0.000000,0.497938,0.000000
gaussian_splat_uncertainty,transparent_specular_shift,transparent_container_lift,3,72,0.074275,0.077708,0.686725,0.057837,0.000000,0.694444,0.027778,0.277778,0.000000,0.000000,0.474035,0.000000
gaussian_splat_uncertainty,transparent_specular_shift,transparent_container_lift,4,72,0.080071,0.084759,0.680532,0.055754,0.000000,0.652778,0.083333,0.263889,0.000000,0.000000,0.511221,0.000000
gaussian_splat_uncertainty,transparent_specular_shift,transparent_container_lift,5,72,0.078416,0.080994,0.692004,0.053472,0.000000,0.750000,0.069444,0.180556,0.000000,0.000000,0.485663,0.000000
gaussian_splat_uncertainty,transparent_specular_shift,transparent_container_lift,6,72,0.073836,0.081982,0.687655,0.051984,0.000000,0.791667,0.041667,0.166667,0.000000,0.000000,0.457796,0.000000
gaussian_splat_uncertainty,transparent_specular_shift,leaf_occluded_fruit_grasp,0,72,0.073070,0.079977,0.658414,0.052877,0.000000,0.500000,0.125000,0.375000,0.000000,0.000000,0.493286,0.000000
gaussian_splat_uncertainty,transparent_specular_shift,leaf_occluded_fruit_grasp,1,72,0.076325,0.079534,0.667927,0.052282,0.000000,0.430556,0.138889,0.430556,0.000000,0.000000,0.517244,0.000000
gaussian_splat_uncertainty,transparent_specular_shift,leaf_occluded_fruit_grasp,2,72,0.077682,0.081356,0.649375,0.060119,0.000000,0.347222,0.138889,0.513889,0.000000,0.000000,0.540674,0.000000
gaussian_splat_uncertainty,transparent_specular_shift,leaf_occluded_fruit_grasp,3,72,0.080413,0.083724,0.681726,0.049107,0.000000,0.291667,0.152778,0.555556,0.000000,0.000000,0.555698,0.000000
gaussian_splat_uncertainty,transparent_specular_shift,leaf_occluded_fruit_grasp,4,72,0.078832,0.079834,0.688567,0.053671,0.000000,0.388889,0.111111,0.500000,0.000000,0.000000,0.534746,0.000000
gaussian_splat_uncertainty,transparent_specular_shift,leaf_occluded_fruit_grasp,5,72,0.081169,0.083224,0.689514,0.051190,0.000000,0.375000,0.111111,0.513889,0.000000,0.000000,0.549882,0.000000
gaussian_splat_uncertainty,transparent_specular_shift,leaf_occluded_fruit_grasp,6,72,0.074629,0.078157,0.691196,0.053571,0.000000,0.486111,0.069444,0.444444,0.000000,0.000000,0.499601,0.000000
gaussian_splat_uncertainty,combined_interactive_stress,occluded_bin_grasping,0,72,0.076974,0.081048,0.651546,0.057044,0.000000,0.361111,0.208333,0.430556,0.000000,0.000000,0.530631,0.000000
gaussian_splat_uncertainty,combined_interactive_stress,occluded_bin_grasping,1,72,0.079871,0.081466,0.614734,0.050298,0.000000,0.430556,0.152778,0.416667,0.000000,0.000000,0.546699,0.000000
gaussian_splat_uncertainty,combined_interactive_stress,occluded_bin_grasping,2,72,0.077012,0.078318,0.594728,0.056548,0.000000,0.402778,0.138889,0.458333,0.000000,0.000000,0.543243,0.000000
gaussian_splat_uncertainty,combined_interactive_stress,occluded_bin_grasping,3,72,0.073599,0.078088,0.607640,0.051190,0.000000,0.486111,0.180556,0.333333,0.000000,0.000000,0.507011,0.000000
gaussian_splat_uncertainty,combined_interactive_stress,occluded_bin_grasping,4,72,0.075446,0.080345,0.645597,0.047817,0.000000,0.541667,0.097222,0.361111,0.000000,0.000000,0.506391,0.000000
gaussian_splat_uncertainty,combined_interactive_stress,occluded_bin_grasping,5,72,0.078424,0.079628,0.612878,0.055853,0.000000,0.416667,0.236111,0.347222,0.000000,0.000000,0.539435,0.000000
gaussian_splat_uncertainty,combined_interactive_stress,occluded_bin_grasping,6,72,0.073925,0.077715,0.632661,0.056845,0.000000,0.402778,0.180556,0.416667,0.000000,0.000000,0.513730,0.000000
gaussian_splat_uncertainty,combined_interactive_stress,shelf_insertion_clearance,0,72,0.072131,0.074504,0.550183,0.054663,0.000000,0.333333,0.194444,0.472222,0.000000,0.000000,0.531314,0.000000
gaussian_splat_uncertainty,combined_interactive_stress,shelf_insertion_clearance,1,72,0.063709,0.072387,0.597417,0.053373,0.000000,0.486111,0.138889,0.375000,0.000000,0.000000,0.454606,0.000000
gaussian_splat_uncertainty,combined_interactive_stress,shelf_insertion_clearance,2,72,0.070242,0.073055,0.586213,0.058929,0.000000,0.250000,0.319444,0.430556,0.000000,0.000000,0.515049,0.000000
gaussian_splat_uncertainty,combined_interactive_stress,shelf_insertion_clearance,3,72,0.067352,0.075865,0.571049,0.054365,0.000000,0.305556,0.194444,0.500000,0.000000,0.000000,0.502201,0.000000
gaussian_splat_uncertainty,combined_interactive_stress,shelf_insertion_clearance,4,72,0.071875,0.074965,0.560141,0.049702,0.000000,0.361111,0.152778,0.486111,0.000000,0.000000,0.526332,0.000000
gaussian_splat_uncertainty,combined_interactive_stress,shelf_insertion_clearance,5,72,0.068863,0.074918,0.547309,0.050397,0.000000,0.319444,0.208333,0.472222,0.000000,0.000000,0.514026,0.000000
gaussian_splat_uncertainty,combined_interactive_stress,shelf_insertion_clearance,6,72,0.069733,0.074646,0.587311,0.054167,0.000000,0.333333,0.097222,0.569444,0.000000,0.000000,0.514332,0.000000
gaussian_splat_uncertainty,combined_interactive_stress,transparent_container_lift,0,72,0.090841,0.092961,0.543407,0.052381,0.000000,0.013889,0.277778,0.708333,0.000000,0.000000,0.677862,0.000000
gaussian_splat_uncertainty,combined_interactive_stress,transparent_container_lift,1,72,0.089731,0.089700,0.551671,0.052083,0.000000,0.013889,0.333333,0.652778,0.000000,0.000000,0.664931,0.000000
gaussian_splat_uncertainty,combined_interactive_stress,transparent_container_lift,2,72,0.088962,0.090574,0.534435,0.058036,0.000000,0.041667,0.305556,0.652778,0.000000,0.000000,0.663968,0.000000
gaussian_splat_uncertainty,combined_interactive_stress,transparent_container_lift,3,72,0.089583,0.090366,0.580792,0.052282,0.000000,0.027778,0.263889,0.708333,0.000000,0.000000,0.659244,0.000000
gaussian_splat_uncertainty,combined_interactive_stress,transparent_container_lift,4,72,0.089712,0.090689,0.567852,0.051488,0.000000,0.027778,0.263889,0.708333,0.000000,0.000000,0.663520,0.000000
gaussian_splat_uncertainty,combined_interactive_stress,transparent_container_lift,5,72,0.088424,0.086261,0.572111,0.060317,0.000000,0.041667,0.291667,0.666667,0.000000,0.000000,0.652634,0.000000
gaussian_splat_uncertainty,combined_interactive_stress,transparent_container_lift,6,72,0.084951,0.090400,0.571981,0.051091,0.000000,0.027778,0.291667,0.680556,0.000000,0.000000,0.633935,0.000000
gaussian_splat_uncertainty,combined_interactive_stress,leaf_occluded_fruit_grasp,0,72,0.084213,0.084185,0.550334,0.055060,0.000000,0.013889,0.277778,0.708333,0.000000,0.000000,0.637066,0.000000
gaussian_splat_uncertainty,combined_interactive_stress,leaf_occluded_fruit_grasp,1,72,0.084366,0.085073,0.589268,0.056746,0.000000,0.013889,0.361111,0.625000,0.000000,0.000000,0.624429,0.000000
gaussian_splat_uncertainty,combined_interactive_stress,leaf_occluded_fruit_grasp,2,72,0.076165,0.084141,0.558549,0.055556,0.000000,0.055556,0.277778,0.666667,0.000000,0.000000,0.583814,0.000000
gaussian_splat_uncertainty,combined_interactive_stress,leaf_occluded_fruit_grasp,3,72,0.087436,0.086866,0.539797,0.055357,0.000000,0.027778,0.263889,0.708333,0.000000,0.000000,0.658134,0.000000
gaussian_splat_uncertainty,combined_interactive_stress,leaf_occluded_fruit_grasp,4,72,0.081161,0.083810,0.559535,0.054167,0.000000,0.027778,0.222222,0.750000,0.000000,0.000000,0.619504,0.000000
gaussian_splat_uncertainty,combined_interactive_stress,leaf_occluded_fruit_grasp,5,72,0.079796,0.083597,0.600043,0.053671,0.000000,0.055556,0.277778,0.666667,0.000000,0.000000,0.594915,0.000000
gaussian_splat_uncertainty,combined_interactive_stress,leaf_occluded_fruit_grasp,6,72,0.087176,0.086668,0.535006,0.055258,0.000000,0.000000,0.319444,0.680556,0.000000,0.000000,0.656446,0.000000
ensemble_depth_completion,nominal_depth,occluded_bin_grasping,0,72,0.040706,0.048727,0.823155,0.055556,0.000000,1.000000,0.000000,0.000000,0.000000,0.000000,0.208538,0.000000
ensemble_depth_completion,nominal_depth,occluded_bin_grasping,1,72,0.043005,0.048534,0.845982,0.046825,0.000000,1.000000,0.000000,0.000000,0.000000,0.000000,0.216395,0.000000
ensemble_depth_completion,nominal_depth,occluded_bin_grasping,2,72,0.042506,0.050602,0.828005,0.049008,0.000000,1.000000,0.000000,0.000000,0.000000,0.000000,0.217814,0.000000
ensemble_depth_completion,nominal_depth,occluded_bin_grasping,3,72,0.039194,0.049937,0.834517,0.043155,0.000000,1.000000,0.000000,0.000000,0.000000,0.000000,0.197043,0.000000
ensemble_depth_completion,nominal_depth,occluded_bin_grasping,4,72,0.039985,0.049155,0.814986,0.050595,0.000000,1.000000,0.000000,0.000000,0.000000,0.000000,0.206319,0.000000
ensemble_depth_completion,nominal_depth,occluded_bin_grasping,5,72,0.040006,0.049990,0.827607,0.049802,0.000000,1.000000,0.000000,0.000000,0.000000,0.000000,0.203409,0.000000
ensemble_depth_completion,nominal_depth,occluded_bin_grasping,6,72,0.042702,0.048617,0.823942,0.049802,0.000000,1.000000,0.000000,0.000000,0.000000,0.000000,0.219928,0.000000
ensemble_depth_completion,nominal_depth,shelf_insertion_clearance,0,72,0.034154,0.045411,0.796196,0.046131,0.000000,1.000000,0.000000,0.000000,0.000000,0.000000,0.177009,0.000000
ensemble_depth_completion,nominal_depth,shelf_insertion_clearance,1,72,0.035956,0.046599,0.786786,0.041171,0.000000,1.000000,0.000000,0.000000,0.000000,0.000000,0.189718,0.000000
ensemble_depth_completion,nominal_depth,shelf_insertion_clearance,2,72,0.035864,0.045851,0.793560,0.045536,0.000000,1.000000,0.000000,0.000000,0.000000,0.000000,0.187557,0.000000
ensemble_depth_completion,nominal_depth,shelf_insertion_clearance,3,72,0.034012,0.045990,0.831432,0.046032,0.000000,1.000000,0.000000,0.000000,0.000000,0.000000,0.167724,0.000000
ensemble_depth_completion,nominal_depth,shelf_insertion_clearance,4,72,0.033888,0.045208,0.803993,0.049901,0.000000,1.000000,0.000000,0.000000,0.000000,0.000000,0.173798,0.000000
ensemble_depth_completion,nominal_depth,shelf_insertion_clearance,5,72,0.037381,0.047049,0.813643,0.050992,0.000000,1.000000,0.000000,0.000000,0.000000,0.000000,0.191534,0.000000
ensemble_depth_completion,nominal_depth,shelf_insertion_clearance,6,72,0.033613,0.045376,0.781612,0.049206,0.000000,1.000000,0.000000,0.000000,0.000000,0.000000,0.177369,0.000000
ensemble_depth_completion,nominal_depth,transparent_container_lift,0,72,0.053566,0.057369,0.772901,0.048810,0.000000,1.000000,0.000000,0.000000,0.000000,0.000000,0.295186,0.000000
ensemble_depth_completion,nominal_depth,transparent_container_lift,1,72,0.051212,0.058414,0.785425,0.047222,0.000000,1.000000,0.000000,0.000000,0.000000,0.000000,0.278527,0.000000
ensemble_depth_completion,nominal_depth,transparent_container_lift,2,72,0.052383,0.057398,0.792085,0.048016,0.000000,1.000000,0.000000,0.000000,0.000000,0.000000,0.283723,0.000000
ensemble_depth_completion,nominal_depth,transparent_container_lift,3,72,0.053390,0.057854,0.783535,0.048810,0.000000,1.000000,0.000000,0.000000,0.000000,0.000000,0.291613,0.000000
ensemble_depth_completion,nominal_depth,transparent_container_lift,4,72,0.056481,0.059714,0.779017,0.047917,0.000000,1.000000,0.000000,0.000000,0.000000,0.000000,0.310626,0.000000
ensemble_depth_completion,nominal_depth,transparent_container_lift,5,72,0.050965,0.058211,0.779264,0.047917,0.000000,1.000000,0.000000,0.000000,0.000000,0.000000,0.278572,0.000000
ensemble_depth_completion,nominal_depth,transparent_container_lift,6,72,0.052650,0.057326,0.789210,0.045833,0.000000,1.000000,0.000000,0.000000,0.000000,0.000000,0.285962,0.000000
ensemble_depth_completion,nominal_depth,leaf_occluded_fruit_grasp,0,72,0.046578,0.051513,0.804999,0.044147,0.000000,1.000000,0.000000,0.000000,0.000000,0.000000,0.246952,0.000000
ensemble_depth_completion,nominal_depth,leaf_occluded_fruit_grasp,1,72,0.045773,0.051489,0.787278,0.044345,0.000000,1.000000,0.000000,0.000000,0.000000,0.000000,0.246538,0.000000
ensemble_depth_completion,nominal_depth,leaf_occluded_fruit_grasp,2,72,0.047965,0.052436,0.775659,0.046528,0.000000,1.000000,0.000000,0.000000,0.000000,0.000000,0.262037,0.000000
ensemble_depth_completion,nominal_depth,leaf_occluded_fruit_grasp,3,72,0.049486,0.051599,0.784498,0.041171,0.000000,1.000000,0.000000,0.000000,0.000000,0.000000,0.268737,0.000000
ensemble_depth_completion,nominal_depth,leaf_occluded_fruit_grasp,4,72,0.044171,0.050349,0.819562,0.046925,0.000000,1.000000,0.000000,0.000000,0.000000,0.000000,0.229499,0.000000
ensemble_depth_completion,nominal_depth,leaf_occluded_fruit_grasp,5,72,0.045757,0.052622,0.783443,0.044048,0.000000,1.000000,0.000000,0.000000,0.000000,0.000000,0.247363,0.000000
ensemble_depth_completion,nominal_depth,leaf_occluded_fruit_grasp,6,72,0.046978,0.053595,0.789315,0.042460,0.000000,1.000000,0.000000,0.000000,0.000000,0.000000,0.253035,0.000000
ensemble_depth_completion,missing_depth_shift,occluded_bin_grasping,0,72,0.053294,0.057428,0.767190,0.050893,0.000000,1.000000,0.000000,0.000000,0.000000,0.000000,0.294977,0.000000
ensemble_depth_completion,missing_depth_shift,occluded_bin_grasping,1,72,0.053001,0.057363,0.774655,0.042460,0.000000,1.000000,0.000000,0.000000,0.000000,0.000000,0.291491,0.000000
ensemble_depth_completion,missing_depth_shift,occluded_bin_grasping,2,72,0.050004,0.057356,0.793908,0.046230,0.000000,1.000000,0.000000,0.000000,0.000000,0.000000,0.269483,0.000000
ensemble_depth_completion,missing_depth_shift,occluded_bin_grasping,3,72,0.054286,0.059429,0.772023,0.044841,0.000000,1.000000,0.000000,0.000000,0.000000,0.000000,0.299571,0.000000
ensemble_depth_completion,missing_depth_shift,occluded_bin_grasping,4,72,0.050419,0.056560,0.786592,0.045337,0.000000,1.000000,0.000000,0.000000,0.000000,0.000000,0.273649,0.000000
ensemble_depth_completion,missing_depth_shift,occluded_bin_grasping,5,72,0.052203,0.057945,0.783669,0.047520,0.000000,1.000000,0.000000,0.000000,0.000000,0.000000,0.284696,0.000000
ensemble_depth_completion,missing_depth_shift,occluded_bin_grasping,6,72,0.051920,0.057223,0.769656,0.045238,0.000000,1.000000,0.000000,0.000000,0.000000,0.000000,0.286418,0.000000
ensemble_depth_completion,missing_depth_shift,shelf_insertion_clearance,0,72,0.048173,0.055675,0.713654,0.043849,0.000000,0.986111,0.000000,0.013889,0.000000,0.000000,0.279934,0.000000
ensemble_depth_completion,missing_depth_shift,shelf_insertion_clearance,1,72,0.046767,0.053856,0.722634,0.047718,0.000000,0.986111,0.000000,0.013889,0.000000,0.000000,0.269623,0.000000
ensemble_depth_completion,missing_depth_shift,shelf_insertion_clearance,2,72,0.044056,0.052945,0.710721,0.053175,0.000000,1.000000,0.000000,0.000000,0.000000,0.000000,0.254952,0.000000
ensemble_depth_completion,missing_depth_shift,shelf_insertion_clearance,3,72,0.047892,0.055072,0.739550,0.049901,0.000000,0.972222,0.013889,0.013889,0.000000,0.000000,0.273062,0.000000
ensemble_depth_completion,missing_depth_shift,shelf_insertion_clearance,4,72,0.047201,0.055775,0.694528,0.044643,0.000000,0.986111,0.000000,0.013889,0.000000,0.000000,0.278886,0.000000
ensemble_depth_completion,missing_depth_shift,shelf_insertion_clearance,5,72,0.048658,0.057107,0.700248,0.046726,0.000000,0.986111,0.000000,0.013889,0.000000,0.000000,0.285962,0.000000
ensemble_depth_completion,missing_depth_shift,shelf_insertion_clearance,6,72,0.047854,0.056764,0.687180,0.042659,0.000000,0.986111,0.000000,0.013889,0.000000,0.000000,0.284433,0.000000
ensemble_depth_completion,missing_depth_shift,transparent_container_lift,0,72,0.059531,0.064396,0.720292,0.046528,0.000000,0.902778,0.013889,0.083333,0.000000,0.000000,0.354218,0.000000
ensemble_depth_completion,missing_depth_shift,transparent_container_lift,1,72,0.061764,0.062739,0.746205,0.050496,0.000000,0.958333,0.000000,0.041667,0.000000,0.000000,0.354558,0.000000
ensemble_depth_completion,missing_depth_shift,transparent_container_lift,2,72,0.062639,0.065701,0.728306,0.046627,0.000000,0.944444,0.000000,0.055556,0.000000,0.000000,0.365735,0.000000
ensemble_depth_completion,missing_depth_shift,transparent_container_lift,3,72,0.061171,0.062935,0.732570,0.051885,0.000000,0.944444,0.027778,0.027778,0.000000,0.000000,0.354528,0.000000
ensemble_depth_completion,missing_depth_shift,transparent_container_lift,4,72,0.060671,0.065819,0.717324,0.044940,0.000000,0.930556,0.013889,0.055556,0.000000,0.000000,0.357927,0.000000
ensemble_depth_completion,missing_depth_shift,transparent_container_lift,5,72,0.062642,0.063607,0.726172,0.052282,0.000000,0.930556,0.013889,0.055556,0.000000,0.000000,0.367234,0.000000
ensemble_depth_completion,missing_depth_shift,transparent_container_lift,6,72,0.065139,0.065759,0.717767,0.042163,0.000000,0.916667,0.041667,0.041667,0.000000,0.000000,0.383873,0.000000
ensemble_depth_completion,missing_depth_shift,leaf_occluded_fruit_grasp,0,72,0.058680,0.060729,0.741719,0.047222,0.000000,0.847222,0.041667,0.111111,0.000000,0.000000,0.349693,0.000000
ensemble_depth_completion,missing_depth_shift,leaf_occluded_fruit_grasp,1,72,0.059803,0.060961,0.728564,0.045933,0.000000,0.888889,0.027778,0.083333,0.000000,0.000000,0.354778,0.000000
ensemble_depth_completion,missing_depth_shift,leaf_occluded_fruit_grasp,2,72,0.058069,0.061380,0.729506,0.046825,0.000000,0.791667,0.069444,0.138889,0.000000,0.000000,0.354637,0.000000
ensemble_depth_completion,missing_depth_shift,leaf_occluded_fruit_grasp,3,72,0.057088,0.060524,0.739199,0.050198,0.000000,0.861111,0.027778,0.111111,0.000000,0.000000,0.340092,0.000000
ensemble_depth_completion,missing_depth_shift,leaf_occluded_fruit_grasp,4,72,0.055135,0.060089,0.732417,0.045833,0.000000,0.875000,0.041667,0.083333,0.000000,0.000000,0.327752,0.000000
ensemble_depth_completion,missing_depth_shift,leaf_occluded_fruit_grasp,5,72,0.060019,0.062004,0.713128,0.046429,0.000000,0.763889,0.069444,0.166667,0.000000,0.000000,0.373488,0.000000
ensemble_depth_completion,missing_depth_shift,leaf_occluded_fruit_grasp,6,72,0.056759,0.059973,0.707846,0.051885,0.000000,0.902778,0.000000,0.097222,0.000000,0.000000,0.341959,0.000000
ensemble_depth_completion,occlusion_shift,occluded_bin_grasping,0,72,0.045880,0.050707,0.774430,0.046230,0.000000,1.000000,0.000000,0.000000,0.000000,0.000000,0.250242,0.000000
ensemble_depth_completion,occlusion_shift,occluded_bin_grasping,1,72,0.044793,0.048306,0.808979,0.053968,0.000000,1.000000,0.000000,0.000000,0.000000,0.000000,0.235644,0.000000
ensemble_depth_completion,occlusion_shift,occluded_bin_grasping,2,72,0.049781,0.051940,0.783787,0.043552,0.000000,1.000000,0.000000,0.000000,0.000000,0.000000,0.270618,0.000000
ensemble_depth_completion,occlusion_shift,occluded_bin_grasping,3,72,0.048018,0.050404,0.791477,0.050595,0.000000,1.000000,0.000000,0.000000,0.000000,0.000000,0.258547,0.000000
ensemble_depth_completion,occlusion_shift,occluded_bin_grasping,4,72,0.048663,0.051832,0.797435,0.047222,0.000000,1.000000,0.000000,0.000000,0.000000,0.000000,0.260862,0.000000
ensemble_depth_completion,occlusion_shift,occluded_bin_grasping,5,72,0.046505,0.050461,0.788829,0.051290,0.000000,1.000000,0.000000,0.000000,0.000000,0.000000,0.250407,0.000000
ensemble_depth_completion,occlusion_shift,occluded_bin_grasping,6,72,0.048420,0.049546,0.792795,0.054266,0.000000,1.000000,0.000000,0.000000,0.000000,0.000000,0.260565,0.000000
ensemble_depth_completion,occlusion_shift,shelf_insertion_clearance,0,72,0.042220,0.048273,0.738459,0.051587,0.000000,1.000000,0.000000,0.000000,0.000000,0.000000,0.237647,0.000000
ensemble_depth_completion,occlusion_shift,shelf_insertion_clearance,1,72,0.042092,0.047175,0.725924,0.046329,0.000000,0.986111,0.000000,0.013889,0.000000,0.000000,0.241716,0.000000
ensemble_depth_completion,occlusion_shift,shelf_insertion_clearance,2,72,0.041823,0.047437,0.728074,0.049802,0.000000,1.000000,0.000000,0.000000,0.000000,0.000000,0.237835,0.000000
ensemble_depth_completion,occlusion_shift,shelf_insertion_clearance,3,72,0.040886,0.047314,0.702103,0.047123,0.000000,1.000000,0.000000,0.000000,0.000000,0.000000,0.238637,0.000000
ensemble_depth_completion,occlusion_shift,shelf_insertion_clearance,4,72,0.040989,0.046540,0.700241,0.046032,0.000000,1.000000,0.000000,0.000000,0.000000,0.000000,0.239681,0.000000
ensemble_depth_completion,occlusion_shift,shelf_insertion_clearance,5,72,0.040428,0.047808,0.716485,0.043254,0.000000,1.000000,0.000000,0.000000,0.000000,0.000000,0.232525,0.000000
ensemble_depth_completion,occlusion_shift,shelf_insertion_clearance,6,72,0.039959,0.048470,0.733828,0.045437,0.000000,0.986111,0.000000,0.013889,0.000000,0.000000,0.227447,0.000000
ensemble_depth_completion,occlusion_shift,transparent_container_lift,0,72,0.058708,0.060606,0.738514,0.048214,0.000000,0.958333,0.000000,0.041667,0.000000,0.000000,0.338680,0.000000
ensemble_depth_completion,occlusion_shift,transparent_container_lift,1,72,0.054896,0.059276,0.758837,0.049008,0.000000,0.972222,0.013889,0.013889,0.000000,0.000000,0.309055,0.000000
ensemble_depth_completion,occlusion_shift,transparent_container_lift,2,72,0.057405,0.059277,0.752091,0.048810,0.000000,0.944444,0.013889,0.041667,0.000000,0.000000,0.328837,0.000000
ensemble_depth_completion,occlusion_shift,transparent_container_lift,3,72,0.055878,0.059192,0.718306,0.043849,0.000000,0.902778,0.013889,0.083333,0.000000,0.000000,0.333506,0.000000
ensemble_depth_completion,occlusion_shift,transparent_container_lift,4,72,0.057554,0.059633,0.761649,0.048810,0.000000,0.888889,0.041667,0.069444,0.000000,0.000000,0.332960,0.000000
ensemble_depth_completion,occlusion_shift,transparent_container_lift,5,72,0.053530,0.059538,0.734312,0.049008,0.000000,0.916667,0.027778,0.055556,0.000000,0.000000,0.313406,0.000000
ensemble_depth_completion,occlusion_shift,transparent_container_lift,6,72,0.054099,0.058788,0.754396,0.049306,0.000000,0.972222,0.000000,0.027778,0.000000,0.000000,0.306329,0.000000
ensemble_depth_completion,occlusion_shift,leaf_occluded_fruit_grasp,0,72,0.048548,0.053418,0.762414,0.043651,0.000000,0.958333,0.013889,0.027778,0.000000,0.000000,0.273181,0.000000
ensemble_depth_completion,occlusion_shift,leaf_occluded_fruit_grasp,1,72,0.050206,0.053760,0.767348,0.050893,0.000000,0.930556,0.013889,0.055556,0.000000,0.000000,0.285223,0.000000
ensemble_depth_completion,occlusion_shift,leaf_occluded_fruit_grasp,2,72,0.050648,0.051622,0.784890,0.045833,0.000000,0.972222,0.000000,0.027778,0.000000,0.000000,0.278997,0.000000
ensemble_depth_completion,occlusion_shift,leaf_occluded_fruit_grasp,3,72,0.053324,0.053451,0.725086,0.053175,0.000000,0.875000,0.027778,0.097222,0.000000,0.000000,0.319843,0.000000
ensemble_depth_completion,occlusion_shift,leaf_occluded_fruit_grasp,4,72,0.050705,0.054417,0.746041,0.038194,0.000000,0.902778,0.027778,0.069444,0.000000,0.000000,0.296011,0.000000
ensemble_depth_completion,occlusion_shift,leaf_occluded_fruit_grasp,5,72,0.053330,0.053532,0.752957,0.051587,0.000000,0.916667,0.027778,0.055556,0.000000,0.000000,0.307772,0.000000
ensemble_depth_completion,occlusion_shift,leaf_occluded_fruit_grasp,6,72,0.052424,0.053805,0.738391,0.045337,0.000000,0.888889,0.027778,0.083333,0.000000,0.000000,0.309625,0.000000
ensemble_depth_completion,transparent_specular_shift,occluded_bin_grasping,0,72,0.051286,0.057074,0.790204,0.051687,0.000000,1.000000,0.000000,0.000000,0.000000,0.000000,0.277808,0.000000
ensemble_depth_completion,transparent_specular_shift,occluded_bin_grasping,1,72,0.050979,0.056281,0.782983,0.044940,0.000000,0.986111,0.000000,0.013889,0.000000,0.000000,0.279570,0.000000
ensemble_depth_completion,transparent_specular_shift,occluded_bin_grasping,2,72,0.053197,0.056509,0.790765,0.046032,0.000000,1.000000,0.000000,0.000000,0.000000,0.000000,0.288760,0.000000
ensemble_depth_completion,transparent_specular_shift,occluded_bin_grasping,3,72,0.051226,0.058207,0.745669,0.047321,0.000000,0.986111,0.000000,0.013889,0.000000,0.000000,0.289957,0.000000
ensemble_depth_completion,transparent_specular_shift,occluded_bin_grasping,4,72,0.054890,0.056947,0.789661,0.048313,0.000000,1.000000,0.000000,0.000000,0.000000,0.000000,0.298843,0.000000
ensemble_depth_completion,transparent_specular_shift,occluded_bin_grasping,5,72,0.052811,0.056988,0.776354,0.048611,0.000000,1.000000,0.000000,0.000000,0.000000,0.000000,0.289976,0.000000
ensemble_depth_completion,transparent_specular_shift,occluded_bin_grasping,6,72,0.051719,0.057921,0.765459,0.048710,0.000000,0.986111,0.013889,0.000000,0.000000,0.000000,0.287232,0.000000
ensemble_depth_completion,transparent_specular_shift,shelf_insertion_clearance,0,72,0.045680,0.053711,0.681329,0.047123,0.000000,0.986111,0.000000,0.013889,0.000000,0.000000,0.273229,0.000000
ensemble_depth_completion,transparent_specular_shift,shelf_insertion_clearance,1,72,0.047742,0.052324,0.711206,0.048115,0.000000,0.972222,0.000000,0.027778,0.000000,0.000000,0.279827,0.000000
ensemble_depth_completion,transparent_specular_shift,shelf_insertion_clearance,2,72,0.045776,0.054578,0.708095,0.045337,0.000000,0.986111,0.000000,0.013889,0.000000,0.000000,0.267364,0.000000
ensemble_depth_completion,transparent_specular_shift,shelf_insertion_clearance,3,72,0.048436,0.053964,0.698833,0.045734,0.000000,1.000000,0.000000,0.000000,0.000000,0.000000,0.283207,0.000000
ensemble_depth_completion,transparent_specular_shift,shelf_insertion_clearance,4,72,0.048803,0.054447,0.712924,0.051091,0.000000,0.944444,0.013889,0.041667,0.000000,0.000000,0.288342,0.000000
ensemble_depth_completion,transparent_specular_shift,shelf_insertion_clearance,5,72,0.046416,0.053089,0.731992,0.046528,0.000000,0.986111,0.000000,0.013889,0.000000,0.000000,0.265342,0.000000
ensemble_depth_completion,transparent_specular_shift,shelf_insertion_clearance,6,72,0.046950,0.053474,0.682525,0.047718,0.000000,0.972222,0.027778,0.000000,0.000000,0.000000,0.280447,0.000000
ensemble_depth_completion,transparent_specular_shift,transparent_container_lift,0,72,0.059299,0.061462,0.725437,0.049603,0.000000,0.958333,0.000000,0.041667,0.000000,0.000000,0.345248,0.000000
ensemble_depth_completion,transparent_specular_shift,transparent_container_lift,1,72,0.060582,0.062081,0.711759,0.050794,0.000000,0.916667,0.013889,0.069444,0.000000,0.000000,0.360555,0.000000
ensemble_depth_completion,transparent_specular_shift,transparent_container_lift,2,72,0.058998,0.062545,0.719353,0.048810,0.000000,0.902778,0.000000,0.097222,0.000000,0.000000,0.352182,0.000000
ensemble_depth_completion,transparent_specular_shift,transparent_container_lift,3,72,0.063580,0.063868,0.733395,0.045933,0.000000,0.902778,0.027778,0.069444,0.000000,0.000000,0.373722,0.000000
ensemble_depth_completion,transparent_specular_shift,transparent_container_lift,4,72,0.060702,0.063741,0.725396,0.049702,0.000000,0.902778,0.013889,0.083333,0.000000,0.000000,0.359783,0.000000
ensemble_depth_completion,transparent_specular_shift,transparent_container_lift,5,72,0.058453,0.061890,0.722970,0.050893,0.000000,0.902778,0.013889,0.083333,0.000000,0.000000,0.347318,0.000000
ensemble_depth_completion,transparent_specular_shift,transparent_container_lift,6,72,0.060625,0.065246,0.715449,0.045536,0.000000,0.888889,0.027778,0.083333,0.000000,0.000000,0.362698,0.000000
ensemble_depth_completion,transparent_specular_shift,leaf_occluded_fruit_grasp,0,72,0.053212,0.059638,0.760438,0.046627,0.000000,0.847222,0.055556,0.097222,0.000000,0.000000,0.312649,0.000000
ensemble_depth_completion,transparent_specular_shift,leaf_occluded_fruit_grasp,1,72,0.057254,0.060583,0.726352,0.045238,0.000000,0.763889,0.083333,0.152778,0.000000,0.000000,0.353444,0.000000
ensemble_depth_completion,transparent_specular_shift,leaf_occluded_fruit_grasp,2,72,0.053988,0.059954,0.726198,0.046528,0.000000,0.833333,0.027778,0.138889,0.000000,0.000000,0.328843,0.000000
ensemble_depth_completion,transparent_specular_shift,leaf_occluded_fruit_grasp,3,72,0.057770,0.059412,0.753168,0.049008,0.000000,0.777778,0.069444,0.152778,0.000000,0.000000,0.349027,0.000000
ensemble_depth_completion,transparent_specular_shift,leaf_occluded_fruit_grasp,4,72,0.055177,0.058528,0.751296,0.050198,0.000000,0.833333,0.055556,0.111111,0.000000,0.000000,0.328047,0.000000
ensemble_depth_completion,transparent_specular_shift,leaf_occluded_fruit_grasp,5,72,0.056359,0.058382,0.750568,0.048512,0.000000,0.861111,0.041667,0.097222,0.000000,0.000000,0.332302,0.000000
ensemble_depth_completion,transparent_specular_shift,leaf_occluded_fruit_grasp,6,72,0.059155,0.059708,0.716837,0.050198,0.000000,0.736111,0.069444,0.194444,0.000000,0.000000,0.371196,0.000000
ensemble_depth_completion,combined_interactive_stress,occluded_bin_grasping,0,72,0.058582,0.061761,0.695684,0.044940,0.000000,0.777778,0.069444,0.152778,0.000000,0.000000,0.367534,0.000000
ensemble_depth_completion,combined_interactive_stress,occluded_bin_grasping,1,72,0.056787,0.059172,0.671452,0.051984,0.000000,0.791667,0.041667,0.166667,0.000000,0.000000,0.362799,0.000000
ensemble_depth_completion,combined_interactive_stress,occluded_bin_grasping,2,72,0.056522,0.058931,0.698510,0.045536,0.000000,0.791667,0.083333,0.125000,0.000000,0.000000,0.352271,0.000000
ensemble_depth_completion,combined_interactive_stress,occluded_bin_grasping,3,72,0.056582,0.058670,0.669509,0.046230,0.000000,0.833333,0.013889,0.152778,0.000000,0.000000,0.358326,0.000000
ensemble_depth_completion,combined_interactive_stress,occluded_bin_grasping,4,72,0.057660,0.060798,0.710856,0.048115,0.000000,0.888889,0.041667,0.069444,0.000000,0.000000,0.345769,0.000000
ensemble_depth_completion,combined_interactive_stress,occluded_bin_grasping,5,72,0.058101,0.059978,0.684751,0.047917,0.000000,0.777778,0.041667,0.180556,0.000000,0.000000,0.369033,0.000000
ensemble_depth_completion,combined_interactive_stress,occluded_bin_grasping,6,72,0.056201,0.059076,0.692355,0.049008,0.000000,0.847222,0.041667,0.111111,0.000000,0.000000,0.347160,0.000000
ensemble_depth_completion,combined_interactive_stress,shelf_insertion_clearance,0,72,0.053387,0.056091,0.631627,0.052183,0.000000,0.763889,0.055556,0.180556,0.000000,0.000000,0.355414,0.000000
ensemble_depth_completion,combined_interactive_stress,shelf_insertion_clearance,1,72,0.051617,0.057176,0.642558,0.043948,0.000000,0.722222,0.055556,0.222222,0.000000,0.000000,0.347943,0.000000
ensemble_depth_completion,combined_interactive_stress,shelf_insertion_clearance,2,72,0.054412,0.058285,0.654561,0.044742,0.000000,0.680556,0.069444,0.250000,0.000000,0.000000,0.365856,0.000000
ensemble_depth_completion,combined_interactive_stress,shelf_insertion_clearance,3,72,0.053736,0.056124,0.639202,0.052877,0.000000,0.708333,0.083333,0.208333,0.000000,0.000000,0.361175,0.000000
ensemble_depth_completion,combined_interactive_stress,shelf_insertion_clearance,4,72,0.051388,0.057882,0.621121,0.045635,0.000000,0.777778,0.041667,0.180556,0.000000,0.000000,0.345372,0.000000
ensemble_depth_completion,combined_interactive_stress,shelf_insertion_clearance,5,72,0.053688,0.056968,0.623438,0.044742,0.000000,0.694444,0.083333,0.222222,0.000000,0.000000,0.366487,0.000000
ensemble_depth_completion,combined_interactive_stress,shelf_insertion_clearance,6,72,0.051144,0.057386,0.620993,0.045536,0.000000,0.694444,0.083333,0.222222,0.000000,0.000000,0.352316,0.000000
ensemble_depth_completion,combined_interactive_stress,transparent_container_lift,0,72,0.064532,0.066170,0.624523,0.051885,0.000000,0.263889,0.194444,0.541667,0.000000,0.000000,0.478428,0.000000
ensemble_depth_completion,combined_interactive_stress,transparent_container_lift,1,72,0.064079,0.065772,0.649380,0.050397,0.000000,0.291667,0.097222,0.611111,0.000000,0.000000,0.472056,0.000000
ensemble_depth_completion,combined_interactive_stress,transparent_container_lift,2,72,0.068373,0.068806,0.630309,0.046528,0.000000,0.152778,0.208333,0.638889,0.000000,0.000000,0.512930,0.000000
ensemble_depth_completion,combined_interactive_stress,transparent_container_lift,3,72,0.069685,0.067781,0.623230,0.045635,0.000000,0.208333,0.222222,0.569444,0.000000,0.000000,0.514180,0.000000
ensemble_depth_completion,combined_interactive_stress,transparent_container_lift,4,72,0.068185,0.068667,0.656272,0.046230,0.000000,0.180556,0.208333,0.611111,0.000000,0.000000,0.501997,0.000000
ensemble_depth_completion,combined_interactive_stress,transparent_container_lift,5,72,0.066880,0.067540,0.617239,0.050198,0.000000,0.236111,0.250000,0.513889,0.000000,0.000000,0.494074,0.000000
ensemble_depth_completion,combined_interactive_stress,transparent_container_lift,6,72,0.068627,0.067013,0.628227,0.046329,0.000000,0.277778,0.194444,0.527778,0.000000,0.000000,0.499487,0.000000
ensemble_depth_completion,combined_interactive_stress,leaf_occluded_fruit_grasp,0,72,0.062569,0.062783,0.629296,0.045139,0.000000,0.083333,0.152778,0.763889,0.000000,0.000000,0.491869,0.000000
ensemble_depth_completion,combined_interactive_stress,leaf_occluded_fruit_grasp,1,72,0.060473,0.062039,0.658144,0.045833,0.000000,0.208333,0.194444,0.597222,0.000000,0.000000,0.454041,0.000000
ensemble_depth_completion,combined_interactive_stress,leaf_occluded_fruit_grasp,2,72,0.061364,0.063572,0.620965,0.046032,0.000000,0.208333,0.222222,0.569444,0.000000,0.000000,0.466461,0.000000
ensemble_depth_completion,combined_interactive_stress,leaf_occluded_fruit_grasp,3,72,0.063025,0.063733,0.627366,0.048214,0.000000,0.208333,0.250000,0.541667,0.000000,0.000000,0.472894,0.000000
ensemble_depth_completion,combined_interactive_stress,leaf_occluded_fruit_grasp,4,72,0.060680,0.063431,0.620218,0.049107,0.000000,0.166667,0.180556,0.652778,0.000000,0.000000,0.470594,0.000000
ensemble_depth_completion,combined_interactive_stress,leaf_occluded_fruit_grasp,5,72,0.060287,0.062844,0.610276,0.050595,0.000000,0.180556,0.180556,0.638889,0.000000,0.000000,0.468892,0.000000
ensemble_depth_completion,combined_interactive_stress,leaf_occluded_fruit_grasp,6,72,0.062710,0.064205,0.638809,0.047024,0.000000,0.125000,0.347222,0.527778,0.000000,0.000000,0.473320,0.000000
active_view_selection,nominal_depth,occluded_bin_grasping,0,72,0.034118,0.038624,0.880213,0.037798,0.000000,1.000000,0.000000,0.000000,0.005078,0.000000,0.157244,0.000000
active_view_selection,nominal_depth,occluded_bin_grasping,1,72,0.034064,0.038104,0.865419,0.044544,0.000000,1.000000,0.000000,0.000000,0.005078,0.000000,0.160482,0.000000
active_view_selection,nominal_depth,occluded_bin_grasping,2,72,0.032508,0.035992,0.867908,0.045238,0.000000,1.000000,0.000000,0.000000,0.005078,0.000000,0.150858,0.000000
active_view_selection,nominal_depth,occluded_bin_grasping,3,72,0.032890,0.037827,0.861434,0.045040,0.000000,1.000000,0.000000,0.000000,0.005078,0.000000,0.154626,0.000000
active_view_selection,nominal_depth,occluded_bin_grasping,4,72,0.034233,0.038452,0.854076,0.049901,0.000000,1.000000,0.000000,0.000000,0.005078,0.000000,0.164184,0.000000
active_view_selection,nominal_depth,occluded_bin_grasping,5,72,0.031850,0.037159,0.852674,0.048909,0.000000,1.000000,0.000000,0.000000,0.005078,0.000000,0.150759,0.000000
active_view_selection,nominal_depth,occluded_bin_grasping,6,72,0.032799,0.036966,0.850668,0.050794,0.000000,1.000000,0.000000,0.000000,0.005078,0.000000,0.156848,0.000000
active_view_selection,nominal_depth,shelf_insertion_clearance,0,72,0.029576,0.042845,0.815811,0.047520,0.000000,1.000000,0.000000,0.000000,0.003919,0.000000,0.146219,0.000000
active_view_selection,nominal_depth,shelf_insertion_clearance,1,72,0.032177,0.042900,0.801047,0.044246,0.000000,1.000000,0.000000,0.000000,0.003919,0.000000,0.164845,0.000000
active_view_selection,nominal_depth,shelf_insertion_clearance,2,72,0.031430,0.041671,0.803273,0.047123,0.000000,1.000000,0.000000,0.000000,0.003919,0.000000,0.159979,0.000000
active_view_selection,nominal_depth,shelf_insertion_clearance,3,72,0.033415,0.043075,0.806555,0.046131,0.000000,1.000000,0.000000,0.000000,0.003919,0.000000,0.170702,0.000000
active_view_selection,nominal_depth,shelf_insertion_clearance,4,72,0.029998,0.039973,0.803304,0.045337,0.000000,1.000000,0.000000,0.000000,0.003919,0.000000,0.151664,0.000000
active_view_selection,nominal_depth,shelf_insertion_clearance,5,72,0.035697,0.042620,0.807119,0.041567,0.000000,1.000000,0.000000,0.000000,0.003919,0.000000,0.183805,0.000000
active_view_selection,nominal_depth,shelf_insertion_clearance,6,72,0.032162,0.042176,0.790953,0.055060,0.000000,1.000000,0.000000,0.000000,0.003919,0.000000,0.167181,0.000000
active_view_selection,nominal_depth,transparent_container_lift,0,72,0.053011,0.061230,0.766478,0.046230,0.000000,1.000000,0.000000,0.000000,0.003588,0.000000,0.293939,0.000000
active_view_selection,nominal_depth,transparent_container_lift,1,72,0.052718,0.058977,0.798433,0.040873,0.000000,1.000000,0.000000,0.000000,0.003588,0.000000,0.284572,0.000000
active_view_selection,nominal_depth,transparent_container_lift,2,72,0.052723,0.059731,0.795079,0.047222,0.000000,1.000000,0.000000,0.000000,0.003588,0.000000,0.285404,0.000000
active_view_selection,nominal_depth,transparent_container_lift,3,72,0.052707,0.062049,0.770694,0.042063,0.000000,1.000000,0.000000,0.000000,0.003588,0.000000,0.291166,0.000000
active_view_selection,nominal_depth,transparent_container_lift,4,72,0.054568,0.060405,0.778163,0.044544,0.000000,1.000000,0.000000,0.000000,0.003588,0.000000,0.300166,0.000000
active_view_selection,nominal_depth,transparent_container_lift,5,72,0.051958,0.057685,0.778940,0.049008,0.000000,1.000000,0.000000,0.000000,0.003588,0.000000,0.284841,0.000000
active_view_selection,nominal_depth,transparent_container_lift,6,72,0.056023,0.060390,0.798862,0.050298,0.000000,1.000000,0.000000,0.000000,0.003588,0.000000,0.303635,0.000000
active_view_selection,nominal_depth,leaf_occluded_fruit_grasp,0,72,0.034963,0.036780,0.812078,0.047421,0.000000,1.000000,0.000000,0.000000,0.005906,0.000000,0.178595,0.000000
active_view_selection,nominal_depth,leaf_occluded_fruit_grasp,1,72,0.035623,0.036368,0.837658,0.047024,0.000000,1.000000,0.000000,0.000000,0.005906,0.000000,0.176285,0.000000
active_view_selection,nominal_depth,leaf_occluded_fruit_grasp,2,72,0.034066,0.038567,0.844919,0.051389,0.000000,1.000000,0.000000,0.000000,0.005906,0.000000,0.165509,0.000000
active_view_selection,nominal_depth,leaf_occluded_fruit_grasp,3,72,0.035222,0.039329,0.844279,0.042560,0.000000,1.000000,0.000000,0.000000,0.005906,0.000000,0.172371,0.000000
active_view_selection,nominal_depth,leaf_occluded_fruit_grasp,4,72,0.036295,0.038269,0.837461,0.041567,0.000000,1.000000,0.000000,0.000000,0.005906,0.000000,0.180230,0.000000
active_view_selection,nominal_depth,leaf_occluded_fruit_grasp,5,72,0.036461,0.039575,0.823575,0.040377,0.000000,1.000000,0.000000,0.000000,0.005906,0.000000,0.184522,0.000000
active_view_selection,nominal_depth,leaf_occluded_fruit_grasp,6,72,0.032751,0.037343,0.843547,0.049702,0.000000,1.000000,0.000000,0.000000,0.005906,0.000000,0.158214,0.000000
active_view_selection,missing_depth_shift,occluded_bin_grasping,0,72,0.040510,0.044152,0.823044,0.047520,0.000000,1.000000,0.000000,0.000000,0.005410,0.000000,0.208074,0.000000
active_view_selection,missing_depth_shift,occluded_bin_grasping,1,72,0.039174,0.043669,0.842960,0.046528,0.000000,1.000000,0.000000,0.000000,0.005410,0.000000,0.195545,0.000000
active_view_selection,missing_depth_shift,occluded_bin_grasping,2,72,0.039242,0.043928,0.823659,0.046329,0.000000,1.000000,0.000000,0.000000,0.005410,0.000000,0.200577,0.000000
active_view_selection,missing_depth_shift,occluded_bin_grasping,3,72,0.041837,0.044113,0.826163,0.051786,0.000000,0.986111,0.000000,0.013889,0.005410,0.000000,0.216828,0.000000
active_view_selection,missing_depth_shift,occluded_bin_grasping,4,72,0.039582,0.043027,0.837734,0.050496,0.000000,1.000000,0.000000,0.000000,0.005410,0.000000,0.199166,0.000000
active_view_selection,missing_depth_shift,occluded_bin_grasping,5,72,0.038292,0.043340,0.832949,0.045734,0.000000,1.000000,0.000000,0.000000,0.005410,0.000000,0.192836,0.000000
active_view_selection,missing_depth_shift,occluded_bin_grasping,6,72,0.040729,0.043420,0.828179,0.049802,0.000000,1.000000,0.000000,0.000000,0.005410,0.000000,0.208112,0.000000
active_view_selection,missing_depth_shift,shelf_insertion_clearance,0,72,0.042683,0.047239,0.733831,0.050794,0.000000,1.000000,0.000000,0.000000,0.004250,0.000000,0.241954,0.000000
active_view_selection,missing_depth_shift,shelf_insertion_clearance,1,72,0.045836,0.048062,0.745713,0.042758,0.000000,1.000000,0.000000,0.000000,0.004250,0.000000,0.257386,0.000000
active_view_selection,missing_depth_shift,shelf_insertion_clearance,2,72,0.040410,0.048359,0.732642,0.046528,0.000000,1.000000,0.000000,0.000000,0.004250,0.000000,0.229052,0.000000
active_view_selection,missing_depth_shift,shelf_insertion_clearance,3,72,0.043318,0.048905,0.764524,0.041567,0.000000,1.000000,0.000000,0.000000,0.004250,0.000000,0.238268,0.000000
active_view_selection,missing_depth_shift,shelf_insertion_clearance,4,72,0.037179,0.048480,0.762601,0.040675,0.000000,1.000000,0.000000,0.000000,0.004250,0.000000,0.203124,0.000000
active_view_selection,missing_depth_shift,shelf_insertion_clearance,5,72,0.042264,0.050588,0.750789,0.041766,0.000000,1.000000,0.000000,0.000000,0.004250,0.000000,0.235449,0.000000
active_view_selection,missing_depth_shift,shelf_insertion_clearance,6,72,0.041659,0.048931,0.742812,0.057341,0.000000,1.000000,0.000000,0.000000,0.004250,0.000000,0.233860,0.000000
active_view_selection,missing_depth_shift,transparent_container_lift,0,72,0.060697,0.065237,0.735321,0.046230,0.000000,0.958333,0.000000,0.041667,0.003919,0.000000,0.351451,0.000000
active_view_selection,missing_depth_shift,transparent_container_lift,1,72,0.057582,0.064512,0.729671,0.045437,0.000000,0.944444,0.013889,0.041667,0.003919,0.000000,0.335712,0.000000
active_view_selection,missing_depth_shift,transparent_container_lift,2,72,0.064134,0.065710,0.757240,0.046825,0.000000,0.916667,0.000000,0.083333,0.003919,0.000000,0.371541,0.000000
active_view_selection,missing_depth_shift,transparent_container_lift,3,72,0.059690,0.063379,0.743759,0.048016,0.000000,0.986111,0.000000,0.013889,0.003919,0.000000,0.339976,0.000000
active_view_selection,missing_depth_shift,transparent_container_lift,4,72,0.061201,0.065444,0.743007,0.048313,0.000000,0.986111,0.000000,0.013889,0.003919,0.000000,0.348919,0.000000
active_view_selection,missing_depth_shift,transparent_container_lift,5,72,0.066393,0.067125,0.726550,0.046825,0.000000,0.833333,0.013889,0.152778,0.003919,0.000000,0.402011,0.000000
active_view_selection,missing_depth_shift,transparent_container_lift,6,72,0.059875,0.064723,0.726983,0.046825,0.000000,0.944444,0.027778,0.027778,0.003919,0.000000,0.348827,0.000000
active_view_selection,missing_depth_shift,leaf_occluded_fruit_grasp,0,72,0.039669,0.042085,0.806601,0.044841,0.000000,0.972222,0.013889,0.013889,0.006238,0.000000,0.210024,0.000000
active_view_selection,missing_depth_shift,leaf_occluded_fruit_grasp,1,72,0.039338,0.042362,0.810792,0.047321,0.000000,0.986111,0.000000,0.013889,0.006238,0.000000,0.206126,0.000000
active_view_selection,missing_depth_shift,leaf_occluded_fruit_grasp,2,72,0.039234,0.041802,0.805655,0.046726,0.000000,1.000000,0.000000,0.000000,0.006238,0.000000,0.204950,0.000000
active_view_selection,missing_depth_shift,leaf_occluded_fruit_grasp,3,72,0.038135,0.042369,0.826061,0.042361,0.000000,1.000000,0.000000,0.000000,0.006238,0.000000,0.193675,0.000000
active_view_selection,missing_depth_shift,leaf_occluded_fruit_grasp,4,72,0.039567,0.042135,0.835818,0.041865,0.000000,0.972222,0.013889,0.013889,0.006238,0.000000,0.202421,0.000000
active_view_selection,missing_depth_shift,leaf_occluded_fruit_grasp,5,72,0.039634,0.041911,0.798980,0.048313,0.000000,1.000000,0.000000,0.000000,0.006238,0.000000,0.208870,0.000000
active_view_selection,missing_depth_shift,leaf_occluded_fruit_grasp,6,72,0.036261,0.040743,0.814119,0.045238,0.000000,1.000000,0.000000,0.000000,0.006238,0.000000,0.185676,0.000000
active_view_selection,occlusion_shift,occluded_bin_grasping,0,72,0.030807,0.031287,0.862023,0.047321,0.000000,1.000000,0.000000,0.000000,0.007010,0.000000,0.142634,0.000000
active_view_selection,occlusion_shift,occluded_bin_grasping,1,72,0.031035,0.032632,0.854809,0.044345,0.000000,1.000000,0.000000,0.000000,0.007010,0.000000,0.145690,0.000000
active_view_selection,occlusion_shift,occluded_bin_grasping,2,72,0.032827,0.032270,0.844683,0.038988,0.000000,1.000000,0.000000,0.000000,0.007010,0.000000,0.158515,0.000000
active_view_selection,occlusion_shift,occluded_bin_grasping,3,72,0.029118,0.030266,0.863728,0.043452,0.000000,1.000000,0.000000,0.000000,0.007010,0.000000,0.132433,0.000000
active_view_selection,occlusion_shift,occluded_bin_grasping,4,72,0.031474,0.032097,0.875747,0.046726,0.000000,1.000000,0.000000,0.000000,0.007010,0.000000,0.143213,0.000000
active_view_selection,occlusion_shift,occluded_bin_grasping,5,72,0.028891,0.031223,0.853119,0.054365,0.000000,1.000000,0.000000,0.000000,0.007010,0.000000,0.133663,0.000000
active_view_selection,occlusion_shift,occluded_bin_grasping,6,72,0.032101,0.031142,0.849928,0.049504,0.000000,1.000000,0.000000,0.000000,0.007010,0.000000,0.153047,0.000000
active_view_selection,occlusion_shift,shelf_insertion_clearance,0,72,0.030511,0.033206,0.785529,0.040278,0.000000,1.000000,0.000000,0.000000,0.005851,0.000000,0.159140,0.000000
active_view_selection,occlusion_shift,shelf_insertion_clearance,1,72,0.032353,0.035791,0.783375,0.049107,0.000000,1.000000,0.000000,0.000000,0.005851,0.000000,0.170340,0.000000
active_view_selection,occlusion_shift,shelf_insertion_clearance,2,72,0.029474,0.034754,0.779283,0.047321,0.000000,1.000000,0.000000,0.000000,0.005851,0.000000,0.154626,0.000000
active_view_selection,occlusion_shift,shelf_insertion_clearance,3,72,0.032839,0.035088,0.789048,0.042758,0.000000,1.000000,0.000000,0.000000,0.005851,0.000000,0.171798,0.000000
active_view_selection,occlusion_shift,shelf_insertion_clearance,4,72,0.030454,0.033673,0.811030,0.046131,0.000000,1.000000,0.000000,0.000000,0.005851,0.000000,0.152689,0.000000
active_view_selection,occlusion_shift,shelf_insertion_clearance,5,72,0.029642,0.033501,0.798732,0.053472,0.000000,1.000000,0.000000,0.000000,0.005851,0.000000,0.150932,0.000000
active_view_selection,occlusion_shift,shelf_insertion_clearance,6,72,0.031168,0.033480,0.819171,0.046131,0.000000,1.000000,0.000000,0.000000,0.005851,0.000000,0.154875,0.000000
active_view_selection,occlusion_shift,transparent_container_lift,0,72,0.047735,0.051440,0.785456,0.045635,0.000000,0.972222,0.013889,0.013889,0.005520,0.000000,0.261793,0.000000
active_view_selection,occlusion_shift,transparent_container_lift,1,72,0.045506,0.049992,0.778490,0.043056,0.000000,0.986111,0.000000,0.013889,0.005520,0.000000,0.249568,0.000000
active_view_selection,occlusion_shift,transparent_container_lift,2,72,0.048785,0.050915,0.753361,0.051786,0.000000,0.944444,0.013889,0.041667,0.005520,0.000000,0.279197,0.000000
active_view_selection,occlusion_shift,transparent_container_lift,3,72,0.047599,0.049973,0.783590,0.045238,0.000000,0.986111,0.000000,0.013889,0.005520,0.000000,0.260478,0.000000
active_view_selection,occlusion_shift,transparent_container_lift,4,72,0.047620,0.050583,0.765646,0.055556,0.000000,0.986111,0.013889,0.000000,0.005520,0.000000,0.264077,0.000000
active_view_selection,occlusion_shift,transparent_container_lift,5,72,0.046511,0.050340,0.791640,0.041567,0.000000,0.972222,0.000000,0.027778,0.005520,0.000000,0.254046,0.000000
active_view_selection,occlusion_shift,transparent_container_lift,6,72,0.046462,0.049366,0.794287,0.044246,0.000000,0.986111,0.013889,0.000000,0.005520,0.000000,0.250485,0.000000
active_view_selection,occlusion_shift,leaf_occluded_fruit_grasp,0,72,0.032495,0.032835,0.852985,0.049008,0.000000,1.000000,0.000000,0.000000,0.007397,0.000000,0.154645,0.000000
active_view_selection,occlusion_shift,leaf_occluded_fruit_grasp,1,72,0.031251,0.032290,0.835692,0.041964,0.000000,1.000000,0.000000,0.000000,0.007397,0.000000,0.151577,0.000000
active_view_selection,occlusion_shift,leaf_occluded_fruit_grasp,2,72,0.032063,0.032316,0.840192,0.039187,0.000000,0.986111,0.000000,0.013889,0.007397,0.000000,0.157010,0.000000
active_view_selection,occlusion_shift,leaf_occluded_fruit_grasp,3,72,0.032764,0.032675,0.827984,0.046230,0.000000,0.986111,0.000000,0.013889,0.007397,0.000000,0.164007,0.000000
active_view_selection,occlusion_shift,leaf_occluded_fruit_grasp,4,72,0.030878,0.031387,0.858180,0.045536,0.000000,1.000000,0.000000,0.000000,0.007397,0.000000,0.144017,0.000000
active_view_selection,occlusion_shift,leaf_occluded_fruit_grasp,5,72,0.031718,0.032495,0.839132,0.048313,0.000000,1.000000,0.000000,0.000000,0.007397,0.000000,0.153459,0.000000
active_view_selection,occlusion_shift,leaf_occluded_fruit_grasp,6,72,0.027971,0.030538,0.846343,0.053869,0.000000,1.000000,0.000000,0.000000,0.007397,0.000000,0.130000,0.000000
active_view_selection,transparent_specular_shift,occluded_bin_grasping,0,72,0.042923,0.046946,0.818469,0.046925,0.000000,1.000000,0.000000,0.000000,0.005299,0.000000,0.223154,0.000000
active_view_selection,transparent_specular_shift,occluded_bin_grasping,1,72,0.043566,0.048583,0.818189,0.046429,0.000000,1.000000,0.000000,0.000000,0.005299,0.000000,0.226951,0.000000
active_view_selection,transparent_specular_shift,occluded_bin_grasping,2,72,0.046920,0.050122,0.825214,0.046329,0.000000,1.000000,0.000000,0.000000,0.005299,0.000000,0.244720,0.000000
active_view_selection,transparent_specular_shift,occluded_bin_grasping,3,72,0.046938,0.049406,0.802240,0.046726,0.000000,1.000000,0.000000,0.000000,0.005299,0.000000,0.250338,0.000000
active_view_selection,transparent_specular_shift,occluded_bin_grasping,4,72,0.047318,0.049728,0.813510,0.041071,0.000000,0.972222,0.000000,0.027778,0.005299,0.000000,0.253449,0.000000
active_view_selection,transparent_specular_shift,occluded_bin_grasping,5,72,0.042905,0.049912,0.786709,0.044643,0.000000,1.000000,0.000000,0.000000,0.005299,0.000000,0.230676,0.000000
active_view_selection,transparent_specular_shift,occluded_bin_grasping,6,72,0.042431,0.046773,0.825321,0.043056,0.000000,1.000000,0.000000,0.000000,0.005299,0.000000,0.218656,0.000000
active_view_selection,transparent_specular_shift,shelf_insertion_clearance,0,72,0.045208,0.053553,0.722987,0.045635,0.000000,0.958333,0.000000,0.041667,0.004140,0.000000,0.264603,0.000000
active_view_selection,transparent_specular_shift,shelf_insertion_clearance,1,72,0.046171,0.050852,0.754741,0.043750,0.000000,0.958333,0.000000,0.041667,0.004140,0.000000,0.262565,0.000000
active_view_selection,transparent_specular_shift,shelf_insertion_clearance,2,72,0.044007,0.052165,0.731492,0.048214,0.000000,0.972222,0.000000,0.027778,0.004140,0.000000,0.253788,0.000000
active_view_selection,transparent_specular_shift,shelf_insertion_clearance,3,72,0.049800,0.053841,0.733904,0.041567,0.000000,0.916667,0.000000,0.083333,0.004140,0.000000,0.294031,0.000000
active_view_selection,transparent_specular_shift,shelf_insertion_clearance,4,72,0.044556,0.053929,0.714756,0.045635,0.000000,1.000000,0.000000,0.000000,0.004140,0.000000,0.257382,0.000000
active_view_selection,transparent_specular_shift,shelf_insertion_clearance,5,72,0.048202,0.053636,0.729703,0.045238,0.000000,0.958333,0.013889,0.027778,0.004140,0.000000,0.279520,0.000000
active_view_selection,transparent_specular_shift,shelf_insertion_clearance,6,72,0.046885,0.053379,0.735478,0.050198,0.000000,0.972222,0.000000,0.027778,0.004140,0.000000,0.269526,0.000000
active_view_selection,transparent_specular_shift,transparent_container_lift,0,72,0.062220,0.064526,0.735117,0.050893,0.000000,0.902778,0.000000,0.097222,0.003809,0.000000,0.367544,0.000000
active_view_selection,transparent_specular_shift,transparent_container_lift,1,72,0.062255,0.067087,0.741839,0.043254,0.000000,0.902778,0.013889,0.083333,0.003809,0.000000,0.365298,0.000000
active_view_selection,transparent_specular_shift,transparent_container_lift,2,72,0.061487,0.066314,0.743845,0.043353,0.000000,0.944444,0.027778,0.027778,0.003809,0.000000,0.354112,0.000000
active_view_selection,transparent_specular_shift,transparent_container_lift,3,72,0.064879,0.067759,0.695988,0.052679,0.000000,0.875000,0.027778,0.097222,0.003809,0.000000,0.394299,0.000000
active_view_selection,transparent_specular_shift,transparent_container_lift,4,72,0.062220,0.065174,0.723725,0.049901,0.000000,0.888889,0.013889,0.097222,0.003809,0.000000,0.371248,0.000000
active_view_selection,transparent_specular_shift,transparent_container_lift,5,72,0.062297,0.064619,0.730638,0.047024,0.000000,0.916667,0.013889,0.069444,0.003809,0.000000,0.366428,0.000000
active_view_selection,transparent_specular_shift,transparent_container_lift,6,72,0.064289,0.067626,0.737520,0.047222,0.000000,0.902778,0.027778,0.069444,0.003809,0.000000,0.377298,0.000000
active_view_selection,transparent_specular_shift,leaf_occluded_fruit_grasp,0,72,0.043393,0.046293,0.795911,0.047123,0.000000,0.972222,0.000000,0.027778,0.006127,0.000000,0.235010,0.000000
active_view_selection,transparent_specular_shift,leaf_occluded_fruit_grasp,1,72,0.041926,0.045776,0.788253,0.047421,0.000000,0.944444,0.000000,0.055556,0.006127,0.000000,0.231948,0.000000
active_view_selection,transparent_specular_shift,leaf_occluded_fruit_grasp,2,72,0.046635,0.047242,0.797025,0.041369,0.000000,0.958333,0.013889,0.027778,0.006127,0.000000,0.254517,0.000000
active_view_selection,transparent_specular_shift,leaf_occluded_fruit_grasp,3,72,0.043759,0.046190,0.799131,0.046230,0.000000,0.958333,0.000000,0.041667,0.006127,0.000000,0.238162,0.000000
active_view_selection,transparent_specular_shift,leaf_occluded_fruit_grasp,4,72,0.044733,0.045952,0.827316,0.047222,0.000000,0.972222,0.000000,0.027778,0.006127,0.000000,0.235239,0.000000
active_view_selection,transparent_specular_shift,leaf_occluded_fruit_grasp,5,72,0.042341,0.046844,0.767918,0.037500,0.000000,0.986111,0.000000,0.013889,0.006127,0.000000,0.233816,0.000000
active_view_selection,transparent_specular_shift,leaf_occluded_fruit_grasp,6,72,0.047299,0.048528,0.799980,0.051488,0.000000,0.944444,0.013889,0.041667,0.006127,0.000000,0.259464,0.000000
active_view_selection,combined_interactive_stress,occluded_bin_grasping,0,72,0.037979,0.040127,0.791193,0.049901,0.000000,1.000000,0.000000,0.000000,0.006845,0.000000,0.201210,0.000000
active_view_selection,combined_interactive_stress,occluded_bin_grasping,1,72,0.037571,0.038526,0.815125,0.040179,0.000000,0.986111,0.000000,0.013889,0.006845,0.000000,0.194910,0.000000
active_view_selection,combined_interactive_stress,occluded_bin_grasping,2,72,0.038004,0.037957,0.820565,0.055357,0.000000,0.972222,0.000000,0.027778,0.006845,0.000000,0.197918,0.000000
active_view_selection,combined_interactive_stress,occluded_bin_grasping,3,72,0.039213,0.039104,0.792317,0.044742,0.000000,0.972222,0.000000,0.027778,0.006845,0.000000,0.211711,0.000000
active_view_selection,combined_interactive_stress,occluded_bin_grasping,4,72,0.037733,0.038905,0.794599,0.047917,0.000000,1.000000,0.000000,0.000000,0.006845,0.000000,0.198969,0.000000
active_view_selection,combined_interactive_stress,occluded_bin_grasping,5,72,0.038002,0.039273,0.796824,0.044444,0.000000,1.000000,0.000000,0.000000,0.006845,0.000000,0.199995,0.000000
active_view_selection,combined_interactive_stress,occluded_bin_grasping,6,72,0.035379,0.038716,0.812511,0.050099,0.000000,1.000000,0.000000,0.000000,0.006845,0.000000,0.181016,0.000000
active_view_selection,combined_interactive_stress,shelf_insertion_clearance,0,72,0.041166,0.043932,0.721802,0.041766,0.000000,0.930556,0.027778,0.041667,0.005686,0.000000,0.243573,0.000000
active_view_selection,combined_interactive_stress,shelf_insertion_clearance,1,72,0.043727,0.045536,0.714865,0.055952,0.000000,0.902778,0.000000,0.097222,0.005686,0.000000,0.265369,0.000000
active_view_selection,combined_interactive_stress,shelf_insertion_clearance,2,72,0.040361,0.044107,0.739624,0.038790,0.000000,0.930556,0.027778,0.041667,0.005686,0.000000,0.234628,0.000000
active_view_selection,combined_interactive_stress,shelf_insertion_clearance,3,72,0.041591,0.045277,0.730530,0.041171,0.000000,0.916667,0.013889,0.069444,0.005686,0.000000,0.246582,0.000000
active_view_selection,combined_interactive_stress,shelf_insertion_clearance,4,72,0.039880,0.044265,0.739048,0.043452,0.000000,0.930556,0.013889,0.055556,0.005686,0.000000,0.232808,0.000000
active_view_selection,combined_interactive_stress,shelf_insertion_clearance,5,72,0.041089,0.045571,0.720171,0.052183,0.000000,0.902778,0.027778,0.069444,0.005686,0.000000,0.247130,0.000000
active_view_selection,combined_interactive_stress,shelf_insertion_clearance,6,72,0.040747,0.045140,0.705859,0.035913,0.000000,0.902778,0.027778,0.069444,0.005686,0.000000,0.248581,0.000000
active_view_selection,combined_interactive_stress,transparent_container_lift,0,72,0.056484,0.061004,0.678190,0.053671,0.000000,0.430556,0.125000,0.444444,0.005354,0.000000,0.402010,0.000000
active_view_selection,combined_interactive_stress,transparent_container_lift,1,72,0.060831,0.061708,0.677179,0.049802,0.000000,0.472222,0.097222,0.430556,0.005354,0.000000,0.423720,0.000000
active_view_selection,combined_interactive_stress,transparent_container_lift,2,72,0.056709,0.061259,0.683401,0.048512,0.000000,0.444444,0.208333,0.347222,0.005354,0.000000,0.395261,0.000000
active_view_selection,combined_interactive_stress,transparent_container_lift,3,72,0.055875,0.058591,0.692441,0.047321,0.000000,0.375000,0.152778,0.472222,0.005354,0.000000,0.400615,0.000000
active_view_selection,combined_interactive_stress,transparent_container_lift,4,72,0.062814,0.061926,0.668139,0.049008,0.000000,0.347222,0.125000,0.527778,0.005354,0.000000,0.451973,0.000000
active_view_selection,combined_interactive_stress,transparent_container_lift,5,72,0.054466,0.058130,0.709441,0.048214,0.000000,0.583333,0.125000,0.291667,0.005354,0.000000,0.362944,0.000000
active_view_selection,combined_interactive_stress,transparent_container_lift,6,72,0.056143,0.058140,0.686847,0.046925,0.000000,0.513889,0.041667,0.444444,0.005354,0.000000,0.392123,0.000000
active_view_selection,combined_interactive_stress,leaf_occluded_fruit_grasp,0,72,0.038443,0.038519,0.776347,0.051091,0.000000,0.819444,0.041667,0.138889,0.007397,0.000000,0.228504,0.000000
active_view_selection,combined_interactive_stress,leaf_occluded_fruit_grasp,1,72,0.039636,0.038986,0.759936,0.043849,0.000000,0.777778,0.069444,0.152778,0.007397,0.000000,0.243112,0.000000
active_view_selection,combined_interactive_stress,leaf_occluded_fruit_grasp,2,72,0.034642,0.037007,0.786871,0.046131,0.000000,0.888889,0.041667,0.069444,0.007397,0.000000,0.194904,0.000000
active_view_selection,combined_interactive_stress,leaf_occluded_fruit_grasp,3,72,0.034640,0.037900,0.766406,0.038889,0.000000,0.875000,0.055556,0.069444,0.007397,0.000000,0.200777,0.000000
active_view_selection,combined_interactive_stress,leaf_occluded_fruit_grasp,4,72,0.035822,0.037402,0.773229,0.047222,0.000000,0.805556,0.041667,0.152778,0.007397,0.000000,0.215860,0.000000
active_view_selection,combined_interactive_stress,leaf_occluded_fruit_grasp,5,72,0.036839,0.036838,0.773691,0.050298,0.000000,0.777778,0.027778,0.194444,0.007397,0.000000,0.226090,0.000000
active_view_selection,combined_interactive_stress,leaf_occluded_fruit_grasp,6,72,0.038964,0.038847,0.771819,0.043849,0.000000,0.805556,0.041667,0.152778,0.007397,0.000000,0.234418,0.000000
visuotactile_probe,nominal_depth,occluded_bin_grasping,0,72,0.038103,0.051543,0.823931,0.044544,0.037937,0.986111,0.000000,0.013889,0.058893,0.041667,0.211294,1.000000
visuotactile_probe,nominal_depth,occluded_bin_grasping,1,72,0.037212,0.051254,0.807389,0.049702,0.037643,0.958333,0.013889,0.027778,0.060478,0.055556,0.216117,1.000000
visuotactile_probe,nominal_depth,occluded_bin_grasping,2,72,0.038966,0.052517,0.826666,0.052976,0.037543,0.930556,0.013889,0.055556,0.056252,0.069444,0.227826,1.000000
visuotactile_probe,nominal_depth,occluded_bin_grasping,3,72,0.037957,0.050688,0.818186,0.045238,0.036993,0.972222,0.000000,0.027778,0.060742,0.041667,0.213853,1.000000
visuotactile_probe,nominal_depth,occluded_bin_grasping,4,72,0.038616,0.052387,0.790384,0.045833,0.037754,0.986111,0.013889,0.000000,0.060214,0.027778,0.218592,1.000000
visuotactile_probe,nominal_depth,occluded_bin_grasping,5,72,0.040364,0.053680,0.821074,0.043552,0.037228,0.902778,0.013889,0.083333,0.062063,0.111111,0.250753,1.000000
visuotactile_probe,nominal_depth,occluded_bin_grasping,6,72,0.035976,0.050195,0.815036,0.045238,0.037251,0.958333,0.000000,0.041667,0.060742,0.041667,0.204922,1.000000
visuotactile_probe,nominal_depth,shelf_insertion_clearance,0,72,0.033541,0.049982,0.778817,0.051687,0.032114,0.958333,0.000000,0.041667,0.063926,0.041667,0.199874,1.000000
visuotactile_probe,nominal_depth,shelf_insertion_clearance,1,72,0.033955,0.048196,0.790007,0.045437,0.032836,0.944444,0.000000,0.055556,0.066294,0.055556,0.204735,1.000000
visuotactile_probe,nominal_depth,shelf_insertion_clearance,2,72,0.033849,0.049476,0.779486,0.044345,0.032301,0.958333,0.000000,0.041667,0.061855,0.055556,0.204309,1.000000
visuotactile_probe,nominal_depth,shelf_insertion_clearance,3,72,0.035577,0.049068,0.757194,0.047222,0.031882,0.986111,0.000000,0.013889,0.063926,0.013889,0.207151,1.000000
visuotactile_probe,nominal_depth,shelf_insertion_clearance,4,72,0.033662,0.049051,0.783106,0.044841,0.032283,0.888889,0.027778,0.083333,0.062447,0.111111,0.222011,1.000000
visuotactile_probe,nominal_depth,shelf_insertion_clearance,5,72,0.033675,0.050501,0.748192,0.044444,0.032343,0.944444,0.000000,0.055556,0.063335,0.069444,0.215850,1.000000
visuotactile_probe,nominal_depth,shelf_insertion_clearance,6,72,0.032598,0.050713,0.780640,0.052976,0.031246,0.875000,0.000000,0.125000,0.066590,0.125000,0.223453,1.000000
visuotactile_probe,nominal_depth,transparent_container_lift,0,72,0.048031,0.061148,0.762910,0.042460,0.034190,0.902778,0.000000,0.097222,0.065317,0.097222,0.307347,1.000000
visuotactile_probe,nominal_depth,transparent_container_lift,1,72,0.048227,0.059324,0.763459,0.057540,0.034104,0.944444,0.013889,0.041667,0.066898,0.055556,0.293122,1.000000
visuotactile_probe,nominal_depth,transparent_container_lift,2,72,0.054032,0.063414,0.760541,0.044345,0.034548,0.930556,0.000000,0.069444,0.066371,0.069444,0.333124,1.000000
visuotactile_probe,nominal_depth,transparent_container_lift,3,72,0.054207,0.064767,0.741918,0.045635,0.034559,0.888889,0.000000,0.111111,0.062947,0.111111,0.352786,1.000000
visuotactile_probe,nominal_depth,transparent_container_lift,4,72,0.047185,0.060462,0.770755,0.047421,0.034215,0.875000,0.027778,0.097222,0.062420,0.125000,0.308267,1.000000
visuotactile_probe,nominal_depth,transparent_container_lift,5,72,0.052601,0.064082,0.723208,0.044940,0.034630,0.888889,0.013889,0.097222,0.062420,0.111111,0.347063,1.000000
visuotactile_probe,nominal_depth,transparent_container_lift,6,72,0.054637,0.062824,0.774503,0.049306,0.034554,0.888889,0.013889,0.097222,0.066634,0.111111,0.347064,1.000000
visuotactile_probe,nominal_depth,leaf_occluded_fruit_grasp,0,72,0.046973,0.056076,0.775320,0.050595,0.041907,0.847222,0.000000,0.152778,0.067400,0.152778,0.317927,1.000000
visuotactile_probe,nominal_depth,leaf_occluded_fruit_grasp,1,72,0.042136,0.055475,0.765760,0.047123,0.042057,0.805556,0.013889,0.180556,0.070569,0.194444,0.306295,1.000000
visuotactile_probe,nominal_depth,leaf_occluded_fruit_grasp,2,72,0.044754,0.058186,0.760809,0.038988,0.042006,0.902778,0.027778,0.069444,0.068265,0.097222,0.287532,1.000000
visuotactile_probe,nominal_depth,leaf_occluded_fruit_grasp,3,72,0.045561,0.056569,0.761330,0.052877,0.042267,0.861111,0.000000,0.138889,0.067688,0.138889,0.308267,1.000000
visuotactile_probe,nominal_depth,leaf_occluded_fruit_grasp,4,72,0.042449,0.056076,0.769847,0.041667,0.042314,0.902778,0.013889,0.083333,0.072585,0.097222,0.273348,1.000000
visuotactile_probe,nominal_depth,leaf_occluded_fruit_grasp,5,72,0.045704,0.057098,0.752602,0.045536,0.042064,0.777778,0.027778,0.194444,0.071145,0.222222,0.339104,1.000000
visuotactile_probe,nominal_depth,leaf_occluded_fruit_grasp,6,72,0.047192,0.057277,0.773617,0.045536,0.042201,0.777778,0.027778,0.194444,0.069705,0.222222,0.342519,1.000000
visuotactile_probe,missing_depth_shift,occluded_bin_grasping,0,72,0.052886,0.063373,0.748741,0.043948,0.040162,0.958333,0.000000,0.041667,0.063649,0.041667,0.319260,1.000000
visuotactile_probe,missing_depth_shift,occluded_bin_grasping,1,72,0.050149,0.064324,0.771280,0.045238,0.039942,0.902778,0.013889,0.083333,0.064992,0.097222,0.316750,1.000000
visuotactile_probe,missing_depth_shift,occluded_bin_grasping,2,72,0.049637,0.062811,0.737204,0.049603,0.039664,0.930556,0.000000,0.069444,0.066066,0.069444,0.313196,1.000000
visuotactile_probe,missing_depth_shift,occluded_bin_grasping,3,72,0.048858,0.063416,0.742738,0.042163,0.039703,0.944444,0.013889,0.041667,0.064723,0.055556,0.301497,1.000000
visuotactile_probe,missing_depth_shift,occluded_bin_grasping,4,72,0.049550,0.064329,0.744269,0.037599,0.039683,0.902778,0.000000,0.097222,0.066334,0.097222,0.320751,1.000000
visuotactile_probe,missing_depth_shift,occluded_bin_grasping,5,72,0.051608,0.062291,0.759077,0.054167,0.039885,0.944444,0.013889,0.041667,0.067677,0.055556,0.313878,1.000000
visuotactile_probe,missing_depth_shift,occluded_bin_grasping,6,72,0.051356,0.064964,0.740752,0.046429,0.039434,0.861111,0.013889,0.125000,0.062574,0.138889,0.345369,1.000000
visuotactile_probe,missing_depth_shift,shelf_insertion_clearance,0,72,0.049708,0.061721,0.713558,0.043353,0.035585,0.902778,0.027778,0.069444,0.074805,0.097222,0.328393,1.000000
visuotactile_probe,missing_depth_shift,shelf_insertion_clearance,1,72,0.047987,0.059436,0.664653,0.048016,0.035331,0.930556,0.000000,0.069444,0.072702,0.069444,0.321836,1.000000
visuotactile_probe,missing_depth_shift,shelf_insertion_clearance,2,72,0.048502,0.060091,0.645367,0.046825,0.035737,0.916667,0.027778,0.055556,0.072101,0.083333,0.332574,1.000000
visuotactile_probe,missing_depth_shift,shelf_insertion_clearance,3,72,0.047074,0.058988,0.682036,0.047718,0.036170,0.986111,0.000000,0.013889,0.072702,0.013889,0.292928,1.000000
visuotactile_probe,missing_depth_shift,shelf_insertion_clearance,4,72,0.047653,0.058289,0.670776,0.053373,0.035961,0.930556,0.027778,0.041667,0.076908,0.069444,0.317269,1.000000
visuotactile_probe,missing_depth_shift,shelf_insertion_clearance,5,72,0.046722,0.059879,0.681691,0.046528,0.035737,0.930556,0.027778,0.041667,0.072101,0.069444,0.308675,1.000000
visuotactile_probe,missing_depth_shift,shelf_insertion_clearance,6,72,0.045092,0.058877,0.687244,0.040079,0.035374,0.916667,0.027778,0.055556,0.070899,0.069444,0.299550,1.000000
visuotactile_probe,missing_depth_shift,transparent_container_lift,0,72,0.061509,0.075464,0.662700,0.046131,0.033866,0.902778,0.000000,0.097222,0.069103,0.055556,0.400859,1.000000
visuotactile_probe,missing_depth_shift,transparent_container_lift,1,72,0.062290,0.073848,0.692735,0.048710,0.033848,0.902778,0.027778,0.069444,0.068835,0.083333,0.402592,1.000000
visuotactile_probe,missing_depth_shift,transparent_container_lift,2,72,0.066006,0.074420,0.686431,0.045337,0.033658,0.888889,0.013889,0.097222,0.065085,0.069444,0.424792,1.000000
visuotactile_probe,missing_depth_shift,transparent_container_lift,3,72,0.060886,0.072442,0.669856,0.051488,0.033777,0.888889,0.000000,0.111111,0.068299,0.083333,0.403349,1.000000
visuotactile_probe,missing_depth_shift,transparent_container_lift,4,72,0.062651,0.072290,0.689145,0.049504,0.033668,0.902778,0.013889,0.083333,0.067228,0.069444,0.403130,1.000000
visuotactile_probe,missing_depth_shift,transparent_container_lift,5,72,0.060016,0.072848,0.676565,0.046329,0.033571,0.930556,0.013889,0.055556,0.065353,0.069444,0.387032,1.000000
visuotactile_probe,missing_depth_shift,transparent_container_lift,6,72,0.058008,0.074113,0.700325,0.046528,0.033684,0.833333,0.013889,0.152778,0.066156,0.138889,0.397697,1.000000
visuotactile_probe,missing_depth_shift,leaf_occluded_fruit_grasp,0,72,0.055499,0.065916,0.671504,0.047718,0.043577,0.791667,0.013889,0.194444,0.071663,0.138889,0.396141,1.000000
visuotactile_probe,missing_depth_shift,leaf_occluded_fruit_grasp,1,72,0.054449,0.067684,0.717928,0.055754,0.043242,0.763889,0.027778,0.208333,0.076927,0.152778,0.385370,1.000000
visuotactile_probe,missing_depth_shift,leaf_occluded_fruit_grasp,2,72,0.053120,0.068107,0.682016,0.049802,0.043088,0.833333,0.083333,0.083333,0.078682,0.138889,0.371075,1.000000
visuotactile_probe,missing_depth_shift,leaf_occluded_fruit_grasp,3,72,0.056229,0.067474,0.696924,0.045734,0.043572,0.708333,0.111111,0.180556,0.074880,0.208333,0.414937,1.000000
visuotactile_probe,missing_depth_shift,leaf_occluded_fruit_grasp,4,72,0.055415,0.066945,0.681898,0.044940,0.043100,0.805556,0.027778,0.166667,0.078097,0.152778,0.394345,1.000000
visuotactile_probe,missing_depth_shift,leaf_occluded_fruit_grasp,5,72,0.056908,0.066861,0.705953,0.041667,0.043804,0.833333,0.027778,0.138889,0.070785,0.097222,0.380522,1.000000
visuotactile_probe,missing_depth_shift,leaf_occluded_fruit_grasp,6,72,0.057006,0.069982,0.697248,0.045139,0.043059,0.819444,0.041667,0.138889,0.076050,0.125000,0.390896,1.000000
visuotactile_probe,occlusion_shift,occluded_bin_grasping,0,72,0.047495,0.057211,0.757010,0.044643,0.038018,0.944444,0.000000,0.055556,0.072351,0.055556,0.291917,1.000000
visuotactile_probe,occlusion_shift,occluded_bin_grasping,1,72,0.049400,0.054208,0.755956,0.047321,0.037440,0.958333,0.013889,0.027778,0.067164,0.041667,0.296901,1.000000
visuotactile_probe,occlusion_shift,occluded_bin_grasping,2,72,0.045584,0.056016,0.766199,0.048611,0.037601,0.888889,0.000000,0.111111,0.070167,0.111111,0.297809,1.000000
visuotactile_probe,occlusion_shift,occluded_bin_grasping,3,72,0.046074,0.055459,0.759092,0.048710,0.037829,0.944444,0.000000,0.055556,0.066618,0.055556,0.282487,1.000000
visuotactile_probe,occlusion_shift,occluded_bin_grasping,4,72,0.048157,0.056402,0.744057,0.046131,0.037406,0.930556,0.027778,0.041667,0.069075,0.069444,0.301667,1.000000
visuotactile_probe,occlusion_shift,occluded_bin_grasping,5,72,0.046655,0.055210,0.761671,0.038790,0.038181,0.944444,0.013889,0.041667,0.067437,0.055556,0.284499,1.000000
visuotactile_probe,occlusion_shift,occluded_bin_grasping,6,72,0.046411,0.055731,0.756767,0.044345,0.037848,0.986111,0.000000,0.013889,0.067710,0.013889,0.270546,1.000000
visuotactile_probe,occlusion_shift,shelf_insertion_clearance,0,72,0.042016,0.050805,0.687204,0.046528,0.033191,0.944444,0.013889,0.041667,0.075001,0.041667,0.273321,1.000000
visuotactile_probe,occlusion_shift,shelf_insertion_clearance,1,72,0.046206,0.052107,0.701114,0.045833,0.033042,0.916667,0.000000,0.083333,0.074697,0.083333,0.307860,1.000000
visuotactile_probe,occlusion_shift,shelf_insertion_clearance,2,72,0.041852,0.052142,0.684565,0.045933,0.033371,0.930556,0.013889,0.055556,0.073477,0.069444,0.280733,1.000000
visuotactile_probe,occlusion_shift,shelf_insertion_clearance,3,72,0.044868,0.054243,0.673801,0.044048,0.033702,0.888889,0.055556,0.055556,0.071038,0.069444,0.303434,1.000000
visuotactile_probe,occlusion_shift,shelf_insertion_clearance,4,72,0.041457,0.052451,0.689147,0.039782,0.033066,0.930556,0.013889,0.055556,0.075916,0.069444,0.277637,1.000000
visuotactile_probe,occlusion_shift,shelf_insertion_clearance,5,72,0.040793,0.050878,0.709376,0.048512,0.033663,0.958333,0.013889,0.027778,0.074392,0.041667,0.259025,1.000000
visuotactile_probe,occlusion_shift,shelf_insertion_clearance,6,72,0.040424,0.050067,0.683742,0.041766,0.033062,0.972222,0.000000,0.027778,0.075611,0.027778,0.259154,1.000000
visuotactile_probe,occlusion_shift,transparent_container_lift,0,72,0.055041,0.065604,0.708397,0.047619,0.032964,0.875000,0.013889,0.111111,0.070799,0.069444,0.358415,1.000000
visuotactile_probe,occlusion_shift,transparent_container_lift,1,72,0.056949,0.067534,0.702757,0.043452,0.032905,0.902778,0.013889,0.083333,0.067804,0.069444,0.366862,1.000000
visuotactile_probe,occlusion_shift,transparent_container_lift,2,72,0.053716,0.063946,0.706284,0.045536,0.032820,0.930556,0.013889,0.055556,0.068076,0.055556,0.340632,1.000000
visuotactile_probe,occlusion_shift,transparent_container_lift,3,72,0.061578,0.067915,0.725709,0.046726,0.033308,0.888889,0.013889,0.097222,0.070254,0.041667,0.384190,1.000000
visuotactile_probe,occlusion_shift,transparent_container_lift,4,72,0.056773,0.066928,0.712131,0.044246,0.033158,0.833333,0.041667,0.125000,0.066987,0.125000,0.383078,1.000000
visuotactile_probe,occlusion_shift,transparent_container_lift,5,72,0.060039,0.067847,0.730350,0.041766,0.032536,0.902778,0.027778,0.069444,0.068621,0.069444,0.377425,1.000000
visuotactile_probe,occlusion_shift,transparent_container_lift,6,72,0.055354,0.065469,0.679596,0.051587,0.033100,0.805556,0.069444,0.125000,0.070799,0.138889,0.388112,1.000000
visuotactile_probe,occlusion_shift,leaf_occluded_fruit_grasp,0,72,0.051466,0.059048,0.689455,0.048512,0.041382,0.819444,0.027778,0.152778,0.076320,0.152778,0.367606,1.000000
visuotactile_probe,occlusion_shift,leaf_occluded_fruit_grasp,1,72,0.053755,0.058992,0.713199,0.048016,0.041897,0.777778,0.055556,0.166667,0.073053,0.166667,0.381600,1.000000
visuotactile_probe,occlusion_shift,leaf_occluded_fruit_grasp,2,72,0.046555,0.056534,0.743290,0.047024,0.041600,0.819444,0.000000,0.180556,0.077508,0.180556,0.334123,1.000000
visuotactile_probe,occlusion_shift,leaf_occluded_fruit_grasp,3,72,0.051893,0.061178,0.696926,0.047520,0.042082,0.791667,0.097222,0.111111,0.075429,0.152778,0.367632,1.000000
visuotactile_probe,occlusion_shift,leaf_occluded_fruit_grasp,4,72,0.050216,0.061627,0.704089,0.039980,0.041398,0.805556,0.041667,0.152778,0.079289,0.166667,0.361233,1.000000
visuotactile_probe,occlusion_shift,leaf_occluded_fruit_grasp,5,72,0.050873,0.060241,0.710812,0.044940,0.041831,0.736111,0.069444,0.194444,0.078102,0.208333,0.379812,1.000000
visuotactile_probe,occlusion_shift,leaf_occluded_fruit_grasp,6,72,0.049386,0.059275,0.698393,0.044147,0.041717,0.833333,0.027778,0.138889,0.075132,0.138889,0.348396,1.000000
visuotactile_probe,transparent_specular_shift,occluded_bin_grasping,0,72,0.055861,0.065631,0.734065,0.044345,0.034709,0.888889,0.027778,0.083333,0.064723,0.111111,0.362806,1.000000
visuotactile_probe,transparent_specular_shift,occluded_bin_grasping,1,72,0.052302,0.065151,0.756312,0.047718,0.034381,0.930556,0.013889,0.055556,0.068483,0.069444,0.323530,1.000000
visuotactile_probe,transparent_specular_shift,occluded_bin_grasping,2,72,0.050879,0.064357,0.757984,0.042659,0.034581,0.930556,0.013889,0.055556,0.067140,0.069444,0.314710,1.000000
visuotactile_probe,transparent_specular_shift,occluded_bin_grasping,3,72,0.054858,0.062865,0.750892,0.051984,0.035190,0.916667,0.013889,0.069444,0.064186,0.083333,0.343999,1.000000
visuotactile_probe,transparent_specular_shift,occluded_bin_grasping,4,72,0.054326,0.063777,0.753407,0.044048,0.034579,0.902778,0.027778,0.069444,0.065529,0.083333,0.341445,1.000000
visuotactile_probe,transparent_specular_shift,occluded_bin_grasping,5,72,0.050914,0.064339,0.761867,0.047222,0.034982,0.916667,0.027778,0.055556,0.070094,0.083333,0.318363,1.000000
visuotactile_probe,transparent_specular_shift,occluded_bin_grasping,6,72,0.053513,0.062524,0.752798,0.046329,0.034993,0.902778,0.013889,0.083333,0.067946,0.097222,0.341051,1.000000
visuotactile_probe,transparent_specular_shift,shelf_insertion_clearance,0,72,0.049743,0.060902,0.656523,0.046627,0.030525,0.916667,0.027778,0.055556,0.074805,0.069444,0.334366,1.000000
visuotactile_probe,transparent_specular_shift,shelf_insertion_clearance,1,72,0.047132,0.059153,0.681998,0.047123,0.029955,0.972222,0.000000,0.027778,0.073603,0.013889,0.295183,1.000000
visuotactile_probe,transparent_specular_shift,shelf_insertion_clearance,2,72,0.050339,0.061100,0.681121,0.041270,0.030806,0.888889,0.000000,0.111111,0.074204,0.097222,0.343234,1.000000
visuotactile_probe,transparent_specular_shift,shelf_insertion_clearance,3,72,0.049992,0.059012,0.659163,0.048115,0.030251,0.833333,0.027778,0.138889,0.074204,0.138889,0.361215,1.000000
visuotactile_probe,transparent_specular_shift,shelf_insertion_clearance,4,72,0.049154,0.060494,0.652079,0.036409,0.030162,0.875000,0.069444,0.055556,0.073903,0.111111,0.343992,1.000000
visuotactile_probe,transparent_specular_shift,shelf_insertion_clearance,5,72,0.047489,0.059396,0.648957,0.043948,0.030273,0.944444,0.027778,0.027778,0.071800,0.055556,0.316080,1.000000
visuotactile_probe,transparent_specular_shift,shelf_insertion_clearance,6,72,0.046577,0.058943,0.636749,0.041369,0.030165,0.888889,0.013889,0.097222,0.075706,0.097222,0.331414,1.000000
visuotactile_probe,transparent_specular_shift,transparent_container_lift,0,72,0.063310,0.070591,0.672967,0.044345,0.028352,0.805556,0.027778,0.166667,0.070442,0.083333,0.426083,1.000000
visuotactile_probe,transparent_specular_shift,transparent_container_lift,1,72,0.062107,0.070212,0.667178,0.041865,0.028253,0.847222,0.041667,0.111111,0.070710,0.083333,0.414275,1.000000
visuotactile_probe,transparent_specular_shift,transparent_container_lift,2,72,0.060221,0.071270,0.682809,0.048810,0.028295,0.819444,0.013889,0.166667,0.072317,0.111111,0.411171,1.000000
visuotactile_probe,transparent_specular_shift,transparent_container_lift,3,72,0.060179,0.070063,0.708977,0.049206,0.028320,0.847222,0.013889,0.138889,0.072049,0.125000,0.404055,1.000000
visuotactile_probe,transparent_specular_shift,transparent_container_lift,4,72,0.065885,0.072886,0.660217,0.043948,0.028590,0.875000,0.013889,0.111111,0.065353,0.041667,0.426104,1.000000
visuotactile_probe,transparent_specular_shift,transparent_container_lift,5,72,0.062858,0.071138,0.637726,0.047421,0.028441,0.833333,0.041667,0.125000,0.067764,0.069444,0.424100,1.000000
visuotactile_probe,transparent_specular_shift,transparent_container_lift,6,72,0.062246,0.071930,0.662496,0.045734,0.028471,0.833333,0.013889,0.152778,0.070978,0.097222,0.422593,1.000000
visuotactile_probe,transparent_specular_shift,leaf_occluded_fruit_grasp,0,72,0.055062,0.066296,0.681525,0.045933,0.038248,0.666667,0.083333,0.250000,0.077220,0.208333,0.419226,1.000000
visuotactile_probe,transparent_specular_shift,leaf_occluded_fruit_grasp,1,72,0.056839,0.068030,0.676929,0.044048,0.037723,0.666667,0.097222,0.236111,0.075757,0.166667,0.420463,1.000000
visuotactile_probe,transparent_specular_shift,leaf_occluded_fruit_grasp,2,72,0.058494,0.068774,0.663571,0.050496,0.037894,0.694444,0.069444,0.236111,0.079560,0.138889,0.425669,1.000000
visuotactile_probe,transparent_specular_shift,leaf_occluded_fruit_grasp,3,72,0.059746,0.068106,0.698241,0.048611,0.038334,0.708333,0.083333,0.208333,0.072247,0.152778,0.424144,1.000000
visuotactile_probe,transparent_specular_shift,leaf_occluded_fruit_grasp,4,72,0.057437,0.068170,0.663640,0.046032,0.038014,0.680556,0.069444,0.250000,0.077805,0.180556,0.430283,1.000000
visuotactile_probe,transparent_specular_shift,leaf_occluded_fruit_grasp,5,72,0.057862,0.065492,0.704064,0.051290,0.037452,0.791667,0.041667,0.166667,0.073710,0.111111,0.394499,1.000000
visuotactile_probe,transparent_specular_shift,leaf_occluded_fruit_grasp,6,72,0.056114,0.066944,0.701162,0.044643,0.038122,0.708333,0.097222,0.194444,0.072832,0.222222,0.416541,1.000000
visuotactile_probe,combined_interactive_stress,occluded_bin_grasping,0,72,0.060181,0.068222,0.628913,0.044940,0.032319,0.694444,0.111111,0.194444,0.078858,0.125000,0.438129,1.000000
visuotactile_probe,combined_interactive_stress,occluded_bin_grasping,1,72,0.059739,0.068063,0.619837,0.049901,0.032155,0.680556,0.097222,0.222222,0.073501,0.166667,0.448909,1.000000
visuotactile_probe,combined_interactive_stress,occluded_bin_grasping,2,72,0.057755,0.068716,0.598447,0.046726,0.032315,0.694444,0.027778,0.277778,0.080941,0.111111,0.433564,1.000000
visuotactile_probe,combined_interactive_stress,occluded_bin_grasping,3,72,0.058874,0.067106,0.633379,0.043849,0.032467,0.722222,0.069444,0.208333,0.077965,0.138889,0.431315,1.000000
visuotactile_probe,combined_interactive_stress,occluded_bin_grasping,4,72,0.059022,0.068803,0.646000,0.051091,0.032385,0.666667,0.083333,0.250000,0.078560,0.152778,0.438657,1.000000
visuotactile_probe,combined_interactive_stress,occluded_bin_grasping,5,72,0.059052,0.068382,0.629347,0.043155,0.032447,0.736111,0.055556,0.208333,0.076179,0.138889,0.432129,1.000000
visuotactile_probe,combined_interactive_stress,occluded_bin_grasping,6,72,0.060284,0.067982,0.631621,0.044841,0.032527,0.652778,0.055556,0.291667,0.076477,0.097222,0.440428,1.000000
visuotactile_probe,combined_interactive_stress,shelf_insertion_clearance,0,72,0.053444,0.064982,0.605214,0.044246,0.027872,0.625000,0.083333,0.291667,0.081962,0.111111,0.412754,1.000000
visuotactile_probe,combined_interactive_stress,shelf_insertion_clearance,1,72,0.057924,0.064272,0.584771,0.046131,0.027996,0.694444,0.069444,0.236111,0.084136,0.055556,0.422978,1.000000
visuotactile_probe,combined_interactive_stress,shelf_insertion_clearance,2,72,0.055710,0.067200,0.598046,0.051984,0.027812,0.611111,0.097222,0.291667,0.081652,0.041667,0.413274,1.000000
visuotactile_probe,combined_interactive_stress,shelf_insertion_clearance,3,72,0.055494,0.062676,0.552082,0.050198,0.028268,0.666667,0.152778,0.180556,0.081652,0.138889,0.433884,1.000000
visuotactile_probe,combined_interactive_stress,shelf_insertion_clearance,4,72,0.054990,0.064368,0.591084,0.050694,0.027947,0.694444,0.027778,0.277778,0.083204,0.069444,0.410398,1.000000
visuotactile_probe,combined_interactive_stress,shelf_insertion_clearance,5,72,0.054913,0.066466,0.607288,0.037103,0.028161,0.638889,0.069444,0.291667,0.081342,0.111111,0.419727,1.000000
visuotactile_probe,combined_interactive_stress,shelf_insertion_clearance,6,72,0.054261,0.064553,0.608866,0.045437,0.028413,0.666667,0.125000,0.208333,0.080721,0.111111,0.408549,1.000000
visuotactile_probe,combined_interactive_stress,transparent_container_lift,0,72,0.070436,0.078772,0.575466,0.047520,0.024472,0.138889,0.305556,0.555556,0.080745,0.111111,0.568160,1.000000
visuotactile_probe,combined_interactive_stress,transparent_container_lift,1,72,0.072181,0.079507,0.584384,0.038988,0.024252,0.166667,0.250000,0.583333,0.084901,0.152778,0.585530,1.000000
visuotactile_probe,combined_interactive_stress,transparent_container_lift,2,72,0.069974,0.079124,0.569661,0.047222,0.024320,0.138889,0.291667,0.569444,0.081042,0.055556,0.555522,1.000000
visuotactile_probe,combined_interactive_stress,transparent_container_lift,3,72,0.067679,0.075810,0.562758,0.050893,0.024259,0.166667,0.194444,0.638889,0.082526,0.083333,0.552381,1.000000
visuotactile_probe,combined_interactive_stress,transparent_container_lift,4,72,0.071575,0.080946,0.564330,0.044544,0.024458,0.166667,0.250000,0.583333,0.080448,0.166667,0.588020,1.000000
visuotactile_probe,combined_interactive_stress,transparent_container_lift,5,72,0.065462,0.076071,0.561867,0.046925,0.024332,0.194444,0.152778,0.652778,0.077776,0.138889,0.550275,1.000000
visuotactile_probe,combined_interactive_stress,transparent_container_lift,6,72,0.069800,0.076524,0.586650,0.047718,0.024271,0.111111,0.208333,0.680556,0.080151,0.041667,0.555886,1.000000
visuotactile_probe,combined_interactive_stress,leaf_occluded_fruit_grasp,0,72,0.060585,0.071980,0.571718,0.051190,0.034863,0.180556,0.291667,0.527778,0.083916,0.125000,0.510777,1.000000
visuotactile_probe,combined_interactive_stress,leaf_occluded_fruit_grasp,1,72,0.061523,0.071969,0.565450,0.043353,0.035127,0.166667,0.208333,0.625000,0.087452,0.166667,0.534119,1.000000
visuotactile_probe,combined_interactive_stress,leaf_occluded_fruit_grasp,2,72,0.063208,0.071908,0.543969,0.051984,0.034981,0.125000,0.222222,0.652778,0.085202,0.180556,0.556025,1.000000
visuotactile_probe,combined_interactive_stress,leaf_occluded_fruit_grasp,3,72,0.063719,0.071860,0.535671,0.044444,0.035259,0.083333,0.263889,0.652778,0.084559,0.166667,0.561154,1.000000
visuotactile_probe,combined_interactive_stress,leaf_occluded_fruit_grasp,4,72,0.059170,0.070952,0.584457,0.045238,0.035158,0.194444,0.208333,0.597222,0.088738,0.291667,0.539956,1.000000
visuotactile_probe,combined_interactive_stress,leaf_occluded_fruit_grasp,5,72,0.060165,0.072176,0.548147,0.042758,0.034807,0.125000,0.236111,0.638889,0.086488,0.236111,0.549308,1.000000
visuotactile_probe,combined_interactive_stress,leaf_occluded_fruit_grasp,6,72,0.062463,0.069699,0.573111,0.045139,0.034759,0.152778,0.125000,0.722222,0.089381,0.208333,0.553934,1.000000
uncertainty_guided_probe,nominal_depth,occluded_bin_grasping,0,72,0.036433,0.046796,0.834178,0.042857,0.037682,0.958333,0.000000,0.041667,0.094462,0.041667,0.207028,1.000000
uncertainty_guided_probe,nominal_depth,occluded_bin_grasping,1,72,0.037680,0.047780,0.823113,0.047817,0.037490,0.958333,0.000000,0.041667,0.093461,0.041667,0.216794,1.000000
uncertainty_guided_probe,nominal_depth,occluded_bin_grasping,2,72,0.035043,0.045271,0.823442,0.050099,0.036601,0.888889,0.000000,0.111111,0.096799,0.111111,0.226126,1.000000
uncertainty_guided_probe,nominal_depth,occluded_bin_grasping,3,72,0.037073,0.045464,0.836253,0.057044,0.037064,0.944444,0.000000,0.055556,0.091124,0.069444,0.217760,1.000000
uncertainty_guided_probe,nominal_depth,occluded_bin_grasping,4,72,0.035985,0.045512,0.826722,0.053472,0.037009,0.944444,0.013889,0.041667,0.093127,0.055556,0.210085,1.000000
uncertainty_guided_probe,nominal_depth,occluded_bin_grasping,5,72,0.037330,0.045710,0.843429,0.051587,0.037048,0.944444,0.000000,0.055556,0.096799,0.069444,0.218205,1.000000
uncertainty_guided_probe,nominal_depth,occluded_bin_grasping,6,72,0.036563,0.045687,0.823113,0.054762,0.037730,0.902778,0.000000,0.097222,0.093127,0.097222,0.229722,1.000000
uncertainty_guided_probe,nominal_depth,shelf_insertion_clearance,0,72,0.031759,0.043142,0.808898,0.046528,0.031747,0.958333,0.000000,0.041667,0.099873,0.055556,0.189691,1.000000
uncertainty_guided_probe,nominal_depth,shelf_insertion_clearance,1,72,0.031470,0.042908,0.787171,0.050000,0.031379,0.944444,0.013889,0.041667,0.106232,0.055556,0.194963,1.000000
uncertainty_guided_probe,nominal_depth,shelf_insertion_clearance,2,72,0.032426,0.044185,0.779211,0.049702,0.031613,0.958333,0.000000,0.041667,0.100247,0.041667,0.197674,1.000000
uncertainty_guided_probe,nominal_depth,shelf_insertion_clearance,3,72,0.032035,0.043785,0.786230,0.044345,0.031786,0.888889,0.000000,0.111111,0.100621,0.111111,0.218072,1.000000
uncertainty_guided_probe,nominal_depth,shelf_insertion_clearance,4,72,0.031709,0.044402,0.795965,0.054464,0.031517,0.972222,0.013889,0.013889,0.099873,0.027778,0.183756,1.000000
uncertainty_guided_probe,nominal_depth,shelf_insertion_clearance,5,72,0.030475,0.041576,0.808991,0.052778,0.031762,0.972222,0.000000,0.027778,0.100995,0.027778,0.174441,1.000000
uncertainty_guided_probe,nominal_depth,shelf_insertion_clearance,6,72,0.030219,0.042279,0.801078,0.045933,0.031899,0.944444,0.013889,0.041667,0.103613,0.055556,0.184058,1.000000
uncertainty_guided_probe,nominal_depth,transparent_container_lift,0,72,0.045620,0.057008,0.771184,0.058929,0.034648,0.916667,0.013889,0.069444,0.103192,0.083333,0.290229,1.000000
uncertainty_guided_probe,nominal_depth,transparent_container_lift,1,72,0.043164,0.056314,0.783799,0.055159,0.034438,0.916667,0.000000,0.083333,0.105189,0.083333,0.274028,1.000000
uncertainty_guided_probe,nominal_depth,transparent_container_lift,2,72,0.049006,0.056707,0.781565,0.044345,0.034549,0.902778,0.000000,0.097222,0.102526,0.097222,0.312991,1.000000
uncertainty_guided_probe,nominal_depth,transparent_container_lift,3,72,0.047534,0.056105,0.753467,0.052877,0.034605,0.833333,0.013889,0.152778,0.100196,0.166667,0.334391,1.000000
uncertainty_guided_probe,nominal_depth,transparent_container_lift,4,72,0.047755,0.055912,0.773690,0.052877,0.034328,0.930556,0.000000,0.069444,0.098199,0.069444,0.297383,1.000000
uncertainty_guided_probe,nominal_depth,transparent_container_lift,5,72,0.046678,0.055955,0.786410,0.057540,0.034828,0.875000,0.013889,0.111111,0.100196,0.125000,0.306934,1.000000
uncertainty_guided_probe,nominal_depth,transparent_container_lift,6,72,0.047722,0.054398,0.791471,0.048810,0.034498,0.861111,0.000000,0.138889,0.104524,0.138889,0.317990,1.000000
uncertainty_guided_probe,nominal_depth,leaf_occluded_fruit_grasp,0,72,0.045063,0.050065,0.798969,0.048413,0.042255,0.819444,0.041667,0.138889,0.104117,0.180556,0.312800,1.000000
uncertainty_guided_probe,nominal_depth,leaf_occluded_fruit_grasp,1,72,0.042117,0.049824,0.802937,0.045337,0.041372,0.708333,0.041667,0.250000,0.112126,0.291667,0.334615,1.000000
uncertainty_guided_probe,nominal_depth,leaf_occluded_fruit_grasp,2,72,0.041658,0.049044,0.799556,0.050298,0.041854,0.847222,0.027778,0.125000,0.110670,0.152778,0.284808,1.000000
uncertainty_guided_probe,nominal_depth,leaf_occluded_fruit_grasp,3,72,0.042241,0.051291,0.758428,0.055357,0.042117,0.694444,0.055556,0.250000,0.111034,0.305556,0.349910,1.000000
uncertainty_guided_probe,nominal_depth,leaf_occluded_fruit_grasp,4,72,0.039567,0.048523,0.792774,0.048214,0.041368,0.694444,0.055556,0.250000,0.117587,0.305556,0.326944,1.000000
uncertainty_guided_probe,nominal_depth,leaf_occluded_fruit_grasp,5,72,0.042479,0.048910,0.792955,0.049901,0.041950,0.791667,0.055556,0.152778,0.112126,0.208333,0.309108,1.000000
uncertainty_guided_probe,nominal_depth,leaf_occluded_fruit_grasp,6,72,0.041208,0.050002,0.758377,0.045635,0.041284,0.777778,0.041667,0.180556,0.110306,0.222222,0.315511,1.000000
uncertainty_guided_probe,missing_depth_shift,occluded_bin_grasping,0,72,0.044897,0.056516,0.778668,0.047024,0.039314,0.930556,0.000000,0.069444,0.102508,0.069444,0.280128,1.000000
uncertainty_guided_probe,missing_depth_shift,occluded_bin_grasping,1,72,0.044025,0.055822,0.775469,0.052480,0.039467,0.902778,0.027778,0.069444,0.101490,0.097222,0.283772,1.000000
uncertainty_guided_probe,missing_depth_shift,occluded_bin_grasping,2,72,0.045091,0.055361,0.783063,0.055952,0.039356,0.958333,0.013889,0.027778,0.103187,0.041667,0.269727,1.000000
uncertainty_guided_probe,missing_depth_shift,occluded_bin_grasping,3,72,0.046315,0.054620,0.781373,0.049504,0.039186,0.944444,0.000000,0.055556,0.102847,0.055556,0.282883,1.000000
uncertainty_guided_probe,missing_depth_shift,occluded_bin_grasping,4,72,0.047552,0.055078,0.775459,0.050992,0.039146,0.930556,0.000000,0.069444,0.100132,0.069444,0.296010,1.000000
uncertainty_guided_probe,missing_depth_shift,occluded_bin_grasping,5,72,0.048150,0.057449,0.765518,0.048512,0.039213,0.902778,0.000000,0.097222,0.104205,0.097222,0.312080,1.000000
uncertainty_guided_probe,missing_depth_shift,occluded_bin_grasping,6,72,0.046852,0.054684,0.768155,0.052579,0.039243,0.930556,0.013889,0.055556,0.104884,0.069444,0.293442,1.000000
uncertainty_guided_probe,missing_depth_shift,shelf_insertion_clearance,0,72,0.041105,0.051703,0.676371,0.047222,0.035324,0.805556,0.041667,0.152778,0.119225,0.194444,0.325942,1.000000
uncertainty_guided_probe,missing_depth_shift,shelf_insertion_clearance,1,72,0.041094,0.051907,0.700010,0.050397,0.035450,0.972222,0.013889,0.013889,0.113909,0.013889,0.259843,1.000000
uncertainty_guided_probe,missing_depth_shift,shelf_insertion_clearance,2,72,0.041992,0.053824,0.729267,0.053869,0.035318,0.916667,0.000000,0.083333,0.117706,0.083333,0.281821,1.000000
uncertainty_guided_probe,missing_depth_shift,shelf_insertion_clearance,3,72,0.046014,0.053131,0.725767,0.046627,0.035397,0.930556,0.000000,0.069444,0.113909,0.069444,0.300671,1.000000
uncertainty_guided_probe,missing_depth_shift,shelf_insertion_clearance,4,72,0.043858,0.052934,0.687470,0.049702,0.035538,0.916667,0.013889,0.069444,0.115428,0.083333,0.301566,1.000000
uncertainty_guided_probe,missing_depth_shift,shelf_insertion_clearance,5,72,0.042449,0.053380,0.698993,0.043353,0.035446,0.916667,0.000000,0.083333,0.112390,0.083333,0.291102,1.000000
uncertainty_guided_probe,missing_depth_shift,shelf_insertion_clearance,6,72,0.043555,0.053666,0.700555,0.055060,0.035477,0.916667,0.000000,0.083333,0.112390,0.083333,0.297142,1.000000
uncertainty_guided_probe,missing_depth_shift,transparent_container_lift,0,72,0.056498,0.064101,0.724161,0.058929,0.033375,0.875000,0.027778,0.097222,0.109342,0.125000,0.379096,1.000000
uncertainty_guided_probe,missing_depth_shift,transparent_container_lift,1,72,0.056425,0.066479,0.709010,0.046032,0.033498,0.833333,0.027778,0.138889,0.104264,0.138889,0.390169,1.000000
uncertainty_guided_probe,missing_depth_shift,transparent_container_lift,2,72,0.055233,0.065322,0.713730,0.051488,0.033526,0.888889,0.013889,0.097222,0.104603,0.083333,0.363552,1.000000
uncertainty_guided_probe,missing_depth_shift,transparent_container_lift,3,72,0.060432,0.067305,0.694855,0.042361,0.033461,0.750000,0.041667,0.208333,0.106634,0.194444,0.439315,1.000000
uncertainty_guided_probe,missing_depth_shift,transparent_container_lift,4,72,0.058128,0.066722,0.712449,0.051190,0.033468,0.805556,0.041667,0.152778,0.105618,0.138889,0.402158,1.000000
uncertainty_guided_probe,missing_depth_shift,transparent_container_lift,5,72,0.057266,0.068673,0.700546,0.052579,0.033445,0.847222,0.027778,0.125000,0.106634,0.138889,0.395560,1.000000
uncertainty_guided_probe,missing_depth_shift,transparent_container_lift,6,72,0.056020,0.067139,0.727918,0.049405,0.033450,0.875000,0.027778,0.097222,0.106972,0.097222,0.369025,1.000000
uncertainty_guided_probe,missing_depth_shift,leaf_occluded_fruit_grasp,0,72,0.051005,0.060367,0.734979,0.047619,0.042554,0.833333,0.041667,0.125000,0.117930,0.152778,0.356362,1.000000
uncertainty_guided_probe,missing_depth_shift,leaf_occluded_fruit_grasp,1,72,0.050488,0.059544,0.750217,0.049206,0.042496,0.736111,0.055556,0.208333,0.114233,0.236111,0.379404,1.000000
uncertainty_guided_probe,missing_depth_shift,leaf_occluded_fruit_grasp,2,72,0.049704,0.059516,0.718391,0.052083,0.042519,0.791667,0.013889,0.194444,0.117930,0.194444,0.369050,1.000000
uncertainty_guided_probe,missing_depth_shift,leaf_occluded_fruit_grasp,3,72,0.049953,0.058679,0.716389,0.047024,0.042519,0.666667,0.083333,0.250000,0.119409,0.305556,0.407682,1.000000
uncertainty_guided_probe,missing_depth_shift,leaf_occluded_fruit_grasp,4,72,0.049203,0.059260,0.713254,0.053472,0.042348,0.708333,0.055556,0.236111,0.113124,0.263889,0.390412,1.000000
uncertainty_guided_probe,missing_depth_shift,leaf_occluded_fruit_grasp,5,72,0.052705,0.061486,0.700046,0.053274,0.042245,0.680556,0.083333,0.236111,0.120888,0.222222,0.407600,1.000000
uncertainty_guided_probe,missing_depth_shift,leaf_occluded_fruit_grasp,6,72,0.050518,0.060428,0.742089,0.050198,0.042403,0.638889,0.027778,0.333333,0.116821,0.291667,0.408368,1.000000
uncertainty_guided_probe,occlusion_shift,occluded_bin_grasping,0,72,0.043042,0.049205,0.763077,0.047718,0.037183,0.958333,0.013889,0.027778,0.106972,0.041667,0.263094,1.000000
uncertainty_guided_probe,occlusion_shift,occluded_bin_grasping,1,72,0.039789,0.047940,0.789948,0.049802,0.037193,0.888889,0.013889,0.097222,0.108698,0.111111,0.262287,1.000000
uncertainty_guided_probe,occlusion_shift,occluded_bin_grasping,2,72,0.043011,0.049794,0.780645,0.050496,0.037748,0.875000,0.013889,0.111111,0.106972,0.125000,0.287863,1.000000
uncertainty_guided_probe,occlusion_shift,occluded_bin_grasping,3,72,0.042422,0.048505,0.788316,0.045337,0.037505,0.875000,0.000000,0.125000,0.103522,0.125000,0.283025,1.000000
uncertainty_guided_probe,occlusion_shift,occluded_bin_grasping,4,72,0.041860,0.047275,0.778947,0.049008,0.037777,0.958333,0.000000,0.041667,0.111803,0.041667,0.253843,1.000000
uncertainty_guided_probe,occlusion_shift,occluded_bin_grasping,5,72,0.041697,0.048634,0.791544,0.049405,0.037557,0.888889,0.013889,0.097222,0.103867,0.111111,0.272392,1.000000
uncertainty_guided_probe,occlusion_shift,occluded_bin_grasping,6,72,0.042988,0.047607,0.815145,0.054663,0.037326,0.930556,0.027778,0.041667,0.107317,0.055556,0.256160,1.000000
uncertainty_guided_probe,occlusion_shift,shelf_insertion_clearance,0,72,0.037065,0.044855,0.732015,0.052381,0.032803,0.944444,0.000000,0.055556,0.117529,0.055556,0.242841,1.000000
uncertainty_guided_probe,occlusion_shift,shelf_insertion_clearance,1,72,0.037556,0.045926,0.700307,0.060218,0.032526,0.902778,0.000000,0.097222,0.120226,0.097222,0.268203,1.000000
uncertainty_guided_probe,occlusion_shift,shelf_insertion_clearance,2,72,0.039681,0.045358,0.744284,0.052480,0.032663,0.888889,0.013889,0.097222,0.119070,0.111111,0.273864,1.000000
uncertainty_guided_probe,occlusion_shift,shelf_insertion_clearance,3,72,0.038569,0.044790,0.729159,0.053175,0.032884,0.805556,0.055556,0.138889,0.120226,0.194444,0.297852,1.000000
uncertainty_guided_probe,occlusion_shift,shelf_insertion_clearance,4,72,0.037787,0.045253,0.734393,0.043651,0.032478,0.888889,0.027778,0.083333,0.120226,0.111111,0.264558,1.000000
uncertainty_guided_probe,occlusion_shift,shelf_insertion_clearance,5,72,0.038585,0.045469,0.717878,0.047321,0.032718,0.861111,0.041667,0.097222,0.119070,0.138889,0.281904,1.000000
uncertainty_guided_probe,occlusion_shift,shelf_insertion_clearance,6,72,0.036704,0.045144,0.732056,0.045337,0.032601,0.916667,0.000000,0.083333,0.121767,0.083333,0.250970,1.000000
uncertainty_guided_probe,occlusion_shift,transparent_container_lift,0,72,0.052332,0.059142,0.735676,0.051885,0.032493,0.805556,0.013889,0.180556,0.113229,0.180556,0.374718,1.000000
uncertainty_guided_probe,occlusion_shift,transparent_container_lift,1,72,0.050839,0.057818,0.765507,0.050893,0.032351,0.833333,0.027778,0.138889,0.104625,0.125000,0.341198,1.000000
uncertainty_guided_probe,occlusion_shift,transparent_container_lift,2,72,0.053256,0.059934,0.740347,0.049008,0.032476,0.736111,0.000000,0.263889,0.108411,0.222222,0.397405,1.000000
uncertainty_guided_probe,occlusion_shift,transparent_container_lift,3,72,0.050550,0.058480,0.744619,0.054762,0.032468,0.791667,0.041667,0.166667,0.110820,0.166667,0.359031,1.000000
uncertainty_guided_probe,occlusion_shift,transparent_container_lift,4,72,0.052122,0.061148,0.729772,0.045833,0.032709,0.847222,0.069444,0.083333,0.108067,0.138889,0.356378,1.000000
uncertainty_guided_probe,occlusion_shift,transparent_container_lift,5,72,0.050277,0.059941,0.742467,0.049206,0.032378,0.805556,0.013889,0.180556,0.107034,0.166667,0.357371,1.000000
uncertainty_guided_probe,occlusion_shift,transparent_container_lift,6,72,0.053337,0.059808,0.728577,0.051091,0.032477,0.777778,0.069444,0.152778,0.108067,0.166667,0.378856,1.000000
uncertainty_guided_probe,occlusion_shift,leaf_occluded_fruit_grasp,0,72,0.047317,0.053118,0.720503,0.048016,0.041003,0.625000,0.083333,0.291667,0.119355,0.361111,0.409032,1.000000
uncertainty_guided_probe,occlusion_shift,leaf_occluded_fruit_grasp,1,72,0.044808,0.051638,0.754170,0.048115,0.040836,0.791667,0.083333,0.125000,0.120105,0.166667,0.322047,1.000000
uncertainty_guided_probe,occlusion_shift,leaf_occluded_fruit_grasp,2,72,0.046490,0.052380,0.754197,0.045536,0.041039,0.680556,0.097222,0.222222,0.121982,0.277778,0.370076,1.000000
uncertainty_guided_probe,occlusion_shift,leaf_occluded_fruit_grasp,3,72,0.047598,0.053925,0.735678,0.046329,0.040484,0.819444,0.013889,0.166667,0.124985,0.180556,0.346867,1.000000
uncertainty_guided_probe,occlusion_shift,leaf_occluded_fruit_grasp,4,72,0.046926,0.052201,0.759739,0.046032,0.040626,0.708333,0.041667,0.250000,0.121607,0.250000,0.364842,1.000000
uncertainty_guided_probe,occlusion_shift,leaf_occluded_fruit_grasp,5,72,0.045352,0.052759,0.744110,0.049206,0.040899,0.736111,0.027778,0.236111,0.119355,0.250000,0.356418,1.000000
uncertainty_guided_probe,occlusion_shift,leaf_occluded_fruit_grasp,6,72,0.044391,0.050573,0.750145,0.048909,0.040725,0.791667,0.027778,0.180556,0.121982,0.194444,0.330264,1.000000
uncertainty_guided_probe,transparent_specular_shift,occluded_bin_grasping,0,72,0.047957,0.055434,0.764797,0.053968,0.034525,0.916667,0.013889,0.069444,0.107599,0.083333,0.305847,1.000000
uncertainty_guided_probe,transparent_specular_shift,occluded_bin_grasping,1,72,0.051485,0.057639,0.769305,0.047619,0.034844,0.888889,0.013889,0.097222,0.104205,0.111111,0.334539,1.000000
uncertainty_guided_probe,transparent_specular_shift,occluded_bin_grasping,2,72,0.049093,0.055988,0.788491,0.049008,0.034852,0.861111,0.027778,0.111111,0.100811,0.138889,0.324542,1.000000
uncertainty_guided_probe,transparent_specular_shift,occluded_bin_grasping,3,72,0.044546,0.056465,0.765674,0.046825,0.034641,0.916667,0.013889,0.069444,0.104205,0.083333,0.285445,1.000000
uncertainty_guided_probe,transparent_specular_shift,occluded_bin_grasping,4,72,0.046311,0.055392,0.774728,0.048016,0.034217,0.861111,0.041667,0.097222,0.108957,0.138889,0.311853,1.000000
uncertainty_guided_probe,transparent_specular_shift,occluded_bin_grasping,5,72,0.047369,0.054599,0.792485,0.048016,0.034813,0.875000,0.000000,0.125000,0.104544,0.125000,0.310840,1.000000
uncertainty_guided_probe,transparent_specular_shift,occluded_bin_grasping,6,72,0.048605,0.056759,0.782434,0.048413,0.034575,0.888889,0.013889,0.097222,0.108957,0.111111,0.315254,1.000000
uncertainty_guided_probe,transparent_specular_shift,shelf_insertion_clearance,0,72,0.043564,0.054318,0.717649,0.048413,0.030300,0.902778,0.013889,0.083333,0.112011,0.069444,0.290963,1.000000
uncertainty_guided_probe,transparent_specular_shift,shelf_insertion_clearance,1,72,0.043727,0.052757,0.699686,0.054167,0.030834,0.833333,0.041667,0.125000,0.117327,0.166667,0.325606,1.000000
uncertainty_guided_probe,transparent_specular_shift,shelf_insertion_clearance,2,72,0.045427,0.054501,0.694602,0.049405,0.030322,0.916667,0.013889,0.069444,0.116567,0.069444,0.306039,1.000000
uncertainty_guided_probe,transparent_specular_shift,shelf_insertion_clearance,3,72,0.043133,0.052572,0.713301,0.049107,0.030097,0.833333,0.041667,0.125000,0.119984,0.166667,0.319210,1.000000
uncertainty_guided_probe,transparent_specular_shift,shelf_insertion_clearance,4,72,0.045017,0.053910,0.687922,0.052480,0.030503,0.902778,0.000000,0.097222,0.115808,0.097222,0.313923,1.000000
uncertainty_guided_probe,transparent_specular_shift,shelf_insertion_clearance,5,72,0.044689,0.052439,0.693398,0.054762,0.030762,0.875000,0.041667,0.083333,0.115808,0.111111,0.314874,1.000000
uncertainty_guided_probe,transparent_specular_shift,shelf_insertion_clearance,6,72,0.044593,0.051671,0.702271,0.054663,0.029933,0.875000,0.027778,0.097222,0.116187,0.111111,0.313064,1.000000
uncertainty_guided_probe,transparent_specular_shift,transparent_container_lift,0,72,0.055269,0.063225,0.717106,0.051488,0.028580,0.819444,0.013889,0.166667,0.112727,0.138889,0.385177,1.000000
uncertainty_guided_probe,transparent_specular_shift,transparent_container_lift,1,72,0.056623,0.063495,0.717984,0.051488,0.028477,0.861111,0.041667,0.097222,0.109342,0.111111,0.379220,1.000000
uncertainty_guided_probe,transparent_specular_shift,transparent_container_lift,2,72,0.056583,0.062793,0.709730,0.054266,0.028449,0.888889,0.013889,0.097222,0.112389,0.097222,0.376335,1.000000
uncertainty_guided_probe,transparent_specular_shift,transparent_container_lift,3,72,0.055658,0.062704,0.711741,0.052976,0.028665,0.819444,0.041667,0.138889,0.107649,0.125000,0.383391,1.000000
uncertainty_guided_probe,transparent_specular_shift,transparent_container_lift,4,72,0.054577,0.063082,0.717333,0.051885,0.028510,0.875000,0.013889,0.111111,0.109342,0.111111,0.367366,1.000000
uncertainty_guided_probe,transparent_specular_shift,transparent_container_lift,5,72,0.053646,0.064518,0.693591,0.044544,0.028566,0.805556,0.027778,0.166667,0.111035,0.152778,0.385233,1.000000
uncertainty_guided_probe,transparent_specular_shift,transparent_container_lift,6,72,0.054899,0.063840,0.725455,0.049702,0.028497,0.847222,0.000000,0.152778,0.110696,0.125000,0.374949,1.000000
uncertainty_guided_probe,transparent_specular_shift,leaf_occluded_fruit_grasp,0,72,0.051259,0.058265,0.719954,0.047222,0.037285,0.694444,0.097222,0.208333,0.119039,0.250000,0.397689,1.000000
uncertainty_guided_probe,transparent_specular_shift,leaf_occluded_fruit_grasp,1,72,0.051509,0.060259,0.722547,0.048512,0.037262,0.736111,0.055556,0.208333,0.121997,0.222222,0.389841,1.000000
uncertainty_guided_probe,transparent_specular_shift,leaf_occluded_fruit_grasp,2,72,0.054103,0.060003,0.715606,0.044841,0.037392,0.583333,0.097222,0.319444,0.119779,0.291667,0.438925,1.000000
uncertainty_guided_probe,transparent_specular_shift,leaf_occluded_fruit_grasp,3,72,0.049196,0.058877,0.711733,0.053075,0.037463,0.638889,0.097222,0.263889,0.120518,0.277778,0.401204,1.000000
uncertainty_guided_probe,transparent_specular_shift,leaf_occluded_fruit_grasp,4,72,0.048865,0.059015,0.733837,0.056647,0.037361,0.680556,0.027778,0.291667,0.120518,0.263889,0.389673,1.000000
uncertainty_guided_probe,transparent_specular_shift,leaf_occluded_fruit_grasp,5,72,0.052378,0.059898,0.720974,0.046329,0.037418,0.638889,0.083333,0.277778,0.119039,0.277778,0.418098,1.000000
uncertainty_guided_probe,transparent_specular_shift,leaf_occluded_fruit_grasp,6,72,0.051582,0.058762,0.716820,0.054464,0.037566,0.666667,0.097222,0.236111,0.115712,0.236111,0.400468,1.000000
uncertainty_guided_probe,combined_interactive_stress,occluded_bin_grasping,0,72,0.054379,0.060313,0.679046,0.045536,0.031794,0.791667,0.097222,0.111111,0.124114,0.166667,0.395237,1.000000
uncertainty_guided_probe,combined_interactive_stress,occluded_bin_grasping,1,72,0.048940,0.057782,0.684036,0.054266,0.031753,0.736111,0.027778,0.236111,0.122233,0.208333,0.382823,1.000000
uncertainty_guided_probe,combined_interactive_stress,occluded_bin_grasping,2,72,0.052488,0.060462,0.676675,0.045933,0.031596,0.750000,0.097222,0.152778,0.121105,0.194444,0.396006,1.000000
uncertainty_guided_probe,combined_interactive_stress,occluded_bin_grasping,3,72,0.052400,0.060505,0.688436,0.052877,0.031930,0.805556,0.055556,0.138889,0.121857,0.138889,0.375816,1.000000
uncertainty_guided_probe,combined_interactive_stress,occluded_bin_grasping,4,72,0.054032,0.060190,0.674763,0.054167,0.031858,0.708333,0.069444,0.222222,0.125995,0.138889,0.400869,1.000000
uncertainty_guided_probe,combined_interactive_stress,occluded_bin_grasping,5,72,0.051826,0.058741,0.699638,0.048413,0.031527,0.722222,0.027778,0.250000,0.123738,0.166667,0.388638,1.000000
uncertainty_guided_probe,combined_interactive_stress,occluded_bin_grasping,6,72,0.051023,0.057160,0.690673,0.053968,0.031551,0.736111,0.055556,0.208333,0.123362,0.194444,0.388725,1.000000
uncertainty_guided_probe,combined_interactive_stress,shelf_insertion_clearance,0,72,0.050682,0.057687,0.606651,0.051389,0.028181,0.638889,0.083333,0.277778,0.127135,0.138889,0.406116,1.000000
uncertainty_guided_probe,combined_interactive_stress,shelf_insertion_clearance,1,72,0.049710,0.056691,0.597469,0.052877,0.028084,0.583333,0.125000,0.291667,0.129097,0.138889,0.407639,1.000000
uncertainty_guided_probe,combined_interactive_stress,shelf_insertion_clearance,2,72,0.046738,0.057043,0.637182,0.056845,0.028120,0.736111,0.041667,0.222222,0.129489,0.138889,0.366057,1.000000
uncertainty_guided_probe,combined_interactive_stress,shelf_insertion_clearance,3,72,0.048779,0.057951,0.623100,0.053274,0.028290,0.638889,0.125000,0.236111,0.126350,0.166667,0.394649,1.000000
uncertainty_guided_probe,combined_interactive_stress,shelf_insertion_clearance,4,72,0.051327,0.056805,0.593279,0.058631,0.028140,0.583333,0.055556,0.361111,0.126350,0.138889,0.421858,1.000000
uncertainty_guided_probe,combined_interactive_stress,shelf_insertion_clearance,5,72,0.050061,0.055591,0.627618,0.060913,0.027987,0.708333,0.111111,0.180556,0.127135,0.097222,0.377619,1.000000
uncertainty_guided_probe,combined_interactive_stress,shelf_insertion_clearance,6,72,0.050800,0.056879,0.618191,0.047817,0.027960,0.652778,0.083333,0.263889,0.130667,0.208333,0.417927,1.000000
uncertainty_guided_probe,combined_interactive_stress,transparent_container_lift,0,72,0.061998,0.068624,0.594895,0.047520,0.024486,0.166667,0.194444,0.638889,0.122313,0.222222,0.546290,1.000000
uncertainty_guided_probe,combined_interactive_stress,transparent_container_lift,1,72,0.060371,0.068270,0.611628,0.048810,0.024453,0.208333,0.222222,0.569444,0.126815,0.180556,0.517883,1.000000
uncertainty_guided_probe,combined_interactive_stress,transparent_container_lift,2,72,0.059319,0.069605,0.602494,0.047123,0.024476,0.263889,0.180556,0.555556,0.128691,0.138889,0.500310,1.000000
uncertainty_guided_probe,combined_interactive_stress,transparent_container_lift,3,72,0.063473,0.070063,0.596885,0.052976,0.024508,0.250000,0.180556,0.569444,0.123438,0.166667,0.533036,1.000000
uncertainty_guided_probe,combined_interactive_stress,transparent_container_lift,4,72,0.064158,0.070887,0.569220,0.047619,0.024443,0.180556,0.305556,0.513889,0.131318,0.152778,0.543066,1.000000
uncertainty_guided_probe,combined_interactive_stress,transparent_container_lift,5,72,0.059910,0.069073,0.600889,0.043155,0.024382,0.222222,0.097222,0.680556,0.123814,0.236111,0.534454,1.000000
uncertainty_guided_probe,combined_interactive_stress,transparent_container_lift,6,72,0.057773,0.069272,0.598813,0.042956,0.024494,0.222222,0.152778,0.625000,0.127566,0.208333,0.514455,1.000000
uncertainty_guided_probe,combined_interactive_stress,leaf_occluded_fruit_grasp,0,72,0.051538,0.062902,0.636996,0.044345,0.034326,0.250000,0.138889,0.611111,0.139788,0.319444,0.492259,1.000000
uncertainty_guided_probe,combined_interactive_stress,leaf_occluded_fruit_grasp,1,72,0.054526,0.063189,0.628009,0.055060,0.034212,0.222222,0.194444,0.583333,0.137756,0.347222,0.517893,1.000000
uncertainty_guided_probe,combined_interactive_stress,leaf_occluded_fruit_grasp,2,72,0.056874,0.065524,0.593231,0.048710,0.034189,0.125000,0.194444,0.680556,0.136131,0.291667,0.540079,1.000000
uncertainty_guided_probe,combined_interactive_stress,leaf_occluded_fruit_grasp,3,72,0.053736,0.062139,0.605770,0.054067,0.034260,0.152778,0.152778,0.694444,0.140601,0.416667,0.545795,1.000000
uncertainty_guided_probe,combined_interactive_stress,leaf_occluded_fruit_grasp,4,72,0.057996,0.062919,0.593425,0.053373,0.034197,0.125000,0.222222,0.652778,0.139382,0.263889,0.539151,1.000000
uncertainty_guided_probe,combined_interactive_stress,leaf_occluded_fruit_grasp,5,72,0.057277,0.062671,0.582336,0.050298,0.034122,0.111111,0.208333,0.680556,0.135318,0.416667,0.573407,1.000000
uncertainty_guided_probe,combined_interactive_stress,leaf_occluded_fruit_grasp,6,72,0.055124,0.064733,0.614159,0.044940,0.034134,0.111111,0.208333,0.680556,0.138569,0.194444,0.504780,1.000000
proposed_action_critical_interactive_depth,nominal_depth,occluded_bin_grasping,0,72,0.036675,0.050416,0.828499,0.050198,0.032330,0.986111,0.000000,0.013889,0.050398,0.013889,0.194785,1.000000
proposed_action_critical_interactive_depth,nominal_depth,occluded_bin_grasping,1,72,0.035496,0.050355,0.829140,0.047917,0.031973,0.972222,0.000000,0.027778,0.050398,0.027778,0.192655,1.000000
proposed_action_critical_interactive_depth,nominal_depth,occluded_bin_grasping,2,72,0.036297,0.049061,0.831254,0.053968,0.032505,0.944444,0.000000,0.055556,0.046877,0.069444,0.209147,1.000000
proposed_action_critical_interactive_depth,nominal_depth,occluded_bin_grasping,3,72,0.035352,0.050538,0.841843,0.043254,0.032529,0.958333,0.000000,0.041667,0.049078,0.069444,0.199585,1.000000
proposed_action_critical_interactive_depth,nominal_depth,occluded_bin_grasping,4,72,0.035749,0.050144,0.822723,0.053671,0.031749,0.930556,0.000000,0.069444,0.047537,0.069444,0.209903,1.000000
proposed_action_critical_interactive_depth,nominal_depth,occluded_bin_grasping,5,72,0.034761,0.049998,0.821905,0.049306,0.032360,0.944444,0.000000,0.055556,0.049738,0.069444,0.202827,1.000000
proposed_action_critical_interactive_depth,nominal_depth,occluded_bin_grasping,6,72,0.036413,0.050479,0.812882,0.051786,0.032526,0.930556,0.000000,0.069444,0.048198,0.069444,0.216196,1.000000
proposed_action_critical_interactive_depth,nominal_depth,shelf_insertion_clearance,0,72,0.029985,0.046414,0.788384,0.059425,0.028855,0.986111,0.000000,0.013889,0.053519,0.013889,0.165983,1.000000
proposed_action_critical_interactive_depth,nominal_depth,shelf_insertion_clearance,1,72,0.028179,0.046822,0.791664,0.051389,0.027347,0.944444,0.027778,0.027778,0.052779,0.055556,0.167551,1.000000
proposed_action_critical_interactive_depth,nominal_depth,shelf_insertion_clearance,2,72,0.028727,0.046405,0.778837,0.054464,0.029109,0.986111,0.000000,0.013889,0.053519,0.013889,0.160978,1.000000
proposed_action_critical_interactive_depth,nominal_depth,shelf_insertion_clearance,3,72,0.031691,0.048913,0.799661,0.043948,0.027749,0.944444,0.000000,0.055556,0.054012,0.055556,0.187815,1.000000
proposed_action_critical_interactive_depth,nominal_depth,shelf_insertion_clearance,4,72,0.030429,0.048244,0.796431,0.055556,0.027706,0.972222,0.000000,0.027778,0.051299,0.027778,0.171223,1.000000
proposed_action_critical_interactive_depth,nominal_depth,shelf_insertion_clearance,5,72,0.028740,0.047321,0.777803,0.048512,0.028011,0.944444,0.000000,0.055556,0.052532,0.055556,0.175767,1.000000
proposed_action_critical_interactive_depth,nominal_depth,shelf_insertion_clearance,6,72,0.030403,0.046749,0.802010,0.048810,0.028974,0.916667,0.013889,0.069444,0.050806,0.083333,0.188282,1.000000
proposed_action_critical_interactive_depth,nominal_depth,transparent_container_lift,0,72,0.048522,0.061174,0.778457,0.056250,0.030049,0.875000,0.013889,0.111111,0.053114,0.125000,0.313887,1.000000
proposed_action_critical_interactive_depth,nominal_depth,transparent_container_lift,1,72,0.048517,0.060886,0.759090,0.053472,0.031308,0.902778,0.013889,0.083333,0.054431,0.097222,0.308943,1.000000
proposed_action_critical_interactive_depth,nominal_depth,transparent_container_lift,2,72,0.044803,0.059519,0.774609,0.052183,0.030540,0.916667,0.000000,0.083333,0.050480,0.083333,0.279177,1.000000
proposed_action_critical_interactive_depth,nominal_depth,transparent_container_lift,3,72,0.045554,0.059879,0.779778,0.051786,0.031131,0.930556,0.000000,0.069444,0.051797,0.069444,0.277586,1.000000
proposed_action_critical_interactive_depth,nominal_depth,transparent_container_lift,4,72,0.048486,0.060529,0.781415,0.054167,0.030557,0.875000,0.013889,0.111111,0.053992,0.125000,0.313077,1.000000
proposed_action_critical_interactive_depth,nominal_depth,transparent_container_lift,5,72,0.049283,0.061184,0.762188,0.049405,0.031547,0.930556,0.027778,0.041667,0.052895,0.069444,0.301905,1.000000
proposed_action_critical_interactive_depth,nominal_depth,transparent_container_lift,6,72,0.046334,0.061114,0.761558,0.049008,0.031307,0.958333,0.013889,0.027778,0.053773,0.041667,0.276164,1.000000
proposed_action_critical_interactive_depth,nominal_depth,leaf_occluded_fruit_grasp,0,72,0.044009,0.057927,0.748051,0.048512,0.036170,0.750000,0.000000,0.250000,0.055687,0.236111,0.336847,1.000000
proposed_action_critical_interactive_depth,nominal_depth,leaf_occluded_fruit_grasp,1,72,0.039899,0.053537,0.770079,0.053571,0.035700,0.847222,0.013889,0.138889,0.056167,0.152778,0.275976,1.000000
proposed_action_critical_interactive_depth,nominal_depth,leaf_occluded_fruit_grasp,2,72,0.040645,0.052982,0.800368,0.051389,0.035312,0.875000,0.055556,0.069444,0.056647,0.138889,0.263920,1.000000
proposed_action_critical_interactive_depth,nominal_depth,leaf_occluded_fruit_grasp,3,72,0.040225,0.054306,0.783227,0.054067,0.035920,0.861111,0.013889,0.125000,0.056407,0.138889,0.269876,1.000000
proposed_action_critical_interactive_depth,nominal_depth,leaf_occluded_fruit_grasp,4,72,0.040985,0.053254,0.787140,0.057440,0.036313,0.888889,0.027778,0.083333,0.058087,0.111111,0.262990,1.000000
proposed_action_critical_interactive_depth,nominal_depth,leaf_occluded_fruit_grasp,5,72,0.040938,0.054627,0.770370,0.050893,0.036079,0.847222,0.027778,0.125000,0.057127,0.152778,0.281213,1.000000
proposed_action_critical_interactive_depth,nominal_depth,leaf_occluded_fruit_grasp,6,72,0.042084,0.056513,0.762174,0.051984,0.034922,0.861111,0.013889,0.125000,0.054487,0.138889,0.285483,1.000000
proposed_action_critical_interactive_depth,missing_depth_shift,occluded_bin_grasping,0,72,0.046827,0.059743,0.777100,0.059325,0.036270,0.875000,0.013889,0.111111,0.052817,0.138889,0.307406,1.000000
proposed_action_critical_interactive_depth,missing_depth_shift,occluded_bin_grasping,1,72,0.051617,0.063007,0.776664,0.045139,0.035726,0.916667,0.027778,0.055556,0.054383,0.083333,0.317004,1.000000
proposed_action_critical_interactive_depth,missing_depth_shift,occluded_bin_grasping,2,72,0.045987,0.059673,0.774384,0.050694,0.035595,0.916667,0.027778,0.055556,0.053488,0.083333,0.284789,1.000000
proposed_action_critical_interactive_depth,missing_depth_shift,occluded_bin_grasping,3,72,0.048137,0.061811,0.765029,0.047520,0.036755,0.944444,0.000000,0.055556,0.051026,0.055556,0.291154,1.000000
proposed_action_critical_interactive_depth,missing_depth_shift,occluded_bin_grasping,4,72,0.044749,0.059527,0.776826,0.058234,0.035876,0.888889,0.013889,0.097222,0.054160,0.111111,0.287659,1.000000
proposed_action_critical_interactive_depth,missing_depth_shift,occluded_bin_grasping,5,72,0.046613,0.061049,0.754918,0.055258,0.035677,0.958333,0.000000,0.041667,0.053712,0.041667,0.280204,1.000000
proposed_action_critical_interactive_depth,missing_depth_shift,occluded_bin_grasping,6,72,0.048280,0.060937,0.750231,0.050694,0.037199,0.847222,0.041667,0.111111,0.053936,0.152778,0.327413,1.000000
proposed_action_critical_interactive_depth,missing_depth_shift,shelf_insertion_clearance,0,72,0.040698,0.059032,0.698531,0.039385,0.031285,0.916667,0.000000,0.083333,0.058582,0.083333,0.274598,1.000000
proposed_action_critical_interactive_depth,missing_depth_shift,shelf_insertion_clearance,1,72,0.042705,0.058598,0.701368,0.052976,0.032348,0.958333,0.000000,0.041667,0.056078,0.041667,0.270676,1.000000
proposed_action_critical_interactive_depth,missing_depth_shift,shelf_insertion_clearance,2,72,0.041753,0.057943,0.668658,0.051190,0.032019,0.888889,0.000000,0.111111,0.059834,0.097222,0.294705,1.000000
proposed_action_critical_interactive_depth,missing_depth_shift,shelf_insertion_clearance,3,72,0.037899,0.055733,0.694588,0.052381,0.032021,0.916667,0.013889,0.069444,0.059834,0.083333,0.258627,1.000000
proposed_action_critical_interactive_depth,missing_depth_shift,shelf_insertion_clearance,4,72,0.040227,0.056875,0.703067,0.059921,0.031491,0.902778,0.041667,0.055556,0.058582,0.097222,0.273140,1.000000
proposed_action_critical_interactive_depth,missing_depth_shift,shelf_insertion_clearance,5,72,0.042394,0.058458,0.725543,0.052579,0.031613,0.888889,0.013889,0.097222,0.060585,0.111111,0.287081,1.000000
proposed_action_critical_interactive_depth,missing_depth_shift,shelf_insertion_clearance,6,72,0.041184,0.056358,0.690732,0.057639,0.031996,0.958333,0.013889,0.027778,0.055327,0.041667,0.263483,1.000000
proposed_action_critical_interactive_depth,missing_depth_shift,transparent_container_lift,0,72,0.057981,0.068972,0.714194,0.060813,0.033104,0.888889,0.013889,0.097222,0.051113,0.097222,0.376016,1.000000
proposed_action_critical_interactive_depth,missing_depth_shift,transparent_container_lift,1,72,0.060412,0.071164,0.708335,0.053075,0.032674,0.916667,0.013889,0.069444,0.056023,0.055556,0.379333,1.000000
proposed_action_critical_interactive_depth,missing_depth_shift,transparent_container_lift,2,72,0.061427,0.069873,0.723241,0.053770,0.032558,0.916667,0.013889,0.069444,0.054238,0.041667,0.378373,1.000000
proposed_action_critical_interactive_depth,missing_depth_shift,transparent_container_lift,3,72,0.056920,0.067926,0.725180,0.053869,0.032278,0.902778,0.013889,0.083333,0.053791,0.083333,0.362685,1.000000
proposed_action_critical_interactive_depth,missing_depth_shift,transparent_container_lift,4,72,0.057706,0.069882,0.710469,0.054861,0.032672,0.888889,0.013889,0.097222,0.055577,0.097222,0.375851,1.000000
proposed_action_critical_interactive_depth,missing_depth_shift,transparent_container_lift,5,72,0.056754,0.071367,0.701896,0.050099,0.032347,0.888889,0.000000,0.111111,0.056023,0.097222,0.373273,1.000000
proposed_action_critical_interactive_depth,missing_depth_shift,transparent_container_lift,6,72,0.056312,0.070542,0.724207,0.056448,0.032528,0.875000,0.013889,0.111111,0.052675,0.111111,0.368984,1.000000
proposed_action_critical_interactive_depth,missing_depth_shift,leaf_occluded_fruit_grasp,0,72,0.050296,0.063808,0.729764,0.049405,0.038788,0.777778,0.097222,0.125000,0.060450,0.194444,0.359662,1.000000
proposed_action_critical_interactive_depth,missing_depth_shift,leaf_occluded_fruit_grasp,1,72,0.052734,0.063969,0.727966,0.049702,0.039639,0.819444,0.013889,0.166667,0.060450,0.180556,0.370759,1.000000
proposed_action_critical_interactive_depth,missing_depth_shift,leaf_occluded_fruit_grasp,2,72,0.052835,0.064103,0.728398,0.053274,0.039765,0.833333,0.055556,0.111111,0.060206,0.125000,0.354687,1.000000
proposed_action_critical_interactive_depth,missing_depth_shift,leaf_occluded_fruit_grasp,3,72,0.048734,0.065122,0.698772,0.059524,0.039410,0.819444,0.000000,0.180556,0.061669,0.166667,0.352493,1.000000
proposed_action_critical_interactive_depth,missing_depth_shift,leaf_occluded_fruit_grasp,4,72,0.051651,0.064900,0.699288,0.056151,0.040424,0.708333,0.041667,0.250000,0.063375,0.263889,0.402823,1.000000
proposed_action_critical_interactive_depth,missing_depth_shift,leaf_occluded_fruit_grasp,5,72,0.050825,0.065864,0.719323,0.052976,0.040549,0.791667,0.027778,0.180556,0.059962,0.194444,0.367538,1.000000
proposed_action_critical_interactive_depth,missing_depth_shift,leaf_occluded_fruit_grasp,6,72,0.048122,0.061831,0.731046,0.052480,0.040092,0.777778,0.013889,0.208333,0.062887,0.194444,0.352039,1.000000
proposed_action_critical_interactive_depth,occlusion_shift,occluded_bin_grasping,0,72,0.042486,0.052730,0.786943,0.052778,0.031817,0.875000,0.013889,0.111111,0.055515,0.125000,0.277128,1.000000
proposed_action_critical_interactive_depth,occlusion_shift,occluded_bin_grasping,1,72,0.044290,0.054634,0.784001,0.047222,0.032309,0.930556,0.013889,0.055556,0.057563,0.069444,0.269102,1.000000
proposed_action_critical_interactive_depth,occlusion_shift,occluded_bin_grasping,2,72,0.040361,0.051297,0.782292,0.059226,0.031651,0.972222,0.000000,0.027778,0.056652,0.027778,0.232861,1.000000
proposed_action_critical_interactive_depth,occlusion_shift,occluded_bin_grasping,3,72,0.044059,0.053708,0.765134,0.051687,0.031125,0.888889,0.027778,0.083333,0.055515,0.111111,0.285797,1.000000
proposed_action_critical_interactive_depth,occlusion_shift,occluded_bin_grasping,4,72,0.041736,0.052750,0.791758,0.054861,0.032190,0.958333,0.013889,0.027778,0.056880,0.041667,0.242621,1.000000
proposed_action_critical_interactive_depth,occlusion_shift,occluded_bin_grasping,5,72,0.041128,0.052706,0.764522,0.054464,0.031014,0.916667,0.000000,0.083333,0.054832,0.083333,0.260802,1.000000
proposed_action_critical_interactive_depth,occlusion_shift,occluded_bin_grasping,6,72,0.041657,0.052820,0.782989,0.052976,0.031891,0.875000,0.041667,0.083333,0.057563,0.125000,0.271848,1.000000
proposed_action_critical_interactive_depth,occlusion_shift,shelf_insertion_clearance,0,72,0.036697,0.051300,0.701146,0.058234,0.027586,0.930556,0.013889,0.055556,0.063772,0.069444,0.245694,1.000000
proposed_action_critical_interactive_depth,occlusion_shift,shelf_insertion_clearance,1,72,0.035101,0.049989,0.703666,0.049901,0.027469,0.944444,0.000000,0.055556,0.060723,0.055556,0.231440,1.000000
proposed_action_critical_interactive_depth,occlusion_shift,shelf_insertion_clearance,2,72,0.035458,0.051106,0.711400,0.046726,0.027291,0.930556,0.000000,0.069444,0.064788,0.069444,0.237001,1.000000
proposed_action_critical_interactive_depth,occlusion_shift,shelf_insertion_clearance,3,72,0.037075,0.050032,0.723363,0.056052,0.028859,0.875000,0.041667,0.083333,0.063009,0.111111,0.257185,1.000000
proposed_action_critical_interactive_depth,occlusion_shift,shelf_insertion_clearance,4,72,0.036550,0.050728,0.704982,0.056250,0.028408,0.930556,0.013889,0.055556,0.059706,0.069444,0.243432,1.000000
proposed_action_critical_interactive_depth,occlusion_shift,shelf_insertion_clearance,5,72,0.035717,0.051944,0.710594,0.042460,0.027845,0.888889,0.000000,0.111111,0.063772,0.111111,0.253157,1.000000
proposed_action_critical_interactive_depth,occlusion_shift,shelf_insertion_clearance,6,72,0.035710,0.051969,0.723169,0.049702,0.027475,0.875000,0.013889,0.111111,0.062247,0.125000,0.253943,1.000000
proposed_action_critical_interactive_depth,occlusion_shift,transparent_container_lift,0,72,0.052942,0.063108,0.715113,0.047718,0.029745,0.833333,0.055556,0.111111,0.055595,0.111111,0.354884,1.000000
proposed_action_critical_interactive_depth,occlusion_shift,transparent_container_lift,1,72,0.053245,0.061059,0.717321,0.049901,0.029638,0.875000,0.000000,0.125000,0.055142,0.083333,0.347865,1.000000
proposed_action_critical_interactive_depth,occlusion_shift,transparent_container_lift,2,72,0.052716,0.063756,0.743906,0.049702,0.029874,0.916667,0.000000,0.083333,0.057184,0.069444,0.330191,1.000000
proposed_action_critical_interactive_depth,occlusion_shift,transparent_container_lift,3,72,0.052197,0.063087,0.739871,0.054861,0.030576,0.930556,0.000000,0.069444,0.053780,0.069444,0.325933,1.000000
proposed_action_critical_interactive_depth,occlusion_shift,transparent_container_lift,4,72,0.054158,0.063007,0.730016,0.053175,0.030812,0.861111,0.000000,0.138889,0.056049,0.111111,0.358138,1.000000
proposed_action_critical_interactive_depth,occlusion_shift,transparent_container_lift,5,72,0.050198,0.062652,0.724130,0.051290,0.029994,0.833333,0.041667,0.125000,0.056957,0.138889,0.343915,1.000000
proposed_action_critical_interactive_depth,occlusion_shift,transparent_container_lift,6,72,0.051500,0.060736,0.737025,0.055456,0.029915,0.833333,0.027778,0.138889,0.058772,0.138889,0.349421,1.000000
proposed_action_critical_interactive_depth,occlusion_shift,leaf_occluded_fruit_grasp,0,72,0.045804,0.058016,0.758593,0.051587,0.035211,0.763889,0.027778,0.208333,0.064590,0.208333,0.336213,1.000000
proposed_action_critical_interactive_depth,occlusion_shift,leaf_occluded_fruit_grasp,1,72,0.043564,0.056593,0.750043,0.051885,0.036041,0.833333,0.027778,0.138889,0.064095,0.125000,0.297851,1.000000
proposed_action_critical_interactive_depth,occlusion_shift,leaf_occluded_fruit_grasp,2,72,0.045450,0.055025,0.754616,0.061706,0.036335,0.875000,0.013889,0.111111,0.062857,0.111111,0.299909,1.000000
proposed_action_critical_interactive_depth,occlusion_shift,leaf_occluded_fruit_grasp,3,72,0.045435,0.057028,0.731998,0.049206,0.036026,0.819444,0.069444,0.111111,0.063600,0.166667,0.321450,1.000000
proposed_action_critical_interactive_depth,occlusion_shift,leaf_occluded_fruit_grasp,4,72,0.048893,0.057159,0.731243,0.054067,0.036437,0.722222,0.027778,0.250000,0.061620,0.250000,0.374917,1.000000
proposed_action_critical_interactive_depth,occlusion_shift,leaf_occluded_fruit_grasp,5,72,0.047934,0.057899,0.750057,0.049206,0.036728,0.861111,0.041667,0.097222,0.063600,0.125000,0.318691,1.000000
proposed_action_critical_interactive_depth,occlusion_shift,leaf_occluded_fruit_grasp,6,72,0.047910,0.058858,0.707582,0.056052,0.035643,0.708333,0.055556,0.236111,0.062115,0.250000,0.375093,1.000000
proposed_action_critical_interactive_depth,transparent_specular_shift,occluded_bin_grasping,0,72,0.043767,0.060169,0.771316,0.054266,0.030896,0.875000,0.000000,0.125000,0.053264,0.125000,0.288873,1.000000
proposed_action_critical_interactive_depth,transparent_specular_shift,occluded_bin_grasping,1,72,0.047651,0.061013,0.761832,0.056746,0.030952,0.930556,0.000000,0.069444,0.053936,0.069444,0.294312,1.000000
proposed_action_critical_interactive_depth,transparent_specular_shift,occluded_bin_grasping,2,72,0.047631,0.061009,0.771259,0.050893,0.030952,0.861111,0.027778,0.111111,0.056621,0.138889,0.314897,1.000000
proposed_action_critical_interactive_depth,transparent_specular_shift,occluded_bin_grasping,3,72,0.045490,0.057684,0.791871,0.060020,0.030281,0.805556,0.041667,0.152778,0.054607,0.194444,0.315904,1.000000
proposed_action_critical_interactive_depth,transparent_specular_shift,occluded_bin_grasping,4,72,0.045209,0.059554,0.775827,0.056548,0.030191,0.902778,0.000000,0.097222,0.054831,0.097222,0.286623,1.000000
proposed_action_critical_interactive_depth,transparent_specular_shift,occluded_bin_grasping,5,72,0.048057,0.062320,0.784766,0.049702,0.030979,0.972222,0.000000,0.027778,0.054160,0.027778,0.276606,1.000000
proposed_action_critical_interactive_depth,transparent_specular_shift,occluded_bin_grasping,6,72,0.046535,0.060057,0.744364,0.054365,0.030400,0.847222,0.027778,0.125000,0.052369,0.152778,0.319343,1.000000
proposed_action_critical_interactive_depth,transparent_specular_shift,shelf_insertion_clearance,0,72,0.043640,0.058296,0.671905,0.045238,0.027209,0.902778,0.013889,0.083333,0.060084,0.097222,0.302262,1.000000
proposed_action_critical_interactive_depth,transparent_specular_shift,shelf_insertion_clearance,1,72,0.043709,0.060775,0.660160,0.044742,0.026809,0.916667,0.013889,0.069444,0.063088,0.083333,0.300978,1.000000
proposed_action_critical_interactive_depth,transparent_specular_shift,shelf_insertion_clearance,2,72,0.045464,0.059079,0.670024,0.047321,0.026543,0.902778,0.000000,0.097222,0.059583,0.069444,0.307952,1.000000
proposed_action_critical_interactive_depth,transparent_specular_shift,shelf_insertion_clearance,3,72,0.041906,0.057039,0.697045,0.052877,0.026363,0.861111,0.013889,0.125000,0.059834,0.111111,0.294609,1.000000
proposed_action_critical_interactive_depth,transparent_specular_shift,shelf_insertion_clearance,4,72,0.043483,0.060501,0.672018,0.050397,0.026611,0.861111,0.013889,0.125000,0.060334,0.125000,0.312878,1.000000
proposed_action_critical_interactive_depth,transparent_specular_shift,shelf_insertion_clearance,5,72,0.045784,0.056553,0.694167,0.052679,0.027360,0.902778,0.013889,0.083333,0.064590,0.069444,0.303779,1.000000
proposed_action_critical_interactive_depth,transparent_specular_shift,shelf_insertion_clearance,6,72,0.043093,0.058147,0.675826,0.049107,0.027249,0.902778,0.000000,0.097222,0.062838,0.083333,0.296253,1.000000
proposed_action_critical_interactive_depth,transparent_specular_shift,transparent_container_lift,0,72,0.055620,0.066570,0.729827,0.056746,0.027188,0.875000,0.027778,0.097222,0.055800,0.083333,0.357052,1.000000
proposed_action_critical_interactive_depth,transparent_specular_shift,transparent_container_lift,1,72,0.056900,0.067847,0.706729,0.053869,0.027512,0.819444,0.013889,0.166667,0.056693,0.125000,0.387346,1.000000
proposed_action_critical_interactive_depth,transparent_specular_shift,transparent_container_lift,2,72,0.057058,0.066770,0.706141,0.054067,0.027618,0.902778,0.013889,0.083333,0.054684,0.097222,0.371218,1.000000
proposed_action_critical_interactive_depth,transparent_specular_shift,transparent_container_lift,3,72,0.057607,0.066713,0.711948,0.055655,0.027870,0.833333,0.000000,0.166667,0.056246,0.138889,0.392227,1.000000
proposed_action_critical_interactive_depth,transparent_specular_shift,transparent_container_lift,4,72,0.056447,0.068531,0.731978,0.049405,0.027343,0.916667,0.013889,0.069444,0.054907,0.069444,0.353583,1.000000
proposed_action_critical_interactive_depth,transparent_specular_shift,transparent_container_lift,5,72,0.054564,0.065181,0.707285,0.056647,0.027141,0.888889,0.013889,0.097222,0.057809,0.111111,0.361715,1.000000
proposed_action_critical_interactive_depth,transparent_specular_shift,transparent_container_lift,6,72,0.056471,0.067809,0.709923,0.040179,0.027949,0.916667,0.000000,0.083333,0.057362,0.083333,0.363199,1.000000
proposed_action_critical_interactive_depth,transparent_specular_shift,leaf_occluded_fruit_grasp,0,72,0.049484,0.062559,0.718261,0.053571,0.034060,0.805556,0.069444,0.125000,0.061425,0.152778,0.346720,1.000000
proposed_action_critical_interactive_depth,transparent_specular_shift,leaf_occluded_fruit_grasp,1,72,0.053966,0.064712,0.712310,0.047917,0.034383,0.722222,0.055556,0.222222,0.062156,0.152778,0.385896,1.000000
proposed_action_critical_interactive_depth,transparent_specular_shift,leaf_occluded_fruit_grasp,2,72,0.052312,0.062938,0.734244,0.056349,0.034490,0.708333,0.041667,0.250000,0.060694,0.222222,0.388782,1.000000
proposed_action_critical_interactive_depth,transparent_specular_shift,leaf_occluded_fruit_grasp,3,72,0.051769,0.066132,0.697847,0.051687,0.035208,0.638889,0.097222,0.263889,0.056306,0.250000,0.405643,1.000000
proposed_action_critical_interactive_depth,transparent_specular_shift,leaf_occluded_fruit_grasp,4,72,0.051810,0.063453,0.716089,0.054762,0.034294,0.708333,0.041667,0.250000,0.061912,0.194444,0.384260,1.000000
proposed_action_critical_interactive_depth,transparent_specular_shift,leaf_occluded_fruit_grasp,5,72,0.050451,0.063915,0.707814,0.053175,0.034150,0.736111,0.041667,0.222222,0.061425,0.194444,0.374694,1.000000
proposed_action_critical_interactive_depth,transparent_specular_shift,leaf_occluded_fruit_grasp,6,72,0.053872,0.063163,0.721055,0.044444,0.034670,0.694444,0.069444,0.236111,0.065325,0.263889,0.410853,1.000000
proposed_action_critical_interactive_depth,combined_interactive_stress,occluded_bin_grasping,0,72,0.052828,0.065477,0.672905,0.048810,0.029375,0.750000,0.013889,0.236111,0.063483,0.166667,0.390854,1.000000
proposed_action_critical_interactive_depth,combined_interactive_stress,occluded_bin_grasping,1,72,0.050928,0.063690,0.671834,0.050992,0.029624,0.833333,0.041667,0.125000,0.063483,0.111111,0.355370,1.000000
proposed_action_critical_interactive_depth,combined_interactive_stress,occluded_bin_grasping,2,72,0.050338,0.061134,0.675345,0.054861,0.029624,0.791667,0.055556,0.152778,0.064723,0.111111,0.355841,1.000000
proposed_action_critical_interactive_depth,combined_interactive_stress,occluded_bin_grasping,3,72,0.053951,0.062885,0.691445,0.053075,0.029094,0.847222,0.013889,0.138889,0.061747,0.111111,0.367854,1.000000
proposed_action_critical_interactive_depth,combined_interactive_stress,occluded_bin_grasping,4,72,0.051801,0.062607,0.665709,0.057738,0.030272,0.861111,0.013889,0.125000,0.064475,0.111111,0.360078,1.000000
proposed_action_critical_interactive_depth,combined_interactive_stress,occluded_bin_grasping,5,72,0.053361,0.064096,0.688772,0.052877,0.029705,0.861111,0.027778,0.111111,0.064475,0.097222,0.359702,1.000000
proposed_action_critical_interactive_depth,combined_interactive_stress,occluded_bin_grasping,6,72,0.052808,0.065174,0.668634,0.044643,0.029274,0.875000,0.027778,0.097222,0.061747,0.097222,0.359197,1.000000
proposed_action_critical_interactive_depth,combined_interactive_stress,shelf_insertion_clearance,0,72,0.049735,0.061434,0.588624,0.048115,0.025986,0.736111,0.097222,0.166667,0.066232,0.125000,0.381115,1.000000
proposed_action_critical_interactive_depth,combined_interactive_stress,shelf_insertion_clearance,1,72,0.049588,0.060635,0.594506,0.052877,0.025575,0.722222,0.097222,0.180556,0.070631,0.125000,0.381184,1.000000
proposed_action_critical_interactive_depth,combined_interactive_stress,shelf_insertion_clearance,2,72,0.046158,0.060201,0.609973,0.052778,0.025804,0.680556,0.027778,0.291667,0.064939,0.097222,0.360364,1.000000
proposed_action_critical_interactive_depth,combined_interactive_stress,shelf_insertion_clearance,3,72,0.049578,0.062088,0.610144,0.054762,0.025894,0.694444,0.041667,0.263889,0.068820,0.125000,0.384097,1.000000
proposed_action_critical_interactive_depth,combined_interactive_stress,shelf_insertion_clearance,4,72,0.052207,0.060427,0.611781,0.051290,0.025866,0.833333,0.055556,0.111111,0.063904,0.083333,0.370306,1.000000
proposed_action_critical_interactive_depth,combined_interactive_stress,shelf_insertion_clearance,5,72,0.050763,0.059557,0.603729,0.053571,0.025597,0.819444,0.041667,0.138889,0.063645,0.041667,0.357306,1.000000
proposed_action_critical_interactive_depth,combined_interactive_stress,shelf_insertion_clearance,6,72,0.048514,0.059237,0.633095,0.058333,0.026052,0.777778,0.055556,0.166667,0.066232,0.083333,0.351277,1.000000
proposed_action_critical_interactive_depth,combined_interactive_stress,transparent_container_lift,0,72,0.063196,0.071535,0.599045,0.055456,0.024670,0.291667,0.250000,0.458333,0.062587,0.208333,0.523192,1.000000
proposed_action_critical_interactive_depth,combined_interactive_stress,transparent_container_lift,1,72,0.066727,0.072591,0.644407,0.049306,0.024749,0.236111,0.166667,0.597222,0.063577,0.166667,0.535962,1.000000
proposed_action_critical_interactive_depth,combined_interactive_stress,transparent_container_lift,2,72,0.065878,0.073828,0.623366,0.048115,0.024942,0.194444,0.222222,0.583333,0.066050,0.138889,0.532354,1.000000
proposed_action_critical_interactive_depth,combined_interactive_stress,transparent_container_lift,3,72,0.066393,0.073786,0.614608,0.052877,0.025117,0.263889,0.166667,0.569444,0.058629,0.166667,0.536969,1.000000
proposed_action_critical_interactive_depth,combined_interactive_stress,transparent_container_lift,4,72,0.066382,0.073261,0.582363,0.050794,0.025023,0.166667,0.194444,0.638889,0.061598,0.194444,0.562086,1.000000
proposed_action_critical_interactive_depth,combined_interactive_stress,transparent_container_lift,5,72,0.067344,0.073562,0.617555,0.054266,0.024517,0.250000,0.194444,0.555556,0.067040,0.125000,0.532573,1.000000
proposed_action_critical_interactive_depth,combined_interactive_stress,transparent_container_lift,6,72,0.061623,0.070699,0.613015,0.054762,0.024641,0.305556,0.194444,0.500000,0.063824,0.194444,0.509335,1.000000
proposed_action_critical_interactive_depth,combined_interactive_stress,leaf_occluded_fruit_grasp,0,72,0.055760,0.065622,0.590911,0.054365,0.033416,0.236111,0.194444,0.569444,0.066715,0.236111,0.499176,1.000000
proposed_action_critical_interactive_depth,combined_interactive_stress,leaf_occluded_fruit_grasp,1,72,0.058337,0.068748,0.626509,0.051091,0.033356,0.277778,0.194444,0.527778,0.068858,0.166667,0.485141,1.000000
proposed_action_critical_interactive_depth,combined_interactive_stress,leaf_occluded_fruit_grasp,2,72,0.057191,0.068915,0.606742,0.050992,0.033091,0.236111,0.166667,0.597222,0.069662,0.208333,0.499588,1.000000
proposed_action_critical_interactive_depth,combined_interactive_stress,leaf_occluded_fruit_grasp,3,72,0.056041,0.066909,0.615206,0.046329,0.032814,0.208333,0.180556,0.611111,0.072341,0.222222,0.497039,1.000000
proposed_action_critical_interactive_depth,combined_interactive_stress,leaf_occluded_fruit_grasp,4,72,0.057274,0.067760,0.609793,0.051687,0.032941,0.250000,0.236111,0.513889,0.067786,0.222222,0.495042,1.000000
proposed_action_critical_interactive_depth,combined_interactive_stress,leaf_occluded_fruit_grasp,5,72,0.054724,0.068147,0.615857,0.044147,0.032999,0.166667,0.305556,0.527778,0.069930,0.291667,0.502151,1.000000
proposed_action_critical_interactive_depth,combined_interactive_stress,leaf_occluded_fruit_grasp,6,72,0.057742,0.067459,0.628114,0.054861,0.033323,0.236111,0.166667,0.597222,0.070466,0.250000,0.506918,1.000000
oracle_depth_completion,nominal_depth,occluded_bin_grasping,0,72,0.005148,0.005843,0.933317,0.068254,0.081406,1.000000,0.000000,0.000000,0.006496,0.000000,0.000673,0.916667
oracle_depth_completion,nominal_depth,occluded_bin_grasping,1,72,0.005424,0.005981,0.946771,0.068750,0.082429,1.000000,0.000000,0.000000,0.006196,0.000000,0.000113,0.944444
oracle_depth_completion,nominal_depth,occluded_bin_grasping,2,72,0.004984,0.005612,0.937953,0.070734,0.080212,1.000000,0.000000,0.000000,0.006073,0.000000,0.000596,0.930556
oracle_depth_completion,nominal_depth,occluded_bin_grasping,3,72,0.004916,0.005816,0.942030,0.073710,0.079270,1.000000,0.000000,0.000000,0.005904,0.000000,0.000341,0.888889
oracle_depth_completion,nominal_depth,occluded_bin_grasping,4,72,0.005016,0.005885,0.930714,0.065278,0.082475,1.000000,0.000000,0.000000,0.005575,0.000000,0.001100,0.958333
oracle_depth_completion,nominal_depth,occluded_bin_grasping,5,72,0.005022,0.005824,0.937690,0.073313,0.080455,1.000000,0.000000,0.000000,0.006000,0.000000,0.000749,0.916667
oracle_depth_completion,nominal_depth,occluded_bin_grasping,6,72,0.005163,0.005869,0.944661,0.066071,0.081521,1.000000,0.000000,0.000000,0.006222,0.000000,0.000086,0.930556
oracle_depth_completion,nominal_depth,shelf_insertion_clearance,0,72,0.004710,0.005663,0.930370,0.062500,0.064421,1.000000,0.000000,0.000000,0.006816,0.000000,0.001095,0.930556
oracle_depth_completion,nominal_depth,shelf_insertion_clearance,1,72,0.004692,0.005713,0.935983,0.069643,0.063198,1.000000,0.000000,0.000000,0.006997,0.000000,0.000393,0.958333
oracle_depth_completion,nominal_depth,shelf_insertion_clearance,2,72,0.004766,0.005947,0.923303,0.063294,0.061368,1.000000,0.000000,0.000000,0.007446,0.000000,0.001476,0.916667
oracle_depth_completion,nominal_depth,shelf_insertion_clearance,3,72,0.004944,0.006086,0.928657,0.064187,0.063568,1.000000,0.000000,0.000000,0.006468,0.000000,0.000828,0.902778
oracle_depth_completion,nominal_depth,shelf_insertion_clearance,4,72,0.004566,0.005683,0.923110,0.070635,0.062506,1.000000,0.000000,0.000000,0.006558,0.000000,0.001264,0.916667
oracle_depth_completion,nominal_depth,shelf_insertion_clearance,5,72,0.004872,0.005913,0.919384,0.068254,0.061072,1.000000,0.000000,0.000000,0.006760,0.000000,0.002201,0.930556
oracle_depth_completion,nominal_depth,shelf_insertion_clearance,6,72,0.004932,0.005972,0.938188,0.064683,0.062888,1.000000,0.000000,0.000000,0.007002,0.000000,0.000672,0.916667
oracle_depth_completion,nominal_depth,transparent_container_lift,0,72,0.005394,0.005809,0.930572,0.071131,0.111222,1.000000,0.000000,0.000000,0.006969,0.000000,0.000452,0.958333
oracle_depth_completion,nominal_depth,transparent_container_lift,1,72,0.005292,0.005694,0.934647,0.069345,0.112056,1.000000,0.000000,0.000000,0.006580,0.000000,0.000693,0.916667
oracle_depth_completion,nominal_depth,transparent_container_lift,2,72,0.005706,0.005996,0.932111,0.068651,0.108665,1.000000,0.000000,0.000000,0.006833,0.000000,0.000680,0.986111
oracle_depth_completion,nominal_depth,transparent_container_lift,3,72,0.005721,0.006106,0.927405,0.061706,0.111483,1.000000,0.000000,0.000000,0.006654,0.000000,0.001466,0.972222
oracle_depth_completion,nominal_depth,transparent_container_lift,4,72,0.005604,0.005893,0.935721,0.069345,0.108986,1.000000,0.000000,0.000000,0.006191,0.000000,0.000819,0.986111
oracle_depth_completion,nominal_depth,transparent_container_lift,5,72,0.005357,0.005902,0.934728,0.074504,0.109793,1.000000,0.000000,0.000000,0.006154,0.000000,0.000642,0.902778
oracle_depth_completion,nominal_depth,transparent_container_lift,6,72,0.005580,0.006097,0.934360,0.064980,0.107835,1.000000,0.000000,0.000000,0.006080,0.000000,0.001166,0.958333
oracle_depth_completion,nominal_depth,leaf_occluded_fruit_grasp,0,72,0.005102,0.005749,0.936332,0.072619,0.102877,1.000000,0.000000,0.000000,0.006866,0.000000,0.000947,0.972222
oracle_depth_completion,nominal_depth,leaf_occluded_fruit_grasp,1,72,0.005408,0.005933,0.927823,0.067560,0.102070,1.000000,0.000000,0.000000,0.007065,0.000000,0.001202,0.930556
oracle_depth_completion,nominal_depth,leaf_occluded_fruit_grasp,2,72,0.005264,0.005830,0.932020,0.071528,0.102542,1.000000,0.000000,0.000000,0.007298,0.000000,0.000386,0.972222
oracle_depth_completion,nominal_depth,leaf_occluded_fruit_grasp,3,72,0.005440,0.005769,0.927392,0.066468,0.101730,1.000000,0.000000,0.000000,0.007328,0.000000,0.001369,0.958333
oracle_depth_completion,nominal_depth,leaf_occluded_fruit_grasp,4,72,0.005347,0.005815,0.933537,0.068552,0.103599,1.000000,0.000000,0.000000,0.007281,0.000000,0.000769,0.930556
oracle_depth_completion,nominal_depth,leaf_occluded_fruit_grasp,5,72,0.005297,0.005796,0.930134,0.066468,0.102587,1.000000,0.000000,0.000000,0.006781,0.000000,0.000803,0.986111
oracle_depth_completion,nominal_depth,leaf_occluded_fruit_grasp,6,72,0.005588,0.006068,0.933097,0.063889,0.100162,1.000000,0.000000,0.000000,0.007058,0.000000,0.001106,0.958333
oracle_depth_completion,missing_depth_shift,occluded_bin_grasping,0,72,0.005662,0.005950,0.922585,0.068056,0.111466,1.000000,0.000000,0.000000,0.006132,0.000000,0.002039,0.930556
oracle_depth_completion,missing_depth_shift,occluded_bin_grasping,1,72,0.005654,0.005925,0.940033,0.064980,0.112969,1.000000,0.000000,0.000000,0.006697,0.000000,0.001033,0.875000
oracle_depth_completion,missing_depth_shift,occluded_bin_grasping,2,72,0.005599,0.006067,0.926829,0.066171,0.109818,1.000000,0.000000,0.000000,0.006177,0.000000,0.000765,0.958333
oracle_depth_completion,missing_depth_shift,occluded_bin_grasping,3,72,0.005105,0.005716,0.931103,0.074107,0.110138,1.000000,0.000000,0.000000,0.006104,0.000000,0.000805,0.944444
oracle_depth_completion,missing_depth_shift,occluded_bin_grasping,4,72,0.005342,0.005969,0.933324,0.067460,0.111180,1.000000,0.000000,0.000000,0.006663,0.000000,0.001137,0.916667
oracle_depth_completion,missing_depth_shift,occluded_bin_grasping,5,72,0.005398,0.005980,0.919854,0.064087,0.110706,1.000000,0.000000,0.000000,0.006596,0.000000,0.001490,0.875000
oracle_depth_completion,missing_depth_shift,occluded_bin_grasping,6,72,0.005548,0.005863,0.933898,0.074206,0.109660,1.000000,0.000000,0.000000,0.007514,0.000000,0.000695,0.944444
oracle_depth_completion,missing_depth_shift,shelf_insertion_clearance,0,72,0.005505,0.005977,0.934930,0.066171,0.094386,1.000000,0.000000,0.000000,0.007411,0.000000,0.000414,0.944444
oracle_depth_completion,missing_depth_shift,shelf_insertion_clearance,1,72,0.005243,0.005767,0.935969,0.067063,0.090883,1.000000,0.000000,0.000000,0.007229,0.000000,0.001805,0.916667
oracle_depth_completion,missing_depth_shift,shelf_insertion_clearance,2,72,0.005372,0.006028,0.943596,0.063690,0.092596,1.000000,0.000000,0.000000,0.007423,0.000000,0.001050,0.972222
oracle_depth_completion,missing_depth_shift,shelf_insertion_clearance,3,72,0.005092,0.005648,0.932849,0.071230,0.092915,1.000000,0.000000,0.000000,0.007004,0.000000,0.002205,0.916667
oracle_depth_completion,missing_depth_shift,shelf_insertion_clearance,4,72,0.005244,0.005877,0.932996,0.066964,0.092534,1.000000,0.000000,0.000000,0.006891,0.000000,0.001524,0.916667
oracle_depth_completion,missing_depth_shift,shelf_insertion_clearance,5,72,0.005451,0.006135,0.938232,0.063194,0.092726,1.000000,0.000000,0.000000,0.007229,0.000000,0.001914,0.916667
oracle_depth_completion,missing_depth_shift,shelf_insertion_clearance,6,72,0.005329,0.005723,0.928955,0.069544,0.094310,1.000000,0.000000,0.000000,0.008043,0.000000,0.001791,0.972222
oracle_depth_completion,missing_depth_shift,transparent_container_lift,0,72,0.005524,0.005861,0.932713,0.069345,0.140402,1.000000,0.000000,0.000000,0.006750,0.000000,0.001035,0.916667
oracle_depth_completion,missing_depth_shift,transparent_container_lift,1,72,0.006000,0.006050,0.928790,0.063393,0.140920,1.000000,0.000000,0.000000,0.006328,0.000000,0.001192,0.930556
oracle_depth_completion,missing_depth_shift,transparent_container_lift,2,72,0.005712,0.005982,0.929026,0.065972,0.140600,1.000000,0.000000,0.000000,0.006891,0.000000,0.001582,0.958333
oracle_depth_completion,missing_depth_shift,transparent_container_lift,3,72,0.005940,0.005975,0.939833,0.068750,0.142745,1.000000,0.000000,0.000000,0.007082,0.000000,0.000862,0.930556
oracle_depth_completion,missing_depth_shift,transparent_container_lift,4,72,0.005623,0.005843,0.926830,0.069444,0.140800,1.000000,0.000000,0.000000,0.006850,0.000000,0.001255,0.986111
oracle_depth_completion,missing_depth_shift,transparent_container_lift,5,72,0.005730,0.005975,0.935897,0.067758,0.140257,1.000000,0.000000,0.000000,0.006368,0.000000,0.000450,0.972222
oracle_depth_completion,missing_depth_shift,transparent_container_lift,6,72,0.005807,0.005988,0.929054,0.065575,0.139850,1.000000,0.000000,0.000000,0.007684,0.000000,0.001451,1.000000
oracle_depth_completion,missing_depth_shift,leaf_occluded_fruit_grasp,0,72,0.005574,0.005858,0.943731,0.070238,0.133163,1.000000,0.000000,0.000000,0.007994,0.000000,0.000222,0.958333
oracle_depth_completion,missing_depth_shift,leaf_occluded_fruit_grasp,1,72,0.005431,0.005860,0.936485,0.071230,0.133001,1.000000,0.000000,0.000000,0.007784,0.000000,0.000259,0.930556
oracle_depth_completion,missing_depth_shift,leaf_occluded_fruit_grasp,2,72,0.005667,0.005946,0.937101,0.064187,0.132347,1.000000,0.000000,0.000000,0.007323,0.000000,0.000870,0.916667
oracle_depth_completion,missing_depth_shift,leaf_occluded_fruit_grasp,3,72,0.005453,0.005752,0.937447,0.071032,0.133377,1.000000,0.000000,0.000000,0.007249,0.000000,0.000159,0.972222
oracle_depth_completion,missing_depth_shift,leaf_occluded_fruit_grasp,4,72,0.005494,0.005845,0.936692,0.070040,0.134415,1.000000,0.000000,0.000000,0.007139,0.000000,0.000735,0.972222
oracle_depth_completion,missing_depth_shift,leaf_occluded_fruit_grasp,5,72,0.005616,0.005977,0.941764,0.068056,0.134003,1.000000,0.000000,0.000000,0.007268,0.000000,0.000443,0.916667
oracle_depth_completion,missing_depth_shift,leaf_occluded_fruit_grasp,6,72,0.005439,0.005768,0.927295,0.073214,0.133779,1.000000,0.000000,0.000000,0.007291,0.000000,0.001910,0.930556
oracle_depth_completion,occlusion_shift,occluded_bin_grasping,0,72,0.005633,0.005980,0.938523,0.067956,0.110218,1.000000,0.000000,0.000000,0.006932,0.000000,0.001362,0.972222
oracle_depth_completion,occlusion_shift,occluded_bin_grasping,1,72,0.005226,0.005864,0.947160,0.065575,0.106256,1.000000,0.000000,0.000000,0.006794,0.000000,0.000678,0.986111
oracle_depth_completion,occlusion_shift,occluded_bin_grasping,2,72,0.005299,0.006015,0.933596,0.062401,0.110025,1.000000,0.000000,0.000000,0.006712,0.000000,0.001398,0.958333
oracle_depth_completion,occlusion_shift,occluded_bin_grasping,3,72,0.005619,0.005939,0.936875,0.064881,0.111469,1.000000,0.000000,0.000000,0.006968,0.000000,0.001029,0.958333
oracle_depth_completion,occlusion_shift,occluded_bin_grasping,4,72,0.005404,0.005826,0.932213,0.068750,0.110595,1.000000,0.000000,0.000000,0.007086,0.000000,0.000652,0.972222
oracle_depth_completion,occlusion_shift,occluded_bin_grasping,5,72,0.005574,0.005785,0.936972,0.068651,0.108643,1.000000,0.000000,0.000000,0.006794,0.000000,0.000827,0.986111
oracle_depth_completion,occlusion_shift,occluded_bin_grasping,6,72,0.005746,0.005998,0.923407,0.066171,0.108991,1.000000,0.000000,0.000000,0.007116,0.000000,0.001574,1.000000
oracle_depth_completion,occlusion_shift,shelf_insertion_clearance,0,72,0.005160,0.005896,0.935001,0.071825,0.090616,1.000000,0.000000,0.000000,0.008040,0.000000,0.001072,0.930556
oracle_depth_completion,occlusion_shift,shelf_insertion_clearance,1,72,0.005495,0.005954,0.926877,0.065675,0.089044,1.000000,0.000000,0.000000,0.007754,0.000000,0.002846,0.930556
oracle_depth_completion,occlusion_shift,shelf_insertion_clearance,2,72,0.005655,0.005930,0.941355,0.068056,0.089659,1.000000,0.000000,0.000000,0.007610,0.000000,0.001208,0.944444
oracle_depth_completion,occlusion_shift,shelf_insertion_clearance,3,72,0.005369,0.005841,0.927204,0.071528,0.088056,1.000000,0.000000,0.000000,0.007179,0.000000,0.001527,0.958333
oracle_depth_completion,occlusion_shift,shelf_insertion_clearance,4,72,0.005485,0.005917,0.928259,0.070933,0.090343,1.000000,0.000000,0.000000,0.006954,0.000000,0.001652,0.930556
oracle_depth_completion,occlusion_shift,shelf_insertion_clearance,5,72,0.005332,0.005767,0.923363,0.073909,0.092602,1.000000,0.000000,0.000000,0.007408,0.000000,0.001903,0.958333
oracle_depth_completion,occlusion_shift,shelf_insertion_clearance,6,72,0.005384,0.005860,0.934965,0.068353,0.090885,1.000000,0.000000,0.000000,0.007327,0.000000,0.002116,0.916667
oracle_depth_completion,occlusion_shift,transparent_container_lift,0,72,0.005760,0.006040,0.923263,0.066567,0.138127,1.000000,0.000000,0.000000,0.007035,0.000000,0.001678,0.930556
oracle_depth_completion,occlusion_shift,transparent_container_lift,1,72,0.005255,0.005746,0.941892,0.068353,0.137686,1.000000,0.000000,0.000000,0.006978,0.000000,0.000425,0.958333
oracle_depth_completion,occlusion_shift,transparent_container_lift,2,72,0.005684,0.005991,0.935820,0.070734,0.138075,1.000000,0.000000,0.000000,0.006241,0.000000,0.002739,0.944444
oracle_depth_completion,occlusion_shift,transparent_container_lift,3,72,0.005997,0.005875,0.936724,0.062599,0.137657,1.000000,0.000000,0.000000,0.007001,0.000000,0.000831,0.972222
oracle_depth_completion,occlusion_shift,transparent_container_lift,4,72,0.005576,0.005862,0.927684,0.073413,0.137810,1.000000,0.000000,0.000000,0.006570,0.000000,0.001736,0.958333
oracle_depth_completion,occlusion_shift,transparent_container_lift,5,72,0.005798,0.006008,0.925524,0.066369,0.139633,1.000000,0.000000,0.000000,0.006468,0.000000,0.001315,0.958333
oracle_depth_completion,occlusion_shift,transparent_container_lift,6,72,0.005986,0.006057,0.934386,0.064484,0.137609,1.000000,0.000000,0.000000,0.006911,0.000000,0.001598,0.916667
oracle_depth_completion,occlusion_shift,leaf_occluded_fruit_grasp,0,72,0.005390,0.005772,0.932526,0.074802,0.124718,1.000000,0.000000,0.000000,0.007242,0.000000,0.001267,0.958333
oracle_depth_completion,occlusion_shift,leaf_occluded_fruit_grasp,1,72,0.005630,0.005867,0.938628,0.068849,0.124873,1.000000,0.000000,0.000000,0.008001,0.000000,0.000608,0.986111
oracle_depth_completion,occlusion_shift,leaf_occluded_fruit_grasp,2,72,0.005782,0.005863,0.937930,0.067758,0.125702,1.000000,0.000000,0.000000,0.007649,0.000000,0.000987,0.972222
oracle_depth_completion,occlusion_shift,leaf_occluded_fruit_grasp,3,72,0.005720,0.005876,0.937637,0.068353,0.126030,1.000000,0.000000,0.000000,0.007854,0.000000,0.001264,0.958333
oracle_depth_completion,occlusion_shift,leaf_occluded_fruit_grasp,4,72,0.005758,0.006025,0.931024,0.063194,0.125654,1.000000,0.000000,0.000000,0.007412,0.000000,0.001476,0.916667
oracle_depth_completion,occlusion_shift,leaf_occluded_fruit_grasp,5,72,0.005745,0.005979,0.944681,0.068552,0.127051,1.000000,0.000000,0.000000,0.007705,0.000000,0.001388,0.972222
oracle_depth_completion,occlusion_shift,leaf_occluded_fruit_grasp,6,72,0.005473,0.005729,0.936690,0.073512,0.124180,1.000000,0.000000,0.000000,0.008188,0.000000,0.001171,0.958333
oracle_depth_completion,transparent_specular_shift,occluded_bin_grasping,0,72,0.005347,0.006019,0.940363,0.069048,0.120661,1.000000,0.000000,0.000000,0.006633,0.000000,0.000896,0.930556
oracle_depth_completion,transparent_specular_shift,occluded_bin_grasping,1,72,0.005766,0.005994,0.919771,0.058433,0.119418,1.000000,0.000000,0.000000,0.006628,0.000000,0.001958,0.958333
oracle_depth_completion,transparent_specular_shift,occluded_bin_grasping,2,72,0.005851,0.005946,0.938625,0.063591,0.120479,1.000000,0.000000,0.000000,0.006555,0.000000,0.000592,0.944444
oracle_depth_completion,transparent_specular_shift,occluded_bin_grasping,3,72,0.005653,0.005864,0.931950,0.073611,0.121232,1.000000,0.000000,0.000000,0.006559,0.000000,0.000822,0.916667
oracle_depth_completion,transparent_specular_shift,occluded_bin_grasping,4,72,0.005396,0.005951,0.927544,0.068353,0.122055,1.000000,0.000000,0.000000,0.007004,0.000000,0.001655,0.972222
oracle_depth_completion,transparent_specular_shift,occluded_bin_grasping,5,72,0.005819,0.006065,0.932914,0.064583,0.121065,1.000000,0.000000,0.000000,0.006702,0.000000,0.001158,0.972222
oracle_depth_completion,transparent_specular_shift,occluded_bin_grasping,6,72,0.005729,0.006085,0.929835,0.061508,0.118295,1.000000,0.000000,0.000000,0.006802,0.000000,0.000901,0.972222
oracle_depth_completion,transparent_specular_shift,shelf_insertion_clearance,0,72,0.005462,0.005929,0.924409,0.060813,0.102349,1.000000,0.000000,0.000000,0.007669,0.000000,0.001862,0.958333
oracle_depth_completion,transparent_specular_shift,shelf_insertion_clearance,1,72,0.005299,0.005796,0.932652,0.073909,0.100631,1.000000,0.000000,0.000000,0.007360,0.000000,0.002330,0.902778
oracle_depth_completion,transparent_specular_shift,shelf_insertion_clearance,2,72,0.005318,0.005957,0.934105,0.070238,0.100775,1.000000,0.000000,0.000000,0.007564,0.000000,0.000927,0.916667
oracle_depth_completion,transparent_specular_shift,shelf_insertion_clearance,3,72,0.005364,0.005868,0.932524,0.069246,0.101536,1.000000,0.000000,0.000000,0.007344,0.000000,0.000775,0.986111
oracle_depth_completion,transparent_specular_shift,shelf_insertion_clearance,4,72,0.005351,0.006036,0.934180,0.059325,0.100681,1.000000,0.000000,0.000000,0.007352,0.000000,0.001396,0.944444
oracle_depth_completion,transparent_specular_shift,shelf_insertion_clearance,5,72,0.005548,0.006029,0.940713,0.066468,0.101424,1.000000,0.000000,0.000000,0.007022,0.000000,0.001040,0.902778
oracle_depth_completion,transparent_specular_shift,shelf_insertion_clearance,6,72,0.005753,0.006063,0.940616,0.066964,0.104481,1.000000,0.000000,0.000000,0.007197,0.000000,0.001375,0.972222
oracle_depth_completion,transparent_specular_shift,transparent_container_lift,0,72,0.005877,0.005818,0.933324,0.071528,0.141423,1.000000,0.000000,0.000000,0.006627,0.000000,0.001093,0.930556
oracle_depth_completion,transparent_specular_shift,transparent_container_lift,1,72,0.005836,0.005929,0.932270,0.070536,0.143887,1.000000,0.000000,0.000000,0.006437,0.000000,0.001606,0.958333
oracle_depth_completion,transparent_specular_shift,transparent_container_lift,2,72,0.005799,0.005856,0.937344,0.071528,0.144004,1.000000,0.000000,0.000000,0.007703,0.000000,0.000798,0.986111
oracle_depth_completion,transparent_specular_shift,transparent_container_lift,3,72,0.005877,0.005961,0.934052,0.066468,0.144452,1.000000,0.000000,0.000000,0.006356,0.000000,0.001252,0.944444
oracle_depth_completion,transparent_specular_shift,transparent_container_lift,4,72,0.005906,0.005943,0.938385,0.067560,0.143591,1.000000,0.000000,0.000000,0.006989,0.000000,0.001321,0.958333
oracle_depth_completion,transparent_specular_shift,transparent_container_lift,5,72,0.005829,0.005877,0.926991,0.072917,0.143459,1.000000,0.000000,0.000000,0.006699,0.000000,0.001660,0.986111
oracle_depth_completion,transparent_specular_shift,transparent_container_lift,6,72,0.006133,0.006028,0.925061,0.066567,0.144482,1.000000,0.000000,0.000000,0.007160,0.000000,0.002539,0.944444
oracle_depth_completion,transparent_specular_shift,leaf_occluded_fruit_grasp,0,72,0.005576,0.006061,0.930188,0.066667,0.141292,1.000000,0.000000,0.000000,0.007343,0.000000,0.001835,0.930556
oracle_depth_completion,transparent_specular_shift,leaf_occluded_fruit_grasp,1,72,0.005438,0.005876,0.949158,0.069643,0.139980,1.000000,0.000000,0.000000,0.007577,0.000000,0.000455,0.972222
oracle_depth_completion,transparent_specular_shift,leaf_occluded_fruit_grasp,2,72,0.005510,0.005912,0.943322,0.065377,0.142178,1.000000,0.000000,0.000000,0.007507,0.000000,0.001098,0.930556
oracle_depth_completion,transparent_specular_shift,leaf_occluded_fruit_grasp,3,72,0.005598,0.005938,0.928220,0.064980,0.140836,1.000000,0.000000,0.000000,0.007279,0.000000,0.000385,0.958333
oracle_depth_completion,transparent_specular_shift,leaf_occluded_fruit_grasp,4,72,0.005669,0.005996,0.916088,0.065873,0.141490,1.000000,0.000000,0.000000,0.007499,0.000000,0.001398,0.958333
oracle_depth_completion,transparent_specular_shift,leaf_occluded_fruit_grasp,5,72,0.005693,0.005953,0.947537,0.061706,0.140974,1.000000,0.000000,0.000000,0.007311,0.000000,0.000578,0.944444
oracle_depth_completion,transparent_specular_shift,leaf_occluded_fruit_grasp,6,72,0.005674,0.005957,0.944686,0.065278,0.140882,1.000000,0.000000,0.000000,0.006976,0.000000,0.000124,0.875000
oracle_depth_completion,combined_interactive_stress,occluded_bin_grasping,0,72,0.005800,0.006028,0.917237,0.068552,0.140083,1.000000,0.000000,0.000000,0.007516,0.000000,0.002476,0.875000
oracle_depth_completion,combined_interactive_stress,occluded_bin_grasping,1,72,0.005604,0.005947,0.934117,0.066171,0.141241,1.000000,0.000000,0.000000,0.007694,0.000000,0.001303,0.958333
oracle_depth_completion,combined_interactive_stress,occluded_bin_grasping,2,72,0.005798,0.006019,0.939256,0.064484,0.140851,1.000000,0.000000,0.000000,0.008328,0.000000,0.000844,0.972222
oracle_depth_completion,combined_interactive_stress,occluded_bin_grasping,3,72,0.005721,0.005982,0.925146,0.064782,0.143404,1.000000,0.000000,0.000000,0.007785,0.000000,0.001599,0.944444
oracle_depth_completion,combined_interactive_stress,occluded_bin_grasping,4,72,0.005516,0.005857,0.929174,0.071528,0.140782,1.000000,0.000000,0.000000,0.007436,0.000000,0.000909,0.972222
oracle_depth_completion,combined_interactive_stress,occluded_bin_grasping,5,72,0.005597,0.005894,0.934867,0.067560,0.141697,1.000000,0.000000,0.000000,0.007694,0.000000,0.000796,0.958333
oracle_depth_completion,combined_interactive_stress,occluded_bin_grasping,6,72,0.005881,0.005925,0.930413,0.065774,0.140773,1.000000,0.000000,0.000000,0.007856,0.000000,0.001464,0.916667
oracle_depth_completion,combined_interactive_stress,shelf_insertion_clearance,0,72,0.005578,0.006059,0.933228,0.063690,0.123156,1.000000,0.000000,0.000000,0.007597,0.000000,0.002042,0.986111
oracle_depth_completion,combined_interactive_stress,shelf_insertion_clearance,1,72,0.005830,0.006031,0.907078,0.068948,0.123173,1.000000,0.000000,0.000000,0.007889,0.000000,0.002187,0.930556
oracle_depth_completion,combined_interactive_stress,shelf_insertion_clearance,2,72,0.005606,0.005816,0.937199,0.074504,0.124949,1.000000,0.000000,0.000000,0.009198,0.000000,0.001175,0.972222
oracle_depth_completion,combined_interactive_stress,shelf_insertion_clearance,3,72,0.005512,0.006049,0.924556,0.065873,0.124662,1.000000,0.000000,0.000000,0.008296,0.000000,0.001743,0.958333
oracle_depth_completion,combined_interactive_stress,shelf_insertion_clearance,4,72,0.005400,0.005919,0.928405,0.070933,0.125097,1.000000,0.000000,0.000000,0.008150,0.000000,0.002045,1.000000
oracle_depth_completion,combined_interactive_stress,shelf_insertion_clearance,5,72,0.005537,0.005815,0.933620,0.068254,0.121362,1.000000,0.000000,0.000000,0.007889,0.000000,0.001182,0.902778
oracle_depth_completion,combined_interactive_stress,shelf_insertion_clearance,6,72,0.005530,0.005952,0.930367,0.069643,0.122072,1.000000,0.000000,0.000000,0.007801,0.000000,0.001362,0.944444
oracle_depth_completion,combined_interactive_stress,transparent_container_lift,0,72,0.005495,0.005891,0.930927,0.069544,0.170942,1.000000,0.000000,0.000000,0.007820,0.000000,0.001049,0.986111
oracle_depth_completion,combined_interactive_stress,transparent_container_lift,1,72,0.005777,0.006084,0.934627,0.065774,0.172886,1.000000,0.000000,0.000000,0.007319,0.000000,0.001842,0.958333
oracle_depth_completion,combined_interactive_stress,transparent_container_lift,2,72,0.005827,0.005897,0.945440,0.070635,0.171270,1.000000,0.000000,0.000000,0.006956,0.000000,0.001912,0.916667
oracle_depth_completion,combined_interactive_stress,transparent_container_lift,3,72,0.005688,0.005956,0.939251,0.071825,0.171904,1.000000,0.000000,0.000000,0.007931,0.000000,0.000794,0.930556
oracle_depth_completion,combined_interactive_stress,transparent_container_lift,4,72,0.005827,0.005926,0.934916,0.067063,0.169291,1.000000,0.000000,0.000000,0.007820,0.000000,0.000578,0.958333
oracle_depth_completion,combined_interactive_stress,transparent_container_lift,5,72,0.005566,0.005967,0.933977,0.068452,0.170464,1.000000,0.000000,0.000000,0.007736,0.000000,0.000958,0.972222
oracle_depth_completion,combined_interactive_stress,transparent_container_lift,6,72,0.005907,0.005978,0.926031,0.072024,0.171110,1.000000,0.000000,0.000000,0.007764,0.000000,0.002561,0.958333
oracle_depth_completion,combined_interactive_stress,leaf_occluded_fruit_grasp,0,72,0.005519,0.005753,0.930710,0.074504,0.161459,1.000000,0.000000,0.000000,0.009344,0.000000,0.001487,1.000000
oracle_depth_completion,combined_interactive_stress,leaf_occluded_fruit_grasp,1,72,0.006059,0.006125,0.933894,0.067857,0.159938,1.000000,0.000000,0.000000,0.009097,0.000000,0.001370,0.958333
oracle_depth_completion,combined_interactive_stress,leaf_occluded_fruit_grasp,2,72,0.005845,0.005928,0.929005,0.070139,0.159026,1.000000,0.000000,0.000000,0.008757,0.000000,0.001869,0.972222
oracle_depth_completion,combined_interactive_stress,leaf_occluded_fruit_grasp,3,72,0.005957,0.005991,0.925768,0.064980,0.159146,1.000000,0.000000,0.000000,0.008132,0.000000,0.002769,0.958333
oracle_depth_completion,combined_interactive_stress,leaf_occluded_fruit_grasp,4,72,0.005609,0.005823,0.932542,0.069444,0.159330,1.000000,0.000000,0.000000,0.008697,0.000000,0.002334,0.972222
oracle_depth_completion,combined_interactive_stress,leaf_occluded_fruit_grasp,5,72,0.005833,0.005986,0.928305,0.066766,0.160696,1.000000,0.000000,0.000000,0.008856,0.000000,0.002046,0.958333
oracle_depth_completion,combined_interactive_stress,leaf_occluded_fruit_grasp,6,72,0.005869,0.006031,0.929382,0.061508,0.159302,1.000000,0.000000,0.000000,0.009081,0.000000,0.001325,0.986111
