stress_level,seed,method,task_success,action_critical_rmse,occluded_region_rmse,collision_boundary_f1,calibration_error,probe_informativeness,useful_probe_precision,collision_rate,manipulation_failure_rate,probe_cost,probe_damage,planning_regret,robust_utility,mechanism_utility
0.0,0,action_critical_interactive_depth_v4,0.5805555555555556,0.05265600036462302,0.06470661722853237,0.7843408823180178,0.1326063687049913,0.20180991545162247,0.23158284727287143,0.1986111111111111,0.008333333333333333,0.038109663072039515,0.07777777777777778,0.4535654167737451,-0.019095008144874775,0.6263746857096429
0.0,0,active_view_selection,0.7888888888888889,0.033193301389754994,0.03807544106075633,0.8313804156985738,0.12751552164132895,0.03409043115273407,0.024652493363355395,0.17916666666666667,0.0,0.013871209180412613,0.001388888888888889,0.3078242880812826,0.3854473263454924,0.5957745782033149
0.0,0,diffusion_depth_policy,0.5638888888888889,0.064633228842209,0.07803947068717833,0.7414961139502659,0.1859582379080139,0.011088035402176495,0.010406929629486082,0.2263888888888889,0.0125,0.009698002802806143,0.0,0.4671006991084779,0.004253992154343998,0.5469743908896199
0.0,0,ensemble_depth_completion,0.4527777777777778,0.07080220974629792,0.08438445340635106,0.7360749007545463,0.1461177647410231,0.010522472245203059,0.008818763489524473,0.24722222222222223,0.02638888888888889,0.0007396568630134843,0.001388888888888889,0.5365738216156419,-0.17842906123186528,0.5477841789068677
0.0,0,foundation_depth_prior,0.26944444444444443,0.07433023538777775,0.08714351075239908,0.6992576741574216,0.20319362922002474,0.011546359734376892,0.010123426214386694,0.28888888888888886,0.034722222222222224,0.0042233973908280134,0.001388888888888889,0.6472457805975855,-0.48361949720123987,0.5303205685812973
0.0,0,gaussian_splat_uncertainty,0.4166666666666667,0.07570547615663249,0.09249198613533041,0.7433994079959215,0.1321956298585665,0.011134421372823746,0.00927202650472184,0.2013888888888889,0.06666666666666667,0.002089657773010991,0.008333333333333333,0.5551531834910847,-0.19958626594043885,0.5478178649871566
0.0,0,learned_depth_completion,0.09583333333333334,0.08259403212776838,0.09728316067310182,0.672791013507968,0.2177135324360237,0.011432761524309493,0.009890749735103798,0.29583333333333334,0.11944444444444445,0.0022595236016243556,0.005555555555555556,0.7531757744125169,-0.7746470435488223,0.517645859117207
0.0,0,next_best_view_planner,0.7833333333333333,0.03525528057637752,0.04253123755097131,0.8317016640858342,0.13277497667647356,0.030079738841120206,0.021377350120584483,0.15833333333333333,0.0,0.012273332243756853,0.001388888888888889,0.3111165003019037,0.4024161257824144,0.593448448183914
0.0,0,oracle_depth_completion,0.9972222222222222,0.01941537961355237,0.025686115294169996,0.904770269562875,0.06980139942920671,0.06467243137105069,0.06663659869634102,0.11388888888888889,0.0,0.014519277260472828,0.004166666666666667,0.14582680292407504,0.7664867234947604,0.6407455809857552
0.0,0,raw_depth_policy,0.001388888888888889,0.10871333865283483,0.12973175325359906,0.5770319050516106,0.2771708566749719,0.011221979122499465,0.010371813092591747,0.375,0.31805555555555554,0.001632268748584474,0.004166666666666667,0.8789406721599647,-1.1319245899747512,0.47544026493240654
0.0,0,risk_aware_action_critical_depth_probe_v5,0.6916666666666667,0.05009803067785587,0.06080456281195487,0.8015669804839898,0.11694101997740824,0.19456049326623084,0.2298735576374787,0.18888888888888888,0.001388888888888889,0.030039355465506453,0.06805555555555555,0.3849720402073251,0.16106904666123267,0.6356307433863301
0.0,0,robust_clearance_mpc,0.7861111111111111,0.07566924993127816,0.09561479784823554,0.7684268718442625,0.14763525205865208,0.012375386264927655,0.010157347839902051,0.07916666666666666,0.03194444444444444,0.0017862059773605693,0.002777777777777778,0.3270253984788837,0.47374605022725075,0.5549594581963208
0.0,0,uncertainty_guided_probe,0.49583333333333335,0.051627027672640324,0.06272040778227324,0.7821543016417808,0.1318174253145894,0.14113849006672471,0.11656760659542315,0.22361111111111112,0.019444444444444445,0.05859138930327631,0.11527777777777778,0.5136682788907062,-0.21744739418081613,0.5796944898746701
0.0,0,visuotactile_probe,0.5138888888888888,0.056005912616795585,0.06745189619973821,0.7707694020845383,0.15111675501346813,0.14688494476732009,0.14520001939658,0.24027777777777778,0.009722222222222222,0.04247712666627988,0.05138888888888889,0.5009741976740576,-0.141120310691102,0.5967652098958001
0.0,1,action_critical_interactive_depth_v4,0.5944444444444444,0.053060339843989744,0.06599623806437097,0.7834185818867351,0.1329240037006055,0.19278730601801156,0.22075579380814314,0.20694444444444443,0.006944444444444444,0.036281292195010494,0.058333333333333334,0.4455144846945943,0.0094524617885809,0.6266757769336476
0.0,1,active_view_selection,0.8055555555555556,0.03303365438859528,0.038263761488773314,0.8338764209623842,0.12748282786281512,0.03577936760754505,0.024649106190849965,0.1597222222222222,0.0,0.01403407619388005,0.001388888888888889,0.29581926446883766,0.43185632929786855,0.5967808208481377
0.0,1,diffusion_depth_policy,0.5125,0.06515033300169175,0.07804824809471494,0.7416171159645493,0.18685344552299846,0.011555594548044033,0.009782221374778605,0.24027777777777778,0.025,0.010620760793879119,0.001388888888888889,0.49647928376118744,-0.0889502672558325,0.5462064279246933
0.0,1,ensemble_depth_completion,0.46805555555555556,0.07077732248338856,0.08433720853969236,0.7372686594072136,0.14699656294011043,0.010399603325316047,0.010512163879334532,0.23333333333333334,0.03333333333333333,0.0009123086261660859,0.002777777777777778,0.5269041808577253,-0.1458606027430661,0.5480597178905277
0.0,1,foundation_depth_prior,0.28194444444444444,0.07406048449273346,0.08694197309700939,0.7003151354468338,0.20322370665790304,0.01116136846071672,0.009865841887513653,0.2708333333333333,0.05555555555555555,0.004205471286227485,0.0,0.6355546318799846,-0.45182250640991256,0.5309063119152557
0.0,1,gaussian_splat_uncertainty,0.41944444444444445,0.07534626611269792,0.09275108629658074,0.7456264629101488,0.13195575594710837,0.011841525686051322,0.010498532700808012,0.21805555555555556,0.043055555555555555,0.002361944089370683,0.005555555555555556,0.5570416886865552,-0.2033606079618473,0.5495524409247301
0.0,1,learned_depth_completion,0.1,0.08237780970509768,0.09702712821197233,0.6713486324651334,0.2180572489761826,0.010811252423456054,0.009103504600180955,0.30416666666666664,0.10833333333333334,0.001193560619532803,0.002777777777777778,0.7518369899761125,-0.7709397090428343,0.5177988150942384
0.0,1,next_best_view_planner,0.75,0.03515542505750325,0.04252001920969132,0.8316033088983652,0.13305589292093992,0.031593319372064416,0.022898984835980515,0.18055555555555555,0.0,0.013646513027629105,0.002777777777777778,0.3350566490179993,0.32688475821389695,0.5934824302455114
0.0,1,oracle_depth_completion,0.9958333333333333,0.019157771002003603,0.0249409382510708,0.9061707087747986,0.06908192250682703,0.07594909259966004,0.08278319249233747,0.09861111111111111,0.0,0.015826574076198627,0.009722222222222222,0.14452656459833624,0.7778655429111871,0.6452326696486786
0.0,1,raw_depth_policy,0.0,0.10893413927702397,0.1296265763428188,0.5771610220200003,0.2768367802350739,0.012380783520480491,0.009586583061130029,0.375,0.30833333333333335,0.0025297859686996727,0.004166666666666667,0.880585874925566,-1.13000789445529,0.47529497643189045
0.0,1,risk_aware_action_critical_depth_probe_v5,0.6875,0.05208603912673022,0.06281237283408724,0.7963382058421143,0.11829081977808108,0.17223564249211568,0.20653235075101228,0.18055555555555555,0.005555555555555556,0.02678635138231301,0.04722222222222222,0.3852592204031176,0.18471046982478817,0.6296730356437286
0.0,1,robust_clearance_mpc,0.7930555555555555,0.0757851349043309,0.09544038457865395,0.7679893257473277,0.14767518895145207,0.011952007028958296,0.011455485297981365,0.075,0.022222222222222223,0.0010059735580597465,0.0,0.3250089475472258,0.4942510714575462,0.5557427131713606
0.0,1,uncertainty_guided_probe,0.4875,0.051946922099541444,0.062435297387613026,0.7814984166219091,0.13163263475001147,0.14455608868621111,0.12005768684502939,0.24166666666666667,0.009722222222222222,0.059885296664541905,0.09861111111111111,0.5173291532118108,-0.2293060432794042,0.5841820361662368
0.0,1,visuotactile_probe,0.4986111111111111,0.0573095203073325,0.06927217212797224,0.7671332064299408,0.15176493688454182,0.13341372234116702,0.13207540264180817,0.22777777777777777,0.019444444444444445,0.03863974591889062,0.0625,0.5065406609291464,-0.15890497989191588,0.5883136112039049
0.0,2,action_critical_interactive_depth_v4,0.5763888888888888,0.05288310544314086,0.06497734296740534,0.7832797686350997,0.13279109436256653,0.19296335450622853,0.2229196379445671,0.20694444444444443,0.018055555555555554,0.03722261757566631,0.07916666666666666,0.45850805653013793,-0.041516811949660885,0.6224878173032059
0.0,2,active_view_selection,0.8069444444444445,0.033122571168818796,0.038979606240314574,0.8327434987814348,0.12759895373502406,0.03324281866792089,0.02294161664136892,0.1486111111111111,0.0,0.013904084559396557,0.001388888888888889,0.29244667158994886,0.4481634003705499,0.5956575048040577
0.0,2,diffusion_depth_policy,0.5222222222222223,0.06507006610446606,0.07852608234045814,0.7408484325773311,0.185791362461474,0.011604704294611396,0.0095432369035608,0.24583333333333332,0.008333333333333333,0.00971694622308609,0.001388888888888889,0.49085069926755237,-0.07378376199954403,0.5462277976104801
0.0,2,ensemble_depth_completion,0.43472222222222223,0.07070858008805225,0.08445467476808341,0.7382888475524102,0.146048213687797,0.011325255611913988,0.010318650921738672,0.24583333333333332,0.03888888888888889,0.00144377053682405,0.001388888888888889,0.5443600435304866,-0.20598241534845035,0.5487923807716767
0.0,2,foundation_depth_prior,0.28055555555555556,0.07414965963396636,0.08757525320520905,0.699294401847013,0.20325674605237395,0.012252074363466915,0.009545310040712131,0.2875,0.044444444444444446,0.00419309289203521,0.0,0.6405866266697683,-0.47015986161200735,0.5306892924954048
0.0,2,gaussian_splat_uncertainty,0.4263888888888889,0.07527671904454068,0.09265177740939542,0.7452316579612823,0.13264346769868374,0.01155091004500931,0.009571682639755986,0.21388888888888888,0.05138888888888889,0.001165836520505204,0.005555555555555556,0.551996471682092,-0.19204194143180006,0.54934052394481
0.0,2,learned_depth_completion,0.10694444444444444,0.08219368916951153,0.09738274402180104,0.6737341361291934,0.21807328429002695,0.012083087679426082,0.010144449170468755,0.2875,0.10555555555555556,0.0023434756198919037,0.001388888888888889,0.747098162823173,-0.7397163816859262,0.5190891889942301
0.0,2,next_best_view_planner,0.7541666666666667,0.03545758764424147,0.04204583799289019,0.8306415513258255,0.1335528056233475,0.031631634291303196,0.023180600079081865,0.17777777777777778,0.0,0.013194794485252882,0.0,0.33057781517364876,0.33974995491016396,0.5938000968904507
0.0,2,oracle_depth_completion,0.9972222222222222,0.01959909761085602,0.025526099782100985,0.9043015221347217,0.06959537467842215,0.07764969966610938,0.08562932490559755,0.09027777777777778,0.0,0.016223460294471526,0.008333333333333333,0.1431091299370202,0.7908435356382594,0.6456305480831148
0.0,2,raw_depth_policy,0.0,0.10933718697360266,0.129540777607182,0.5757396576439893,0.27691753923274254,0.010734355296308257,0.00967387244003131,0.37222222222222223,0.2916666666666667,0.0011523031160270267,0.001388888888888889,0.8803970527308119,-1.1156173812105268,0.47532304389717006
0.0,2,risk_aware_action_critical_depth_probe_v5,0.6736111111111112,0.051394992655429614,0.0622996482176711,0.7986319771042996,0.11783038129326268,0.1850515814295903,0.22071475939672228,0.20277777777777778,0.002777777777777778,0.028636637679587115,0.05277777777777778,0.39650980116727874,0.13380977873582187,0.6342763452069827
0.0,2,robust_clearance_mpc,0.7958333333333333,0.07579047174656292,0.09532040070690675,0.7686668719744442,0.14794599153415844,0.011527237378826754,0.009033919357598936,0.07916666666666666,0.027777777777777776,0.0011495843200160598,0.001388888888888889,0.32324260025001067,0.4893333013589428,0.5549740769282606
0.0,2,uncertainty_guided_probe,0.5430555555555555,0.05063174415703945,0.06145170649995783,0.7843506932149479,0.1316805633430587,0.14947079931626225,0.12451361467208623,0.18888888888888888,0.0125,0.06257221445031472,0.09861111111111111,0.4786112849153082,-0.09140532702749951,0.5868123993481706
0.0,2,visuotactile_probe,0.5125,0.05744060031964615,0.06948314566894649,0.7677395766320358,0.15226604477308306,0.1314513133758744,0.12967607325609712,0.23472222222222222,0.011111111111111112,0.037471337818446145,0.05277777777777778,0.49769670945486255,-0.13413051267746873,0.589867469952615
0.0,3,action_critical_interactive_depth_v4,0.5513888888888889,0.05205604250191579,0.06339582427111815,0.7847838640125722,0.13122253045591303,0.20909520749590446,0.24108564026151472,0.22361111111111112,0.0125,0.0401912386599436,0.06527777777777778,0.47281620802316277,-0.08023816410958393,0.6325382974873768
0.0,3,active_view_selection,0.7680555555555556,0.0328531430470571,0.03829583534862739,0.8339644860053629,0.1274219989431102,0.03536547591001787,0.02313810461914454,0.19305555555555556,0.0,0.013994670508384965,0.001388888888888889,0.32123114487883375,0.34028260427082563,0.5964878181542264
0.0,3,diffusion_depth_policy,0.5625,0.06493040861275963,0.0782974706917282,0.7418773066801785,0.18644731494385178,0.011368443346772159,0.009960151331683547,0.2361111111111111,0.0125,0.010478380924033831,0.002777777777777778,0.4712624365164338,-0.013747828724655105,0.5461298912727137
0.0,3,ensemble_depth_completion,0.44722222222222224,0.0703403917329517,0.08477978569544312,0.7379588780691412,0.1464344527818675,0.011675595910529597,0.010654091380765625,0.22777777777777777,0.034722222222222224,0.001917461143115105,0.006944444444444444,0.5352066562458726,-0.17033453988460248,0.5476331156114281
0.0,3,foundation_depth_prior,0.28194444444444444,0.07415351036491155,0.08689674409290435,0.7014946559993495,0.20332636816888972,0.011414232728612772,0.010201079732533097,0.28888888888888886,0.0375,0.0044297895702549404,0.002777777777777778,0.6389213626954291,-0.4686478982411962,0.5306581702596459
0.0,3,gaussian_splat_uncertainty,0.4388888888888889,0.07509638802445612,0.09266037283779521,0.7455782494999315,0.13172355562277677,0.011012345380005423,0.009643247832647929,0.19027777777777777,0.06944444444444445,0.0018647449627941213,0.002777777777777778,0.5398839654294161,-0.1512561060965442,0.550026946327235
0.0,3,learned_depth_completion,0.08611111111111111,0.08224507914433322,0.09719400458564527,0.6717757986067786,0.21860338843826657,0.01224493698316943,0.010114716117182312,0.31666666666666665,0.10694444444444444,0.0016659237222716003,0.006944444444444444,0.7627602192351784,-0.8093221647180515,0.5173738565809707
0.0,3,next_best_view_planner,0.7791666666666667,0.035145035207592504,0.042494035141807135,0.8317810172393248,0.13317916628984378,0.03192044296356187,0.023021639518322225,0.1625,0.0,0.013182307385026253,0.002777777777777778,0.3165850931241192,0.38844407656784735,0.5936774060946269
0.0,3,oracle_depth_completion,1.0,0.019452148716685144,0.02546786984453129,0.9056584119325982,0.06900643593255246,0.07636291017978816,0.08210060845412286,0.09583333333333334,0.0,0.015670001369649366,0.005555555555555556,0.13987914838702517,0.7920008830351333,0.6458426722828389
0.0,3,raw_depth_policy,0.0,0.10841519801140873,0.12927188474114076,0.5774818355631469,0.277471568374764,0.010209877357572918,0.011132826317654665,0.37222222222222223,0.2902777777777778,0.000697131523601132,0.0,0.8771258283742137,-1.11147181245987,0.47672124299918894
0.0,3,risk_aware_action_critical_depth_probe_v5,0.6805555555555556,0.05001578462128895,0.06078376525808109,0.8011154955823118,0.1160169903126941,0.20142852922542148,0.24056192938637674,0.19444444444444445,0.005555555555555556,0.031655571531182314,0.06388888888888888,0.3932602002976814,0.1396495586335883,0.6397363837162137
0.0,3,robust_clearance_mpc,0.7777777777777778,0.07571896006620123,0.09576531303224288,0.769785592472255,0.1483953083878857,0.011254390530473325,0.010123807166260521,0.09583333333333334,0.022222222222222223,0.0011077866339396245,0.001388888888888889,0.3348862801744092,0.4475745473709692,0.5554723688727535
0.0,3,uncertainty_guided_probe,0.5152777777777777,0.0499834477832842,0.05985060012182451,0.7842194372701078,0.13063520676028814,0.15884136600569004,0.13133402680650466,0.20972222222222223,0.008333333333333333,0.06651261577592257,0.1111111111111111,0.49762116296757986,-0.16592491503475007,0.5867458530917028
0.0,3,visuotactile_probe,0.5111111111111111,0.0564840572709716,0.06893555237736633,0.7693642323632426,0.15211916884390098,0.138864005162489,0.1356910740362354,0.22916666666666666,0.020833333333333332,0.03930881251127141,0.0625,0.5007375094483443,-0.1453251601678121,0.5907769935265152
0.0,4,action_critical_interactive_depth_v4,0.5736111111111111,0.05320222894092716,0.06511780602166382,0.7836589356553806,0.13294516402538897,0.19463835644059013,0.22264397153520735,0.21944444444444444,0.005555555555555556,0.0369156404679364,0.058333333333333334,0.45979381473414205,-0.03418344184631726,0.6272971135434523
0.0,4,active_view_selection,0.8,0.03313380504029153,0.03843107697313613,0.8326556004124475,0.12824406332310007,0.03393566808545433,0.025767704800663906,0.16666666666666666,0.0,0.013720405049106467,0.0,0.29867781938192284,0.41793933139788064,0.5966316530098262
0.0,4,diffusion_depth_policy,0.5402777777777777,0.06488107723430474,0.078239054253614,0.7419581038143062,0.186216991237241,0.01147734144009217,0.00950010123887265,0.25277777777777777,0.015277777777777777,0.009690045195323667,0.0,0.48415513213494293,-0.061608399097887616,0.5468477502669609
0.0,4,ensemble_depth_completion,0.49444444444444446,0.07068764583302278,0.08443346963737487,0.7380973326753412,0.14561610150688103,0.010713885531951385,0.008979054893839666,0.21388888888888888,0.03333333333333333,0.00183472089282015,0.004166666666666667,0.5092297924029232,-0.08778077634019515,0.5477237293340979
0.0,4,foundation_depth_prior,0.28194444444444444,0.07403524074926884,0.0873098197330348,0.7006506938837158,0.20321270797878424,0.011813337762158725,0.00964630044770673,0.26805555555555555,0.05416666666666667,0.004371958335579337,0.002777777777777778,0.6367352604921352,-0.451312205672644,0.5304292277004768
0.0,4,gaussian_splat_uncertainty,0.41944444444444445,0.07526794872261955,0.0928854356634087,0.7443447137869539,0.13194883946097638,0.011896531716324842,0.009348077994613917,0.225,0.07083333333333333,0.0016584247187887357,0.002777777777777778,0.5570762965381401,-0.22187861635789763,0.5497033785669638
0.0,4,learned_depth_completion,0.08888888888888889,0.08222382270170799,0.09703636279524955,0.6733640680683426,0.217371144681001,0.010947296939303111,0.010174109430241978,0.3333333333333333,0.09027777777777778,0.0011308015231152311,0.001388888888888889,0.7651282118240832,-0.8138647514652708,0.5190631597500746
0.0,4,next_best_view_planner,0.7958333333333333,0.035587723338837966,0.042667337572339384,0.8303300472963394,0.13240910821603746,0.03288886638941335,0.02298711414987915,0.1361111111111111,0.0,0.01366861261483347,0.002777777777777778,0.3025959305971764,0.44394645023611395,0.5932494621584079
0.0,4,oracle_depth_completion,1.0,0.019516690352512744,0.02537156813033523,0.9049677007960468,0.06886473579011315,0.07435516521124033,0.07852327921495479,0.09444444444444444,0.0,0.015576372275351346,0.005555555555555556,0.14218868045409508,0.7922017744316052,0.644545646384737
0.0,4,raw_depth_policy,0.0,0.10907175153347658,0.12949169904239755,0.5762711312520673,0.2781631905314276,0.011283186832846692,0.010064011929500172,0.40555555555555556,0.27361111111111114,0.0009215104816504304,0.002777777777777778,0.8858905877443787,-1.1498801161623198,0.4753531718442853
0.0,4,risk_aware_action_critical_depth_probe_v5,0.7013888888888888,0.05102717191223428,0.0616993264639816,0.7985438403318992,0.11773230300482117,0.18246695085854442,0.21840524484779358,0.18888888888888888,0.004166666666666667,0.028523862174051402,0.04583333333333333,0.3772402667796816,0.19527196697045793,0.6350254343885008
0.0,4,robust_clearance_mpc,0.7916666666666666,0.0756555242156065,0.09551555810846955,0.769571704077217,0.14782389421270997,0.010386253164350503,0.010231352650953781,0.07916666666666666,0.019444444444444445,0.0005614431186685659,0.001388888888888889,0.32523252246549345,0.4881563765751889,0.5554659001533827
0.0,4,uncertainty_guided_probe,0.4861111111111111,0.051286349765902704,0.061797543109815216,0.7830191220304764,0.13192945124411765,0.14450934296371643,0.12038519289937367,0.2375,0.013888888888888888,0.060146159207717806,0.1111111111111111,0.5205656792270477,-0.24150903939748014,0.5821020035274562
0.0,4,visuotactile_probe,0.5388888888888889,0.05632926276122349,0.06843109487407652,0.7698779225813264,0.15169263948425682,0.14092598931463812,0.136188238040877,0.20972222222222223,0.015277777777777777,0.04006288649436265,0.059722222222222225,0.48131874641456857,-0.07821096408933471,0.591952054456429
0.0,5,action_critical_interactive_depth_v4,0.5652777777777778,0.05131871731300773,0.06277313868603596,0.7870512638949752,0.13118203402802545,0.2253872829096723,0.2578990900620196,0.19305555555555556,0.011111111111111112,0.04263381667331103,0.07083333333333333,0.45910133426563116,-0.02807978869166058,0.6381500589869764
0.0,5,active_view_selection,0.7930555555555555,0.03274183931689315,0.03826139174848571,0.8330514034003459,0.127557382463301,0.03436342449830499,0.024039726271120544,0.15138888888888888,0.0,0.014947566866325259,0.001388888888888889,0.29957444359275365,0.4262643251188447,0.5961464772105551
0.0,5,diffusion_depth_policy,0.5236111111111111,0.06483630911195097,0.07819995164019442,0.7419784104313559,0.18623866477574166,0.011688012664828277,0.009756779707763437,0.21944444444444444,0.02361111111111111,0.010273865537704124,0.0,0.4830912723434484,-0.04350399109059887,0.5468650460567119
0.0,5,ensemble_depth_completion,0.4388888888888889,0.07064262285964364,0.08430520542408852,0.7367702004443383,0.14557998878341138,0.012135515420710834,0.010235025444883812,0.25555555555555554,0.04027777777777778,0.0020625598635301326,0.006944444444444444,0.5474056673812407,-0.22089750874673292,0.5472290612686546
0.0,5,foundation_depth_prior,0.2652777777777778,0.07389395930486228,0.08709185379123704,0.7011487777730011,0.2025041326713044,0.011404118837451984,0.009597333198002368,0.2708333333333333,0.05416666666666667,0.00362770600548112,0.0,0.6446863228090163,-0.4732646039792284,0.531347179330138
0.0,5,gaussian_splat_uncertainty,0.4152777777777778,0.07520467569929543,0.09278809703052143,0.7440669252574288,0.13212413547244184,0.012377652377147741,0.008770789342445256,0.2263888888888889,0.06388888888888888,0.0030477065287597316,0.004166666666666667,0.5611162800242436,-0.22861966654040417,0.549054247083517
0.0,5,learned_depth_completion,0.11666666666666667,0.08202259151498129,0.09691636615035451,0.6740937395206443,0.21813063873451785,0.011383334054056836,0.010084655329260754,0.29444444444444445,0.10694444444444444,0.0013725965354280886,0.002777777777777778,0.7431584563372003,-0.7371131629458603,0.5189738294809426
0.0,5,next_best_view_planner,0.7861111111111111,0.035087349178348465,0.04273362931271515,0.8313377190204527,0.13282559647736694,0.03170917396219821,0.0221976103119862,0.1527777777777778,0.0,0.012688013534566278,0.002777777777777778,0.30948397480577305,0.4111596015883966,0.5934745578161646
0.0,5,oracle_depth_completion,0.9986111111111111,0.01907353920518604,0.025241510100950635,0.9065254011963314,0.06938214424807018,0.07813416790534447,0.08373700719832691,0.09444444444444444,0.0,0.015884437083143785,0.0,0.1393788725847488,0.797549012905861,0.6480230515273792
0.0,5,raw_depth_policy,0.0,0.10898927414528722,0.13009499455153378,0.5767421457541702,0.27696994886449255,0.0116520713414096,0.00996326969855463,0.3680555555555556,0.28888888888888886,0.002332878788377658,0.004166666666666667,0.8781287888524637,-1.111090231917,0.47514120522500985
0.0,5,risk_aware_action_critical_depth_probe_v5,0.6972222222222222,0.05113301848928499,0.06247382143250404,0.7987601525862355,0.1172658738466899,0.1816878961603972,0.21745413087301727,0.18194444444444444,0.002777777777777778,0.028312758259698423,0.04583333333333333,0.37758056750605223,0.1996273111186733,0.6347923058363909
0.0,5,robust_clearance_mpc,0.8041666666666667,0.07575263513088698,0.09566788512711805,0.7701326416258919,0.1480782785990338,0.011317043121127806,0.009169688027170254,0.075,0.022222222222222223,0.0009470502609235124,0.0,0.31938027082850534,0.5088743529871758,0.5557198406692194
0.0,5,uncertainty_guided_probe,0.49166666666666664,0.05138648140429341,0.06191426445484317,0.7826294894603096,0.1318545963404999,0.14518250028733057,0.12009232512008133,0.23194444444444445,0.006944444444444444,0.059850838669126875,0.10833333333333334,0.5163499434223748,-0.22094972806058497,0.5826639785332023
0.0,5,visuotactile_probe,0.5138888888888888,0.05689450960271765,0.06891487507542716,0.7689850846025068,0.15179636141665753,0.13564976675287058,0.13276918079112696,0.22083333333333333,0.019444444444444445,0.03838768360220336,0.059722222222222225,0.4971711252597501,-0.12718063965210458,0.5901485380872693
0.0,6,action_critical_interactive_depth_v4,0.5472222222222223,0.05416593336532151,0.0660139864758522,0.7803886931372003,0.13315861006375868,0.18365964160176473,0.21056091374419517,0.22777777777777777,0.008333333333333333,0.0348858708017561,0.0763888888888889,0.4783241385605289,-0.09881759681219521,0.6179315671893868
0.0,6,active_view_selection,0.8041666666666667,0.033029228980414355,0.03839102065649978,0.8328770173419271,0.12752580560655463,0.03480378024417881,0.023732894016220217,0.1597222222222222,0.0,0.014311201218847401,0.001388888888888889,0.29435261366517285,0.43127145639776415,0.5960963710545927
0.0,6,diffusion_depth_policy,0.55,0.06537867552696341,0.07861094758755832,0.7406770567369937,0.18636099987153923,0.010975041636845918,0.010897793359275992,0.23055555555555557,0.013888888888888888,0.009949356156944164,0.002777777777777778,0.4758131360530942,-0.023146010803668283,0.5458600923036722
0.0,6,ensemble_depth_completion,0.42916666666666664,0.07096947275241335,0.08439697403609339,0.7375765494049568,0.14651428077426354,0.010496454197995482,0.009269403319918138,0.26666666666666666,0.03333333333333333,0.0020805961904307477,0.004166666666666667,0.555080058876122,-0.24227359638889262,0.5473707454549701
0.0,6,foundation_depth_prior,0.2513888888888889,0.07427424495683357,0.08716905197209626,0.7000287778184502,0.20340714460341514,0.011282077683032063,0.0095374376404506,0.2972222222222222,0.05138888888888889,0.004808316113296457,0.001388888888888889,0.6583575557550674,-0.5263699558023055,0.5302716128217291
0.0,6,gaussian_splat_uncertainty,0.3875,0.07560050444730494,0.09320716534617424,0.7434824610950351,0.13213411198651878,0.012363596500506526,0.009691944736505486,0.21388888888888888,0.05416666666666667,0.001655150028716648,0.001388888888888889,0.5705132134946006,-0.24009714937756468,0.5497735099399441
0.0,6,learned_depth_completion,0.09305555555555556,0.08247364564459446,0.0970888952212339,0.6715263408891646,0.2181661677085892,0.010803503898388243,0.011055171760775565,0.2833333333333333,0.11805555555555555,0.0009380255298487306,0.002777777777777778,0.7519839803913116,-0.7585865175439556,0.5182702765483871
0.0,6,next_best_view_planner,0.8013888888888889,0.034862812449493664,0.04300907326084,0.8322740445991316,0.13249536784058707,0.03071615774987748,0.022139053590436976,0.1486111111111111,0.0,0.01242197602602524,0.0,0.301226576203046,0.439005282975333,0.5943369878386031
0.0,6,oracle_depth_completion,0.9972222222222222,0.019463604817623645,0.02509216267567307,0.9047678373136272,0.06907821011075041,0.07921042067766429,0.08618061368776303,0.10694444444444444,0.0,0.015993774528385286,0.004166666666666667,0.14416430343887593,0.7749432753248884,0.6471887353345694
0.0,6,raw_depth_policy,0.0,0.10879306304005891,0.12969171704292304,0.5773412068997846,0.2774010873462051,0.010537567066730348,0.010186589401138056,0.375,0.2722222222222222,0.0020731565154577945,0.006944444444444444,0.8800398536337121,-1.114718064284331,0.474641642820773
0.0,6,risk_aware_action_critical_depth_probe_v5,0.6638888888888889,0.05172425077683591,0.06312690251902263,0.7974554791906953,0.11820053239455304,0.17482825024733875,0.2102801695132816,0.19305555555555556,0.002777777777777778,0.027419283959217975,0.05416666666666667,0.3993477577453011,0.13269339562674384,0.6297426708710963
0.0,6,robust_clearance_mpc,0.7819444444444444,0.07597316859820562,0.09585545536347413,0.7675402627468609,0.14768312369885986,0.011797136499243934,0.01003362415235697,0.08888888888888889,0.03333333333333333,0.0008861783098942881,0.001388888888888889,0.3317792998912746,0.4564045307540943,0.5549207522001759
0.0,6,uncertainty_guided_probe,0.4722222222222222,0.05026497475788174,0.06126332247295275,0.7851247656039058,0.13055399711858173,0.15380499792363622,0.12796348241734146,0.2375,0.011111111111111112,0.0640210203716571,0.10833333333333334,0.5246732197316671,-0.2555281617526411,0.5863629134560389
0.0,6,visuotactile_probe,0.5194444444444445,0.05657621870756419,0.06915517655495343,0.7699242831196025,0.15234118426346777,0.1356380362164924,0.13387241546574288,0.20972222222222223,0.016666666666666666,0.03931732419853311,0.08194444444444444,0.49565441287389284,-0.12737131917725614,0.5856811852858267
0.0,7,action_critical_interactive_depth_v4,0.5722222222222222,0.05313622222058279,0.06466257804659961,0.7838277023306424,0.13234924389525063,0.19895367316406146,0.22832528926595386,0.21805555555555556,0.009722222222222222,0.03768851289732866,0.07083333333333333,0.46268278842900323,-0.04955996372696689,0.6264957237670872
0.0,7,active_view_selection,0.8013888888888889,0.033044840777055225,0.038097706235534164,0.8316258715167202,0.12773638613736768,0.03506717296734028,0.022382258282145538,0.14583333333333334,0.0,0.014005748902070807,0.0,0.29543716745788023,0.44518732714888287,0.595818490588179
0.0,7,diffusion_depth_policy,0.5416666666666666,0.06483974388964939,0.07864520074304315,0.742888814988526,0.18607861662402464,0.01128350893465773,0.0102043869734736,0.2375,0.011111111111111112,0.009881334014017813,0.0,0.478841381918623,-0.03742823038153973,0.5472312169777847
0.0,7,ensemble_depth_completion,0.4666666666666667,0.07076720384671796,0.08449775960114726,0.7383869560342758,0.1464356564231839,0.01116909402160668,0.009840175894089163,0.23055555555555557,0.029166666666666667,0.0020944916415199504,0.005555555555555556,0.5278058182697133,-0.14561884748433307,0.5476077974408173
0.0,7,foundation_depth_prior,0.2777777777777778,0.07412866793905618,0.08744490430543878,0.7012877593628553,0.20270022322024392,0.011184352953139963,0.010012336066516244,0.2777777777777778,0.04027777777777778,0.004187032754650982,0.001388888888888889,0.6397402246627055,-0.4605077895154226,0.5309383860935699
0.0,7,gaussian_splat_uncertainty,0.425,0.07563679103436828,0.0927974102662881,0.7436852614517296,0.1306421440178096,0.010311093900819461,0.010377631612096648,0.21666666666666667,0.059722222222222225,0.0009538692210877388,0.001388888888888889,0.5536792496166929,-0.19775471617747403,0.5499003575595063
0.0,7,learned_depth_completion,0.10277777777777777,0.08238579008833187,0.09717213943350139,0.672589326934177,0.21817812481789953,0.00973011959616746,0.009804808861824532,0.29305555555555557,0.09583333333333334,0.0007338110496177574,0.0,0.749381869559861,-0.7451317184370797,0.5187970661432628
0.0,7,next_best_view_planner,0.7680555555555556,0.03516818329305848,0.04278104831219096,0.8308975808747101,0.13273672056621555,0.030591821348608973,0.02087161483370006,0.17777777777777778,0.0,0.01273795834355613,0.001388888888888889,0.3222259147660149,0.3577128420078528,0.593156558725602
0.0,7,oracle_depth_completion,1.0,0.019469179633279488,0.02539205483274687,0.9056003248632278,0.06947421724809386,0.08760777412374221,0.09533521691348372,0.09305555555555556,0.0,0.016785829846332336,0.008333333333333333,0.14025735583289822,0.7919812684864412,0.6496943064482669
0.0,7,raw_depth_policy,0.0,0.10852395343195029,0.12975808944828512,0.5785832942898179,0.2778671271903656,0.010158410480487016,0.00961346615363627,0.3736111111111111,0.3111111111111111,0.0011915186768349955,0.002777777777777778,0.8787682071896646,-1.126830732221456,0.47591606150924454
0.0,7,risk_aware_action_critical_depth_probe_v5,0.7055555555555556,0.051662284080833655,0.06315242965469987,0.7960273180755831,0.11851993704905005,0.16654885131513927,0.2019575815822594,0.16944444444444445,0.005555555555555556,0.026608950637341252,0.05555555555555555,0.37304090562204284,0.21551990393881046,0.6260028172398641
0.0,7,robust_clearance_mpc,0.7888888888888889,0.07599768850031377,0.09581120143797214,0.7682046849384063,0.14793226367606865,0.010763033772903084,0.010333587331326622,0.08888888888888889,0.020833333333333332,0.0012205113113608168,0.0,0.3289323224948436,0.47226483242154654,0.5552251565917663
0.0,7,uncertainty_guided_probe,0.5069444444444444,0.05002887856214934,0.06110746930235124,0.7868175811732442,0.1310254700262402,0.1548960589224438,0.12955085874638367,0.2222222222222222,0.013888888888888888,0.06486408055657229,0.12083333333333333,0.5073288251101442,-0.20563666662423127,0.5845183740016782
0.0,7,visuotactile_probe,0.5597222222222222,0.056882842717340495,0.06866485490856476,0.769300134582097,0.15188673212489812,0.1399580114904562,0.13759633550666125,0.18194444444444444,0.027777777777777776,0.03961118761499653,0.06666666666666667,0.4660276107762487,-0.028169925530528397,0.5902599032027803
0.0,8,action_critical_interactive_depth_v4,0.5944444444444444,0.052909608713862154,0.0648542234780136,0.7840955150070453,0.1322111594571329,0.19862273584551238,0.2289882297861304,0.20416666666666666,0.008333333333333333,0.037698639145166725,0.05277777777777778,0.4453280655685556,0.016668338694554436,0.6307341318588848
0.0,8,active_view_selection,0.7972222222222223,0.03303657689191966,0.03849189961147578,0.8328834880618612,0.12851813790464733,0.03310424028953956,0.021793546422132763,0.1625,0.0,0.014181803556598446,0.0,0.3006496461200325,0.41855535627629464,0.5956238337380668
0.0,8,diffusion_depth_policy,0.5486111111111112,0.06529564663732032,0.07831982153580908,0.7423700517408887,0.18585270917603758,0.010552571391914126,0.010548909297730454,0.26666666666666666,0.011111111111111112,0.008958503062603436,0.0,0.4835999074297525,-0.06662506265912468,0.5470418088258538
0.0,8,ensemble_depth_completion,0.44722222222222224,0.07102360371165006,0.08407897547513633,0.7378294474197208,0.1455220991030317,0.011144720811929049,0.010025259787219147,0.2375,0.030555555555555555,0.0014285255793675422,0.004166666666666667,0.5375137905111715,-0.17820416761486382,0.547894547680523
0.0,8,foundation_depth_prior,0.25416666666666665,0.07420949720627328,0.08729069002691112,0.7003990278748643,0.20279500326220096,0.011493977753716786,0.010080496689994556,0.2986111111111111,0.0625,0.004208365815906348,0.001388888888888889,0.6551821560557487,-0.5283260046534974,0.530710470166651
0.0,8,gaussian_splat_uncertainty,0.44305555555555554,0.07531350087569222,0.09273315904076675,0.7447287452692639,0.1317981590353544,0.010797662827566418,0.009803522837929724,0.20694444444444443,0.044444444444444446,0.0011797286028683441,0.002777777777777778,0.5425778771073965,-0.15566602512012018,0.5498096358282806
0.0,8,learned_depth_completion,0.10972222222222222,0.08243694407502432,0.09714477154679797,0.6718195119911635,0.21862507855444507,0.011548335033664417,0.0108047409913978,0.3,0.12083333333333333,0.0013959919986294648,0.002777777777777778,0.7488274040616644,-0.7606368008110445,0.5183112235461741
0.0,8,next_best_view_planner,0.7819444444444444,0.035725636974331676,0.0425024810203833,0.8298449704480101,0.13319917089205932,0.031156591913563365,0.021085052661797405,0.15694444444444444,0.0,0.013841161785732147,0.002777777777777778,0.3134302457729322,0.39931638391998164,0.5922590018809283
0.0,8,oracle_depth_completion,0.9986111111111111,0.019516816073865222,0.02527637173619213,0.9047938892043816,0.06895708211149656,0.08038342744013086,0.08644806374040491,0.09444444444444444,0.0,0.016317577504308046,0.006944444444444444,0.14158035127214672,0.7896306138707432,0.6467715228928514
0.0,8,raw_depth_policy,0.0,0.10925163517973152,0.12966855711513334,0.5760917716735161,0.2772283534616176,0.009738430505849344,0.008374545771160478,0.39166666666666666,0.24583333333333332,0.0004622610265624014,0.0,0.883058014778391,-1.116088295019363,0.4753938265404659
0.0,8,risk_aware_action_critical_depth_probe_v5,0.6708333333333333,0.04998799413035388,0.060765915438041954,0.8017302029959485,0.11683578153838721,0.20336994245047674,0.24156042948429604,0.1875,0.002777777777777778,0.03147997948582949,0.07083333333333333,0.39767229993189984,0.13018911517094026,0.6388677961430478
0.0,8,robust_clearance_mpc,0.7972222222222223,0.07547551881727779,0.09595405682507448,0.770940754510724,0.14730153791638664,0.011571423067117578,0.009580003022927103,0.08611111111111111,0.02361111111111111,0.0010879534003436855,0.002777777777777778,0.32366168481742547,0.4832218886766212,0.5556264050214152
0.0,8,uncertainty_guided_probe,0.5111111111111111,0.04950572736010847,0.06037875020687321,0.787361713325409,0.130484627250186,0.155535409675651,0.1302382288572924,0.20555555555555555,0.0125,0.06560384072618773,0.1111111111111111,0.4993035587834015,-0.16799766592166027,0.5871976575453287
0.0,8,visuotactile_probe,0.5125,0.05441615643665071,0.06623569563965857,0.7753793913205039,0.15076310100115992,0.15573773277020075,0.15448895057508413,0.22361111111111112,0.016666666666666666,0.04543951264652815,0.0625,0.49657267176354797,-0.13529484907685813,0.5992370643700039
0.0,9,action_critical_interactive_depth_v4,0.5777777777777777,0.052277767082296145,0.06419592761675876,0.7846789827150091,0.1319404532824827,0.19600181987031245,0.22866327836506978,0.2222222222222222,0.006944444444444444,0.03842525041296694,0.075,0.46092386298498017,-0.05048550131872624,0.6256686906941724
0.0,9,active_view_selection,0.8013888888888889,0.03336255704730579,0.037881754553328296,0.8323984029682734,0.12839517531569808,0.0355547742694636,0.022839140107288693,0.15833333333333333,0.001388888888888889,0.014581613012934461,0.005555555555555556,0.2968449054570617,0.4239429234494843,0.5947123580239966
0.0,9,diffusion_depth_policy,0.5319444444444444,0.06451958332537354,0.07801339867177189,0.7421560901353021,0.185867548562983,0.0104000015638977,0.010234240449828316,0.2763888888888889,0.015277777777777777,0.009706230432896529,0.001388888888888889,0.4929637597295685,-0.10383978748572201,0.5467564894423114
0.0,9,ensemble_depth_completion,0.44166666666666665,0.07089949553533956,0.08467721807760009,0.73716485468779,0.14664292387089115,0.011506718991414188,0.00923265510619284,0.25,0.025,0.002542711227494364,0.005555555555555556,0.5438513848913121,-0.20109853334350575,0.5470432617654305
0.0,9,foundation_depth_prior,0.2388888888888889,0.07392272076200683,0.08748087770230878,0.7006864033955905,0.2034554711025135,0.011641167491728652,0.011242329014619558,0.28888888888888886,0.05,0.004438157260096935,0.0,0.6605201462054003,-0.5285423237395183,0.5313818059712289
0.0,9,gaussian_splat_uncertainty,0.4166666666666667,0.07580836458990554,0.09262780666915482,0.7430991056140096,0.13190639314445773,0.010256134248844806,0.00990248206582255,0.22777777777777777,0.06388888888888888,0.0014035133441410925,0.001388888888888889,0.5621595635091264,-0.22629448666865426,0.5493593415569907
0.0,9,learned_depth_completion,0.1111111111111111,0.08245818925688632,0.09702904030690576,0.6717374942180361,0.21745097785196554,0.011328770368757492,0.0102563397393102,0.2916666666666667,0.08055555555555556,0.0014202796500956756,0.004166666666666667,0.7451870986066234,-0.7293612629586984,0.5179323752692042
0.0,9,next_best_view_planner,0.8041666666666667,0.03556295318849559,0.04274515278309685,0.82958623006956,0.13270807306792765,0.031092522055884933,0.020781050313514137,0.14305555555555555,0.0,0.012417210775460364,0.0,0.29906484906652203,0.4495140312618592,0.5930592957748968
0.0,9,oracle_depth_completion,0.9944444444444445,0.019692709395238817,0.02479800867860977,0.9054825579380364,0.06944575696178903,0.07152303477571008,0.0780931944735471,0.08611111111111111,0.0,0.015575483883007953,0.008333333333333333,0.14135631002755802,0.794190403907371,0.6434060885499601
0.0,9,raw_depth_policy,0.0,0.10895312479364522,0.129421587735426,0.5772736872007792,0.2777278603393485,0.011359832003640945,0.008723624739078208,0.36666666666666664,0.27361111111111114,0.0020714099289177463,0.004166666666666667,0.8785310342901076,-1.1023097103661885,0.4749503372685844
0.0,9,risk_aware_action_critical_depth_probe_v5,0.6430555555555556,0.05038207547179753,0.061543738569758026,0.800433504028808,0.11734730070934102,0.1960718753822819,0.23173691428913584,0.225,0.004166666666666667,0.030086826895816498,0.06805555555555555,0.4181719581379223,0.048994836178522364,0.6358089690570712
0.0,9,robust_clearance_mpc,0.7958333333333333,0.0761433958304505,0.09552881365592764,0.7686293376145755,0.1483950909360315,0.011972756037180322,0.010754941521279223,0.09305555555555556,0.022222222222222223,0.001098747175925921,0.0,0.32655374850292895,0.47527192977911004,0.5555481435753888
0.0,9,uncertainty_guided_probe,0.5013888888888889,0.051993689438189446,0.06251734690078728,0.7807228200523427,0.13276308478459858,0.14120850685305422,0.11675137731429655,0.22361111111111112,0.015277777777777777,0.05870206114670036,0.10833333333333334,0.5098480976619186,-0.20117649267502455,0.5806214801385128
0.0,9,visuotactile_probe,0.5555555555555556,0.056840968028122454,0.06926084396494006,0.769433064204452,0.15244952211303134,0.1359021799268427,0.1330464098790909,0.19305555555555556,0.015277777777777777,0.03868540924183466,0.06111111111111111,0.46883040708883167,-0.035389196795861694,0.5899771869538137
0.2,0,action_critical_interactive_depth_v4,0.525,0.05462994719093787,0.06672902977486159,0.7781057799487336,0.13375608803667033,0.19277468560779198,0.22672989466709567,0.23333333333333334,0.018055555555555554,0.03925455299008898,0.06805555555555555,0.48967712586127,-0.13312765928133233,0.6232062054727934
0.2,0,active_view_selection,0.7555555555555555,0.033790596865465,0.03937142789174183,0.829500893435764,0.1272841479592026,0.0329621905476274,0.024112501111655565,0.19444444444444445,0.0,0.014229078905143818,0.004166666666666667,0.32918013274868385,0.3186123788229724,0.594076789997912
0.2,0,diffusion_depth_policy,0.5027777777777778,0.06809075237161587,0.0812250390265259,0.7336649400325257,0.1879467678316349,0.011878745802727186,0.009461240183000834,0.25833333333333336,0.013888888888888888,0.010952286799282103,0.001388888888888889,0.5087142491536474,-0.12181470345898858,0.5426811712499855
0.2,0,ensemble_depth_completion,0.43194444444444446,0.0732482755895411,0.08800429580627712,0.7310991887618553,0.14810230750784031,0.011190381271119225,0.010477817897303298,0.2569444444444444,0.043055555555555555,0.0016725177211138666,0.005555555555555556,0.5529800699601551,-0.2328026445537639,0.5446689532616953
0.2,0,foundation_depth_prior,0.25,0.0772366565606128,0.09068166744284976,0.6903467268503766,0.20512144864912318,0.010523681146023334,0.010351168494899277,0.2847222222222222,0.058333333333333334,0.0044559319015121225,0.002777777777777778,0.6601548364045711,-0.5189753638045198,0.5260719949970488
0.2,0,gaussian_splat_uncertainty,0.4027777777777778,0.07872029415191771,0.09664995513075894,0.7351978983781943,0.1342042788420595,0.01212656525377775,0.010130409948014611,0.19444444444444445,0.06805555555555555,0.001672438592455359,0.005555555555555556,0.5641475500885395,-0.2090181188311386,0.5452004001161123
0.2,0,learned_depth_completion,0.09444444444444444,0.0858278733675293,0.10151617858758664,0.6616267222501528,0.21942600321743824,0.011999379202471265,0.010648246847404999,0.30972222222222223,0.11944444444444445,0.001868649038240988,0.004166666666666667,0.7618923407829903,-0.7959861156977632,0.5137451544946772
0.2,0,next_best_view_planner,0.7625,0.03651650999565802,0.043838041499929405,0.8271195877660673,0.1332290504905499,0.031125460952294206,0.02120678207217687,0.17777777777777778,0.0,0.012293697020514575,0.0,0.32676732441570955,0.35078820955002016,0.5920728800120576
0.2,0,oracle_depth_completion,0.9958333333333333,0.019297730263479057,0.024930317524008996,0.904572748204621,0.06922376275780934,0.07561519005472847,0.0825286035868461,0.09166666666666666,0.0,0.016099547768813338,0.005555555555555556,0.14198740647800176,0.7911555353870454,0.6454814290540213
0.2,0,raw_depth_policy,0.0,0.11376544324098847,0.13571585540140793,0.5621938708304562,0.28079187145531675,0.010486869312702103,0.009785819356632152,0.39305555555555555,0.30972222222222223,0.00140640259154858,0.005555555555555556,0.8862631322799887,-1.155809241665048,0.468487760967042
0.2,0,risk_aware_action_critical_depth_probe_v5,0.6625,0.0535285703553524,0.0648501109050803,0.7925868195000478,0.11920663474513174,0.1692620488585558,0.20816429520489932,0.18472222222222223,0.005555555555555556,0.028485059351742444,0.059722222222222225,0.40060989776757466,0.13325587416377496,0.6248443636277454
0.2,0,robust_clearance_mpc,0.7444444444444445,0.07915046304060847,0.09946865307094824,0.7595091140033765,0.15062988429612073,0.011717846890342427,0.010029582586285272,0.09444444444444444,0.03333333333333333,0.001069890156824243,0.0,0.355611165063609,0.3989478527343025,0.5514325687822478
0.2,0,uncertainty_guided_probe,0.48194444444444445,0.05192069492959998,0.0627971682909885,0.7800939909353777,0.13234133937401196,0.15618228255661812,0.13121883224738567,0.21666666666666667,0.009722222222222222,0.0680420714823863,0.11805555555555555,0.5211307125227111,-0.22945702892738773,0.5824606740953363
0.2,0,visuotactile_probe,0.46805555555555556,0.05765558382272802,0.07015411434580378,0.7655479671663807,0.15254013629480373,0.14478394712442902,0.14430618874349804,0.2263888888888889,0.013888888888888888,0.043838635773026866,0.07083333333333333,0.5233775590479562,-0.205277768203483,0.5895055733309302
0.2,1,action_critical_interactive_depth_v4,0.5680555555555555,0.054322624294833255,0.06622821970367042,0.7798584783199606,0.13315009459529853,0.20490346264467246,0.24009974076009663,0.22083333333333333,0.013888888888888888,0.041713018636010464,0.06805555555555555,0.46633655939338364,-0.06016016946113736,0.6283629590244074
0.2,1,active_view_selection,0.7847222222222222,0.034097749354114505,0.03911771151886198,0.8268982117774802,0.12791061864378372,0.03347365069154351,0.023564418489935898,0.16805555555555557,0.0,0.014042275612040302,0.0,0.30953708421933,0.3942092763847734,0.5940764847592591
0.2,1,diffusion_depth_policy,0.5361111111111111,0.06812192105932925,0.08165890297857235,0.7321911135515551,0.1886372076150691,0.012225937218965838,0.00971011764408914,0.2569444444444444,0.022222222222222223,0.010502606064777764,0.005555555555555556,0.49185468895883866,-0.08409367523687329,0.5414531976745309
0.2,1,ensemble_depth_completion,0.4166666666666667,0.07402412260700199,0.08791717568775924,0.7279812049540687,0.1475905504081346,0.01093051180986989,0.0091856263820752,0.23472222222222222,0.04027777777777778,0.0024157771754285515,0.004166666666666667,0.5554543906015342,-0.2217302730551696,0.5434130444345655
0.2,1,foundation_depth_prior,0.22361111111111112,0.07713874510485723,0.09092000462020233,0.6901452901091686,0.20546434395971427,0.011949480364047894,0.01004663593847489,0.3125,0.05694444444444444,0.004416253355346194,0.001388888888888889,0.6760637484881324,-0.5852127003376737,0.5264915443670511
0.2,1,gaussian_splat_uncertainty,0.3388888888888889,0.07895433780836664,0.09687327340822946,0.7345372497338089,0.13358126454816666,0.010553721653113858,0.011184100391495219,0.23472222222222222,0.04583333333333333,0.0011775159294229948,0.005555555555555556,0.6023431797162442,-0.33205300525502984,0.5450481278831677
0.2,1,learned_depth_completion,0.08472222222222223,0.08573392840526893,0.101195042839344,0.6605210968274309,0.22029186713018795,0.010638719736571059,0.010121132242975226,0.2833333333333333,0.10972222222222222,0.002142739151844479,0.002777777777777778,0.759871650427257,-0.7682679974759336,0.5133127224805594
0.2,1,next_best_view_planner,0.7763888888888889,0.036390571186471474,0.04383860819510322,0.8277987727754085,0.1335465227832807,0.03155870441659703,0.023583176413776365,0.15694444444444444,0.0,0.012759476797623995,0.002777777777777778,0.31691053926639123,0.3920140866939625,0.5921856511668826
0.2,1,oracle_depth_completion,1.0,0.019158921016202018,0.025666831936458405,0.9052031008128558,0.06965003240403195,0.08541254354341792,0.09420218146846181,0.10277777777777777,0.0,0.01729441617651779,0.004166666666666667,0.144201104244989,0.7819956594432521,0.6499181886361387
0.2,1,raw_depth_policy,0.0,0.11428021600166878,0.13576998135540588,0.5598151928379669,0.2798310686487141,0.011301642413022221,0.009984922176137686,0.37777777777777777,0.30833333333333335,0.0024124668976271903,0.002777777777777778,0.8846504624166305,-1.1344000241194092,0.4683465048992276
0.2,1,risk_aware_action_critical_depth_probe_v5,0.6652777777777777,0.05170957848202032,0.06326645380122185,0.7956466427971075,0.11737200299976401,0.19362159518532698,0.23576270291611226,0.2,0.004166666666666667,0.031832856800314516,0.0625,0.4015198859173875,0.11473896292487798,0.6353982126431927
0.2,1,robust_clearance_mpc,0.7791666666666667,0.07874982377148514,0.10021545002367982,0.7604220366315876,0.14938317008750204,0.011028786293410342,0.010102093352000272,0.0875,0.030555555555555555,0.0004215557997033581,0.001388888888888889,0.3378168939503263,0.4529905567691327,0.5516689820758077
0.2,1,uncertainty_guided_probe,0.45694444444444443,0.052276388517325696,0.06343948495579532,0.7793639384299962,0.1325626416415216,0.15044573652377966,0.12687845020547117,0.21944444444444444,0.018055555555555554,0.06608884324266337,0.12777777777777777,0.5327709007143906,-0.27707060776402315,0.5783998618187342
0.2,1,visuotactile_probe,0.4888888888888889,0.05841918561540839,0.07081814034818855,0.7642359187589167,0.15300149085024925,0.14025062716970424,0.14210224018550657,0.24027777777777778,0.022222222222222223,0.04247658937950787,0.06527777777777778,0.5168222111033252,-0.19472365262605232,0.5890318454097485
0.2,2,action_critical_interactive_depth_v4,0.5513888888888889,0.05406951329356141,0.06614042851542237,0.7774892651552159,0.13354387458637942,0.19293506389979526,0.2274599980972835,0.23472222222222222,0.013888888888888888,0.03993337082811221,0.09166666666666666,0.4808105712893629,-0.12281890178075427,0.6181509955394741
0.2,2,active_view_selection,0.8013888888888889,0.03376843181868258,0.04005528097884094,0.8288873243768876,0.12716986577114678,0.033782411283776834,0.023493037647070194,0.15555555555555556,0.0,0.013753334281822467,0.0,0.29723004492208016,0.4329911051212177,0.5949125807599825
0.2,2,diffusion_depth_policy,0.5180555555555556,0.06747378656704982,0.08116949992314472,0.734726178851026,0.18724379539601987,0.011879942248234125,0.010613368189454797,0.24444444444444444,0.018055555555555554,0.00991967136746675,0.004166666666666667,0.4958225665849185,-0.08673502195784238,0.5430908293191425
0.2,2,ensemble_depth_completion,0.42777777777777776,0.07392375402240205,0.08777252727799843,0.7278202853685649,0.14720510898269887,0.010842595641519837,0.01015491503048474,0.26805555555555555,0.041666666666666664,0.001454296671734612,0.004166666666666667,0.5573571694122346,-0.250433522215289,0.5437976849516212
0.2,2,foundation_depth_prior,0.22916666666666666,0.07700211927246162,0.09057394898194474,0.6919477184228761,0.20518772736392019,0.011844795423309327,0.010455959176290637,0.28888888888888886,0.06111111111111111,0.004820639638884469,0.0,0.6682358395548392,-0.5485269524756652,0.5273899590427699
0.2,2,gaussian_splat_uncertainty,0.3486111111111111,0.07874163589694105,0.09650512429799399,0.7352381210364952,0.133920203915528,0.010956536230040321,0.01098622178846905,0.2375,0.06527777777777778,0.0011728946318145144,0.001388888888888889,0.5975251623557565,-0.3280363006206585,0.5462296277514521
0.2,2,learned_depth_completion,0.08194444444444444,0.08619134850728442,0.1012102449720595,0.6593299248359578,0.22052670721843007,0.011433736525735011,0.008959644313277514,0.30277777777777776,0.11388888888888889,0.0011625044582929977,0.002777777777777778,0.7659911896810381,-0.7988285115186171,0.5128104035680577
0.2,2,next_best_view_planner,0.7541666666666667,0.03653882473296078,0.044031851297919825,0.825807513286942,0.1333035337436595,0.029282140313930297,0.021965267601569194,0.1763888888888889,0.0,0.012144714517063653,0.0,0.3307604517608184,0.3416329728362528,0.5915853439472967
0.2,2,oracle_depth_completion,0.9958333333333333,0.019411675187312825,0.025147466748227675,0.9043454696969693,0.0689516723184052,0.07943190773537318,0.08723474167439149,0.1,0.0,0.016615907621861926,0.011111111111111112,0.1446635647148176,0.7746056560916167,0.6457428864542155
0.2,2,raw_depth_policy,0.0,0.11430725461511959,0.13615173651129717,0.5615175536435113,0.28131310641815993,0.011186407043796448,0.009625915962335498,0.3819444444444444,0.2875,0.0011858458705265437,0.004166666666666667,0.8859695718555908,-1.1308212004257108,0.4684579722573921
0.2,2,risk_aware_action_critical_depth_probe_v5,0.6763888888888889,0.05226729931673769,0.06333393783824463,0.7949085762908286,0.11768447836249772,0.18247591420251044,0.2232861012128098,0.19444444444444445,0.001388888888888889,0.030867886663033806,0.05555555555555555,0.39336867761119476,0.14538162294910642,0.6321023842357341
0.2,2,robust_clearance_mpc,0.775,0.07922964683761322,0.09982181979484141,0.7603724510204652,0.14979937934789242,0.01270725771602596,0.00991511683305837,0.08333333333333333,0.0375,0.001494001465497786,0.0,0.3397017844952052,0.44998383972275036,0.5517925292560054
0.2,2,uncertainty_guided_probe,0.45,0.05068002812961052,0.06178627485227446,0.7826440087635288,0.1318783965256134,0.16372527452928445,0.13493976418120301,0.24722222222222223,0.013888888888888888,0.0709114391457261,0.1388888888888889,0.5449230103783498,-0.3335486133099528,0.5806754783376532
0.2,2,visuotactile_probe,0.48194444444444445,0.05726559282530436,0.07039053556015931,0.7662906479461753,0.15208842955599303,0.14828580054584098,0.14785300710761196,0.23055555555555557,0.02361111111111111,0.04501364109088019,0.06666666666666667,0.5171518402707798,-0.19360043569352897,0.5919761536055158
0.2,3,action_critical_interactive_depth_v4,0.525,0.05366988481312336,0.06586067463765351,0.7812884025933552,0.132622341282481,0.20011055827329763,0.23673924925416354,0.22083333333333333,0.016666666666666666,0.04138510930471353,0.06666666666666667,0.4863369789318425,-0.11554693514020019,0.6279160023731273
0.2,3,active_view_selection,0.7569444444444444,0.03383440504183344,0.039797416097198175,0.8292439547452505,0.12767329661683902,0.03324098545405721,0.022991433649765754,0.18333333333333332,0.0,0.013902899601407564,0.002777777777777778,0.3256277118880942,0.33638327233640225,0.5941050017793509
0.2,3,diffusion_depth_policy,0.5361111111111111,0.06834768606544801,0.08177687672436369,0.732404476525115,0.18861110421532357,0.011029318526376336,0.010084523064126043,0.22777777777777777,0.025,0.010126989853811422,0.0,0.48422842434672264,-0.04190321257274972,0.5426029899623479
0.2,3,ensemble_depth_completion,0.4222222222222222,0.07348272452495215,0.08847012972011886,0.7289179109696464,0.147499873904787,0.010835635577893741,0.011109344223049735,0.21388888888888888,0.04027777777777778,0.0021801296228941614,0.005555555555555556,0.5473877443197873,-0.18840329517941237,0.5440303068211891
0.2,3,foundation_depth_prior,0.23472222222222222,0.07735601165479547,0.09050641351086518,0.691630836584525,0.20414802860671635,0.011816200744844223,0.009653113128552708,0.28888888888888886,0.05416666666666667,0.004251222166623672,0.0,0.6677707644586672,-0.5391333383876906,0.5271806284149699
0.2,3,gaussian_splat_uncertainty,0.38055555555555554,0.07856364655255692,0.09635932750296199,0.7354777765578907,0.1345886949764938,0.010924599765247166,0.010365668400033381,0.22361111111111112,0.06666666666666667,0.0012175218188578973,0.001388888888888889,0.5801390572926987,-0.27002387381263915,0.5461487462124625
0.2,3,learned_depth_completion,0.09583333333333334,0.0856224174990491,0.10142969887009586,0.662407607149847,0.21997125739250806,0.010778437436817728,0.009111055006272148,0.33194444444444443,0.11944444444444445,0.0014732674544055981,0.004166666666666667,0.7650991277314513,-0.8219907452706182,0.513517078244967
0.2,3,next_best_view_planner,0.7833333333333333,0.03624345305985864,0.04455586339874885,0.8273669907718727,0.13364077045802525,0.029774609273421206,0.021971706194696183,0.1486111111111111,0.0,0.012417591035054477,0.001388888888888889,0.31065716778040287,0.4138266491606073,0.5918315109329919
0.2,3,oracle_depth_completion,0.9972222222222222,0.019303473952775006,0.02539936008863894,0.9054114996798155,0.0690390340660805,0.0727344260733889,0.07771444296971991,0.10277777777777777,0.0,0.015747397578909438,0.005555555555555556,0.14371964072123358,0.7788264783395162,0.6442688761919186
0.2,3,raw_depth_policy,0.0,0.11415013738759341,0.13628613678751322,0.5612478686746665,0.28067649042626347,0.010058835947069359,0.010367991141186899,0.42777777777777776,0.2875,0.0004797001157809155,0.0,0.8925344113083159,-1.183498065499597,0.469518321763062
0.2,3,risk_aware_action_critical_depth_probe_v5,0.6597222222222222,0.051852446471847044,0.06313970919848648,0.7956880022275429,0.1182611903575134,0.1905207445658705,0.23091888921522347,0.20555555555555555,0.002777777777777778,0.031880873906571586,0.07222222222222222,0.40722773520400196,0.09095962764457718,0.6315582379726069
0.2,3,robust_clearance_mpc,0.775,0.07928774723654257,0.09985714611851998,0.7599231388253859,0.1499420274170688,0.012362579107225945,0.009770259921781887,0.08194444444444444,0.03333333333333333,0.0013771536337555904,0.002777777777777778,0.3374692010212194,0.45245411031935023,0.5509509463269512
0.2,3,uncertainty_guided_probe,0.5097222222222222,0.052469706558337485,0.06412555030812364,0.7790610511278432,0.13241966452855414,0.150084040668224,0.12636937744738422,0.19305555555555556,0.016666666666666666,0.06526075200053572,0.12083333333333333,0.5024831992165164,-0.1677970026077771,0.5797462952626938
0.2,3,visuotactile_probe,0.48333333333333334,0.05808146942891754,0.0705411141132589,0.7649369751632306,0.15306763447922675,0.1434605721658705,0.1422478033933556,0.225,0.02361111111111111,0.043467434110917164,0.07083333333333333,0.5176644842274352,-0.18938627184982498,0.5885147167167907
0.2,4,action_critical_interactive_depth_v4,0.5375,0.0544904951840805,0.06661549802631496,0.7783343320488424,0.1334606141880699,0.195846760505242,0.2312058818821248,0.23333333333333334,0.013888888888888888,0.03966170519756311,0.07361111111111111,0.4843682630323032,-0.12060199327732417,0.62354162180377
0.2,4,active_view_selection,0.7972222222222223,0.03365352090273,0.039365057807618876,0.8301040371794705,0.12777908104842228,0.034059055448181975,0.024029305627714923,0.15555555555555556,0.0,0.01341623600691112,0.001388888888888889,0.2992341719836334,0.42643219924307657,0.5951466271555172
0.2,4,diffusion_depth_policy,0.5180555555555556,0.06754598025347737,0.081359596174295,0.7339631137425673,0.1882849600270604,0.010467379319229801,0.011067855502895465,0.2763888888888889,0.009722222222222222,0.009560164012757584,0.0,0.502503132423995,-0.11964313776105813,0.543593786008564
0.2,4,ensemble_depth_completion,0.4263888888888889,0.07359158163792362,0.08765874925728949,0.7297625111961641,0.14768491443268975,0.010020481225835254,0.011078878428821038,0.24722222222222223,0.022222222222222223,0.0014413314947733526,0.002777777777777778,0.5515875890102749,-0.21367090004327324,0.5447991167694455
0.2,4,foundation_depth_prior,0.2111111111111111,0.07726078850565818,0.09083095784114295,0.6913658579907096,0.20513679230092824,0.01253084646922284,0.010351609580996245,0.2916666666666667,0.06527777777777778,0.005295678140399034,0.0,0.6801688584564174,-0.5793559388252192,0.5271446424155867
0.2,4,gaussian_splat_uncertainty,0.4041666666666667,0.0786569820977647,0.09671221089901724,0.7347249227437028,0.1339890808698562,0.01101884820310521,0.009622971893395822,0.20277777777777778,0.08333333333333333,0.0011689327444680728,0.002777777777777778,0.5642617350246621,-0.22186980349152177,0.5455163462629186
0.2,4,learned_depth_completion,0.0763888888888889,0.08584950793582033,0.1005690227934985,0.6617480194261257,0.21966571431677465,0.011792897249306926,0.009276658419115161,0.31805555555555554,0.12916666666666668,0.002358191672013951,0.008333333333333333,0.772737463100644,-0.8390350066244312,0.5124171454032649
0.2,4,next_best_view_planner,0.7083333333333334,0.036240027854271564,0.04398027882859404,0.8271156312036614,0.13384211960190126,0.030153312606996618,0.021504155228182494,0.20555555555555555,0.0,0.01244102698000981,0.0,0.35874414701761226,0.24479548304112114,0.59200183404273
0.2,4,oracle_depth_completion,0.9944444444444445,0.01965003624910712,0.025513895214149082,0.9056637178661829,0.06951540452785748,0.07616551014301769,0.08438968867070917,0.09166666666666666,0.0,0.01635773241680964,0.006944444444444444,0.1441977175371179,0.7870203656974881,0.6457744849410563
0.2,4,raw_depth_policy,0.0,0.11384875580423313,0.13625664641507348,0.5616552091202008,0.28011516633886063,0.010824560788636927,0.009608811237207875,0.3902777777777778,0.2625,0.0016707680347215698,0.001388888888888889,0.8855822985349565,-1.1257931391670895,0.46926240447141826
0.2,4,risk_aware_action_critical_depth_probe_v5,0.6763888888888889,0.05197001350879776,0.06370814974507566,0.7950465510759362,0.1184126552869277,0.17681498655670308,0.21670023100102864,0.19305555555555556,0.004166666666666667,0.029764682799643546,0.044444444444444446,0.39172849898961926,0.1573038622736826,0.6324474852828043
0.2,4,robust_clearance_mpc,0.7583333333333333,0.07932196896714556,0.09956920900002722,0.7593662255749615,0.15016952020250962,0.011038242765045857,0.009614986373444153,0.08055555555555556,0.0375,0.0009999483986946175,0.001388888888888889,0.34527300678804074,0.43196742206657746,0.5508791114784414
0.2,4,uncertainty_guided_probe,0.49583333333333335,0.053785534776302366,0.06422808870284905,0.7761365741767084,0.13396835826380543,0.1423803556195819,0.11919127551689802,0.22777777777777777,0.009722222222222222,0.06182511957644265,0.10694444444444444,0.515476326041285,-0.2122555342513116,0.579066042330945
0.2,4,visuotactile_probe,0.5083333333333333,0.05974398445954524,0.07270444069392067,0.7615501130802045,0.15352181899531897,0.12929302590476327,0.12984633957720687,0.22361111111111112,0.018055555555555554,0.03916102916614581,0.06527777777777778,0.5026599042945441,-0.1440719984124194,0.5838053387423514
0.2,5,action_critical_interactive_depth_v4,0.5263888888888889,0.052449645511186006,0.06495103388663814,0.7821799213244075,0.13211813510309078,0.2163406541834106,0.25412695120333106,0.225,0.016666666666666666,0.04434211900176149,0.09027777777777778,0.4886809133263887,-0.14324883814969702,0.62943428294896
0.2,5,active_view_selection,0.7902777777777777,0.03378918231513783,0.03931339577034235,0.8301870401808634,0.12815327711702976,0.03313263845276822,0.023503300321726754,0.16111111111111112,0.0,0.013311861815393414,0.001388888888888889,0.3032329924061153,0.41065925944058124,0.5948336490363908
0.2,5,diffusion_depth_policy,0.5097222222222222,0.06804946364622935,0.08166045854369755,0.7323469027431083,0.1873605604225611,0.011232827257709818,0.009415167329826946,0.26666666666666666,0.015277777777777777,0.01009227411778972,0.0,0.504670346450843,-0.12100845674206055,0.5427161058551963
0.2,5,ensemble_depth_completion,0.4097222222222222,0.07340624942580494,0.08823489780261196,0.7287037718541705,0.14749114987326856,0.011105161128212382,0.010002493649079434,0.24722222222222223,0.04722222222222222,0.0014461776723333109,0.004166666666666667,0.5608359953220567,-0.24935119794849514,0.5442228856391065
0.2,5,foundation_depth_prior,0.2222222222222222,0.0775556656320046,0.09125249349816648,0.689666529508215,0.20519447898976703,0.010890583182043242,0.009291739984358212,0.2875,0.058333333333333334,0.0044349618266723255,0.001388888888888889,0.6726779781272765,-0.5564261874886024,0.5258875540810244
0.2,5,gaussian_splat_uncertainty,0.3736111111111111,0.07889137493484731,0.09685199978566783,0.7347117188188861,0.1340343300851066,0.012209512155953783,0.009190290780701611,0.21944444444444444,0.058333333333333334,0.0021825749938469657,0.005555555555555556,0.5841613641238083,-0.2748705353655341,0.5447410774810048
0.2,5,learned_depth_completion,0.09027777777777778,0.08632965525070302,0.10119630849170637,0.6603513075356837,0.22034191052254898,0.011014547048627192,0.010951697417458665,0.30972222222222223,0.11666666666666667,0.0014476540514554077,0.002777777777777778,0.7637710662669784,-0.7985465029584131,0.5133878712627467
0.2,5,next_best_view_planner,0.7416666666666667,0.03637421758579576,0.04415473074779404,0.8272922550729094,0.13323954713387642,0.03063171276803054,0.021134395577244183,0.17916666666666667,0.0,0.012746556851626576,0.0,0.33756817893194335,0.3214890374585771,0.592006865998043
0.2,5,oracle_depth_completion,0.9958333333333333,0.01967890922545665,0.025403147627681047,0.9053286215924115,0.06895602215536133,0.08540411877353797,0.09553802567839366,0.11388888888888889,0.0,0.01747290638542964,0.013888888888888888,0.14974098500399222,0.7526042182043948,0.647950230400454
0.2,5,raw_depth_policy,0.0,0.1142320529999276,0.13637796058998042,0.560140335610884,0.28068505477421835,0.012232656541138937,0.010100669410152986,0.4013888888888889,0.30277777777777776,0.0024297311419166794,0.006944444444444444,0.8889466905969464,-1.1653896904484795,0.46762544590998467
0.2,5,risk_aware_action_critical_depth_probe_v5,0.6527777777777778,0.051527909766095566,0.06342364429253218,0.7961410332275605,0.11786056086194437,0.1921723993690002,0.23387722671929245,0.20416666666666666,0.004166666666666667,0.03177684207828609,0.06111111111111111,0.4080577113896273,0.09469290783757131,0.6352246621067204
0.2,5,robust_clearance_mpc,0.7513888888888889,0.0796688366308332,0.10005633941622628,0.7585998236773303,0.15016849525504136,0.011612650484335655,0.009898779970740406,0.10416666666666667,0.03333333333333333,0.0008579768396933585,0.0,0.3536732537196221,0.3959937737169731,0.5510154225611374
0.2,5,uncertainty_guided_probe,0.48194444444444445,0.05183686663371893,0.06313063237492522,0.7804069537368185,0.13255333937290528,0.1540667931179181,0.1315127173764395,0.23472222222222222,0.016666666666666666,0.0678907240949648,0.10555555555555556,0.5233584698786296,-0.24337794870305907,0.5850593504324725
0.2,5,visuotactile_probe,0.4444444444444444,0.06046958558653799,0.07339670949296175,0.75846140713008,0.15479657458375734,0.12138740254677086,0.1226135572394012,0.24861111111111112,0.025,0.03681467720702448,0.06666666666666667,0.5414545209784541,-0.26448304701197756,0.5797510459955234
0.2,6,action_critical_interactive_depth_v4,0.5166666666666667,0.05473145305358018,0.0673943727104177,0.777831457467425,0.1328754217536931,0.19526228426089887,0.2284363705058949,0.25277777777777777,0.013888888888888888,0.03934970306069994,0.06666666666666667,0.49814287364726717,-0.16582924660214937,0.6242426615918114
0.2,6,active_view_selection,0.8041666666666667,0.03345199433903774,0.03916007141312994,0.8303433569621888,0.12710183602636593,0.034064671910197096,0.022598296354031423,0.15,0.0,0.014065995087903188,0.0,0.29299084444876333,0.44466726497503023,0.5952456119873959
0.2,6,diffusion_depth_policy,0.5138888888888888,0.0676047505001544,0.08161477362856888,0.7354741000408956,0.1877177027836906,0.010671815629954683,0.009336466432175887,0.2375,0.015277777777777777,0.009720655045925307,0.0,0.4949563205624056,-0.07713621211058755,0.5436773808515465
0.2,6,ensemble_depth_completion,0.42777777777777776,0.07331839066297864,0.08829441499446708,0.7299719301135863,0.1482247158586942,0.012405382884665068,0.010704456711267072,0.2263888888888889,0.04027777777777778,0.0030800339076456494,0.008333333333333333,0.548405354728816,-0.20075117726121572,0.5437223833734713
0.2,6,foundation_depth_prior,0.23333333333333334,0.07735580836488225,0.09013834234955422,0.6896389234571138,0.20428072999941552,0.010633522458597717,0.010967354482195974,0.2861111111111111,0.06805555555555555,0.0038199889697453945,0.0,0.6649194583583798,-0.5420627711018098,0.5267786017336945
0.2,6,gaussian_splat_uncertainty,0.4,0.07838015246558036,0.09638641284173582,0.7351260440455333,0.13449207703187394,0.011577126320961176,0.009556699492413358,0.2222222222222222,0.059722222222222225,0.0018963476015840062,0.002777777777777778,0.569249237569182,-0.2404329171592726,0.5456419140649617
0.2,6,learned_depth_completion,0.08888888888888889,0.08610002865164634,0.10117223264611022,0.6609056832589617,0.22009154386816487,0.009885334604131525,0.009515166499948172,0.2833333333333333,0.09722222222222222,0.001185374502964539,0.001388888888888889,0.757975294728308,-0.7552840139315663,0.5135062007286869
0.2,6,next_best_view_planner,0.7541666666666667,0.03632892881560811,0.04379604683862169,0.8266370316280525,0.13345349304836784,0.03123235954576219,0.020571777799883808,0.17777777777777778,0.0,0.012746642499032575,0.001388888888888889,0.33156915554872823,0.33802784385460066,0.5914859768889825
0.2,6,oracle_depth_completion,0.9972222222222222,0.01960381904939296,0.02561414124592179,0.9043601593652049,0.06940296383762953,0.07510933846335187,0.08041694646741107,0.09444444444444444,0.0,0.015846921678350875,0.006944444444444444,0.144296049275038,0.7867368414339252,0.6444770341303778
0.2,6,raw_depth_policy,0.0,0.11400363202161468,0.13576252391391622,0.5615670256554304,0.28008164069367436,0.011053000115707553,0.009753556063389356,0.40555555555555556,0.22083333333333333,0.0016341811419855645,0.004166666666666667,0.8897449563227937,-1.128485083976309,0.46864534964901405
0.2,6,risk_aware_action_critical_depth_probe_v5,0.6652777777777777,0.05293376466225414,0.06410299673466446,0.7935932795581605,0.11838492940905947,0.17918192888362838,0.2183277577926941,0.2013888888888889,0.006944444444444444,0.029721450418762622,0.05416666666666667,0.4031455501683526,0.1192694966253805,0.630281911365827
0.2,6,robust_clearance_mpc,0.7513888888888889,0.0787448035696385,0.09946171549374151,0.760881899035563,0.14955160838934095,0.011202910559973706,0.010579375391267253,0.08472222222222223,0.022222222222222223,0.0007589511307035313,0.001388888888888889,0.35077434933787716,0.4242453908697377,0.5518616860737674
0.2,6,uncertainty_guided_probe,0.4638888888888889,0.05361751333641578,0.06433441966009244,0.775977542771568,0.13313626874783524,0.14122814044805457,0.11910528567283225,0.2388888888888889,0.0125,0.06169285532462278,0.10416666666666667,0.5336023364368345,-0.26694340028086067,0.5795975718345231
0.2,6,visuotactile_probe,0.5152777777777777,0.0583783188933964,0.0710622166231908,0.7636918598770361,0.15224730592716867,0.13859404240287024,0.13990175103515973,0.2,0.019444444444444445,0.04236963432577157,0.06388888888888888,0.4923760693760967,-0.1042069573903065,0.588543963957878
0.2,7,action_critical_interactive_depth_v4,0.5805555555555556,0.054363028478712334,0.06652644862321816,0.7782650334064585,0.1335156663593878,0.19678789677256517,0.2316127467478108,0.2013888888888889,0.011111111111111112,0.04048582023489392,0.07222222222222222,0.45555454711919874,-0.020647875347607383,0.6239789395376159
0.2,7,active_view_selection,0.7958333333333333,0.03391327323981212,0.03925948189086401,0.8294149364860541,0.12779320907374683,0.03407944749166712,0.022578242106915534,0.14722222222222223,0.0,0.01400919089939464,0.001388888888888889,0.2991353010688853,0.43446262079552106,0.5944427162403214
0.2,7,diffusion_depth_policy,0.47638888888888886,0.06797435049167448,0.08194156242875976,0.7327314468949091,0.18770320716397143,0.011534379787724546,0.010009723266116438,0.2569444444444444,0.020833333333333332,0.009943173421098734,0.002777777777777778,0.5180358615553403,-0.15661341784210636,0.5424098522534359
0.2,7,ensemble_depth_completion,0.4152777777777778,0.07359547619624753,0.08796257683872172,0.7291374176872274,0.14786504504056527,0.010173151844384783,0.01094310015422447,0.25972222222222224,0.04722222222222222,0.00023402758377195625,0.0,0.5608572053555957,-0.25388984224674715,0.5454034334094205
0.2,7,foundation_depth_prior,0.24027777777777778,0.07770264841533399,0.09062347322999376,0.6891171006762651,0.20453854027488572,0.013554248349606828,0.010408741033846966,0.28055555555555556,0.05694444444444444,0.005219194616908367,0.002777777777777778,0.662191876603054,-0.5247922574483187,0.5259843482776057
0.2,7,gaussian_splat_uncertainty,0.3972222222222222,0.07876273378089392,0.0974448579390987,0.7345116829826739,0.13398390038236213,0.011149764243707203,0.010542553034169734,0.20555555555555555,0.0763888888888889,0.002146519275471701,0.002777777777777778,0.570630104613133,-0.23299523107371062,0.5454838121114967
0.2,7,learned_depth_completion,0.07777777777777778,0.08600304649485384,0.10134591158584981,0.6615892529860827,0.22012770264424736,0.011097358581453373,0.010693972519311241,0.3388888888888889,0.1388888888888889,0.0019430557444782978,0.002777777777777778,0.7754035019114169,-0.8626551990346469,0.5137573142006874
0.2,7,next_best_view_planner,0.7625,0.03636947117201191,0.04376007374096002,0.8263564465062414,0.1330419456035341,0.03100128371301257,0.021691388479935507,0.17916666666666667,0.0,0.012127632283612168,0.001388888888888889,0.3282253281534296,0.3470723518326566,0.5917415455547641
0.2,7,oracle_depth_completion,1.0,0.019508784023266532,0.025137944553753656,0.90498452990936,0.06905141009720409,0.0763634752647826,0.0845998774974071,0.10833333333333334,0.0,0.016231047512721697,0.011111111111111112,0.14484620263090603,0.7692220007584485,0.644865906481374
0.2,7,raw_depth_policy,0.0,0.11417398378380567,0.1360343400196168,0.5610900932855988,0.28125507744773687,0.010595142970436799,0.009411066446539034,0.41388888888888886,0.30972222222222223,0.0014179140376976052,0.005555555555555556,0.8889594364377179,-1.1814436579257102,0.46791017356260245
0.2,7,risk_aware_action_critical_depth_probe_v5,0.6555555555555556,0.05236047602525215,0.0637472903607167,0.7938398294883429,0.11825515790252626,0.1832442895549924,0.22361900422384628,0.20416666666666666,0.005555555555555556,0.030170828376521797,0.05555555555555555,0.40748405897255535,0.10288107976504854,0.6320183680724669
0.2,7,robust_clearance_mpc,0.7375,0.07924332909027933,0.09996672079241632,0.7598736132790755,0.15019383158543517,0.013302298306839298,0.010428765230607205,0.125,0.019444444444444445,0.0019552921328397236,0.004166666666666667,0.36547068697432494,0.3532484963987728,0.5508259461771984
0.2,7,uncertainty_guided_probe,0.4638888888888889,0.05226953265997928,0.06355375373940668,0.7788161898980149,0.1334414131668338,0.15136184405093503,0.12783188236821993,0.23055555555555557,0.013888888888888888,0.06679449009159334,0.13055555555555556,0.5328102466439296,-0.2837520369318197,0.5777935379762495
0.2,7,visuotactile_probe,0.47638888888888886,0.05949876374796877,0.07342751431410903,0.7618222704542654,0.15388780900443425,0.12904482675816503,0.12977725935748965,0.24722222222222223,0.022222222222222223,0.0387763061058412,0.06111111111111111,0.523415577318181,-0.2140582098130474,0.5848614405210979
0.2,8,action_critical_interactive_depth_v4,0.5222222222222223,0.055644371086379825,0.06779949053413228,0.7759943605694911,0.13411659554665334,0.18658516022810584,0.21688813669210386,0.22083333333333333,0.020833333333333332,0.03711458926268181,0.06527777777777778,0.4891659571811411,-0.11917810403879323,0.6199914707075875
0.2,8,active_view_selection,0.7944444444444444,0.03388877810291932,0.03953778598322511,0.8286358831722254,0.12740275895219708,0.03437796148814089,0.02393760587840463,0.17083333333333334,0.0,0.014224931699973882,0.0,0.3039611269694153,0.40412473834408347,0.5948907937732499
0.2,8,diffusion_depth_policy,0.4875,0.0678631540788316,0.08125281279080265,0.7319741557289161,0.18840430085648016,0.01147323107014882,0.010016195206169597,0.25555555555555554,0.019444444444444445,0.010154552508008478,0.004166666666666667,0.5152974701174746,-0.14289871698143303,0.5418222198171256
0.2,8,ensemble_depth_completion,0.4083333333333333,0.07365195503512958,0.0876336489577358,0.729559424946432,0.14786621751936907,0.010709905394207022,0.010346779791224342,0.2652777777777778,0.044444444444444446,0.0007109771611155749,0.001388888888888889,0.564183953761823,-0.26941144487577634,0.5450728388355232
0.2,8,foundation_depth_prior,0.23055555555555557,0.07715792629983306,0.09077725750594015,0.6911574277316122,0.20515719079219222,0.010423043064607795,0.009641954879243714,0.30416666666666664,0.08472222222222223,0.003807990598065024,0.002777777777777778,0.6719915218147666,-0.5805401132857533,0.5262568760486649
0.2,8,gaussian_splat_uncertainty,0.34444444444444444,0.07867382431273341,0.09628269399498489,0.7359310277558127,0.13398928162727933,0.011664042140556777,0.010044572971720796,0.20833333333333334,0.08055555555555556,0.0023895483027202608,0.002777777777777778,0.5938972785076929,-0.3054854521409144,0.5458483203267822
0.2,8,learned_depth_completion,0.08611111111111111,0.0856246416432646,0.10096155071985742,0.6629296558569562,0.21957983997753006,0.010447847643851984,0.010022818918278274,0.28888888888888886,0.10277777777777777,0.001700407677279276,0.002777777777777778,0.7612543937849726,-0.7706238790640492,0.5141184552633159
0.2,8,next_best_view_planner,0.7847222222222222,0.0362266945540736,0.04390629675357399,0.828248837645695,0.13315173762187432,0.029922042345609676,0.023174220688147774,0.15138888888888888,0.0,0.012410710753015083,0.0,0.3107288251932998,0.4132570582940084,0.5927284984542669
0.2,8,oracle_depth_completion,0.9958333333333333,0.019547092762020355,0.02550885994369957,0.9048792188377918,0.06959440270125329,0.07669284413652612,0.08031976527582742,0.10972222222222222,0.0,0.01588800437837654,0.005555555555555556,0.14455875397252405,0.7688777975399186,0.6451557462546524
0.2,8,raw_depth_policy,0.0,0.11361515565129494,0.13561277736393085,0.5617327976619386,0.280467641586781,0.012423114586462742,0.009867574248191183,0.3736111111111111,0.27361111111111114,0.002196771511728701,0.005555555555555556,0.8839269402864663,-1.1149666983742883,0.46864951904351
0.2,8,risk_aware_action_critical_depth_probe_v5,0.6638888888888889,0.05238312450208918,0.06384141626275576,0.7945926959510239,0.11875920284378173,0.18650181153982553,0.22902560985426412,0.19583333333333333,0.004166666666666667,0.031161639466187087,0.06527777777777778,0.40298547338477875,0.11493258350428606,0.6315833978597237
0.2,8,robust_clearance_mpc,0.7680555555555556,0.07883080457384452,0.09976367076514214,0.7605196508935942,0.14900611097149968,0.011548680423150468,0.009507864569768822,0.10138888888888889,0.02638888888888889,0.000991666726588664,0.0,0.34567488787815914,0.4240964028261044,0.5518700378117946
0.2,8,uncertainty_guided_probe,0.48055555555555557,0.0512732891698947,0.06234309377243344,0.7810023328165181,0.13181047396614257,0.15967025819886432,0.1334913157685504,0.25416666666666665,0.013888888888888888,0.07009355309025603,0.12361111111111112,0.5276201702741684,-0.2858850557442817,0.5825216737494648
0.2,8,visuotactile_probe,0.5236111111111111,0.056645643572443845,0.06991591270947456,0.7685511584624537,0.1520916816514377,0.15227294200173844,0.153227164281892,0.2013888888888889,0.025,0.0468814807117545,0.06666666666666667,0.48820160535238416,-0.10181940243338927,0.5943657549285616
0.2,9,action_critical_interactive_depth_v4,0.5458333333333333,0.05302211602376198,0.06580843459242892,0.7817622240392701,0.13195673076213943,0.20484097828857706,0.2428025459195709,0.23055555555555557,0.018055555555555554,0.042001699521923376,0.06527777777777778,0.47633893231064756,-0.0993185616287101,0.6306590791596113
0.2,9,active_view_selection,0.7805555555555556,0.03378945154877107,0.0392148536008498,0.8299455774646685,0.1281383934471009,0.03473780004897704,0.024064160098215263,0.16527777777777777,0.0,0.014015069257512471,0.001388888888888889,0.3089963740892018,0.3923048550801735,0.5950351273495502
0.2,9,diffusion_depth_policy,0.5013888888888889,0.06806405719166371,0.0815717646350171,0.7329591666481027,0.18742984309272093,0.010274795818133451,0.009524585093621184,0.2625,0.022222222222222223,0.009334744698131087,0.002777777777777778,0.5069245930217205,-0.1315487839920899,0.5422559464080505
0.2,9,ensemble_depth_completion,0.42916666666666664,0.07359704639293982,0.08768902858976,0.7289390583769353,0.14755637518036702,0.011264325325274296,0.009719650504989486,0.2388888888888889,0.04583333333333333,0.001670206268234928,0.005555555555555556,0.5520073167408482,-0.2155458814279218,0.5438315811361899
0.2,9,foundation_depth_prior,0.25416666666666665,0.07724023803385731,0.09082458739783661,0.6911900490602766,0.20518678850386726,0.010359360218750831,0.009715610345676407,0.28055555555555556,0.059722222222222225,0.004217569497309127,0.0,0.6568328914335961,-0.505977957986696,0.5267833652251044
0.2,9,gaussian_splat_uncertainty,0.375,0.07844932654424147,0.09651692285795421,0.7352727233804226,0.13448077786977797,0.011150331460214036,0.010839588385375767,0.2361111111111111,0.05416666666666667,0.0019130123880288273,0.001388888888888889,0.5860750381099039,-0.2878990238911469,0.5461746656135056
0.2,9,learned_depth_completion,0.07777777777777778,0.08592496689067605,0.10087617412409568,0.661180495721418,0.22060254607098162,0.010145329408231945,0.011026728932614171,0.3375,0.09861111111111111,0.000912915147466243,0.004166666666666667,0.7744568748387745,-0.8420240590449661,0.513405196756673
0.2,9,next_best_view_planner,0.7527777777777778,0.03638021985929238,0.04382795704434266,0.8270935395856444,0.13356120516535983,0.029643317188101904,0.021649367490219285,0.1763888888888889,0.0,0.012738117945221901,0.001388888888888889,0.33185784944232255,0.3380604263043535,0.5915677241920669
0.2,9,oracle_depth_completion,0.9916666666666667,0.019355087620266654,0.02523999589745146,0.9040036407043753,0.06924157925456036,0.07368019692714149,0.08005608233469566,0.1,0.0,0.015842031580953837,0.011111111111111112,0.14675026814003433,0.7694393061968609,0.6432639283006463
0.2,9,raw_depth_policy,0.0,0.11404882279369602,0.13583796858258973,0.5620950849472474,0.2803570849709348,0.010996799324102427,0.010434969305692703,0.38333333333333336,0.2722222222222222,0.002134647312913592,0.004166666666666667,0.8859197896083452,-1.1254147688694145,0.46880933352890725
0.2,9,risk_aware_action_critical_depth_probe_v5,0.6680555555555555,0.052445845264239586,0.0639655327327174,0.7937420742706223,0.11857310042336841,0.18137919148717815,0.22027619943491505,0.18055555555555555,0.005555555555555556,0.03014934349719608,0.06111111111111111,0.3965029166597294,0.14423921891981106,0.6296741446626604
0.2,9,robust_clearance_mpc,0.7541666666666667,0.0788623033199163,0.0993821324177539,0.7598405959957646,0.1499622718804029,0.010707268231622062,0.01003165031749978,0.08472222222222223,0.05277777777777778,0.0007340287924527529,0.002777777777777778,0.3466078034485307,0.41367145314300113,0.5509830346982115
0.2,9,uncertainty_guided_probe,0.4847222222222222,0.05252772624963547,0.06320737002949876,0.7786806798153678,0.13343270695844234,0.14944634193050693,0.12652051477490492,0.2125,0.022222222222222223,0.065450945751716,0.08888888888888889,0.5123997292874031,-0.19465641376606418,0.5864450047611274
0.2,9,visuotactile_probe,0.49583333333333335,0.05893673140276607,0.07164387771125992,0.7622191307162142,0.15324896509545077,0.13283224898725926,0.13447160263381794,0.22083333333333333,0.018055555555555554,0.04072020120031968,0.06388888888888888,0.5072770629936657,-0.15555489995663863,0.5859666268277385
0.4,0,action_critical_interactive_depth_v4,0.49583333333333335,0.056896046526440376,0.06998536765499754,0.7717575380862036,0.1345457110604416,0.1859408190228218,0.22383709768855506,0.24027777777777778,0.020833333333333332,0.040015973537845036,0.08472222222222223,0.5097969900827404,-0.1997107593512357,0.614970289758235
0.4,0,active_view_selection,0.7819444444444444,0.03453710523785401,0.03968280924455371,0.8265977069997491,0.1282295118537939,0.03370543807716963,0.023508394840783254,0.1597222222222222,0.0,0.013923352742929697,0.0,0.307354671902759,0.40241311826686493,0.5938372873026166
0.4,0,diffusion_depth_policy,0.47638888888888886,0.0707878226181291,0.08448510695706592,0.7245503412738127,0.18956507428890382,0.011142615502938434,0.009901733790817142,0.2361111111111111,0.02361111111111111,0.01034365873049405,0.002777777777777778,0.5168680274263651,-0.13341654509971185,0.5387133189393479
0.4,0,ensemble_depth_completion,0.3819444444444444,0.07682345861369365,0.0912111050785269,0.7199653342799558,0.14925376129831724,0.01287319788987505,0.009922703203244584,0.26944444444444443,0.0625,0.0019305983802065379,0.005555555555555556,0.5847733642207202,-0.32632089097910283,0.5401835915993909
0.4,0,foundation_depth_prior,0.2388888888888889,0.07997647622358928,0.09448519426976836,0.6831454431395668,0.20656294618838825,0.011535793762800199,0.01046627806753799,0.2875,0.07083333333333333,0.004492021433649574,0.002777777777777778,0.6676443261953545,-0.5439381170525732,0.5230518421316873
0.4,0,gaussian_splat_uncertainty,0.3333333333333333,0.0818786008444119,0.10044804486234818,0.7275646725149288,0.13588027518118004,0.012504009656342838,0.009864950149228389,0.2513888888888889,0.09583333333333334,0.002159566594218924,0.002777777777777778,0.6134205764429134,-0.38546083714485396,0.5422305012768446
0.4,0,learned_depth_completion,0.059722222222222225,0.0892486475513036,0.10585795895054023,0.650661129241982,0.2223953227478858,0.00975793524803932,0.010490651331578374,0.33055555555555555,0.12083333333333333,0.0009567759282234214,0.0,0.7855003454851666,-0.8657904557201946,0.5097472266275888
0.4,0,next_best_view_planner,0.75,0.0373519840133241,0.04502156993427393,0.8237765929896862,0.13412369830782758,0.03055050947163656,0.022022151970267502,0.16944444444444445,0.0,0.011948871765107585,0.0,0.3327260608509514,0.34430815989055813,0.5908724577477698
0.4,0,oracle_depth_completion,0.9986111111111111,0.01985624012261345,0.02537587170969345,0.9040692499970763,0.0700219979409082,0.07294054728886601,0.08330527851360778,0.10833333333333334,0.0,0.016562000424839882,0.013888888888888888,0.14707218023067506,0.7637716880955423,0.6428839921741798
0.4,0,raw_depth_policy,0.0,0.11887875046204925,0.1422035147921797,0.5454400444247048,0.2834320745398727,0.010715740023524925,0.01002093685904917,0.3736111111111111,0.31527777777777777,0.0016871155378515234,0.002777777777777778,0.8866533559450188,-1.1339078512569618,0.4622441547249389
0.4,0,risk_aware_action_critical_depth_probe_v5,0.6194444444444445,0.053627577155393624,0.06523743146367937,0.7900391167171948,0.11960275280320333,0.18436995690227603,0.22937403536804093,0.21666666666666667,0.015277777777777777,0.03215089793377194,0.06388888888888888,0.43140584064700643,0.024477704250689382,0.6296339797418189
0.4,0,robust_clearance_mpc,0.7333333333333333,0.08231464945194235,0.10398799215594691,0.751930436279134,0.15150700105175216,0.009768041143796027,0.009996569894234236,0.1,0.030555555555555555,0.0012066783543933143,0.0,0.36667353857839285,0.3758705349733937,0.5476793186842802
0.4,0,uncertainty_guided_probe,0.4652777777777778,0.05491139149796007,0.06689128928999546,0.772193612642432,0.13413053943870815,0.14375835823311853,0.12290243425059562,0.22916666666666666,0.019444444444444445,0.06618693073903702,0.12916666666666668,0.535170196988017,-0.28338711136896017,0.5729681260943027
0.4,0,visuotactile_probe,0.4638888888888889,0.06142260261084563,0.07476753248697252,0.7552238001643647,0.15472848589915864,0.13253494710736616,0.1342259210663679,0.21805555555555556,0.022222222222222223,0.04221945199343475,0.08194444444444444,0.5292811808109099,-0.21712827941582485,0.5786016305390371
0.4,1,action_critical_interactive_depth_v4,0.5263888888888889,0.05618763311408841,0.06857069655487241,0.7734521500117337,0.13398464003245222,0.18780769451461884,0.229548501705505,0.2263888888888889,0.020833333333333332,0.04141727848236976,0.08472222222222223,0.49373811665332695,-0.14375897592614098,0.6171010854681688
0.4,1,active_view_selection,0.7833333333333333,0.03497523008468587,0.04012331043128144,0.8245586050106378,0.12861556060486376,0.03328583885279415,0.02337070011570389,0.1486111111111111,0.0,0.014384548280175605,0.0,0.30569759904135557,0.4174319158034484,0.5928900264273854
0.4,1,diffusion_depth_policy,0.4736111111111111,0.07118432629668606,0.08505412161699615,0.7230095389097457,0.1900695055848354,0.011414024293535352,0.010351925472746371,0.22916666666666666,0.02638888888888889,0.011144298726022914,0.001388888888888889,0.5176512883646462,-0.12905363230196942,0.5384007004827552
0.4,1,ensemble_depth_completion,0.3861111111111111,0.07683773861203984,0.09180841980561236,0.7191245322795271,0.14911333366783838,0.010478986913320403,0.009950526229706155,0.24444444444444444,0.06805555555555555,0.0015098999511083328,0.001388888888888889,0.5755526415537682,-0.2863608441892019,0.5405638091278424
0.4,1,foundation_depth_prior,0.20416666666666666,0.08060502608274157,0.0951567596554496,0.6807812493494757,0.20694509830372324,0.010827514372223776,0.01018723635898818,0.3111111111111111,0.0763888888888889,0.004252330898440893,0.001388888888888889,0.689839695870622,-0.6208720527367486,0.5222819958752661
0.4,1,gaussian_splat_uncertainty,0.3638888888888889,0.08180352243442698,0.10025837909539465,0.7266043437166247,0.1359234097637427,0.012943148154754608,0.009984441200703095,0.225,0.09166666666666666,0.0028614288048253484,0.006944444444444444,0.5941278850524507,-0.314696631678353,0.541053411121564
0.4,1,learned_depth_completion,0.04861111111111111,0.0895894722411155,0.10543047174648265,0.6499049989652881,0.222253696507531,0.009911492970838036,0.010733591824522484,0.3375,0.11805555555555555,0.0010015869882812518,0.001388888888888889,0.793019503590981,-0.8895110286152882,0.5091854502109522
0.4,1,next_best_view_planner,0.7402777777777778,0.03739687142594139,0.04524320137281072,0.8218703804769701,0.1342172557742541,0.03289879756764113,0.021417019170267247,0.1736111111111111,0.0,0.013109369891735997,0.001388888888888889,0.33783571744887353,0.3249075168450609,0.5900636669043167
0.4,1,oracle_depth_completion,0.9972222222222222,0.019687168671918238,0.025080353174585967,0.9023798043076092,0.06933400256362518,0.07704098008558188,0.08550197312299887,0.09861111111111111,0.0,0.016741107754249408,0.005555555555555556,0.1448454817421038,0.7825425137066142,0.6454880122922898
0.4,1,raw_depth_policy,0.0,0.11928504528908274,0.1425697116187492,0.5447249570774086,0.2834245621184346,0.011524415228026047,0.009944800734893924,0.4013888888888889,0.2916666666666667,0.0014333824159358805,0.001388888888888889,0.8927342625550909,-1.156914928102212,0.462349080416035
0.4,1,risk_aware_action_critical_depth_probe_v5,0.6513888888888889,0.05379581072851687,0.06555285203185436,0.7913891110559038,0.11925573606626282,0.18035472258056456,0.2258877627513306,0.18888888888888888,0.008333333333333333,0.03215194563073669,0.075,0.4111663031919406,0.09402581934798357,0.6261287215294556
0.4,1,robust_clearance_mpc,0.725,0.082492613690002,0.10396672043743159,0.7515557579669633,0.1519783209955765,0.01147683929289016,0.010363444549666248,0.09583333333333334,0.043055555555555555,0.000844802034198205,0.002777777777777778,0.3691637430486493,0.36236689898128654,0.5472605595801975
0.4,1,uncertainty_guided_probe,0.42777777777777776,0.055016467545563406,0.06633212251107072,0.7707634601383336,0.1336236428744117,0.1487622424435495,0.12483491177692763,0.24444444444444444,0.027777777777777776,0.06754990271855488,0.11527777777777778,0.5538618361170974,-0.3417855236478734,0.5766416907197903
0.4,1,visuotactile_probe,0.4777777777777778,0.06156131547245091,0.07418842233743662,0.7552054873298508,0.15478419056402795,0.13890166480499722,0.141052853701016,0.2013888888888889,0.030555555555555555,0.04408858631482318,0.06944444444444445,0.5167585910536285,-0.16951898925288253,0.5835097601112976
0.4,2,action_critical_interactive_depth_v4,0.5152777777777777,0.05507434034287022,0.0675970448444304,0.7751672450264914,0.1334718509208024,0.20033872522083165,0.2423235628762431,0.25833333333333336,0.020833333333333332,0.04383068217108648,0.09722222222222222,0.5065593910862518,-0.21197248169848895,0.6197349760168904
0.4,2,active_view_selection,0.7833333333333333,0.034786178425566125,0.040216311400764315,0.8251629771006673,0.12838989884919952,0.03494752080004072,0.023656082495823044,0.1638888888888889,0.0,0.014695727919458999,0.0,0.30951338828995206,0.3973784337619464,0.593432520911526
0.4,2,diffusion_depth_policy,0.48333333333333334,0.07112613246710899,0.0853696920464769,0.7240551695150966,0.18948059020024685,0.010951075291324138,0.010663230172553707,0.23472222222222222,0.025,0.009712443623872523,0.002777777777777778,0.5141956879652194,-0.12364483289328539,0.5386924387003439
0.4,2,ensemble_depth_completion,0.39444444444444443,0.07632583449636547,0.09181622544179253,0.7223580888973602,0.1501621162488203,0.011014701841788722,0.009904675253590714,0.2625,0.07083333333333333,0.0009285597504528208,0.001388888888888889,0.5741841491369066,-0.29905535850338744,0.5417274918926082
0.4,2,foundation_depth_prior,0.20416666666666666,0.08094410569436636,0.09489407560654174,0.6809339218295096,0.20682931340279442,0.011192924054698468,0.010291052628129821,0.3,0.06944444444444445,0.004474082726215052,0.001388888888888889,0.6870024468979734,-0.6030861129571495,0.5222532972433143
0.4,2,gaussian_splat_uncertainty,0.34444444444444444,0.08229465108249887,0.10065312114513873,0.7255656422796563,0.13612148013078793,0.011258290478264054,0.010016427867024778,0.23194444444444445,0.0875,0.0021959029933655383,0.006944444444444444,0.6054800720241086,-0.3469126433479817,0.5404000827644269
0.4,2,learned_depth_completion,0.05416666666666667,0.08958651944023234,0.10605736490340287,0.6507904157825364,0.22216571783467126,0.010553747663748288,0.009702123168827436,0.30972222222222223,0.1388888888888889,0.0012333197675262679,0.0,0.7830167474742283,-0.854619600501237,0.5095876028088924
0.4,2,next_best_view_planner,0.7527777777777778,0.037783452032582536,0.044701919862806576,0.8233165271283827,0.13330832332029507,0.030840367072400177,0.02235203788692404,0.16666666666666666,0.0,0.013091353836314872,0.0,0.33077110464858595,0.35105831177118824,0.5905973739444333
0.4,2,oracle_depth_completion,0.9986111111111111,0.019326276326217386,0.025338308473104573,0.905654443907665,0.0687700728001756,0.07920295616704122,0.08975537167260807,0.10416666666666667,0.0,0.01703207412502401,0.005555555555555556,0.14563134609398987,0.7769447105875504,0.6478335526826403
0.4,2,raw_depth_policy,0.0,0.11941758165751178,0.14266719671358702,0.5458658329510345,0.28428972624620613,0.012033350344555056,0.009993418618539541,0.42777777777777776,0.26944444444444443,0.001250330802500926,0.001388888888888889,0.8964180443364897,-1.1788098687491295,0.46265305923906636
0.4,2,risk_aware_action_critical_depth_probe_v5,0.6597222222222222,0.052466646825119825,0.06404229659754578,0.7934986330496454,0.11753460289844762,0.20263707122217092,0.25210105146270484,0.18194444444444444,0.008333333333333333,0.035900682600805096,0.06805555555555555,0.40207638058495826,0.12094538464902,0.6376566624495018
0.4,2,robust_clearance_mpc,0.7291666666666666,0.0823993798732414,0.1043738759406183,0.7518376756089427,0.15192109111223406,0.010975111059380656,0.010041635759054807,0.0763888888888889,0.044444444444444446,0.0011440055169826655,0.0,0.36224892386704666,0.39495705621708876,0.5477928124612247
0.4,2,uncertainty_guided_probe,0.4444444444444444,0.054915070054837124,0.06620028216742864,0.7715054921447412,0.13413977160685128,0.1469548015134086,0.12655630756209824,0.23472222222222222,0.03194444444444444,0.0682040368056466,0.10416666666666667,0.5423794357974552,-0.29884556195834555,0.5792656773692412
0.4,2,visuotactile_probe,0.4486111111111111,0.06227845520688336,0.0757007385658041,0.7532639408180593,0.15528926860734127,0.1258804817545809,0.128603218026156,0.2777777777777778,0.025,0.040393545670001405,0.0625,0.5486907011478891,-0.2958711153996251,0.5799397813289938
0.4,3,action_critical_interactive_depth_v4,0.5236111111111111,0.055987136885851926,0.06898760757763167,0.7729812134961729,0.13406827435435056,0.19190983429148245,0.23172144382421725,0.23194444444444445,0.02361111111111111,0.04170156333418748,0.08333333333333333,0.4948924907159379,-0.15380493831087272,0.6184315079880313
0.4,3,active_view_selection,0.7555555555555555,0.03462745473234113,0.04019994433495249,0.8254657455123069,0.1288121222117489,0.033075012919513654,0.023383941974549828,0.175,0.0,0.013882494481592142,0.001388888888888889,0.3256316571418748,0.34586080244681033,0.5930004783528944
0.4,3,diffusion_depth_policy,0.46805555555555556,0.07118112614075439,0.08478944172523978,0.7226988700191131,0.1906128081139096,0.010837979270658018,0.009798004772943503,0.26805555555555555,0.025,0.010094060631293934,0.0,0.5308824778791053,-0.18519121265827027,0.53852016289282
0.4,3,ensemble_depth_completion,0.3875,0.07635627178355531,0.09158983256327285,0.7214030651520628,0.150004473749748,0.01151680622685239,0.01030005951428243,0.23055555555555557,0.0375,0.0018744534996836706,0.005555555555555556,0.5698838510073456,-0.25479027995443404,0.5405635948971187
0.4,3,foundation_depth_prior,0.20972222222222223,0.08022555219665871,0.09456341331659843,0.6822449247456561,0.20661328309791346,0.010726670137735149,0.009970367180777671,0.2861111111111111,0.07777777777777778,0.0040750076233523,0.002777777777777778,0.6803620546143384,-0.5825674212022081,0.5225281764552232
0.4,3,gaussian_splat_uncertainty,0.34305555555555556,0.08234607114606449,0.10123562512213151,0.7246695554597385,0.135943491345696,0.011693454539247012,0.010347034468631151,0.24027777777777778,0.09027777777777778,0.001702373519540026,0.001388888888888889,0.6058567806914642,-0.35415310596613303,0.5415909843493492
0.4,3,learned_depth_completion,0.06111111111111111,0.08969447665454124,0.10584623032526203,0.6497860134980297,0.22236446121522568,0.011325458815931114,0.009609110411994106,0.3013888888888889,0.13194444444444445,0.0021867415653676714,0.004166666666666667,0.7804872157948607,-0.837385813365431,0.5082792689132624
0.4,3,next_best_view_planner,0.7555555555555555,0.03712411206323995,0.04494222849823512,0.8246863558759944,0.13427779387133099,0.03163722079136601,0.022515846576124893,0.16527777777777777,0.0,0.012958997893019165,0.002777777777777778,0.32828161293186253,0.35447153633845346,0.5907081284734861
0.4,3,oracle_depth_completion,0.9972222222222222,0.019733907814237853,0.02571767561408714,0.9047722853136665,0.07000600829182604,0.0768909289036098,0.08471456742792294,0.12083333333333333,0.0,0.016573659911006424,0.006944444444444444,0.150753326937254,0.75210994653272,0.6455969441844155
0.4,3,raw_depth_policy,0.0,0.11905834985226156,0.14217630104012088,0.5459419607097947,0.2832050737968474,0.010111432447692232,0.009984676383671709,0.3972222222222222,0.3,0.0004914786607492604,0.001388888888888889,0.8916950373855375,-1.1551210184034513,0.4627313345299615
0.4,3,risk_aware_action_critical_depth_probe_v5,0.6319444444444444,0.05396933496920045,0.06594549060286391,0.7900209761661273,0.11923486610249753,0.17912558157992733,0.22465857844331188,0.19444444444444445,0.009722222222222222,0.03156816186047232,0.07083333333333333,0.4201269647921492,0.066025380321888,0.6262247805072779
0.4,3,robust_clearance_mpc,0.7277777777777777,0.08262841098191548,0.10438373142369664,0.7508953167083915,0.15268323128232383,0.011856866561874475,0.00993111599899651,0.09444444444444444,0.04583333333333333,0.000703998084917528,0.0,0.36723137965582636,0.36921569200778565,0.5475528738530817
0.4,3,uncertainty_guided_probe,0.46944444444444444,0.05406399101160051,0.06571963775192426,0.7737152477880809,0.13415239130293397,0.15354654334258175,0.12995241530843155,0.21805555555555556,0.020833333333333332,0.07012374260786747,0.12083333333333333,0.5278618909956238,-0.2564075057193875,0.578034559818037
0.4,3,visuotactile_probe,0.4625,0.059962357691230116,0.07281032029364251,0.7589201206969417,0.15349232261385895,0.14565803425743104,0.14931063300138403,0.21666666666666667,0.022222222222222223,0.047343730767954735,0.10694444444444444,0.5326791483209091,-0.24397391187300863,0.5794135556519333
0.4,4,action_critical_interactive_depth_v4,0.5125,0.05506606110289375,0.06682856764304632,0.7745510808275599,0.1332348925894346,0.20641712481140245,0.24808236843378348,0.22083333333333333,0.016666666666666666,0.04512083618939756,0.09305555555555556,0.4977115237787579,-0.1607965069392454,0.6225390151664046
0.4,4,active_view_selection,0.7819444444444444,0.034646409973789274,0.040564120417296824,0.8258114660024283,0.1286028420208721,0.03327252171501281,0.023441694810622155,0.14722222222222223,0.0,0.014250805107577364,0.002777777777777778,0.3069517319248677,0.41435795359903593,0.5927908268929682
0.4,4,diffusion_depth_policy,0.4888888888888889,0.07091820319491515,0.08534715864659703,0.7246288157838744,0.18910241385990045,0.012499253315097516,0.010761518326046,0.24583333333333332,0.018055555555555554,0.01093288592758749,0.002777777777777778,0.5131218686957488,-0.12733172191051412,0.5390439515220476
0.4,4,ensemble_depth_completion,0.41388888888888886,0.07687086876293561,0.09134043561994076,0.7204821090290793,0.14944116265526908,0.00955816335034305,0.00981349547330137,0.2263888888888889,0.041666666666666664,0.001180213668467447,0.0,0.558605902698709,-0.21324247420055045,0.5410793850859261
0.4,4,foundation_depth_prior,0.18611111111111112,0.08046090863998259,0.0953473089449796,0.6824449714810561,0.20635932799555745,0.011497798991499782,0.009940970832258946,0.31805555555555554,0.08055555555555556,0.004712698291928555,0.001388888888888889,0.6981309580931485,-0.6542292415909071,0.5228405880714194
0.4,4,gaussian_splat_uncertainty,0.3347222222222222,0.08192367690869572,0.1015328369204165,0.7261826326232624,0.13635628843441794,0.012479297479844931,0.010279797600338248,0.23055555555555557,0.07083333333333333,0.001946713294561429,0.005555555555555556,0.6082740159600875,-0.3473974187249653,0.5412890577852648
0.4,4,learned_depth_completion,0.06388888888888888,0.08982157081417481,0.10557477628716411,0.6507759621679595,0.22219775688596724,0.009963100212555007,0.009308319730043379,0.3125,0.11944444444444445,0.000957148894507262,0.001388888888888889,0.7800375419208367,-0.8380842147930536,0.5090485238049871
0.4,4,next_best_view_planner,0.7444444444444445,0.03772320960667524,0.04550334617855574,0.8225249869665261,0.1340902851527394,0.030073800264050213,0.021023048090740657,0.19444444444444445,0.0,0.012327045671365748,0.0,0.3409324856363461,0.3047709148836798,0.5900276994996093
0.4,4,oracle_depth_completion,1.0,0.01929823302568747,0.0255043941902551,0.9048394936400033,0.06959307053968838,0.0721347519994317,0.07872636425336725,0.10694444444444444,0.0,0.015931265944036987,0.006944444444444444,0.14357121244815868,0.7755569672234076,0.643847002742297
0.4,4,raw_depth_policy,0.0,0.11916004442158443,0.14267505558464294,0.5457074942312724,0.2829799600403723,0.011351586701929367,0.009929833260911076,0.3972222222222222,0.3388888888888889,0.000977080858775934,0.0,0.892042216216792,-1.1729096870029683,0.463063769752822
0.4,4,risk_aware_action_critical_depth_probe_v5,0.6430555555555556,0.05306376619472839,0.06518507691393577,0.791782768680381,0.1186200312952693,0.19037492949483242,0.24003523856066847,0.19027777777777777,0.004166666666666667,0.03421720667533635,0.08055555555555556,0.41879012126257104,0.07547258628057817,0.6297437068592272
0.4,4,robust_clearance_mpc,0.7194444444444444,0.08257794290375527,0.1040032488779876,0.7509546105457523,0.15259851922354353,0.011984134881255567,0.009886100961893575,0.09166666666666666,0.04722222222222222,0.0010481164847060086,0.001388888888888889,0.3701934402594749,0.36016511610827057,0.5472469703265382
0.4,4,uncertainty_guided_probe,0.48055555555555557,0.054461561084370176,0.06583766421664053,0.7731861994422569,0.13384768785953388,0.14800659559106158,0.12594234876085916,0.2263888888888889,0.020833333333333332,0.06780522067691276,0.11388888888888889,0.5230693592415037,-0.24463843103140356,0.5778959550039152
0.4,4,visuotactile_probe,0.48333333333333334,0.060872565440037836,0.07356851134674221,0.7557842888676893,0.1543024947969515,0.13772130238860436,0.14125424219326227,0.20833333333333334,0.030555555555555555,0.04387643014980274,0.06944444444444445,0.515299351539576,-0.17096419696701765,0.5838711115989917
0.4,5,action_critical_interactive_depth_v4,0.5583333333333333,0.055143694222667884,0.06753996789818686,0.7751241539893666,0.13299087144871827,0.2050239795703508,0.24477877797340397,0.225,0.019444444444444445,0.04377769890198267,0.07916666666666666,0.4745880604782106,-0.09346345641257729,0.6250151415619581
0.4,5,active_view_selection,0.7763888888888889,0.03481785651992651,0.040043564435834546,0.8251175948845756,0.1284824990140599,0.032146176581472244,0.0244409854410409,0.17777777777777778,0.0,0.013971863533066793,0.0,0.31390342895339785,0.3720150103507724,0.593238798073477
0.4,5,diffusion_depth_policy,0.4638888888888889,0.07110851085289678,0.08562207874894025,0.723520494686118,0.19048610728187548,0.01194413336924232,0.010627885844085245,0.2569444444444444,0.020833333333333332,0.009945996293289487,0.001388888888888889,0.5297019597581089,-0.17506969364147745,0.5388681749221205
0.4,5,ensemble_depth_completion,0.4027777777777778,0.07689419943643412,0.0917618401706651,0.7199847355162283,0.15004306487783825,0.010620936267539882,0.009593723740638223,0.23055555555555557,0.07777777777777778,0.0009292319830409514,0.0,0.5630217486642806,-0.24912103676985392,0.5410329155793754
0.4,5,foundation_depth_prior,0.20694444444444443,0.08046900648123403,0.09454565332722849,0.6814290659043262,0.20656634151136674,0.0106908138281012,0.010901237139337185,0.30694444444444446,0.07222222222222222,0.0042469094628860265,0.001388888888888889,0.6878575369505828,-0.610071609616369,0.5226890231527387
0.4,5,gaussian_splat_uncertainty,0.35555555555555557,0.08182483303210177,0.10054269132422487,0.7270556542211469,0.1365769962141416,0.010167755326556534,0.00942489461559374,0.23055555555555557,0.07361111111111111,0.0009516564992535515,0.005555555555555556,0.5972519578459012,-0.3206856211119529,0.5411502774138851
0.4,5,learned_depth_completion,0.06388888888888888,0.0891418628700379,0.10589259142647703,0.6516836804636801,0.22224502478226166,0.011453286641953254,0.010368240263918482,0.3263888888888889,0.14305555555555555,0.002168779524594379,0.009722222222222222,0.7861569002143148,-0.8773108587966656,0.5080006652689405
0.4,5,next_best_view_planner,0.7402777777777778,0.037714464513911895,0.045259661216235966,0.8222934913701578,0.13371303962780062,0.03272349776136925,0.0210049166831815,0.19722222222222222,0.0,0.012746667524811467,0.0,0.3428338243095802,0.29607151749085414,0.5903567516137269
0.4,5,oracle_depth_completion,0.9916666666666667,0.019366090095379252,0.025255449308375897,0.9057087887737834,0.06912605632388677,0.08167951447740214,0.09176074271757687,0.12777777777777777,0.0,0.017280365221286263,0.011111111111111112,0.15216894777386542,0.7335887135961148,0.6473735238224276
0.4,5,raw_depth_policy,0.0,0.11896407426352937,0.14247105785976685,0.5459135233651408,0.283087592428203,0.01113277195611121,0.00964868696890976,0.40555555555555556,0.2972222222222222,0.001960255976240176,0.004166666666666667,0.8924241891581436,-1.1669367834379092,0.4620143261025507
0.4,5,risk_aware_action_critical_depth_probe_v5,0.5861111111111111,0.05172828192423005,0.063466962522164,0.7955293375206263,0.11780366628100923,0.20885575590108507,0.2589773135760136,0.25555555555555554,0.006944444444444444,0.03650043054868195,0.08333333333333333,0.45658816419758114,-0.08473260318877723,0.6375296284562412
0.4,5,robust_clearance_mpc,0.7152777777777778,0.08279988579576693,0.10406165053800022,0.7500094096014854,0.1523732928358654,0.012615855010246443,0.010251686772504673,0.10277777777777777,0.029166666666666667,0.0018502882359508347,0.001388888888888889,0.3745607005615374,0.3488748116777411,0.5469736550207207
0.4,5,uncertainty_guided_probe,0.44027777777777777,0.05380963541752296,0.06478412385052977,0.7745001704022615,0.1335478216807046,0.16037019036605737,0.1347087696899131,0.21666666666666667,0.025,0.07357804406914381,0.13194444444444445,0.5463088693019842,-0.30894893349128266,0.5775524990474133
0.4,5,visuotactile_probe,0.4736111111111111,0.061769882879553734,0.07473018477971893,0.7542850279738019,0.15442928155176774,0.13750661477372567,0.13723974146101484,0.23194444444444445,0.025,0.043275008635801165,0.06805555555555555,0.5260513555928188,-0.21033245486026317,0.5825819020645263
0.4,6,action_critical_interactive_depth_v4,0.5,0.05591151641165621,0.06786281583375044,0.772628890724678,0.13401238685678368,0.20229834402853084,0.24340983524257337,0.23472222222222222,0.013888888888888888,0.04343089445768537,0.07777777777777778,0.5071752114075581,-0.1791051487443842,0.6235463190543924
0.4,6,active_view_selection,0.775,0.034617662304386725,0.04000055505761917,0.8261069186874247,0.12825332388437277,0.03355817661616122,0.024344173432721137,0.17777777777777778,0.0,0.013912987476573073,0.002777777777777778,0.3176877966559287,0.3657466308322264,0.5932177304747964
0.4,6,diffusion_depth_policy,0.46111111111111114,0.07120830582114111,0.08524109378194229,0.7243053814535768,0.1896926964743042,0.011387516804264985,0.011184528916537305,0.2652777777777778,0.027777777777777776,0.010167616557087812,0.001388888888888889,0.5308046572463369,-0.19153202622886667,0.5391273057931686
0.4,6,ensemble_depth_completion,0.37777777777777777,0.07674061549250177,0.09214227684275869,0.720993836572491,0.15001081521514897,0.011150475261612227,0.008832129257425936,0.275,0.03194444444444444,0.0011984843239235472,0.002777777777777778,0.5869762633883154,-0.3207418184549576,0.5406400347071847
0.4,6,foundation_depth_prior,0.2,0.0801945993654638,0.09436434313514547,0.681080806713492,0.20712541975682916,0.012363033315601544,0.009575000446575471,0.3236111111111111,0.08055555555555556,0.0048833437066151736,0.0,0.6942637729745319,-0.6431186542971679,0.522819386580903
0.4,6,gaussian_splat_uncertainty,0.3125,0.08190496516789478,0.10093732035576335,0.726530670490722,0.13589382081298768,0.011620827173780933,0.009046235546262833,0.24722222222222223,0.08888888888888889,0.0018852699246772206,0.004166666666666667,0.6228705207444848,-0.40520168098851345,0.5413465132056712
0.4,6,learned_depth_completion,0.06666666666666667,0.08926479279245439,0.10533490287349138,0.6505752634482188,0.2223574772580324,0.011779764412544125,0.008636084002002378,0.32222222222222224,0.125,0.0019434388849155011,0.004166666666666667,0.781031722399928,-0.8527003968864455,0.5085617886767598
0.4,6,next_best_view_planner,0.75,0.037023353468091456,0.0451129466355221,0.8237321194124427,0.13457460744242586,0.03123079108872083,0.022323663079899417,0.17222222222222222,0.0,0.012802390389436896,0.001388888888888889,0.33302314372903313,0.33932740920668014,0.5906728528072744
0.4,6,oracle_depth_completion,1.0,0.019465962249726694,0.025633469526158494,0.9052271033960057,0.06912815222880826,0.08218224742317529,0.09155913618222097,0.1125,0.0,0.016905208931802303,0.011111111111111112,0.14733367467545966,0.7626319200849079,0.6472965997473684
0.4,6,raw_depth_policy,0.0,0.1192716390340951,0.14272175602160678,0.5453447570457863,0.283278984825622,0.011235530393143447,0.010662173407983137,0.3958333333333333,0.2916666666666667,0.0017226545135850739,0.005555555555555556,0.8914293661006383,-1.1536602601420023,0.4616909267255653
0.4,6,risk_aware_action_critical_depth_probe_v5,0.6513888888888889,0.05301825233147436,0.06463742494534315,0.7925589573004805,0.11833127592440972,0.1884403624011038,0.23730679509682126,0.21944444444444444,0.006944444444444444,0.03385229207117484,0.06805555555555555,0.4175192936908483,0.06135750025796096,0.6319058085176004
0.4,6,robust_clearance_mpc,0.7208333333333333,0.08247369151680767,0.1040353656677733,0.7516873903972235,0.15166182909721107,0.012455241396649525,0.010799277557869375,0.09861111111111111,0.041666666666666664,0.0013925119160452652,0.0,0.3693691020778854,0.35789255773916945,0.5481121614047425
0.4,6,uncertainty_guided_probe,0.4986111111111111,0.05435163864239604,0.06544527602475146,0.7730286504955984,0.13384834246732505,0.15205219927766778,0.12792946482648834,0.21666666666666667,0.018055555555555554,0.069008586973644,0.10555555555555556,0.5120942414287188,-0.20005502606912373,0.5806188032161737
0.4,6,visuotactile_probe,0.4583333333333333,0.06106587038361103,0.07435443618997015,0.7560700365677689,0.15492043862160437,0.13661559068917942,0.13973968958306346,0.22916666666666666,0.03333333333333333,0.043788979304704184,0.0625,0.5314526410286959,-0.22484878290691238,0.5848475251608327
0.4,7,action_critical_interactive_depth_v4,0.5402777777777777,0.05729844464508352,0.07001062711823342,0.7692079110561618,0.13563004034245185,0.18529270763740158,0.22367984468453392,0.2152777777777778,0.025,0.03991758211144309,0.08055555555555556,0.48285332129911934,-0.10794051818558012,0.614789165788877
0.4,7,active_view_selection,0.7763888888888889,0.03468037278734484,0.040323953359745084,0.8259149421785559,0.12876642271217795,0.03493437413995778,0.023890636265873077,0.175,0.0,0.01427621097305957,0.001388888888888889,0.31374944769127866,0.3739114933727557,0.5934566904092271
0.4,7,diffusion_depth_policy,0.49722222222222223,0.07076377358267175,0.08513116989982035,0.7243106669025546,0.19016431047117305,0.011366270892170856,0.009382983437794276,0.25,0.029166666666666667,0.009979497495325671,0.0,0.5092115898703053,-0.12378117254559086,0.5391864618239928
0.4,7,ensemble_depth_completion,0.3638888888888889,0.07673183843384586,0.09184992490874463,0.7207854342414758,0.1493646481994691,0.011438733308740028,0.010086210505826301,0.25555555555555554,0.06805555555555555,0.0018917836730671796,0.004166666666666667,0.588386499993088,-0.3320185077914801,0.5405551697491277
0.4,7,foundation_depth_prior,0.1986111111111111,0.08037796857783061,0.0948091249377865,0.6818960120315546,0.2070564145041125,0.010939571255061098,0.009300367339783048,0.30833333333333335,0.09444444444444444,0.0038546781272156753,0.0,0.6904128832974716,-0.6308263208883299,0.522861277574056
0.4,7,gaussian_splat_uncertainty,0.3333333333333333,0.08191725389959569,0.10033025406248353,0.7255803156331389,0.1361134664411248,0.009496569332567425,0.009170374573948679,0.24305555555555555,0.07222222222222222,0.000513621693333748,0.001388888888888889,0.6113277438673069,-0.3613433774411971,0.5415717837243106
0.4,7,learned_depth_completion,0.05555555555555555,0.08924001487155901,0.10582562099989945,0.6516931179053562,0.2227738777449493,0.011470344877776246,0.00957103994777851,0.35694444444444445,0.10833333333333334,0.001714149868304374,0.002777777777777778,0.7932717220958537,-0.9019659557604961,0.509340988466728
0.4,7,next_best_view_planner,0.75,0.03729253380463292,0.04510334432637817,0.824079777436793,0.1342503015223569,0.0313872342442191,0.020701839013839395,0.16666666666666666,0.0,0.012329852401590551,0.001388888888888889,0.33198542017927224,0.3465392511318024,0.5904441748066156
0.4,7,oracle_depth_completion,0.9944444444444445,0.01974861040555969,0.02590001912421034,0.9044037129791007,0.06935275947794639,0.0733552810448706,0.08194498684988921,0.10833333333333334,0.0,0.01640166552671287,0.006944444444444444,0.14625353859192447,0.7665623953950782,0.644405989544344
0.4,7,raw_depth_policy,0.0,0.1190197193714269,0.14186480699063975,0.5456848654120346,0.28330070841339955,0.0110263073296705,0.010063210407039317,0.3611111111111111,0.3138888888888889,0.0019728514450790403,0.002777777777777778,0.8845886370370057,-1.1176946385120736,0.46228554623285967
0.4,7,risk_aware_action_critical_depth_probe_v5,0.6513888888888889,0.05400463454296024,0.06568467387912731,0.7896058204510275,0.11848435885760587,0.18175290748427844,0.2275813486257554,0.20277777777777778,0.009722222222222222,0.032275787200372844,0.06388888888888888,0.41095916163108187,0.08769052065258755,0.6286481131017377
0.4,7,robust_clearance_mpc,0.7152777777777778,0.08258313080031979,0.10374497687607835,0.7522219702751327,0.1515997752780893,0.01167239494304909,0.009919861730780938,0.09444444444444444,0.05416666666666667,0.0011321802464902895,0.0,0.37286821177185975,0.3490581468744473,0.5479493883773279
0.4,7,uncertainty_guided_probe,0.4875,0.052704556684635605,0.06368086534613868,0.7766953239055883,0.1318685938712211,0.16541819897174825,0.14051338630660473,0.2,0.018055555555555554,0.0766855303919307,0.13055555555555556,0.5179415856694866,-0.22154206244179311,0.5806480495042827
0.4,7,visuotactile_probe,0.44583333333333336,0.06168732894372285,0.0745720556248253,0.7547133197272776,0.15430759023396448,0.1343872178846526,0.13545356553089696,0.24444444444444444,0.022222222222222223,0.04256132742855153,0.08611111111111111,0.5449681245690029,-0.279220208322298,0.5779952679469557
0.4,8,action_critical_interactive_depth_v4,0.5388888888888889,0.05574991666159592,0.06870993275947639,0.7740995886896247,0.1338333535774553,0.20052918194048008,0.24173768838696238,0.22361111111111112,0.02361111111111111,0.043517994020383206,0.07916666666666666,0.4843645414238902,-0.11927340896611306,0.6230669959896236
0.4,8,active_view_selection,0.7708333333333334,0.034947294549826036,0.04004964592806293,0.8239216267083395,0.12798849724025244,0.034930349705945433,0.02504323105499254,0.1875,0.0,0.014722954479318883,0.0,0.31941181720162654,0.3515782839661838,0.5933619278937345
0.4,8,diffusion_depth_policy,0.4847222222222222,0.07084155097527185,0.08491190205910704,0.7235063851477589,0.189811561064074,0.012779199249140212,0.009750199731787989,0.25833333333333336,0.019444444444444445,0.010225488031455121,0.0,0.5192565149564663,-0.14751916916940647,0.5392344801001848
0.4,8,ensemble_depth_completion,0.4097222222222222,0.07650566854292394,0.09165290275921777,0.7215837121285245,0.14930808817214677,0.012242412844520836,0.010589267145350918,0.2125,0.027777777777777776,0.0019530760027132092,0.005555555555555556,0.5555103733959653,-0.19825582260875171,0.5407941869769053
0.4,8,foundation_depth_prior,0.20833333333333334,0.0802410507567278,0.09447042702662976,0.6804951056524411,0.2065068540473932,0.01035698666814039,0.010634805713465149,0.2875,0.075,0.004274981139042913,0.001388888888888889,0.6814181988435897,-0.5836732205603063,0.5224035674764499
0.4,8,gaussian_splat_uncertainty,0.36666666666666664,0.08199191913972646,0.10068176161109085,0.72564135361957,0.1360674994541933,0.011233016947768891,0.010021352193789811,0.20416666666666666,0.08611111111111111,0.0019326725535604393,0.005555555555555556,0.5867450530511347,-0.27908579290650093,0.5408864301584492
0.4,8,learned_depth_completion,0.05555555555555555,0.08971937879967251,0.10547180750769286,0.649886540412589,0.22257424616281488,0.010950783759946393,0.009118328576629718,0.31527777777777777,0.11805555555555555,0.0017580700044522322,0.005555555555555556,0.7847351900780773,-0.8559955511167664,0.5078720870208833
0.4,8,next_best_view_planner,0.7569444444444444,0.03759344921457405,0.045182094935730145,0.8223966657954562,0.13364177995167392,0.03067574691349586,0.021508869317346163,0.1597222222222222,0.0,0.012378435651002087,0.0,0.3292895020986149,0.36440059204036684,0.5902808987778374
0.4,8,oracle_depth_completion,0.9958333333333333,0.019067225797592274,0.025723672536511512,0.9057759912956309,0.06897620485225556,0.06820285745310047,0.0745618183950972,0.08888888888888889,0.0,0.015626996384298902,0.004166666666666667,0.1409554819634624,0.7964471203343975,0.643373182425729
0.4,8,raw_depth_policy,0.0,0.1188988438444669,0.14250501233431181,0.5467166888811322,0.28395374184418976,0.01130880805669041,0.010124193374003597,0.40694444444444444,0.2986111111111111,0.0012165270343074493,0.002777777777777778,0.8921123674682766,-1.1674469481033682,0.4627347144361516
0.4,8,risk_aware_action_critical_depth_probe_v5,0.6361111111111111,0.05335164963406793,0.06527879216989102,0.7896208478269001,0.11926612549651586,0.18619939925415613,0.23152529064692176,0.20972222222222223,0.006944444444444444,0.03264777760128659,0.06666666666666667,0.4209122172500391,0.056892158705375784,0.6297307547210499
0.4,8,robust_clearance_mpc,0.7111111111111111,0.08258902932745994,0.10372960619637715,0.7514928335549896,0.15206667417153466,0.010887278302532903,0.00952149080024169,0.10416666666666667,0.04722222222222222,0.0004507835251172093,0.001388888888888889,0.3778661131356875,0.3329267121163292,0.5472865064186929
0.4,8,uncertainty_guided_probe,0.45555555555555555,0.05374602657399424,0.06438717765277205,0.7751678135836526,0.13363580126467323,0.15983402423860096,0.13667610779598788,0.21388888888888888,0.022222222222222223,0.0740852328943616,0.15833333333333333,0.5400633971621532,-0.3097416947403924,0.5722151345757
0.4,8,visuotactile_probe,0.44305555555555554,0.05923395263228597,0.07267790245496612,0.7592436523501659,0.15392813790449003,0.14846160955298685,0.15129056314869835,0.24444444444444444,0.029166666666666667,0.04845074515796518,0.0763888888888889,0.5433099894349113,-0.277596809943005,0.5871666135076903
0.4,9,action_critical_interactive_depth_v4,0.5166666666666667,0.05458473666555009,0.06708820943909484,0.7760769733784532,0.13273748659854762,0.21244133127070247,0.2520289743602253,0.23333333333333334,0.02361111111111111,0.045274124976788246,0.09166666666666666,0.49707089255173603,-0.17272145420658924,0.6253120646528122
0.4,9,active_view_selection,0.7944444444444444,0.03471139932976467,0.04018300306047361,0.824872632188638,0.12862948156429874,0.03332553272806876,0.02409839793128501,0.1527777777777778,0.0,0.014221935952201939,0.001388888888888889,0.3005735169454178,0.42571230605422644,0.5929637245845442
0.4,9,diffusion_depth_policy,0.45416666666666666,0.07090196943613285,0.08505548407437638,0.7237570145805219,0.19015158933895238,0.010835432600001365,0.009436623813529681,0.2791666666666667,0.016666666666666666,0.01056343604213076,0.002777777777777778,0.5394087759523372,-0.21587810234201427,0.5382025223400452
0.4,9,ensemble_depth_completion,0.3736111111111111,0.07613883102523285,0.09172578587256047,0.7216117781411598,0.14990019616745187,0.011681927611133444,0.00927918740671993,0.26944444444444443,0.04861111111111111,0.0022189734077593193,0.004166666666666667,0.5860636325155795,-0.32761932872127447,0.5407673497085427
0.4,9,foundation_depth_prior,0.21388888888888888,0.08037932671842948,0.09426673503441589,0.6818869995252944,0.20621094587067187,0.012902424358629597,0.009864263829881464,0.3055555555555556,0.07916666666666666,0.005779323181020166,0.002777777777777778,0.6845108982685024,-0.6046484552908147,0.5224618442468923
0.4,9,gaussian_splat_uncertainty,0.32222222222222224,0.08194641492216592,0.10087557214555384,0.7262991662315416,0.13527526842623985,0.010653139124333594,0.010006799132718075,0.23472222222222222,0.08611111111111111,0.0014324818980827572,0.002777777777777778,0.6150552188761598,-0.3734758010467127,0.5417622918860717
0.4,9,learned_depth_completion,0.06111111111111111,0.08994629083282717,0.10586498424984203,0.6497143777645273,0.22258178873562082,0.01156976754087616,0.009745708129403754,0.28888888888888886,0.15138888888888888,0.0016826682159840427,0.001388888888888889,0.7784992738854637,-0.8283645192866171,0.5089026925089273
0.4,9,next_best_view_planner,0.7388888888888889,0.037044328905120404,0.045259873374492124,0.823203247844311,0.1342281202529048,0.0326606396093692,0.022048286502846185,0.18888888888888888,0.0,0.012729378291566172,0.002777777777777778,0.341113830045073,0.30278337273237077,0.5904257661175344
0.4,9,oracle_depth_completion,0.9944444444444445,0.01919807556593453,0.025191099332189486,0.9051962361561041,0.06948236460051595,0.0701478873954453,0.07724309652485349,0.10555555555555556,0.0,0.015903575273087944,0.006944444444444444,0.1456444098328989,0.7703237739664958,0.6433562343458695
0.4,9,raw_depth_policy,0.0,0.11948692814199104,0.14240573147470978,0.5446206916774166,0.2829746268977251,0.011370772940391129,0.010087567223402911,0.4041666666666667,0.33055555555555555,0.0017078601827995783,0.005555555555555556,0.8921340457791233,-1.1823415396969645,0.4613344068940886
0.4,9,risk_aware_action_critical_depth_probe_v5,0.6347222222222222,0.05321650279288209,0.06498369490424055,0.790436878018773,0.11924832946405335,0.19133895684276053,0.23985903836515227,0.2,0.006944444444444444,0.03419695792824065,0.06666666666666667,0.4191012533446328,0.06721793446915177,0.632420263437546
0.4,9,robust_clearance_mpc,0.7194444444444444,0.08244516476560564,0.10419919028317225,0.7516730275172907,0.153178906472768,0.012358246471149976,0.008916378595727536,0.1125,0.05,0.001278196579360156,0.002777777777777778,0.3749754334231916,0.33054340546635325,0.5469446946092698
0.4,9,uncertainty_guided_probe,0.42777777777777776,0.05515972524407121,0.06701134717287337,0.7714810890308009,0.13402947836615955,0.1448553620934192,0.1243625530796014,0.2388888888888889,0.029166666666666667,0.0668885602441219,0.13472222222222222,0.5563391145259691,-0.3552367927877561,0.5718466225837722
0.4,9,visuotactile_probe,0.4513888888888889,0.059130528017725364,0.071813586485916,0.7604018219097223,0.15327445251666497,0.1567478971800118,0.1575019956636649,0.2375,0.022222222222222223,0.04981789739690079,0.09027777777777778,0.5378877408065752,-0.2678795336442323,0.587013592136513
0.6,0,action_critical_interactive_depth_v4,0.49027777777777776,0.057655100188638335,0.07110480732016966,0.7677439256381888,0.13489236697091825,0.18666054762981557,0.23158860374440365,0.22361111111111112,0.03333333333333333,0.043621712239729264,0.1,0.5134347988759509,-0.20978082595418665,0.6114058308961011
0.6,0,active_view_selection,0.7986111111111112,0.03562168464372644,0.04168952059906483,0.8214444681962323,0.12906660036409118,0.033471911943516806,0.023195019326867645,0.14722222222222223,0.0,0.013336920501492273,0.001388888888888889,0.29858570361291653,0.4378366117472025,0.5915804982209991
0.6,0,diffusion_depth_policy,0.4013888888888889,0.07346419330784566,0.08870127047910945,0.716086455840232,0.19096607054362175,0.011808901356094097,0.00928604611567262,0.2777777777777778,0.03194444444444444,0.009768571573969851,0.0,0.5658277393050708,-0.2879141444561412,0.5358605900345094
0.6,0,ensemble_depth_completion,0.35,0.07960348080703022,0.0948112455101796,0.7111710772055566,0.15129309635085003,0.011028496612009116,0.010638279497523667,0.2652777777777778,0.05555555555555555,0.0017622866214228202,0.002777777777777778,0.6009645789081738,-0.35755937450587505,0.5369611732526373
0.6,0,foundation_depth_prior,0.1736111111111111,0.083236960475819,0.09787291375443392,0.6723175121031248,0.20887198901905946,0.011243367054805888,0.009968791445764512,0.32222222222222224,0.07916666666666666,0.0042786963172784485,0.001388888888888889,0.7106486348912575,-0.6784502804553677,0.5187335853866748
0.6,0,gaussian_splat_uncertainty,0.3055555555555556,0.08498648340975962,0.1044750679245054,0.7179440376480427,0.13760519011045488,0.012334622211909842,0.010525200216800134,0.2652777777777778,0.09722222222222222,0.0024560795737323705,0.005555555555555556,0.6330282328535513,-0.44470248127388673,0.5376428364822801
0.6,0,learned_depth_completion,0.05277777777777778,0.0934326233772837,0.10988197430781865,0.6388054343113102,0.22457206695364912,0.010693018966064017,0.010634935505025861,0.33194444444444443,0.12777777777777777,0.0007220363952790067,0.002777777777777778,0.7931999589210841,-0.8849055705835004,0.5042278499397543
0.6,0,next_best_view_planner,0.7541666666666667,0.038429277211527266,0.04649460398530253,0.8188746607678579,0.13512867198800385,0.031084017242586654,0.021515215094375945,0.15416666666666667,0.0,0.013305891301598224,0.004166666666666667,0.3297369043190899,0.36354854729422365,0.5878300932804738
0.6,0,oracle_depth_completion,0.9916666666666667,0.019421224928629695,0.025870186008906556,0.9049835716089047,0.06876002697766873,0.0744493454544775,0.0824799101404837,0.10833333333333334,0.0,0.016641320819958397,0.0125,0.1489191710608079,0.7569297453640483,0.6437841960522767
0.6,0,raw_depth_policy,0.0,0.12438750965339905,0.1475940441246686,0.5310032073106619,0.28668771513403374,0.010151510623663618,0.009659517858834534,0.4236111111111111,0.3263888888888889,0.00122098752318242,0.002777777777777778,0.9000939778368275,-1.2048972415176422,0.45568773937919976
0.6,0,risk_aware_action_critical_depth_probe_v5,0.575,0.05505073054723234,0.06681756459497057,0.7862460485131036,0.12028274652747356,0.18161577330570594,0.22992638746969768,0.23333333333333334,0.004166666666666667,0.03399041297292192,0.09027777777777778,0.4622791947020496,-0.0779183465338699,0.6215440931084412
0.6,0,robust_clearance_mpc,0.725,0.08589026616363925,0.10809495422714055,0.7425234988023792,0.15398065817591644,0.012543807024975252,0.009743330266011176,0.10555555555555556,0.04861111111111111,0.001345121363602323,0.001388888888888889,0.3738755674063787,0.3466860020898764,0.5434999795136781
0.6,0,uncertainty_guided_probe,0.44027777777777777,0.05530185828610395,0.0667742293048918,0.7699896260289307,0.1343399723698261,0.15970421282965386,0.13766022487683008,0.2375,0.025,0.07660677656493592,0.14583333333333334,0.5541460613740632,-0.3516950220354837,0.5726458978443227
0.6,0,visuotactile_probe,0.44027777777777777,0.06262921165825752,0.07618838423740783,0.7518010055766413,0.15523363111369481,0.14225076105914375,0.1484477112126753,0.24027777777777778,0.03194444444444444,0.04817561345212455,0.08611111111111111,0.5474153438310349,-0.28830146850927113,0.5799478936594196
0.6,1,action_critical_interactive_depth_v4,0.48194444444444445,0.056899839741527104,0.07027748772714457,0.7694407126819122,0.13484560883780203,0.19118244952517396,0.23798257247373378,0.2361111111111111,0.034722222222222224,0.04479152775838187,0.09583333333333334,0.5181922245446736,-0.23271662643254945,0.6150322796589497
0.6,1,active_view_selection,0.7736111111111111,0.03565687738374894,0.04148452669658423,0.8205231864962726,0.12849790018123555,0.03365399500233626,0.023890670774204745,0.1736111111111111,0.0,0.013952161684263982,0.001388888888888889,0.31654008843309,0.37112387928701945,0.5914497741406693
0.6,1,diffusion_depth_policy,0.4444444444444444,0.07358684852227412,0.08832878230755017,0.7176266456358635,0.19179115875324623,0.01157648022531057,0.01072607808954864,0.26944444444444443,0.029166666666666667,0.01039460202465452,0.0,0.543649738462543,-0.22042945328281213,0.5363421801560588
0.6,1,ensemble_depth_completion,0.34444444444444444,0.07939426622899778,0.09484009920549699,0.7122553200270377,0.1518130052391894,0.009901186579695116,0.010060034700776719,0.25555555555555554,0.058333333333333334,0.00098932327399794,0.001388888888888889,0.5982906526873142,-0.3500383697324762,0.5374139181241594
0.6,1,foundation_depth_prior,0.2152777777777778,0.083399810574771,0.09815749906920525,0.6727705834174058,0.20842140996562647,0.011562365009771959,0.009239567640563651,0.2875,0.08888888888888889,0.005354882189667713,0.001388888888888889,0.6830431919166855,-0.5848133008870854,0.5185620409184831
0.6,1,gaussian_splat_uncertainty,0.30694444444444446,0.08531227728013285,0.10459536158731111,0.7171431624254445,0.1380745715914365,0.011680210335102408,0.009654434580707494,0.21388888888888888,0.09305555555555556,0.0012175907536522252,0.004166666666666667,0.6213451198673301,-0.3732244365819103,0.5374552910276514
0.6,1,learned_depth_completion,0.06111111111111111,0.09265434607478724,0.10957264609990883,0.6402223178770994,0.22507220197181638,0.011918489688904393,0.01067419732396653,0.3111111111111111,0.13333333333333333,0.0017042713610540055,0.002777777777777778,0.7835720206725142,-0.8496844981563814,0.5049178645326047
0.6,1,next_best_view_planner,0.7277777777777777,0.038721251882985745,0.046516001344413735,0.8192054364474334,0.1347291203139594,0.030034760726513888,0.02138558279712685,0.16805555555555557,0.0,0.012638632814986742,0.001388888888888889,0.34570548926148154,0.3140960272992976,0.5883731875840076
0.6,1,oracle_depth_completion,0.9902777777777778,0.019250047302246647,0.02569308799708167,0.9042272192784567,0.06930221884842541,0.08977110808169889,0.10487365075812449,0.08472222222222223,0.0,0.018877797424190993,0.0125,0.14461566539215162,0.7845119466578956,0.6506035144102603
0.6,1,raw_depth_policy,0.0,0.12437282825470256,0.14821885239071345,0.5293806960772912,0.28592637147458483,0.011612816814539956,0.010230772302789033,0.44166666666666665,0.33194444444444443,0.0017280870424615895,0.0,0.9038148547797693,-1.2282718830395924,0.45620460968754223
0.6,1,risk_aware_action_critical_depth_probe_v5,0.6055555555555555,0.05454182784809725,0.0664401060044426,0.7881525664135225,0.119281819995561,0.1846594176428423,0.2346095820233917,0.23194444444444445,0.008333333333333333,0.03506261801797488,0.07777777777777778,0.444212008410137,-0.025471351172226504,0.6264671268879671
0.6,1,robust_clearance_mpc,0.6916666666666667,0.08579018067800094,0.10802183923825766,0.7427254325749924,0.15390462666890414,0.011618652372413482,0.010433788259502032,0.09583333333333334,0.05138888888888889,0.001192882457375361,0.005555555555555556,0.3879004545679743,0.31072897838960883,0.5427137241777414
0.6,1,uncertainty_guided_probe,0.43194444444444446,0.05626341587476015,0.06782079587862026,0.7675678581194663,0.13494904963917678,0.15288208238388157,0.12956927564287626,0.21805555555555556,0.019444444444444445,0.07388501243743367,0.14027777777777778,0.5552495999850084,-0.3295393900502634,0.5703276579988773
0.6,1,visuotactile_probe,0.4097222222222222,0.06325821389224251,0.07657898284204902,0.7499700114057961,0.1548496517716143,0.13799141070701373,0.14067993521217237,0.23333333333333334,0.04722222222222222,0.04606401124952536,0.0875,0.5611885634396474,-0.32721901138517884,0.5768764863972854
0.6,2,action_critical_interactive_depth_v4,0.5111111111111111,0.05664271278813063,0.06964384763400647,0.7705720282097616,0.13483055837064384,0.19504780877348393,0.24061284501940072,0.24166666666666667,0.020833333333333332,0.044712480857853384,0.09027777777777778,0.5051194228946229,-0.1900258960317615,0.6178802484618372
0.6,2,active_view_selection,0.7611111111111111,0.03537687277738949,0.04119358022565548,0.8223783641016695,0.1287040310112637,0.03423807286672984,0.0241570469544706,0.19305555555555556,0.0,0.013759367495862124,0.001388888888888889,0.32740133922722836,0.32960205447513524,0.5922379148257
0.6,2,diffusion_depth_policy,0.44166666666666665,0.07327523971201438,0.08856334362875297,0.7173710361893503,0.19151131743986669,0.011654805592531388,0.009847102072737486,0.275,0.03611111111111111,0.009828868647330551,0.0,0.5442549317083054,-0.23308969441180163,0.5363266796657004
0.6,2,ensemble_depth_completion,0.375,0.079689256631425,0.09455951758281973,0.7104110048927329,0.15085248774421675,0.011016675350668963,0.009509832513788606,0.24722222222222223,0.05555555555555555,0.001490958819154457,0.006944444444444444,0.5849147173792402,-0.30557480023751865,0.5356364150959001
0.6,2,foundation_depth_prior,0.15,0.08350353043312495,0.09807055589049982,0.6711777637805403,0.20888036992661008,0.010537557752439107,0.010465001515885527,0.325,0.06805555555555555,0.00401824532730588,0.001388888888888889,0.7220906133304933,-0.7069175579337265,0.5183502300672633
0.6,2,gaussian_splat_uncertainty,0.31527777777777777,0.084835374599285,0.1042936559980591,0.7178134426031063,0.13838767322209392,0.009711387967206877,0.01010016727013043,0.24583333333333332,0.08194444444444444,0.0014733110401160406,0.002777777777777778,0.6244944555243441,-0.39706586506478186,0.5378405722555842
0.6,2,learned_depth_completion,0.04027777777777778,0.09285902891482921,0.10941714322978671,0.6390947154419521,0.22400344532086713,0.0126174746387525,0.009925888777154277,0.3875,0.14166666666666666,0.0034231432798612687,0.0125,0.8139980221647161,-0.9908267904106935,0.5021645333524213
0.6,2,next_best_view_planner,0.7555555555555555,0.03807087263187425,0.04684619929903552,0.8206970794948341,0.1343657573454838,0.030518887202647466,0.023320988644789677,0.1736111111111111,0.0,0.012510115506149413,0.001388888888888889,0.3322715129831766,0.34386281805809377,0.5895981403416308
0.6,2,oracle_depth_completion,0.9986111111111111,0.020036954710050042,0.02515328022529266,0.9033740314351508,0.06948543518576553,0.07198243805870808,0.08122243929966033,0.1,0.0,0.016440421520591553,0.008333333333333333,0.14250062304369912,0.7813466979795263,0.6433044684521373
0.6,2,raw_depth_policy,0.0,0.12369091504133113,0.148292148472963,0.5306338251146164,0.28551128701707873,0.012120949417046188,0.00989812281228822,0.4736111111111111,0.34444444444444444,0.001699535048832548,0.004166666666666667,0.908026835755184,-1.2774419059312148,0.45595214126562983
0.6,2,risk_aware_action_critical_depth_probe_v5,0.6055555555555555,0.054527139992111284,0.06618631203649276,0.7860437862617876,0.11939031415834764,0.18761421899289005,0.24046949387516653,0.22361111111111112,0.016666666666666666,0.03567743535121357,0.07222222222222222,0.44205541895077116,-0.013673451849605925,0.6287572006867794
0.6,2,robust_clearance_mpc,0.6930555555555555,0.08558926531265916,0.10781738967244164,0.7435429707387666,0.15405493399891246,0.01178060793449295,0.010206623897459981,0.10833333333333334,0.07083333333333333,0.0012820898965688826,0.001388888888888889,0.39021610465416984,0.290773265398163,0.5438822821761065
0.6,2,uncertainty_guided_probe,0.4305555555555556,0.05729699175645623,0.06888154650197043,0.765871489298664,0.1353114578145117,0.14628199357875596,0.1235990411857035,0.2569444444444444,0.022222222222222223,0.06954392396871946,0.125,0.5594813717701602,-0.363902363827835,0.5711098945531821
0.6,2,visuotactile_probe,0.44722222222222224,0.06072475266405961,0.07363309920710068,0.7552891198852923,0.153885282775705,0.15550039391362405,0.1603781254696711,0.2388888888888889,0.0375,0.05237352080109752,0.08333333333333333,0.5415156834325666,-0.27780832829927504,0.5864671732459672
0.6,3,action_critical_interactive_depth_v4,0.5347222222222222,0.05723526083926706,0.07019328617938976,0.770127145359993,0.13463065608320726,0.19612027107133442,0.24096207279417886,0.23055555555555557,0.016666666666666666,0.04513695429991448,0.08055555555555556,0.4906129241102226,-0.13385983336008334,0.6198699004494802
0.6,3,active_view_selection,0.7888888888888889,0.035094480320936955,0.04146551868476977,0.8222090887147607,0.1293270328003276,0.035484996923970794,0.024421637699408787,0.1527777777777778,0.0,0.014199770368547922,0.0,0.3047839939710028,0.41883245544237446,0.5927283355808819
0.6,3,diffusion_depth_policy,0.44305555555555554,0.07379232396347596,0.08863043181876074,0.7158045142214446,0.19158986026586156,0.0111737777856488,0.00976968334257976,0.2569444444444444,0.025,0.010385070499011257,0.004166666666666667,0.5414107322108054,-0.20788486964921246,0.5345840516838604
0.6,3,ensemble_depth_completion,0.34444444444444444,0.07971174232684734,0.09487780174659978,0.7127549663068922,0.1516831845685274,0.012049102038446025,0.009665926673785056,0.2708333333333333,0.058333333333333334,0.0024324229405946105,0.008333333333333333,0.6071690816216531,-0.38004970687840633,0.5359444492154307
0.6,3,foundation_depth_prior,0.15555555555555556,0.08347278391013896,0.09896296734324128,0.6720506292195405,0.20921061251668008,0.011128573131393387,0.010060464967201534,0.31527777777777777,0.075,0.004450735714231513,0.0,0.7180507472970046,-0.6898966317844396,0.5188152133234807
0.6,3,gaussian_splat_uncertainty,0.3,0.0853772519206346,0.10533509808209103,0.7175433706923976,0.1385220946097807,0.010896724933676695,0.010674572667770516,0.2708333333333333,0.10416666666666667,0.002261008346557127,0.004166666666666667,0.6382195215991135,-0.4618469532298087,0.537430032577234
0.6,3,learned_depth_completion,0.05277777777777778,0.09330112802574067,0.11034117311040983,0.6395852730639612,0.2246052931149176,0.011562737105205653,0.01013252366172202,0.3611111111111111,0.14444444444444443,0.0019938456115845596,0.004166666666666667,0.8014713324315191,-0.9333365541066105,0.5040124296745274
0.6,3,next_best_view_planner,0.7388888888888889,0.038861924299423395,0.04644615169402808,0.8185302606703115,0.13493207399588228,0.030246253917416283,0.022119900039625315,0.1763888888888889,0.0,0.012342298935522026,0.001388888888888889,0.34039860377917047,0.31902668095030484,0.5883531896045833
0.6,3,oracle_depth_completion,0.9972222222222222,0.0193153858391543,0.025632147587780332,0.904063785060167,0.0697800533503031,0.07371612714962102,0.08192967345097744,0.11527777777777778,0.0,0.016557058991894556,0.013888888888888888,0.14771513194313093,0.7539999357783387,0.6429344313718336
0.6,3,raw_depth_policy,0.0,0.12442305096304754,0.14874415603316915,0.529452400285641,0.28628254462142705,0.011177136845151918,0.009935994934226441,0.44722222222222224,0.325,0.001489037892635095,0.005555555555555556,0.9038184588887986,-1.2363499455769231,0.45485145074758904
0.6,3,risk_aware_action_critical_depth_probe_v5,0.5902777777777778,0.05606887440439344,0.06861754634656979,0.784196800250236,0.12048180308116163,0.1700596960451852,0.21488508021609912,0.25277777777777777,0.008333333333333333,0.03127304347648389,0.06666666666666667,0.45669767018567614,-0.060786312036183045,0.6210346668801477
0.6,3,robust_clearance_mpc,0.7055555555555556,0.08602980496618579,0.10849757835699672,0.7429333021866973,0.15496201342853305,0.011380343191599418,0.009617068189591297,0.10416666666666667,0.04583333333333333,0.0016409410540324818,0.001388888888888889,0.3840224679100185,0.32376862340636736,0.5432023011704366
0.6,3,uncertainty_guided_probe,0.41388888888888886,0.0554979232546051,0.06758962042009121,0.7696921715526176,0.13464493482901105,0.15695318985688703,0.1346730548224131,0.22083333333333333,0.025,0.0755150524457678,0.1388888888888889,0.5615484806702475,-0.35670300016716744,0.5730627222062363
0.6,3,visuotactile_probe,0.4305555555555556,0.06208788529806754,0.07606281104611892,0.7521577700919063,0.1549203565955343,0.14587945396977064,0.1510209927690127,0.24861111111111112,0.03333333333333333,0.049917470822870874,0.0875,0.5557820826653226,-0.3154007523874131,0.5808472792656014
0.6,4,action_critical_interactive_depth_v4,0.47638888888888886,0.05768152739078407,0.0705574733357865,0.7672343646803319,0.1349162604962323,0.1946201851157307,0.23655691769757042,0.2361111111111111,0.02361111111111111,0.04389147487923148,0.09305555555555556,0.5225802258891631,-0.23276183383872243,0.615101908961455
0.6,4,active_view_selection,0.7541666666666667,0.03576760491846717,0.04123057599814231,0.8218165812218956,0.12880668665664946,0.03445177755788408,0.02270077927089067,0.17222222222222222,0.0,0.014002056273018705,0.001388888888888889,0.32647162706876076,0.3471001431669546,0.5915968554970672
0.6,4,diffusion_depth_policy,0.45555555555555555,0.07388579731551537,0.08817700950463674,0.7147510463415049,0.19178432613590723,0.010907826812623278,0.011400819035959752,0.23472222222222222,0.03611111111111111,0.009593350648767636,0.001388888888888889,0.5316161097151014,-0.16623357238100572,0.5352881982007074
0.6,4,ensemble_depth_completion,0.35138888888888886,0.07961323229577777,0.0944125765209308,0.7127237068451269,0.1519209126111167,0.011098828846217454,0.01005175804358276,0.25972222222222224,0.058333333333333334,0.0014568229212873695,0.002777777777777778,0.5994074441254372,-0.3500334302900825,0.5372605149895942
0.6,4,foundation_depth_prior,0.17916666666666667,0.08387203139526729,0.09837916235113416,0.6716892581870938,0.20874812976836457,0.011350138065813737,0.009810845182407744,0.31805555555555554,0.0875,0.004461120555778745,0.001388888888888889,0.7070003182458131,-0.6699104231235999,0.5182818805715279
0.6,4,gaussian_splat_uncertainty,0.28888888888888886,0.08512917310664714,0.10482218574107048,0.7179431631552655,0.13883177646544792,0.010729989213143316,0.009691630504213471,0.24861111111111112,0.09305555555555556,0.000996242731198774,0.002777777777777778,0.6382321233419381,-0.4403185998209682,0.5378702692933307
0.6,4,learned_depth_completion,0.05,0.09280742278212988,0.10982857310178305,0.6398013433660469,0.22412636601634997,0.010667011191672588,0.010426610287135703,0.325,0.1375,0.0012128176593850662,0.001388888888888889,0.7936223933956064,-0.8835345323936201,0.5049658885564291
0.6,4,next_best_view_planner,0.7486111111111111,0.03870474861881076,0.04659082441996368,0.8189796685469872,0.13534484188302354,0.029464115131129485,0.021083734902522678,0.17083333333333334,0.0,0.011834384035241684,0.0,0.33514162456687246,0.339867904612925,0.5885311971836031
0.6,4,oracle_depth_completion,0.9986111111111111,0.01949112941214738,0.0257757627438595,0.905307392292507,0.06940838586336624,0.07493419585111094,0.0833639358730868,0.1125,0.0,0.016688197113863004,0.006944444444444444,0.14730908241313992,0.7651740762228074,0.6452702499912104
0.6,4,raw_depth_policy,0.0,0.12424446713564043,0.14877961720419847,0.5310172969073707,0.286607444913154,0.010444670916218169,0.010101880478023984,0.39166666666666666,0.3541666666666667,0.001222468530753702,0.005555555555555556,0.8945418584677046,-1.180608268069441,0.45528694499582245
0.6,4,risk_aware_action_critical_depth_probe_v5,0.5986111111111111,0.05577469856229913,0.06784088716151053,0.7836178444051427,0.12034018315714946,0.1729859095643119,0.22128375736296807,0.22777777777777777,0.004166666666666667,0.032740644773452135,0.075,0.4459820576404263,-0.02328365408430944,0.620806261650442
0.6,4,robust_clearance_mpc,0.6958333333333333,0.08581795527378681,0.10770116077219025,0.7432380730520464,0.15454276881861218,0.010423949366100072,0.009709551371311539,0.10833333333333334,0.044444444444444446,0.001052654889903185,0.0,0.3896339184388551,0.3079436283764133,0.5436770689865529
0.6,4,uncertainty_guided_probe,0.44305555555555554,0.055457562853806784,0.06683417824193721,0.7688401926959775,0.13493455735506504,0.15739496997994523,0.1356700171469049,0.2375,0.027777777777777776,0.07618824405219057,0.11805555555555555,0.5500110288792519,-0.3219722595338575,0.5775761820334583
0.6,4,visuotactile_probe,0.4263888888888889,0.06192803617087834,0.075175195253348,0.7525599656746849,0.15417949464233388,0.14861864756253368,0.1547053663540373,0.2388888888888889,0.03888888888888889,0.05065101266758383,0.10833333333333334,0.5575141400988068,-0.33157281834160873,0.5776428560274914
0.6,5,action_critical_interactive_depth_v4,0.5361111111111111,0.056080203293221116,0.06914551470913984,0.7712176101578999,0.13415640797432218,0.20745299047543453,0.2555882708111253,0.20694444444444443,0.0375,0.04799044586046799,0.09861111111111111,0.4855463906421532,-0.12987235384733506,0.6212637950677535
0.6,5,active_view_selection,0.7763888888888889,0.035502066685604766,0.04110077895545698,0.8226664384150931,0.1294870145903568,0.032559090092284054,0.023317933133995616,0.15138888888888888,0.0,0.013634006962398566,0.0,0.3105345453077678,0.40457932593013923,0.5920650745469214
0.6,5,diffusion_depth_policy,0.4125,0.07358021371039722,0.08862137726851506,0.7171962585610294,0.1919237140898362,0.011871169554148782,0.010301393692611075,0.2986111111111111,0.029166666666666667,0.010989475904612366,0.002777777777777778,0.5683210145444085,-0.30399336319461934,0.5354583662633429
0.6,5,ensemble_depth_completion,0.33611111111111114,0.0796777409257286,0.09464463147740618,0.7118232014894076,0.1519246231154138,0.01040810959202265,0.011195500350226158,0.2708333333333333,0.05138888888888889,0.0009498396385141492,0.004166666666666667,0.6087372662233708,-0.3816252663433475,0.5369001591566605
0.6,5,foundation_depth_prior,0.18055555555555555,0.0838668948249625,0.0984597635088214,0.6707229367878461,0.2082006476437263,0.011057658818123468,0.010116539511443912,0.2916666666666667,0.075,0.00513135298822516,0.004166666666666667,0.7009735432482651,-0.6312479553938943,0.5173701184613732
0.6,5,gaussian_splat_uncertainty,0.3125,0.08496514206633829,0.10452647595139906,0.7182350346571511,0.13852568135196022,0.010933069780727007,0.01009749329101473,0.23194444444444445,0.08055555555555556,0.0007158051447725897,0.001388888888888889,0.6230171176311265,-0.38072317444186754,0.5385171428938182
0.6,5,learned_depth_completion,0.05138888888888889,0.09285271109071874,0.11020792647267896,0.6394514226258902,0.22409569273189464,0.00970308486575701,0.010855294745187595,0.38333333333333336,0.13333333333333333,0.0007369828376893924,0.001388888888888889,0.8056901186123191,-0.9545301492401819,0.5048699844604632
0.6,5,next_best_view_planner,0.75,0.038799960693471906,0.046097599271345005,0.8195985698664234,0.134633920862555,0.03079750133969821,0.02115304394028652,0.18055555555555555,0.0,0.011987849802404568,0.002777777777777778,0.33746260626985,0.3260233567433349,0.5883323252145427
0.6,5,oracle_depth_completion,0.9958333333333333,0.019509846411480965,0.025601751902087275,0.9042490692710957,0.06902519775317904,0.06858672715088716,0.07718743807316944,0.10138888888888889,0.0,0.016108277587199085,0.011111111111111112,0.1440888786545185,0.7735576386399519,0.6418068218460691
0.6,5,raw_depth_policy,0.0,0.12418923596277502,0.14834474007694823,0.5303413363472368,0.2873402097890527,0.01065824891543185,0.00959611059781554,0.40694444444444444,0.31666666666666665,0.0009418231347475061,0.002777777777777778,0.8967046083623494,-1.1788564166425273,0.4556243048777843
0.6,5,risk_aware_action_critical_depth_probe_v5,0.6125,0.05308809860353113,0.06467127185503506,0.7908334698339154,0.11903489963570776,0.20545188305428722,0.2644752322769761,0.2222222222222222,0.011111111111111112,0.03965141688561206,0.08333333333333333,0.4400016548623047,-0.012924119986717025,0.6357356964751731
0.6,5,robust_clearance_mpc,0.7055555555555556,0.08596222714228706,0.10804739517566458,0.7423799073475744,0.15463722649203385,0.009832843739624664,0.010151533770787806,0.09305555555555556,0.03888888888888889,0.0008778252094603247,0.001388888888888889,0.3826846081802237,0.34099919157088865,0.5430975899328925
0.6,5,uncertainty_guided_probe,0.4152777777777778,0.05685075169427591,0.06767701752794346,0.7670886759172213,0.13550757364359534,0.15045952241949748,0.1307114007210065,0.25,0.015277777777777777,0.07278124423886038,0.1361111111111111,0.5677704095580076,-0.3844523045145094,0.5708713744717164
0.6,5,visuotactile_probe,0.425,0.06418707694730143,0.07816565499614912,0.7483923868131664,0.15701444334197245,0.132666786584132,0.13610444185978476,0.2513888888888889,0.03888888888888889,0.04449778496458945,0.0625,0.5551866680265769,-0.30138878135191055,0.5797573522017944
0.6,6,action_critical_interactive_depth_v4,0.5041666666666667,0.05817814756276917,0.07119237570353369,0.7666656530096263,0.13484832319757806,0.18492412203138817,0.22876895752672985,0.2263888888888889,0.020833333333333332,0.04292124804163982,0.08611111111111111,0.5064544884558847,-0.1757146348762494,0.6131790404988812
0.6,6,active_view_selection,0.7652777777777777,0.03545981117538167,0.041359966006170416,0.8215044281163718,0.12893168459183182,0.03156038805085419,0.02301671380006304,0.18333333333333332,0.0,0.013641355432124325,0.0,0.3224554965591894,0.3493383215135397,0.5915840654217666
0.6,6,diffusion_depth_policy,0.4722222222222222,0.0735394899418,0.08902088743922253,0.7169455364932449,0.19167899867808053,0.012759104793614768,0.009629173580429654,0.25416666666666665,0.0375,0.011580944001131913,0.005555555555555556,0.527021994911221,-0.17433495112094272,0.5347165458646862
0.6,6,ensemble_depth_completion,0.35,0.079268176042103,0.09514517206330775,0.7117254917099499,0.15147015563858354,0.013403151431621508,0.009723122379314102,0.24861111111111112,0.06944444444444445,0.0037341197363047244,0.005555555555555556,0.5974281011183394,-0.34617161041538846,0.5364781249914061
0.6,6,foundation_depth_prior,0.1875,0.08336995803678844,0.09801908045277095,0.6718316597437036,0.20842061076398027,0.012442527099558677,0.010332503720107182,0.2847222222222222,0.10138888888888889,0.00532789775653596,0.005555555555555556,0.6952063944700868,-0.6267608990522706,0.5177794888889443
0.6,6,gaussian_splat_uncertainty,0.3263888888888889,0.08537172876673751,0.10456276759861348,0.716342786721479,0.13844418512057277,0.011929612113269957,0.010046171797641919,0.23055555555555557,0.09861111111111111,0.0022344401111709868,0.006944444444444444,0.6169688310273669,-0.37584198470143465,0.536523912376636
0.6,6,learned_depth_completion,0.04583333333333333,0.09278818381883588,0.10941857691441474,0.6394874526339916,0.22452232062292496,0.011973361965795482,0.00990435793691146,0.3236111111111111,0.14305555555555555,0.0019454895537845743,0.002777777777777778,0.7939348869797006,-0.890520582624519,0.5045170520449987
0.6,6,next_best_view_planner,0.7569444444444444,0.03888559598640097,0.046900115506263496,0.8173320622800357,0.13451504146623974,0.03128894905913571,0.022366336957822638,0.16527777777777777,0.0,0.013328002195765092,0.002777777777777778,0.33000836566448,0.35464961689807617,0.5878081813347029
0.6,6,oracle_depth_completion,1.0,0.019261287165077447,0.02530879262582409,0.9038873404124287,0.06903514800113843,0.07352298887345407,0.08509060408400121,0.1,0.0,0.016835823044252112,0.011111111111111112,0.1432446843547696,0.7795684607210047,0.6442110863793449
0.6,6,raw_depth_policy,0.0,0.12402509038273582,0.14845526185896857,0.5309823668706641,0.28609642960177756,0.011038822800886387,0.01014671870931983,0.40694444444444444,0.31666666666666665,0.0021941368726660715,0.004166666666666667,0.8968292666664287,-1.1806873617892433,0.45566664661606754
0.6,6,risk_aware_action_critical_depth_probe_v5,0.5861111111111111,0.054875215354018875,0.0665769436141165,0.7866640994645526,0.11962690975309849,0.18534750899169677,0.23657527120531766,0.21805555555555556,0.019444444444444445,0.03485254529214132,0.06527777777777778,0.44911163019258954,-0.025734844597085863,0.6292153177862254
0.6,6,robust_clearance_mpc,0.6902777777777778,0.08563154832851276,0.10841259399792764,0.7447055676111262,0.15374076627210878,0.011446089916889972,0.010775572301138443,0.1125,0.05694444444444444,0.0011529690889592024,0.0,0.39218928531388936,0.28997395929602854,0.544621019177789
0.6,6,uncertainty_guided_probe,0.43333333333333335,0.057383131275947755,0.06913329730119147,0.7655129299965507,0.13535954631574706,0.14584931289340147,0.12477035720384316,0.22083333333333333,0.02361111111111111,0.07011240979140743,0.125,0.5515823373405168,-0.3155820982051885,0.5710694589637639
0.6,6,visuotactile_probe,0.4166666666666667,0.06228676535977201,0.07588992381982564,0.7518141676492737,0.1556839957079917,0.14297344989565006,0.14698181236309932,0.2722222222222222,0.03194444444444444,0.048335944514225945,0.08333333333333333,0.5655173219030191,-0.3573772873841665,0.5804152627818605
0.6,7,action_critical_interactive_depth_v4,0.5055555555555555,0.056298757693589586,0.06921649717577388,0.7716439226940672,0.13381071522962423,0.20637240150189887,0.25514095024842454,0.23333333333333334,0.022222222222222223,0.04767248547110968,0.08472222222222223,0.5047555657510676,-0.1824528841335725,0.6241698056385031
0.6,7,active_view_selection,0.7805555555555556,0.03557418397396533,0.04086254346157624,0.8221685407919364,0.12875125575386231,0.03562445130316393,0.024786882405428534,0.1638888888888889,0.0,0.01502673931041572,0.002777777777777778,0.31274229395501063,0.38991739458771313,0.591951512873172
0.6,7,diffusion_depth_policy,0.45555555555555555,0.07394177886267461,0.08847916973924487,0.7149175453731712,0.19151231900207324,0.01104521667917014,0.00884754380566213,0.26805555555555555,0.029166666666666667,0.010743244154258853,0.001388888888888889,0.53813751355191,-0.20571380229191366,0.5346170245221402
0.6,7,ensemble_depth_completion,0.3236111111111111,0.08007468222568909,0.0953463991868149,0.7095622816280301,0.1518781521960371,0.011421276409649288,0.009924366104527006,0.2708333333333333,0.06944444444444445,0.001964257143794935,0.005555555555555556,0.6154990986507316,-0.4086475255447623,0.5355355057937933
0.6,7,foundation_depth_prior,0.18333333333333332,0.08359381469169577,0.09813596413437616,0.6718139188004819,0.20871064393667862,0.011456527197750812,0.010340574671884255,0.2847222222222222,0.09027777777777778,0.004470868221623754,0.001388888888888889,0.6970337946653707,-0.6225682159500802,0.5185582595960619
0.6,7,gaussian_splat_uncertainty,0.30972222222222223,0.08507126160857739,0.10443101988668957,0.7175041023109872,0.13816509789735779,0.012936772745200973,0.011324996288244408,0.2111111111111111,0.12916666666666668,0.0028858950602849115,0.011111111111111112,0.6200598392788936,-0.3908115182536001,0.5364127546146371
0.6,7,learned_depth_completion,0.03611111111111111,0.09278341555262849,0.10953064744022778,0.640291967848522,0.22435821817541116,0.011992721514570882,0.009755750421882562,0.31805555555555554,0.14305555555555555,0.002479279006449176,0.004166666666666667,0.7997113998019683,-0.8989159716774486,0.5043399804974933
0.6,7,next_best_view_planner,0.7583333333333333,0.03826943504182804,0.04678712746013227,0.8198119945837671,0.13433679398068724,0.03176128841154257,0.022293280793458395,0.17083333333333334,0.0,0.01294761399447707,0.001388888888888889,0.3307534449836998,0.35060999301442713,0.5891804478952273
0.6,7,oracle_depth_completion,0.9986111111111111,0.01969321285663209,0.025546060330345878,0.9041698184091979,0.06928455321097662,0.08036448265210552,0.09236269712224374,0.10138888888888889,0.0,0.017593281220253127,0.0125,0.1447421856447249,0.7740882869254632,0.6463688585439475
0.6,7,raw_depth_policy,0.0,0.12431796313405244,0.148115523854593,0.5302988694758595,0.28708551226941453,0.012078816555854827,0.00994434190469261,0.4041666666666667,0.3611111111111111,0.0024278868926080723,0.006944444444444444,0.8984150568895313,-1.2024538211795894,0.45473843242273343
0.6,7,risk_aware_action_critical_depth_probe_v5,0.5875,0.053818587452298616,0.06573652480110252,0.7885967922932872,0.11846416323880209,0.19626273483661083,0.25062124655039325,0.225,0.009722222222222222,0.03728364810512753,0.07222222222222222,0.452337004496319,-0.03697784017877735,0.6331940615156016
0.6,7,robust_clearance_mpc,0.6527777777777778,0.08563017522881468,0.10853710838900137,0.7432425908037084,0.1546027280807949,0.011060577687771743,0.01063826990687619,0.11805555555555555,0.05277777777777778,0.0003161174083181589,0.0,0.41138580683664155,0.23650123070167692,0.5441677190542347
0.6,7,uncertainty_guided_probe,0.42777777777777776,0.05548660063486174,0.06755248424648044,0.7679139383578046,0.13358519687661868,0.15890605342763395,0.13649239755900397,0.2375,0.02638888888888889,0.07627010016443625,0.12777777777777777,0.5567891547474213,-0.34976135845033135,0.5757114436852574
0.6,7,visuotactile_probe,0.4375,0.06115809027075824,0.07460336802544904,0.7543531426894371,0.1553764153166125,0.155338461702724,0.1599757412845411,0.25416666666666665,0.041666666666666664,0.05244323604191248,0.09583333333333334,0.5534944512460853,-0.326053322801833,0.5830157299734886
0.6,8,action_critical_interactive_depth_v4,0.5291666666666667,0.05881659448724903,0.07159121387981478,0.7649869841413803,0.13604848730519684,0.18225529437756668,0.22374952770790574,0.25833333333333336,0.019444444444444445,0.04221889563304801,0.075,0.499939207561223,-0.17225548902851648,0.6133719208187745
0.6,8,active_view_selection,0.7527777777777778,0.03534890891348713,0.041163281213870966,0.8222611420499327,0.12946275296433124,0.03284745094270794,0.02286537377439011,0.19305555555555556,0.0,0.01408894066878815,0.001388888888888889,0.32863586940276573,0.32037807462725687,0.5915804474090604
0.6,8,diffusion_depth_policy,0.42916666666666664,0.07366115370494941,0.0887443410395999,0.7155315288644023,0.19075530744929436,0.011535523653952806,0.010805556597467849,0.27361111111111114,0.027777777777777776,0.010563614586270632,0.002777777777777778,0.5524067708553704,-0.24788137147311246,0.5352036757203835
0.6,8,ensemble_depth_completion,0.36944444444444446,0.07959511058090138,0.09512250671908945,0.7113803615098861,0.15121680938439838,0.011791508330334294,0.009027687421346789,0.25,0.058333333333333334,0.0024524561713442695,0.006944444444444444,0.5883710540564983,-0.31816643130458416,0.5357712400639427
0.6,8,foundation_depth_prior,0.1638888888888889,0.08321151420627194,0.09809985669508264,0.6722744353722716,0.20892198719638289,0.0105876569434764,0.010559790364130506,0.3347222222222222,0.0763888888888889,0.004050094314558204,0.0,0.7179207011353127,-0.7043582038767593,0.51909343168695
0.6,8,gaussian_splat_uncertainty,0.2875,0.08540204125356693,0.10465985565662245,0.7178352116737431,0.13831523149454486,0.01206262938534432,0.00920223561420377,0.2708333333333333,0.09027777777777778,0.0026879868809419655,0.006944444444444444,0.6444041267532444,-0.47423254915732493,0.5367062173008896
0.6,8,learned_depth_completion,0.05555555555555555,0.09300724787042386,0.11012977434910592,0.6389185050389412,0.22442951502121167,0.01069360331341041,0.009329638351232407,0.29305555555555557,0.14444444444444443,0.0012128443892676485,0.004166666666666667,0.7832975031891783,-0.8407303328452123,0.5037642509164886
0.6,8,next_best_view_planner,0.7236111111111111,0.03866118572474328,0.04659813859116242,0.818447545667879,0.13479333123512613,0.03142666010918934,0.021516444043564797,0.1875,0.0,0.012471035504527364,0.001388888888888889,0.3500328229570604,0.2849489896082355,0.5884556911588658
0.6,8,oracle_depth_completion,0.9958333333333333,0.019247791664286314,0.025312727410701515,0.9043801750302751,0.06881429179995213,0.08066071848442662,0.09127370817414972,0.10277777777777777,0.0,0.01758670805724709,0.011111111111111112,0.14564323469372942,0.7704349120948005,0.6467584720182703
0.6,8,raw_depth_policy,0.0,0.12409077146717244,0.14812788294873933,0.5298289649949338,0.28604533145325367,0.01153371326266321,0.010782481757158773,0.4361111111111111,0.32916666666666666,0.001752706764921702,0.004166666666666667,0.9012843977634284,-1.222823466295107,0.4556135242552775
0.6,8,risk_aware_action_critical_depth_probe_v5,0.6138888888888889,0.05288980332911037,0.06533828128157278,0.7916983851230084,0.11849210549439654,0.19970081920131705,0.2561498727019836,0.19166666666666668,0.011111111111111112,0.03825339721300843,0.08333333333333333,0.4305739385416597,0.029980089385450024,0.6335794381991733
0.6,8,robust_clearance_mpc,0.6736111111111112,0.08598894416705723,0.10799682879740878,0.7420030221843483,0.15365164255503444,0.01209386624721544,0.008929602595493434,0.1361111111111111,0.058333333333333334,0.0014263589412719718,0.004166666666666667,0.4068423474352129,0.23246572819248468,0.5424745302459253
0.6,8,uncertainty_guided_probe,0.45,0.055699615330734115,0.06775994781015683,0.7681376666095455,0.1347310497850126,0.15431395988161983,0.13195471723549473,0.21944444444444444,0.02361111111111111,0.07406078279112865,0.12361111111111112,0.541845183994795,-0.29150377820406836,0.5751156895283356
0.6,8,visuotactile_probe,0.4708333333333333,0.06278249457501636,0.07677357347929013,0.7496391213931836,0.155195165962929,0.1397311323161953,0.1428247056411815,0.22361111111111112,0.03333333333333333,0.04740036814096741,0.059722222222222225,0.5270245034558813,-0.2020312209251029,0.5835775580754998
0.6,9,action_critical_interactive_depth_v4,0.4638888888888889,0.05747260189156006,0.06987992584470944,0.7678761761710621,0.1342514041864483,0.19831212752842917,0.24534282043172648,0.2375,0.018055555555555554,0.04627725274465661,0.10972222222222222,0.530469065813983,-0.26532339906986113,0.6139027117619543
0.6,9,active_view_selection,0.725,0.03579307372977158,0.0413259967636544,0.8209852376071224,0.1295371898242726,0.0327108916923185,0.024316649037365145,0.21388888888888888,0.0,0.01358300705896889,0.001388888888888889,0.34784530018682897,0.2569243712017579,0.5914253483042545
0.6,9,diffusion_depth_policy,0.4597222222222222,0.07381930457375328,0.08900073336248399,0.7154168927051373,0.1918008774182433,0.011156640750220619,0.010507955532281251,0.25416666666666665,0.02638888888888889,0.010153341728268019,0.0,0.532658383470882,-0.1793425787197998,0.5355575845382022
0.6,9,ensemble_depth_completion,0.3763888888888889,0.07938078608021425,0.09510166961779408,0.7126600435912217,0.15185984033090005,0.011326823847604552,0.009309891809451703,0.22777777777777777,0.06666666666666667,0.0009920298710108888,0.004166666666666667,0.5794969451477892,-0.28105396623150225,0.5369792060296383
0.6,9,foundation_depth_prior,0.14583333333333334,0.08367207923131076,0.09881883190942593,0.6721484459391869,0.2092214630715876,0.01183579431667773,0.00955169599147175,0.3277777777777778,0.10138888888888889,0.005328916300112626,0.002777777777777778,0.7250472680589196,-0.7338876277239064,0.5180153909375785
0.6,9,gaussian_splat_uncertainty,0.3125,0.08543012816356406,0.10479685852505687,0.7164668675494534,0.13773992972844676,0.012808778897833575,0.009596059174653487,0.23333333333333334,0.08055555555555556,0.0019745310693702173,0.002777777777777778,0.6219444597899408,-0.3834114424316795,0.5376067827987148
0.6,9,learned_depth_completion,0.058333333333333334,0.092751727348026,0.11010683674098821,0.6410267357741365,0.22485214673623719,0.010108554850543272,0.010068355439594081,0.3333333333333333,0.10555555555555556,0.0014243975648938105,0.002777777777777778,0.7906609209821741,-0.8689732643058297,0.5047500072021881
0.6,9,next_best_view_planner,0.7430555555555556,0.038340754928430205,0.047058501042934686,0.8184598497410108,0.13502093497412598,0.031553158675777765,0.021848408942231144,0.16666666666666666,0.0,0.0126401294335202,0.0,0.3358749747096732,0.3383431553841538,0.5889299122033193
0.6,9,oracle_depth_completion,0.9958333333333333,0.019647966996144173,0.025420489459887927,0.9028158805762947,0.06929087277695883,0.07390600982938907,0.08168556462236169,0.1,0.0,0.016503430598339454,0.011111111111111112,0.1464770543398874,0.7735240337930119,0.643103924274575
0.6,9,raw_depth_policy,0.0,0.1243440474708559,0.1485004684896036,0.5292645701989346,0.28709935514452267,0.010680231047080668,0.01029199975142199,0.41805555555555557,0.33194444444444443,0.0019708037771007003,0.006944444444444444,0.8984622453027598,-1.2042816086341204,0.4543633766330561
0.6,9,risk_aware_action_critical_depth_probe_v5,0.5847222222222223,0.05469970261037464,0.06669581183188178,0.7864056590843405,0.11966228219646197,0.18956520271648067,0.24047144107135995,0.2125,0.019444444444444445,0.035560283848513966,0.0763888888888889,0.45124494697225054,-0.03254866387411957,0.6281804178310452
0.6,9,robust_clearance_mpc,0.6666666666666666,0.08597163997134247,0.10844787902246351,0.7417775900660853,0.15444010840027497,0.011499161179669197,0.009926798064580114,0.1388888888888889,0.04722222222222222,0.0007418140870816971,0.0,0.4100606007204372,0.22975831597801566,0.5434895622983879
0.6,9,uncertainty_guided_probe,0.40694444444444444,0.055926241860916215,0.06805245830405714,0.7678949275747897,0.13510282019625008,0.15681669369024903,0.13184750305239007,0.25,0.019444444444444445,0.07482782973499674,0.13055555555555556,0.5699884820895399,-0.3918274341948134,0.5736507724763119
0.6,9,visuotactile_probe,0.42916666666666664,0.06249063327397224,0.07586123456120833,0.7506821158660337,0.15526602754445473,0.1423862893040464,0.14770117628346585,0.2513888888888889,0.029166666666666667,0.048687467649546415,0.08611111111111111,0.5557855545625976,-0.31624105931341595,0.5794595748465726
0.8,0,action_critical_interactive_depth_v4,0.48333333333333334,0.05857288798158018,0.07162939034284244,0.7651134300394845,0.1355033970577336,0.19232746262631728,0.2449420706668525,0.24305555555555555,0.034722222222222224,0.04807821706198246,0.10555555555555556,0.5239781057618019,-0.2530944813892039,0.6121686358870608
0.8,0,active_view_selection,0.7791666666666667,0.03646789756415329,0.0419862284642808,0.8175761583208272,0.12932383106709616,0.03371406129717859,0.024310873184233615,0.17222222222222222,0.0,0.014068065255587589,0.0,0.3142616353378753,0.3809230324045051,0.5906228916159297
0.8,0,diffusion_depth_policy,0.3819444444444444,0.0759077468357973,0.09193240952299189,0.7096567330353835,0.1933051547074504,0.009993615351338529,0.009967502446949068,0.2708333333333333,0.034722222222222224,0.009352067476750294,0.001388888888888889,0.5779540169219635,-0.30934360946611583,0.5325183686242667
0.8,0,ensemble_depth_completion,0.3,0.0822236379767189,0.09852222534213782,0.7031976468477693,0.15294522324294235,0.011585931148157542,0.010077164019737461,0.26944444444444443,0.07777777777777778,0.0014483391824188958,0.005555555555555556,0.6290150088475468,-0.4428452299303537,0.5329726049385661
0.8,0,foundation_depth_prior,0.16527777777777777,0.08611680865287222,0.10242718118984102,0.6644391632853169,0.21033667334745287,0.010408004223047263,0.009166141590427659,0.3013888888888889,0.10694444444444444,0.003444090204341383,0.0,0.7110215579353937,-0.6747948979753715,0.515415688489939
0.8,0,gaussian_splat_uncertainty,0.2833333333333333,0.0884250564318414,0.10857640198569195,0.7082958679428066,0.1406103566886087,0.0113695885084146,0.008625033822948198,0.23055555555555557,0.09861111111111111,0.001017634728269725,0.005555555555555556,0.6401770064546132,-0.43154644519860264,0.5329918837346749
0.8,0,learned_depth_completion,0.041666666666666664,0.09644781682583276,0.1142399712371464,0.6282254412562626,0.22680297283881576,0.012055841625700515,0.009436515736144877,0.37083333333333335,0.1527777777777778,0.002465411734162372,0.002777777777777778,0.8104737485405366,-0.9641111361096699,0.4995720470075424
0.8,0,next_best_view_planner,0.7208333333333333,0.03978830790862292,0.047527986944189506,0.8144089042923434,0.13595055435266606,0.029359928477684448,0.020821798870618347,0.19305555555555556,0.0,0.012006454388518452,0.0,0.3544839931284267,0.2744769160371829,0.5866772323671156
0.8,0,oracle_depth_completion,0.9916666666666667,0.019319362060141506,0.02541091647491824,0.9052840226142551,0.06948049756631798,0.07662616480062984,0.08702228468262671,0.1111111111111111,0.0,0.017596214945531725,0.016666666666666666,0.15225031214261917,0.7474738003478295,0.6441131469328327
0.8,0,raw_depth_policy,0.0,0.12920328152930882,0.15454341324260087,0.5151410517634116,0.28964330803731064,0.011377269617145313,0.009277906436345426,0.43472222222222223,0.33055555555555555,0.0019563790227685677,0.008333333333333333,0.9051455462218728,-1.228197551575102,0.44789306528664985
0.8,0,risk_aware_action_critical_depth_probe_v5,0.5875,0.05529238552416698,0.06804461191052208,0.784050090174348,0.11979758225087135,0.18286716181667298,0.2432610758691352,0.2152777777777778,0.013888888888888888,0.037731989484840314,0.07916666666666666,0.4527764079305163,-0.03462897336560385,0.6258655581221831
0.8,0,robust_clearance_mpc,0.6680555555555555,0.08895095022528116,0.112466901981849,0.7351413931194565,0.15628188897581424,0.012304925539301223,0.010451410588990169,0.10833333333333334,0.075,0.001133902603044646,0.0,0.4055013662285546,0.2556304921713614,0.5404967140896384
0.8,0,uncertainty_guided_probe,0.3819444444444444,0.058740679056136495,0.07025927089403301,0.7613617026948721,0.13674567864366527,0.1526391668579096,0.13408094394420814,0.2625,0.03333333333333333,0.07733108232020776,0.14305555555555555,0.5911926680890944,-0.4634669321635842,0.5672601298204017
0.8,0,visuotactile_probe,0.40694444444444444,0.06536951372171952,0.07945982601218951,0.7437835412009735,0.15745259158501185,0.1362447125158595,0.14365800151668537,0.2388888888888889,0.034722222222222224,0.048930427993612975,0.07222222222222222,0.5647821091891089,-0.3196473592237093,0.5773598741318594
0.8,1,action_critical_interactive_depth_v4,0.4875,0.05797667145914333,0.07154016107671753,0.7660491575807391,0.1350418161176052,0.2005023548408773,0.25524576164274987,0.23055555555555557,0.02638888888888889,0.049967054365715885,0.10555555555555556,0.5195139522283527,-0.22850279770721735,0.6159759407715806
0.8,1,active_view_selection,0.7527777777777778,0.03621008925374111,0.04247438883275062,0.8175493008709637,0.12945818350591692,0.03354874446470906,0.025530710878853967,0.17916666666666667,0.0,0.01426705902000971,0.002777777777777778,0.32883630146944764,0.3348805662168943,0.5902988669302452
0.8,1,diffusion_depth_policy,0.40694444444444444,0.07667137520006641,0.09227019158469685,0.7076380554923756,0.19342741529226512,0.012104953924502318,0.010421503985270874,0.25416666666666665,0.04583333333333333,0.010039618872521324,0.002777777777777778,0.5623020249637258,-0.2623450884268459,0.5316728648065789
0.8,1,ensemble_depth_completion,0.30972222222222223,0.0824230908659251,0.09816133797390975,0.7043771326301785,0.15377995396502336,0.010764700818755942,0.01015906502834083,0.275,0.07777777777777778,0.0017738493124073202,0.005555555555555556,0.6260783366074434,-0.4378148536575519,0.5329781355359248
0.8,1,foundation_depth_prior,0.1638888888888889,0.0868460801935688,0.10215694847676492,0.6612920316922892,0.21003832782306658,0.012002972112348272,0.008897713985022662,0.3055555555555556,0.10416666666666667,0.0053990482294902255,0.0,0.7128387962415262,-0.6815116919969525,0.5141705505159404
0.8,1,gaussian_splat_uncertainty,0.25555555555555554,0.08822372075329954,0.10896559017291807,0.7087363003093492,0.14050283304145886,0.011369648364686178,0.010330858834528202,0.24861111111111112,0.10277777777777777,0.0017450736921775173,0.001388888888888889,0.6570092461802595,-0.48896719396812166,0.5343780322318602
0.8,1,learned_depth_completion,0.043055555555555555,0.09675269635935284,0.1139827164164202,0.6290095799734382,0.22658938943949886,0.012223935711828752,0.009386290967803222,0.37083333333333335,0.1625,0.002721699135051294,0.004166666666666667,0.8101376315090659,-0.9685556883180516,0.49936639403059313
0.8,1,next_best_view_planner,0.7388888888888889,0.03954466601387891,0.047723518938759785,0.8153572554964056,0.1351470975655049,0.032070092398428424,0.022402605016113304,0.18888888888888888,0.0,0.012502328191831176,0.0,0.3459376848718271,0.3024344173332381,0.5878177640737696
0.8,1,oracle_depth_completion,0.9902777777777778,0.019558396328278597,0.025368052791192898,0.9035313591966946,0.06881271719174147,0.08000386544465017,0.09274392621677682,0.1111111111111111,0.0,0.0180609214828076,0.013888888888888888,0.15293880180949454,0.7480370149368686,0.6459342974971846
0.8,1,raw_depth_policy,0.0,0.1289497536730425,0.15462334461019256,0.5165386087693852,0.289718527393208,0.011046205438952243,0.010730417786482777,0.45416666666666666,0.3402777777777778,0.0007232125698078042,0.002777777777777778,0.9075118122849708,-1.2511126999487643,0.4500593109813292
0.8,1,risk_aware_action_critical_depth_probe_v5,0.6236111111111111,0.05615611380084344,0.06870721730187619,0.7813731368940804,0.12127283974909613,0.18168049006053294,0.23944056066986943,0.16944444444444445,0.013888888888888888,0.03704814497684468,0.0875,0.42503475655750445,0.06398348917647961,0.6218859696718739
0.8,1,robust_clearance_mpc,0.6291666666666667,0.089633143011935,0.1124436419265471,0.7324005335454677,0.15611789763270945,0.01067682198867698,0.010493149480654477,0.12222222222222222,0.07222222222222222,0.0005758809386189633,0.001388888888888889,0.42978367186303257,0.18598195535491127,0.5390188531831225
0.8,1,uncertainty_guided_probe,0.4041666666666667,0.057210220238730444,0.06992218150666958,0.7645897880463804,0.13560108969573384,0.15789177401486604,0.13802687846565947,0.23055555555555557,0.027777777777777776,0.08026422144816292,0.16805555555555557,0.5754127196540709,-0.4161729570024925,0.564599247443591
0.8,1,visuotactile_probe,0.4,0.06540176728750445,0.07917165925801743,0.7430590154575233,0.15772404381461916,0.13998057383496568,0.1458274354134157,0.2763888888888889,0.04861111111111111,0.049952574634218865,0.07222222222222222,0.5776118288814571,-0.3847263122675066,0.578029075151575
0.8,2,action_critical_interactive_depth_v4,0.4638888888888889,0.058939073078957877,0.07186115201522393,0.7635550634330155,0.13556687059684036,0.19168053246694863,0.24260273767314125,0.225,0.02361111111111111,0.047592813606299786,0.10277777777777777,0.5296913105988496,-0.2472438817416807,0.6116574091262401
0.8,2,active_view_selection,0.7708333333333334,0.03613134052160719,0.042339720690837586,0.8191566860912234,0.1292362168191507,0.033254745987942466,0.0243854042566392,0.17777777777777778,0.0,0.013606343137069281,0.0,0.31986861045717324,0.3628999400133551,0.5912188744180172
0.8,2,diffusion_depth_policy,0.35555555555555557,0.07614691829200862,0.09205519710681091,0.708634893983331,0.1930013128331399,0.009550394195523941,0.010256922269946393,0.32083333333333336,0.05138888888888889,0.009171135269755326,0.001388888888888889,0.600653945359668,-0.41523769974772334,0.5321934588530111
0.8,2,ensemble_depth_completion,0.30972222222222223,0.0819846164181158,0.09784608117596838,0.7040718433451327,0.1534716929284046,0.011822022862481806,0.010936275630047074,0.2763888888888889,0.0763888888888889,0.0012513088836334785,0.002777777777777778,0.6250249156986972,-0.43533816733119524,0.5341249763690277
0.8,2,foundation_depth_prior,0.15138888888888888,0.08705140600665502,0.10191881557823278,0.6618730413806033,0.21120714704777002,0.01208620497600499,0.009573757575917077,0.3486111111111111,0.07222222222222222,0.005308533255704687,0.004166666666666667,0.7305507853218399,-0.7429726184255974,0.5133981900745461
0.8,2,gaussian_splat_uncertainty,0.2791666666666667,0.08797460200217362,0.10826213160172048,0.7096286234652052,0.14018058748064582,0.011982729349101736,0.009780534551932066,0.2861111111111111,0.11388888888888889,0.0024588272421587265,0.004166666666666667,0.6530993789151794,-0.5142170803905427,0.5340064823332362
0.8,2,learned_depth_completion,0.041666666666666664,0.09625216107466492,0.11394149125892565,0.6299651596248316,0.2256877773044146,0.011106236720568154,0.00981625560663505,0.3388888888888889,0.1527777777777778,0.0012442874746211702,0.001388888888888889,0.8039883369065646,-0.9216122647890927,0.5006775783133944
0.8,2,next_best_view_planner,0.7472222222222222,0.03968070144393711,0.04734296061236668,0.8149060504403303,0.13536724129622213,0.03155696563744242,0.02206204042718792,0.16527777777777777,0.0,0.01302568169764236,0.002777777777777778,0.3356872562495444,0.3415213643024006,0.5867658466582125
0.8,2,oracle_depth_completion,0.9958333333333333,0.01954626933291972,0.025215320876190737,0.9033442038967021,0.0693741453488347,0.06373312853265509,0.06873154515749325,0.09861111111111111,0.0,0.015594787375864646,0.006944444444444444,0.14544188201739305,0.7799416806130544,0.6398666769516409
0.8,2,raw_depth_policy,0.0,0.12911306349959276,0.15468541410040818,0.5158167804509348,0.2887291483579642,0.011471476276981613,0.009642935262829933,0.4361111111111111,0.3527777777777778,0.0012418330516278352,0.002777777777777778,0.9055939213547873,-1.2353567944662533,0.44963989712338825
0.8,2,risk_aware_action_critical_depth_probe_v5,0.6111111111111112,0.05573192020947069,0.0682678837142706,0.783388858886928,0.12009004236199004,0.17937609990255735,0.2374197709947364,0.20972222222222223,0.0125,0.03680675653126405,0.08194444444444444,0.438750180699894,0.0025299871508520865,0.6231774133530131
0.8,2,robust_clearance_mpc,0.6611111111111111,0.08922250490054288,0.11200991374328344,0.7343913919417813,0.1564255419988332,0.010481332245883188,0.010487915112332267,0.12222222222222222,0.0625,0.00045580581856354306,0.0,0.412711712420614,0.2345010876437207,0.5399939092346935
0.8,2,uncertainty_guided_probe,0.375,0.057827949214374896,0.0700741429283704,0.7631062982296377,0.13575999790001486,0.15352757589356456,0.13325546101489233,0.23055555555555557,0.02361111111111111,0.07812702924584543,0.16666666666666666,0.5887164011054771,-0.44949799535437257,0.5628327652330793
0.8,2,visuotactile_probe,0.41805555555555557,0.06385548478465489,0.0770829915380872,0.746161898521782,0.15643867010464302,0.1488471532010463,0.15544188854415056,0.23194444444444445,0.02638888888888889,0.053391921973813185,0.09305555555555556,0.5602229351669371,-0.3145854834868833,0.5780142106113141
0.8,3,action_critical_interactive_depth_v4,0.5125,0.05882307265460306,0.07209854581285917,0.7636291609365328,0.13548467107055678,0.19399934246317846,0.24547383216017576,0.20416666666666666,0.02638888888888889,0.047702848551801035,0.09027777777777778,0.4989699217292137,-0.1455023228106857,0.6154655013363723
0.8,3,active_view_selection,0.7611111111111111,0.03659504378151109,0.042654066285485334,0.8170731027572409,0.12929756762380937,0.03362344768621138,0.02350000669930585,0.17083333333333334,0.0,0.013818218966850062,0.0,0.32221760811636185,0.3596269375382304,0.5902834334416175
0.8,3,diffusion_depth_policy,0.42083333333333334,0.07669636646306562,0.09196347227964942,0.7082335055190563,0.19349443733250193,0.0112449700863412,0.0097389573743566,0.2722222222222222,0.03194444444444444,0.01022552108369167,0.0,0.558926149588105,-0.2579754663119835,0.5321170010189031
0.8,3,ensemble_depth_completion,0.32222222222222224,0.08236517392740979,0.09870278696079965,0.7040481037990163,0.15368624060463726,0.011956424506838875,0.00909068940930966,0.2708333333333333,0.07361111111111111,0.0017479987101051459,0.002777777777777778,0.6197369814253435,-0.4120261679935529,0.5334882675972595
0.8,3,foundation_depth_prior,0.14583333333333334,0.08660015884251311,0.10261514204958028,0.6628836632537294,0.21027514026044072,0.011557321763618397,0.009478071621931148,0.3277777777777778,0.09305555555555556,0.004509804816900913,0.002777777777777778,0.7266356071927313,-0.730561135623249,0.5142735186820337
0.8,3,gaussian_splat_uncertainty,0.28194444444444444,0.08825895129645463,0.10896687319171137,0.7100039159189991,0.14003203635776115,0.011905781582579844,0.009052382722086999,0.24444444444444444,0.10972222222222222,0.002496636433698685,0.009722222222222222,0.6443661831457598,-0.4612335331729543,0.5326175898626822
0.8,3,learned_depth_completion,0.03194444444444444,0.09648438793779184,0.11464500370140607,0.6291303047868086,0.22666657930076523,0.011882701700826365,0.008864216047810096,0.36944444444444446,0.1527777777777778,0.0023271066106547206,0.001388888888888889,0.8155750371080954,-0.9740686012968456,0.4999992271832591
0.8,3,next_best_view_planner,0.7416666666666667,0.03974637043369375,0.048161275267576076,0.8160513663538315,0.13557805168485687,0.030908611427542237,0.022288427512247022,0.1763888888888889,0.0,0.012896874604340221,0.001388888888888889,0.3405464868850401,0.32150203244829256,0.5873127330346346
0.8,3,oracle_depth_completion,0.9930555555555556,0.019705526006397772,0.02550686775353867,0.904528444504189,0.06869315088942929,0.0783926822964649,0.09352448612878024,0.10555555555555556,0.0,0.018303506962691382,0.009722222222222222,0.14792090578867137,0.7640559279874233,0.6469613156026454
0.8,3,raw_depth_policy,0.0,0.12910598472038085,0.15392817241967205,0.5161472413487845,0.289638245609345,0.011338704404439983,0.010099147801863132,0.425,0.36944444444444446,0.0009994494560825792,0.001388888888888889,0.9031739759518931,-1.227708766994596,0.450067666575572
0.8,3,risk_aware_action_critical_depth_probe_v5,0.5777777777777777,0.055699965668145356,0.06806612016186903,0.7835546763843512,0.1209885120341625,0.18233659582230005,0.2384036516705465,0.24305555555555555,0.022222222222222223,0.03693579399685416,0.07777777777777778,0.4621604525170887,-0.08453341561273285,0.6247322917787873
0.8,3,robust_clearance_mpc,0.6583333333333333,0.08906026095280234,0.11226659856956354,0.7346432205853195,0.15596345608805404,0.010925956913162688,0.009886946105031998,0.12083333333333333,0.05694444444444444,0.00042365647437418166,0.0,0.413060684328032,0.23578305292302465,0.5401163532063323
0.8,3,uncertainty_guided_probe,0.4,0.05796770049278325,0.07033033717679693,0.7614250349981546,0.13617360544004664,0.1507925315828945,0.13063390370510564,0.24166666666666667,0.034722222222222224,0.07668762559440365,0.15138888888888888,0.5783985631650321,-0.42160951799930435,0.5648446112859473
0.8,3,visuotactile_probe,0.3902777777777778,0.06563098689004977,0.07927950418565985,0.7426705079602587,0.15723074791924302,0.13726344301065138,0.14621999386575812,0.2263888888888889,0.034722222222222224,0.050230417849351096,0.09027777777777778,0.5740238414247893,-0.34477400713278944,0.5735174639838929
0.8,4,action_critical_interactive_depth_v4,0.4527777777777778,0.05846698553731255,0.07180247185593297,0.7657792705253053,0.13578854636423868,0.19864839480079077,0.24877911831845728,0.24166666666666667,0.034722222222222224,0.048450913418192035,0.09305555555555556,0.5364928601813121,-0.27845358707799317,0.6169126674355372
0.8,4,active_view_selection,0.7541666666666667,0.03634701597788147,0.042390306625184615,0.8184712728610334,0.12899055433350984,0.03361616238277507,0.023140000978040698,0.19722222222222222,0.0,0.014299875769676599,0.002777777777777778,0.3318480576344532,0.31362580702971743,0.5900313298582971
0.8,4,diffusion_depth_policy,0.4236111111111111,0.0763465826409462,0.09205050411749048,0.7087192165716031,0.19284967811330023,0.011707828014775264,0.009013403425462734,0.2708333333333333,0.043055555555555555,0.010176131265128254,0.002777777777777778,0.556681093955524,-0.26007865257761803,0.5317616205475936
0.8,4,ensemble_depth_completion,0.3138888888888889,0.08197388785776662,0.09869870905923231,0.7055301519010718,0.15302564843648558,0.01202180504809275,0.010240113475787275,0.2875,0.06944444444444445,0.002247569205396165,0.006944444444444444,0.6263383063471883,-0.44564215956664066,0.5333847252244271
0.8,4,foundation_depth_prior,0.15138888888888888,0.08680484609547255,0.10161540331997436,0.662949366408179,0.21032784085918707,0.010424133384150913,0.010009250920737804,0.30694444444444446,0.09722222222222222,0.003445329895739731,0.0,0.7191516870149981,-0.6954471601985688,0.5149258407528
0.8,4,gaussian_splat_uncertainty,0.2569444444444444,0.08820076784858079,0.10896959750233545,0.707761019700076,0.1407690833863336,0.010459166979014271,0.010153690036024156,0.27361111111111114,0.1125,0.0014868095068804293,0.001388888888888889,0.661604497212971,-0.5237458869957676,0.5339437188428384
0.8,4,learned_depth_completion,0.018055555555555554,0.09645621724370908,0.1139622302835928,0.6289822694528904,0.2261346262433268,0.011189344205571107,0.010775858475897283,0.3680555555555556,0.1527777777777778,0.0009635336893195504,0.001388888888888889,0.8221574935090359,-0.9899232332219882,0.5005494732616093
0.8,4,next_best_view_planner,0.7013888888888888,0.04001797269921906,0.0483209247336378,0.8140366418800727,0.1353178142401266,0.03058931843787322,0.021197983712567415,0.2111111111111111,0.0,0.012526137752881647,0.001388888888888889,0.36883255637209483,0.22389721603653956,0.5864397584475125
0.8,4,oracle_depth_completion,0.9944444444444445,0.01977212487028764,0.025626777795433358,0.9026680931891501,0.06963097266503325,0.08033450122292947,0.09386024568395837,0.0763888888888889,0.0,0.01831775097652445,0.0125,0.14077516907777277,0.800855872022924,0.6460924954656451
0.8,4,raw_depth_policy,0.0,0.12876228391144004,0.15436065620678796,0.51659961366349,0.289499953535391,0.010217747175749784,0.010976333995728702,0.4263888888888889,0.3277777777777778,0.0002562373064056131,0.001388888888888889,0.9033622798475095,-1.2091403170152233,0.45047130808849073
0.8,4,risk_aware_action_critical_depth_probe_v5,0.5972222222222222,0.05647476047655433,0.06889604337416458,0.7813010270910684,0.12054470218883637,0.17896805930379422,0.2328942286555311,0.225,0.0125,0.03591164184722871,0.06388888888888888,0.4459654521108239,-0.01645055976621326,0.6253196099272367
0.8,4,robust_clearance_mpc,0.6305555555555555,0.08911995064669027,0.11216446389199362,0.7339950040448593,0.15645911302470125,0.011273943558050758,0.009165862401789166,0.1388888888888889,0.06666666666666667,0.0015312726244471441,0.004166666666666667,0.43023125684707947,0.16767473715752082,0.5386657589954518
0.8,4,uncertainty_guided_probe,0.40694444444444444,0.05765332109664017,0.07002122366852537,0.7634889871961529,0.13576087878026663,0.15407092058087202,0.1342759398683548,0.2361111111111111,0.027777777777777776,0.07885626371011413,0.14444444444444443,0.5729961544934246,-0.3960285515513221,0.5680898406127545
0.8,4,visuotactile_probe,0.4305555555555556,0.0648169815957545,0.0784956485131546,0.7432504645382437,0.15656117970459668,0.14415195812758022,0.1520730884800567,0.23333333333333334,0.043055555555555555,0.05195099922877154,0.08055555555555556,0.5546378323078299,-0.2961723912933433,0.5783095697610615
0.8,5,action_critical_interactive_depth_v4,0.49583333333333335,0.05789282799389793,0.0713875819410463,0.7665977025064511,0.13505001772719563,0.2009883648330177,0.25527753708392653,0.2361111111111111,0.025,0.05022331314832121,0.09722222222222222,0.5147023204692814,-0.2153391865762054,0.618037657830532
0.8,5,active_view_selection,0.7527777777777778,0.03643774220486631,0.042847818461215575,0.8189210306749596,0.12884398636244704,0.034403286326205686,0.024818413482910164,0.18333333333333332,0.0,0.013924725187011806,0.001388888888888889,0.33130026447468336,0.32996910712129845,0.5909982131078506
0.8,5,diffusion_depth_policy,0.42083333333333334,0.07622977272229463,0.09219018438554231,0.7086125424156996,0.19432614720270683,0.011139079014230845,0.01012165592406673,0.2625,0.05138888888888889,0.010194177768138418,0.002777777777777778,0.5565118955121368,-0.2571750516583063,0.5317784209132117
0.8,5,ensemble_depth_completion,0.3125,0.08236783495232204,0.09834509904089275,0.7033155755030148,0.1528053285344625,0.010835897023126699,0.009707126157842137,0.2708333333333333,0.06527777777777778,0.0015216242495484959,0.002777777777777778,0.622787553913182,-0.41955372286322345,0.5333627912929022
0.8,5,foundation_depth_prior,0.1625,0.08682019015760291,0.10195744198386518,0.6621335498680262,0.21063464386246453,0.012832849931992197,0.009830201350294257,0.31666666666666665,0.09861111111111111,0.00575035434847661,0.001388888888888889,0.7182405568577988,-0.6977720576820341,0.5143325453517834
0.8,5,gaussian_splat_uncertainty,0.2625,0.0884844282983563,0.10838203054377064,0.7095377664902107,0.1404914319606383,0.011891305667364597,0.009215027746476165,0.2638888888888889,0.12083333333333333,0.0017394248862464766,0.006944444444444444,0.6574336158026399,-0.5136309343655215,0.5331211779192456
0.8,5,learned_depth_completion,0.044444444444444446,0.09636589235732539,0.11354674757930583,0.6294041302972606,0.2265083547848617,0.011037956377906662,0.009227593652489997,0.375,0.17083333333333334,0.0012393927555116875,0.002777777777777778,0.8114798989243629,-0.9749496176913104,0.49995001158098296
0.8,5,next_best_view_planner,0.7194444444444444,0.03939876815209658,0.04810452979080038,0.8158071832603235,0.13561057265023116,0.03167923773259963,0.020879486274774577,0.19583333333333333,0.0,0.013157942749780414,0.002777777777777778,0.35601734641221044,0.26594978253506857,0.5868392052166612
0.8,5,oracle_depth_completion,0.9916666666666667,0.019536399207295677,0.025124668254258086,0.9040861510457593,0.06918533472599755,0.0801493697037784,0.09590728934904544,0.11805555555555555,0.0,0.018201986109771143,0.011111111111111112,0.15283555846288516,0.7440057545868536,0.6473684977088272
0.8,5,raw_depth_policy,0.0,0.12921976034368715,0.15478229344371272,0.5150293263498417,0.2888623185161442,0.011822852055028837,0.009918090585420047,0.4236111111111111,0.3875,0.0022293821424679426,0.005555555555555556,0.9024617838566618,-1.238637360094157,0.44871318348832007
0.8,5,risk_aware_action_critical_depth_probe_v5,0.575,0.05682170830749451,0.06915671296435708,0.7811356797921868,0.12100846140370417,0.17358325576844624,0.22633137257191016,0.2152777777777778,0.008333333333333333,0.03516428062878577,0.08888888888888889,0.4585423030729152,-0.05600587676636819,0.6174092774772043
0.8,5,robust_clearance_mpc,0.6625,0.08945570061040727,0.11246089133721655,0.7335250009275032,0.15565705113664105,0.010346210241928323,0.009845542491453023,0.13333333333333333,0.07222222222222222,0.0009489390419783943,0.001388888888888889,0.4142966565455011,0.2159976983280598,0.5391921560986381
0.8,5,uncertainty_guided_probe,0.38333333333333336,0.056857835703165556,0.06862572838120146,0.7654259777985661,0.135424251238321,0.15943347737724287,0.13872458134635599,0.25972222222222224,0.027777777777777776,0.08156941996429867,0.15555555555555556,0.5901972044015591,-0.4687103129820668,0.5679263059526107
0.8,5,visuotactile_probe,0.44027777777777777,0.06406327257347982,0.07888766496314994,0.7462567931139433,0.15714907152896385,0.14221642270156454,0.14999960355757896,0.2222222222222222,0.03611111111111111,0.05180031350616977,0.0875,0.5473669515890335,-0.27216274022865633,0.577109441595016
0.8,6,action_critical_interactive_depth_v4,0.47638888888888886,0.057283543532724024,0.07100921743692579,0.7681582770425255,0.13425504503035335,0.2024622866995902,0.2547560866533388,0.21944444444444444,0.030555555555555555,0.05017151158660739,0.08888888888888889,0.517837349660813,-0.2125409978592815,0.620748374052693
0.8,6,active_view_selection,0.7486111111111111,0.036714248920770895,0.04279986021720006,0.8168782448472822,0.12928574572630927,0.03479476178244674,0.023865101379383764,0.19027777777777777,0.0,0.014303094087361617,0.002777777777777778,0.33338041229157817,0.31510507973713525,0.5897637974182822
0.8,6,diffusion_depth_policy,0.40555555555555556,0.07618626543936924,0.091505164448411,0.7083250603222798,0.19326845262596146,0.011807064117390766,0.010024736728010377,0.2708333333333333,0.04583333333333333,0.010841043466513383,0.004166666666666667,0.5657199426777612,-0.2866020720885981,0.5314967294783179
0.8,6,ensemble_depth_completion,0.3055555555555556,0.08259842479467266,0.09873407852181353,0.7037083738047266,0.15330142080311807,0.01021081868323427,0.00964753859483924,0.2722222222222222,0.0625,0.001242279459622127,0.002777777777777778,0.627618249479448,-0.42965093642746965,0.5332671148185675
0.8,6,foundation_depth_prior,0.1597222222222222,0.08670679150126592,0.10219800977376153,0.6625505745852831,0.2104783429272265,0.010689552387885158,0.0104227534068916,0.3111111111111111,0.09305555555555556,0.004722749027969283,0.0,0.7167405235131332,-0.688895991430993,0.5147654401077782
0.8,6,gaussian_splat_uncertainty,0.28888888888888886,0.08842651907446447,0.10863960397039998,0.7080472084610535,0.1400365166304949,0.011465231895064924,0.010228927907856684,0.25,0.10416666666666667,0.0014744835148207563,0.004166666666666667,0.6408132652488705,-0.45030897263437597,0.5335797066716499
0.8,6,learned_depth_completion,0.04861111111111111,0.09611812965965376,0.11406835573543007,0.6303035580452745,0.2263290629011561,0.011401215252045328,0.010214840351610254,0.35694444444444445,0.16666666666666666,0.0014563324104370772,0.004166666666666667,0.8056884267061091,-0.9457885642070871,0.5002489801572378
0.8,6,next_best_view_planner,0.7152777777777778,0.03963820998306539,0.047929003373225906,0.8163693389300258,0.13499317973173866,0.03243548455712653,0.022290639966907073,0.20833333333333334,0.0,0.013222319880889054,0.001388888888888889,0.3610633816022331,0.24553288851854432,0.5876940687190306
0.8,6,oracle_depth_completion,0.9916666666666667,0.019328486696660235,0.025593133258075666,0.9046972061779305,0.06860681949511843,0.07674550968158167,0.08739477859328217,0.09305555555555556,0.0,0.017415499565477884,0.0125,0.14588706551639327,0.7760849073227323,0.6450793637446764
0.8,6,raw_depth_policy,0.0,0.12947745286754436,0.15452751777417112,0.5148036210103988,0.2889758874743155,0.012655118827080748,0.010822427107003946,0.42083333333333334,0.38055555555555554,0.003263459378164962,0.009722222222222222,0.9027460877494393,-1.2365121334127995,0.4477907036322918
0.8,6,risk_aware_action_critical_depth_probe_v5,0.6263888888888889,0.05471463805023539,0.06726344206667824,0.7860504572229021,0.11999531417426752,0.18842263731242884,0.250940840544699,0.19305555555555556,0.008333333333333333,0.03891934582022831,0.08472222222222223,0.42899991060697296,0.041661259567545586,0.6277916568155935
0.8,6,robust_clearance_mpc,0.6791666666666667,0.0890704935683555,0.11268004377999737,0.7343716413880997,0.15646731641838427,0.012402221659384647,0.009605698953870537,0.10416666666666667,0.058333333333333334,0.0013610430076868736,0.001388888888888889,0.39903121499193783,0.28218067258429974,0.539704827189422
0.8,6,uncertainty_guided_probe,0.42777777777777776,0.0573397991867592,0.06923648395942254,0.7647597692948046,0.13549779961351172,0.15726729670452688,0.13878430790950194,0.2361111111111111,0.016666666666666666,0.08059509844974887,0.1486111111111111,0.5603780742003811,-0.3665327656373631,0.5688994867666362
0.8,6,visuotactile_probe,0.39444444444444443,0.06440811670352929,0.07824458285884937,0.7454318005932941,0.1569312920955759,0.14262346893036915,0.15125618917566813,0.25277777777777777,0.029166666666666667,0.051801701801841744,0.09583333333333334,0.5792979310025479,-0.3772660305729462,0.5752772016351017
0.8,7,action_critical_interactive_depth_v4,0.48194444444444445,0.0579011844711021,0.07101080388820334,0.7684370444680654,0.13522294929008483,0.20107601952871365,0.2546129702505489,0.21944444444444444,0.04027777777777778,0.04985623196579358,0.09166666666666666,0.5159389601118549,-0.2129108567496849,0.6196809802215524
0.8,7,active_view_selection,0.7875,0.03652832061996581,0.04263477081834418,0.8182797874996421,0.12992005733726028,0.032568165176251794,0.023301412734444003,0.16666666666666666,0.0,0.013971319207848608,0.001388888888888889,0.3111353510263303,0.3963425366202483,0.5900418235315535
0.8,7,diffusion_depth_policy,0.425,0.07640631153307867,0.09289343745356117,0.708050816353754,0.19346200680101322,0.012517129603656274,0.01096685572706393,0.2625,0.041666666666666664,0.010185261550541084,0.002777777777777778,0.5553906692259456,-0.2476431698648474,0.5320483255537214
0.8,7,ensemble_depth_completion,0.31527777777777777,0.08224257794795721,0.0980217740032233,0.7040567378024134,0.15347218620643702,0.010856560827328922,0.009874284639675336,0.28055555555555556,0.07361111111111111,0.0022156834956910784,0.005555555555555556,0.62278901176706,-0.4347767025794954,0.5328691491153769
0.8,7,foundation_depth_prior,0.1638888888888889,0.08645000194108372,0.10246575884675672,0.6627146194661396,0.21115755490279703,0.011103830793895677,0.009417619598408462,0.2833333333333333,0.09444444444444444,0.0038352086656136776,0.0,0.7078542604588759,-0.6476047985552139,0.5148281930748025
0.8,7,gaussian_splat_uncertainty,0.28055555555555556,0.0881435949757694,0.1088115888690741,0.708500905773567,0.1404285433666798,0.011522684722250048,0.009226926610345788,0.21944444444444444,0.1111111111111111,0.0014993621936642402,0.002777777777777778,0.6378467315684111,-0.42372917565045176,0.533865377536877
0.8,7,learned_depth_completion,0.05277777777777778,0.09634753031199844,0.11414382103974484,0.6306694062816531,0.22613666901869148,0.012583180930340014,0.009480435325894725,0.3375,0.16111111111111112,0.0019858441052569204,0.006944444444444444,0.8007733470328904,-0.916303540364834,0.49961519722436676
0.8,7,next_best_view_planner,0.7013888888888888,0.039861838044823815,0.04833240230784887,0.8164524942598141,0.13571833499099636,0.03017261766355987,0.022468023097007024,0.17916666666666667,0.0,0.012514476858426906,0.0,0.3603012393171407,0.26720495263939276,0.5876556340467781
0.8,7,oracle_depth_completion,0.9972222222222222,0.019452806749699965,0.02542967961437621,0.9037868952287504,0.06877407650890396,0.0829473364961941,0.09908310088068517,0.10138888888888889,0.0,0.018657388916089583,0.016666666666666666,0.14589663044580903,0.767745948002151,0.6472088635881745
0.8,7,raw_depth_policy,0.0,0.12922891705281608,0.1550397423166005,0.5147880978372594,0.28942596551778077,0.010957255116709672,0.010023976746578811,0.44027777777777777,0.3236111111111111,0.0024980468938707156,0.005555555555555556,0.9067162064413866,-1.2298771947022193,0.44842760834026385
0.8,7,risk_aware_action_critical_depth_probe_v5,0.5680555555555555,0.0560810871070947,0.06777233628895801,0.7837159677129509,0.12080016675571115,0.18600384591695576,0.2426516391160108,0.22777777777777777,0.008333333333333333,0.037430949292938595,0.08472222222222223,0.46452415072188197,-0.07806206751221681,0.6245657763598355
0.8,7,robust_clearance_mpc,0.6819444444444445,0.08884691818804612,0.11222801153754311,0.735470014691289,0.1560515848028034,0.011447128764277887,0.00939651869345573,0.09444444444444444,0.06527777777777778,0.0008914044714713052,0.0,0.3943894328777336,0.2971398179166461,0.5403207667212323
0.8,7,uncertainty_guided_probe,0.35,0.057782902766443045,0.07001116007793749,0.7611073139851192,0.1357505573866163,0.1560707108695588,0.13472201412600973,0.25833333333333336,0.03194444444444444,0.07856114485435714,0.16111111111111112,0.6053127660277065,-0.5157860388707225,0.5641734183516334
0.8,7,visuotactile_probe,0.41388888888888886,0.06456438899300437,0.07820652350703562,0.7453307372046178,0.15633835553673417,0.1420475662177371,0.15146218882435789,0.2763888888888889,0.041666666666666664,0.05164769873264767,0.09027777777777778,0.5715744106332533,-0.3810161489999121,0.5764488522741399
0.8,8,action_critical_interactive_depth_v4,0.4652777777777778,0.05852508636647235,0.0719739407437004,0.7648826854480273,0.1357203267259335,0.19529610464061592,0.24665159924215893,0.2263888888888889,0.029166666666666667,0.048092492734022815,0.09444444444444444,0.5263142135243727,-0.24054829295737307,0.6153937383941469
0.8,8,active_view_selection,0.7611111111111111,0.036593063045722934,0.04246285996044,0.8179613022719582,0.12936439777444744,0.03441798422039879,0.023927670517677947,0.18055555555555555,0.0,0.01415889534013968,0.001388888888888889,0.32472439228252614,0.34548494100002514,0.5903873470805039
0.8,8,diffusion_depth_policy,0.3958333333333333,0.0766416862357293,0.09166645897441615,0.7077583383978892,0.19364845420787116,0.011503111862519884,0.009749811030937154,0.2722222222222222,0.025,0.01043252661828669,0.002777777777777778,0.5705551298922947,-0.28948631842594946,0.5313887895158171
0.8,8,ensemble_depth_completion,0.3347222222222222,0.0826358393428896,0.09851562743407362,0.7022106245889183,0.15319718478459307,0.011626667517900776,0.009537818647545078,0.2625,0.07083333333333333,0.0022700702450722675,0.006944444444444444,0.6116352958114297,-0.3876181767628805,0.5319652353444744
0.8,8,foundation_depth_prior,0.1361111111111111,0.08626665512915319,0.10254046718954801,0.6637880108917941,0.21066372505495956,0.011413055118134162,0.009780301220023515,0.3138888888888889,0.0875,0.004704691334950937,0.001388888888888889,0.730024515765526,-0.7225418713707962,0.5149323905132871
0.8,8,gaussian_splat_uncertainty,0.25972222222222224,0.08864515291378068,0.10813315913280432,0.707725965568546,0.14062477463916706,0.010521895630742309,0.009499387975879068,0.2652777777777778,0.11527777777777778,0.0010141154084420457,0.002777777777777778,0.6589228264775302,-0.5121536273823878,0.5334156338671898
0.8,8,learned_depth_completion,0.034722222222222224,0.09626780956541257,0.11420871932884695,0.629268791921034,0.2271432880263766,0.011819856845721803,0.009951338689690305,0.37222222222222223,0.14722222222222223,0.0022153064097119863,0.004166666666666667,0.8157817486060152,-0.9744598339047532,0.4997085212152219
0.8,8,next_best_view_planner,0.7083333333333334,0.03997518370434525,0.04775082899342744,0.8138566993501164,0.13552517615015888,0.03171240696757309,0.020680447182239273,0.19444444444444445,0.0,0.012845654742138383,0.0,0.36058813792115796,0.25627622790909177,0.5867051671315278
0.8,8,oracle_depth_completion,0.9986111111111111,0.019141637647449014,0.025252237100856192,0.9047669728691754,0.06932411054436109,0.06849576520850326,0.07785860080170906,0.09583333333333334,0.0,0.01681558413825238,0.008333333333333333,0.1427932461097668,0.7858143765505197,0.6426929068571852
0.8,8,raw_depth_policy,0.0,0.12889914960602467,0.15456726262897308,0.5161875117479491,0.2902350362615632,0.010352943761174729,0.010061293820227735,0.44166666666666665,0.30972222222222223,0.0004978553552409831,0.001388888888888889,0.9045838455454461,-1.2188922803842792,0.45001206604282407
0.8,8,risk_aware_action_critical_depth_probe_v5,0.5722222222222222,0.05451896149491785,0.06645766233552972,0.7856921685815655,0.1194012230258424,0.19722908310005857,0.2613913668565773,0.20833333333333334,0.009722222222222222,0.04053117543964314,0.11805555555555555,0.46551024410029834,-0.08465708689813825,0.6239420232440765
0.8,8,robust_clearance_mpc,0.6541666666666667,0.08885317911338059,0.11228121489550943,0.7354148009631831,0.1569514372500789,0.011898348437359261,0.009727394543395771,0.12361111111111112,0.058333333333333334,0.001195091490602891,0.002777777777777778,0.41482124897556905,0.22381502420205143,0.5396982292815158
0.8,8,uncertainty_guided_probe,0.3638888888888889,0.056572583265022784,0.0681220815057859,0.7645762906226637,0.1353414328594184,0.1636107063359461,0.14196076841337563,0.2263888888888889,0.03333333333333333,0.08387051942671954,0.19027777777777777,0.5959168627198383,-0.48885314115734213,0.5611783242930032
0.8,8,visuotactile_probe,0.4263888888888889,0.06500952260572922,0.07879538749080403,0.7452198507334435,0.15693782512166035,0.14088351585649272,0.14849310711038918,0.24722222222222223,0.041666666666666664,0.0510419784475715,0.08472222222222223,0.5565869296302223,-0.3203409592919261,0.5766683977638453
0.8,9,action_critical_interactive_depth_v4,0.4777777777777778,0.05870087890857892,0.07145843167278221,0.7638474930710148,0.135316030940872,0.1940499652621022,0.24512374817299104,0.24027777777777778,0.027777777777777776,0.047961180041425286,0.10555555555555556,0.5249803983121518,-0.25269920648038685,0.612118568991681
0.8,9,active_view_selection,0.7513888888888889,0.03656738458975489,0.042517773649373786,0.8180084955141246,0.12894661682021488,0.03539850647280396,0.02469102860248912,0.19166666666666668,0.0,0.01474277540282736,0.005555555555555556,0.3335918108949934,0.31343193370314076,0.5897668319593482
0.8,9,diffusion_depth_policy,0.425,0.07625419324423112,0.0917383613108758,0.7081383313962752,0.19262534465930184,0.012518941208637497,0.010329618252868945,0.28194444444444444,0.03611111111111111,0.01101052517401933,0.001388888888888889,0.5587419499028671,-0.26845123072812715,0.5322479119178336
0.8,9,ensemble_depth_completion,0.29583333333333334,0.08227357511311759,0.09868730920947213,0.7052455670254709,0.1531825005278556,0.010660502429083325,0.009737172403955044,0.2875,0.07083333333333333,0.0010106034698037058,0.002777777777777778,0.6350414789017772,-0.46545696845984946,0.5339616008226055
0.8,9,foundation_depth_prior,0.16944444444444445,0.0866531635960998,0.10252524647935952,0.6635603247125152,0.21047860188899103,0.011748551389943875,0.01019126260991699,0.30694444444444446,0.0763888888888889,0.004506804749336061,0.002777777777777778,0.711724346418667,-0.6657455694732101,0.5146104746896552
0.8,9,gaussian_splat_uncertainty,0.2722222222222222,0.08828936359899694,0.10866417886173764,0.7086032349504595,0.14011350147565796,0.010979081722936206,0.010624781468318759,0.2652777777777778,0.10138888888888889,0.0027761801998104894,0.005555555555555556,0.6530241281376264,-0.4925549079212564,0.533275291415452
0.8,9,learned_depth_completion,0.041666666666666664,0.0966374065804464,0.1135386600009333,0.629245202871678,0.22670599737795713,0.010760735380786136,0.009768189671345502,0.36666666666666664,0.14722222222222223,0.0014701324677263868,0.002777777777777778,0.812028372683085,-0.9572384636234708,0.49982022964837897
0.8,9,next_best_view_planner,0.7430555555555556,0.039493906593416964,0.04771394638879109,0.815676193553516,0.13526830800950818,0.029942879476963346,0.020774570781378555,0.1763888888888889,0.0,0.01216745661470367,0.0,0.339569086666093,0.3250518660867684,0.5872692921184002
0.8,9,oracle_depth_completion,0.9930555555555556,0.01976534492327933,0.025606158915141532,0.9030112733216527,0.06964678718844068,0.07905415620396118,0.09037808194829147,0.12777777777777777,0.0,0.017800507481975588,0.008333333333333333,0.15323268994511716,0.736675983835321,0.6462180752311809
0.8,9,raw_depth_policy,0.0,0.12864522693334107,0.1545312746168748,0.516666714336869,0.2894133428559968,0.01135425851775946,0.01059087521910337,0.44583333333333336,0.33055555555555555,0.0017382520636421814,0.008333333333333333,0.9052365822628589,-1.2409488834538231,0.4488753797415822
0.8,9,risk_aware_action_critical_depth_probe_v5,0.6111111111111112,0.054205107863178406,0.06647923112242617,0.7858448426064738,0.11955503305549607,0.19147342864473543,0.255006672516977,0.2152777777777778,0.013888888888888888,0.03980659206148357,0.08333333333333333,0.4397895512545487,-0.0075876934278506355,0.6295179401099772
0.8,9,robust_clearance_mpc,0.6597222222222222,0.08954821084595513,0.11230271490489403,0.7338488270499123,0.15684540127232463,0.011300041571631307,0.009795497449065946,0.10833333333333334,0.06527777777777778,0.0010631791552961427,0.002777777777777778,0.41009384761692363,0.2465878063984948,0.5389466076395771
0.8,9,uncertainty_guided_probe,0.3819444444444444,0.05822554556511185,0.0701995835535275,0.7627389714392712,0.1358432660952776,0.15348597718811596,0.13443800278876428,0.23055555555555557,0.041666666666666664,0.07755035663090415,0.1527777777777778,0.5825091034348855,-0.4343747796493726,0.5659718268702967
0.8,9,visuotactile_probe,0.4041666666666667,0.06557580046080676,0.07947582142386116,0.7415284915097311,0.15762482369662492,0.1335290174786861,0.14076137201574532,0.24583333333333332,0.041666666666666664,0.047996467940317526,0.08888888888888889,0.5715516154672449,-0.3529201038514569,0.572043845292003
1.0,0,action_critical_interactive_depth_v4,0.46111111111111114,0.060804287366163653,0.07513387153526549,0.7591308183941625,0.13688309615249653,0.18250492495742773,0.23580944820500824,0.22777777777777777,0.04027777777777778,0.047693793253978684,0.09722222222222222,0.5326660451627521,-0.2579877005485292,0.6078216611247385
1.0,0,active_view_selection,0.7541666666666667,0.03740753666314114,0.04373267436236523,0.8159600262449339,0.12990830571422635,0.03501765485279918,0.02375974460767579,0.17916666666666667,0.0,0.014509373982983343,0.002777777777777778,0.3305483011390027,0.3351159356247291,0.5891604704869133
1.0,0,diffusion_depth_policy,0.39444444444444443,0.07925208482626281,0.09553472512619449,0.7007860682544823,0.194988543570897,0.010997227679576595,0.009349346807304858,0.29305555555555557,0.03611111111111111,0.00997903115451481,0.002777777777777778,0.578755994718252,-0.32507908189736523,0.5282141091506914
1.0,0,ensemble_depth_completion,0.2916666666666667,0.08509767896304098,0.10192843438033437,0.6980587823271179,0.15468385301111648,0.012074700619601914,0.009358074621625715,0.2777777777777778,0.07083333333333333,0.002796317685475315,0.001388888888888889,0.6375975919216087,-0.45942866326743353,0.5308887178751882
1.0,0,foundation_depth_prior,0.12361111111111112,0.08978424596144303,0.1056258957098853,0.6544138047048441,0.2125768671710766,0.011771030364416103,0.009990391050412164,0.32916666666666666,0.09583333333333334,0.004102335245618886,0.0,0.7417805730934635,-0.7623933982668379,0.5112850423849985
1.0,0,gaussian_splat_uncertainty,0.22916666666666666,0.09163879691993593,0.11259974662783392,0.6982169430261228,0.14286362266470135,0.012648842323327759,0.00978510779428902,0.25972222222222224,0.13194444444444445,0.002848797139273951,0.005555555555555556,0.6775020968776617,-0.5590921763104076,0.5288901476732386
1.0,0,learned_depth_completion,0.03611111111111111,0.09995653196816637,0.11845891375637266,0.6188428961280829,0.22863847309631954,0.011156843324274567,0.00960954232837338,0.37916666666666665,0.16805555555555557,0.0017420524677549127,0.002777777777777778,0.8198774646448982,-0.9921387857953615,0.4954380361965022
1.0,0,next_best_view_planner,0.7430555555555556,0.04091119760661553,0.049279933626781236,0.8097409878368814,0.13660021313273346,0.030098807706993438,0.023257443092744016,0.17222222222222222,0.0,0.012553131900483063,0.001388888888888889,0.3415517432915046,0.32718995125930583,0.5851395902444294
1.0,0,oracle_depth_completion,0.9958333333333333,0.019738141043728973,0.024893168799842953,0.9026037507013718,0.06940600449503881,0.07872096768459932,0.09585954415371088,0.10416666666666667,0.0,0.018811990483497566,0.011111111111111112,0.14826257543915852,0.766748091288437,0.6465180477718115
1.0,0,raw_depth_policy,0.0,0.1338586427774759,0.16052660123899143,0.5023725214709771,0.2920982077775464,0.011007918680744468,0.01052750702816125,0.4013888888888889,0.3597222222222222,0.0015023444126925412,0.008333333333333333,0.9038643443389945,-1.2028973399225553,0.4425918110744286
1.0,0,risk_aware_action_critical_depth_probe_v5,0.5972222222222222,0.055208715605335926,0.06799309296562288,0.7833205575743653,0.11982907531504851,0.19160069632819118,0.26268571299745286,0.20833333333333334,0.016666666666666666,0.04283508402669537,0.08611111111111111,0.4475962065443124,-0.023370313320951266,0.6290164470425244
1.0,0,robust_clearance_mpc,0.6361111111111111,0.09220735075079559,0.11622066159026383,0.7261938136241812,0.1583448175723442,0.011672289167833414,0.009767577490216237,0.10972222222222222,0.08194444444444444,0.0012655584440656206,0.001388888888888889,0.4240128128129789,0.20595058829165258,0.5359693811803289
1.0,0,uncertainty_guided_probe,0.3861111111111111,0.05999966455339541,0.07328297802356244,0.7577415910122713,0.13799268994557526,0.14814401082037112,0.131342407970868,0.2513888888888889,0.03194444444444444,0.07900544270596706,0.14722222222222223,0.5899141082785193,-0.44953270424983827,0.563137115721595
1.0,0,visuotactile_probe,0.3875,0.06788421580289292,0.08273070438255918,0.737054093912303,0.1590005380540639,0.13032483174673673,0.1401499818157846,0.2388888888888889,0.05138888888888889,0.049416504439916846,0.08055555555555556,0.5782893296262208,-0.3633176560554254,0.5707351966312808
1.0,1,action_critical_interactive_depth_v4,0.45555555555555555,0.05933321168139237,0.07294657343567798,0.7625731568957458,0.1359238144809541,0.19587249213096866,0.25528894348895365,0.22777777777777777,0.03194444444444444,0.052010762501459425,0.11666666666666667,0.5358867346556943,-0.2810694207926406,0.610896259685409
1.0,1,active_view_selection,0.7458333333333333,0.037430745294268965,0.04337746817706784,0.8156923353902212,0.12994268939746398,0.034427717885818214,0.023026880402725266,0.19583333333333333,0.0,0.01398000239943205,0.001388888888888889,0.33617312584824893,0.30560748328452364,0.5892078943685591
1.0,1,diffusion_depth_policy,0.3736111111111111,0.07973861371548283,0.09581836129883599,0.6984765724958742,0.19554409627544342,0.011806163949086313,0.010087871874315925,0.2652777777777778,0.05555555555555555,0.010460743510657927,0.002777777777777778,0.5840694836642181,-0.3267787179614208,0.527541845430804
1.0,1,ensemble_depth_completion,0.3194444444444444,0.08527387173102896,0.101846916830332,0.6962259658015066,0.15520230826521303,0.0128764061175302,0.009924410985819268,0.2611111111111111,0.0875,0.0033100367995506563,0.011111111111111112,0.620789439649536,-0.41920282212209714,0.5282885134034222
1.0,1,foundation_depth_prior,0.12638888888888888,0.08964048026496163,0.105618044695128,0.6547592132211657,0.21219667983153462,0.01079248467193981,0.009406397425141435,0.33194444444444443,0.09583333333333334,0.004122456861092402,0.0,0.7412427206725078,-0.7624842426463923,0.5111861411013542
1.0,1,gaussian_splat_uncertainty,0.23472222222222222,0.0913359723151015,0.11245891099947869,0.7024740106578009,0.14241727170971863,0.011372516049367447,0.010184698587890471,0.2777777777777778,0.125,0.0020152469188794903,0.005555555555555556,0.6759936158235871,-0.5697151689731316,0.5302589008614655
1.0,1,learned_depth_completion,0.03888888888888889,0.09981505525647591,0.11815377146583006,0.6190936895376384,0.22841221842075526,0.011623330808826592,0.009130116592116301,0.35,0.1625,0.0020490065979013794,0.002777777777777778,0.8106112249680593,-0.9475242486540657,0.4955046966439049
1.0,1,next_best_view_planner,0.7347222222222223,0.04078107098456015,0.04921368567583206,0.8107828474942291,0.13599861479967904,0.033729090353725275,0.02279658395488304,0.17777777777777778,0.0,0.01333353847645806,0.002777777777777778,0.3467700601783197,0.30765804029061,0.5855899545036094
1.0,1,oracle_depth_completion,0.9875,0.01958580979699616,0.02566015175226627,0.9038494014196314,0.06890489740405815,0.08267808544370525,0.09998491271592547,0.13472222222222222,0.0,0.0189014934300431,0.018055555555555554,0.15979825716262613,0.7097008463890887,0.6469734482316998
1.0,1,raw_depth_policy,0.0,0.1340247057898468,0.1606022591784006,0.5020696525957583,0.2918180835906798,0.009684054243047208,0.01024224512418952,0.4583333333333333,0.36944444444444446,0.0018049057357641235,0.004166666666666667,0.9110778638019934,-1.2738041397368263,0.44306559718942284
1.0,1,risk_aware_action_critical_depth_probe_v5,0.5861111111111111,0.05564127209200587,0.06812387423823922,0.7832144836703078,0.12027837349733404,0.1927390098767688,0.2592418884021359,0.21944444444444444,0.018055555555555554,0.04182035195903358,0.09861111111111111,0.4555635051963795,-0.06397999585507688,0.6256142909538538
1.0,1,robust_clearance_mpc,0.6111111111111112,0.09228618468435312,0.11612671488868216,0.7261079977157425,0.1584036182600178,0.010631094297767985,0.010082266587758536,0.12222222222222222,0.08472222222222223,0.0009535648684958888,0.0,0.4397477205076034,0.15688294752414633,0.5361676307123424
1.0,1,uncertainty_guided_probe,0.35833333333333334,0.0604646099569016,0.07288453113830047,0.7563302037534688,0.13751170219246533,0.1507720024592718,0.133556188905577,0.24027777777777778,0.029166666666666667,0.08081885620760239,0.1638888888888889,0.6008861113399847,-0.48602444327856836,0.5595640444520407
1.0,1,visuotactile_probe,0.375,0.06751628914253638,0.08207865911101359,0.7371139520367687,0.15912885837116003,0.1363563572451927,0.14682127647816623,0.24305555555555555,0.04722222222222222,0.051821828975459186,0.10138888888888889,0.5900860954287184,-0.40600400750981325,0.5683434806518138
1.0,2,action_critical_interactive_depth_v4,0.45694444444444443,0.05902484279093934,0.07279737372980329,0.7627273657957451,0.1351953152328466,0.20174655300987385,0.2637134817095256,0.21944444444444444,0.03611111111111111,0.05332239190998453,0.125,0.5350289487322255,-0.2797304571397739,0.611879522391045
1.0,2,active_view_selection,0.7819444444444444,0.03722931057542232,0.04328587540226303,0.8155818478843075,0.13016969833944655,0.03472224346020135,0.023624647153041505,0.1625,0.0,0.014177802108026993,0.0,0.31279921966086854,0.39574636345365566,0.589683342545018
1.0,2,diffusion_depth_policy,0.37222222222222223,0.078989872672563,0.09577556039488822,0.7009947156371383,0.19536928949527063,0.010735272173442596,0.009076495775750872,0.2847222222222222,0.04861111111111111,0.009170395671173127,0.0,0.5868465232510884,-0.34587126143738733,0.5289726491243261
1.0,2,ensemble_depth_completion,0.2791666666666667,0.08473830367874571,0.10196575528546317,0.6986041625657277,0.15505050597984868,0.010964618401835604,0.009972463927994123,0.23472222222222222,0.10694444444444444,0.0015028046494745004,0.004166666666666667,0.6343609674789672,-0.4398054211593155,0.5306947251203654
1.0,2,foundation_depth_prior,0.1375,0.0894648282086182,0.10569929473957712,0.6554965147077155,0.21214481357706352,0.012768113425355818,0.009738534695213387,0.325,0.09166666666666666,0.0054022976200716975,0.002777777777777778,0.7351408161867415,-0.7406457346869626,0.5110378050918605
1.0,2,gaussian_splat_uncertainty,0.2222222222222222,0.091589073368235,0.11216737670372652,0.7004329231069497,0.14167412683111183,0.011338242769741375,0.010009490552097648,0.2388888888888889,0.14166666666666666,0.0012563056227750619,0.004166666666666667,0.6738973585078589,-0.5426270917448603,0.530048489105215
1.0,2,learned_depth_completion,0.034722222222222224,0.09977812677082684,0.11768601827892894,0.6202988586200427,0.22865866873226534,0.011064914042826926,0.009944241590787797,0.35138888888888886,0.15138888888888888,0.003068750716237487,0.008333333333333333,0.815285944674182,-0.9563517443034967,0.4945359113163656
1.0,2,next_best_view_planner,0.7097222222222223,0.04043774969284667,0.04959795347089476,0.8116818586250313,0.1358861349198794,0.03109128444784893,0.0211554062785902,0.20555555555555555,0.0,0.013215391197482775,0.002777777777777778,0.3648657020437698,0.23953919385559708,0.5852191832299765
1.0,2,oracle_depth_completion,0.9972222222222222,0.019769624180332762,0.02541621317556457,0.9032367363880536,0.06941274145632566,0.07253133072488646,0.08379225655419002,0.1111111111111111,0.0,0.017451775581857572,0.006944444444444444,0.1473644415491213,0.7650579270739946,0.6441718023415246
1.0,2,raw_depth_policy,0.0,0.13377817712330334,0.16080683349693026,0.501901850089071,0.29279648262798513,0.011490555746286038,0.010183721877183239,0.4152777777777778,0.34305555555555556,0.0017727053537602382,0.005555555555555556,0.904836224722958,-1.2090193095848851,0.4429902151088483
1.0,2,risk_aware_action_critical_depth_probe_v5,0.5694444444444444,0.05680631857135485,0.06856222216937127,0.7805133827420815,0.12064582607299974,0.18780659593576574,0.25339924372969697,0.23055555555555557,0.011111111111111112,0.040524757071933336,0.10972222222222222,0.47087995358301454,-0.10931720113102592,0.6200668024532257
1.0,2,robust_clearance_mpc,0.6388888888888888,0.09217327301358441,0.11627568023945645,0.7272749421917483,0.15790521175932565,0.011463922127241956,0.010168509064352854,0.1125,0.06527777777777778,0.001088735735041572,0.0,0.42389726467321964,0.21495053187884355,0.5367177207095046
1.0,2,uncertainty_guided_probe,0.41388888888888886,0.05994498000886854,0.07276526730670209,0.7558587747480772,0.13656477758208446,0.1517494006866707,0.1322778862748316,0.23055555555555557,0.029166666666666667,0.08068513614419368,0.15833333333333333,0.571420244228744,-0.3958575698232815,0.5608429707418092
1.0,2,visuotactile_probe,0.3861111111111111,0.06649806593126362,0.08103376073955278,0.7393695666404396,0.15778336194397344,0.1430082389692735,0.15406853301275977,0.23333333333333334,0.018055555555555554,0.05464029442277729,0.1111111111111111,0.5815080160896394,-0.3744093929673429,0.5695653813568476
1.0,3,action_critical_interactive_depth_v4,0.44166666666666665,0.06086257784213216,0.0744563282707374,0.7585178366750439,0.13678284514145586,0.18522502745696304,0.2404786402535094,0.21805555555555556,0.041666666666666664,0.04929037191340332,0.1,0.5388563695227082,-0.2739185126533945,0.6082337759175982
1.0,3,active_view_selection,0.7583333333333333,0.03754628753482709,0.04324440410154718,0.8150672469360613,0.129711392494489,0.034646951068178826,0.0250156891091105,0.18055555555555555,0.0,0.014107237298083393,0.001388888888888889,0.3281946285219839,0.340575246809765,0.589464350881078
1.0,3,diffusion_depth_policy,0.39444444444444443,0.079301959553514,0.0949898168423689,0.7013194797173008,0.19542749601866763,0.012173346874847042,0.009592235988846143,0.2763888888888889,0.05,0.01002930751895498,0.001388888888888889,0.575445612791341,-0.3092679723433899,0.5288397427475755
1.0,3,ensemble_depth_completion,0.3,0.08510121815703389,0.10155641922911748,0.6963593168674181,0.1549498043638445,0.011526956868961125,0.009992545795804079,0.2861111111111111,0.08611111111111111,0.0015113771362017306,0.001388888888888889,0.6350371211622752,-0.4659362273212561,0.5306424626635826
1.0,3,foundation_depth_prior,0.14444444444444443,0.0895724014402677,0.10603240068884322,0.6550139235096609,0.21204286773585995,0.011133366556373675,0.009395437256138983,0.33194444444444443,0.09027777777777778,0.004315485445062737,0.001388888888888889,0.7339097553253888,-0.7385667105486425,0.511014400880422
1.0,3,gaussian_splat_uncertainty,0.26666666666666666,0.0916790800859176,0.11247466234163112,0.7007037380858215,0.14153630302238585,0.011773708812457734,0.011180943825715644,0.2569444444444444,0.12083333333333333,0.002221885488988562,0.005555555555555556,0.65753935632919,-0.500449272965469,0.529971243080333
1.0,3,learned_depth_completion,0.03194444444444444,0.09956151752380049,0.11789383010865666,0.6199230074348766,0.22842078001894797,0.011134172394931675,0.009530026256916976,0.34305555555555556,0.15555555555555556,0.0012443009433780153,0.004166666666666667,0.8142730006354871,-0.9463915391969301,0.4956653059629302
1.0,3,next_best_view_planner,0.7444444444444445,0.040795273629948996,0.04960395708420627,0.8118097056751462,0.13663850689587775,0.0314790464774273,0.022193620677122734,0.17083333333333334,0.0,0.012544118711597347,0.001388888888888889,0.34125266089429634,0.3303649184684626,0.5857472923560169
1.0,3,oracle_depth_completion,0.9958333333333333,0.019468781636236013,0.02605880197353153,0.9042044014393944,0.06955575446049939,0.07397334308173534,0.08991894616291339,0.10833333333333334,0.0,0.018055237056573154,0.006944444444444444,0.14703943878469067,0.7668356689831051,0.6460248072772999
1.0,3,raw_depth_policy,0.0,0.13378588968568791,0.15986299100403986,0.5026175350026666,0.2922601015871565,0.011917533285070796,0.010146472899896503,0.46111111111111114,0.37083333333333335,0.0030456908940590566,0.008333333333333333,0.9124723747818781,-1.2828346793489513,0.4424866470486754
1.0,3,risk_aware_action_critical_depth_probe_v5,0.5833333333333334,0.05639992973935417,0.06820659423501706,0.7814426949912416,0.12041960650757927,0.18726464688645836,0.2555431061759737,0.20277777777777778,0.016666666666666666,0.04117371056231645,0.09027777777777778,0.4545587643958841,-0.038389110605795015,0.625062942705301
1.0,3,robust_clearance_mpc,0.6472222222222223,0.0923361119683638,0.11630119179873778,0.7263289368131041,0.15822917328568992,0.010279561697996598,0.009582135370847603,0.10694444444444444,0.09166666666666666,0.00029638068834546863,0.0,0.42001827721691404,0.21971215457505314,0.5361668411742525
1.0,3,uncertainty_guided_probe,0.36666666666666664,0.060105274532593955,0.07211970281578203,0.75636654081208,0.1374565204177176,0.15150944174884406,0.1316040921459219,0.2791666666666667,0.041666666666666664,0.07988711503037842,0.1527777777777778,0.6046442210740437,-0.5201670763330065,0.5619983364991711
1.0,3,visuotactile_probe,0.35138888888888886,0.06673995518174536,0.08080549426763607,0.7385952919463492,0.15774136568333777,0.14296857559946238,0.15249070589919395,0.23194444444444445,0.059722222222222225,0.054604419259179506,0.09027777777777778,0.5974572403545064,-0.4182426127827267,0.5734964714087376
1.0,4,action_critical_interactive_depth_v4,0.4638888888888889,0.05927574348601763,0.07344938559670774,0.762950842123921,0.13555049784106066,0.19474103936861406,0.2539946826349198,0.24722222222222223,0.027777777777777776,0.051904953616212425,0.10972222222222222,0.5367681185916736,-0.28721456034544285,0.6121401184970828
1.0,4,active_view_selection,0.725,0.03801639467812157,0.04351256313474128,0.8130913643652464,0.12981197841866807,0.03273699866668966,0.024758496249555343,0.20694444444444443,0.0,0.013505988787545577,0.0,0.35046651141721785,0.2645923760709465,0.5887619849582812
1.0,4,diffusion_depth_policy,0.3819444444444444,0.07911086457916576,0.09518734024860247,0.6999216111039486,0.19429134504223203,0.011822787936454315,0.009563131653837206,0.28888888888888886,0.034722222222222224,0.009815647329938209,0.0,0.5839940802510435,-0.3327507201854679,0.5289118195256862
1.0,4,ensemble_depth_completion,0.2847222222222222,0.08525245403770267,0.10164075334984203,0.6956872706744605,0.15523742284959793,0.012460803726200002,0.009715598290711065,0.2972222222222222,0.07222222222222222,0.0015160800298822151,0.004166666666666667,0.6453882453698097,-0.4963001558739705,0.5298446817182628
1.0,4,foundation_depth_prior,0.14305555555555555,0.08980843320574344,0.10512106720463686,0.6536652273865864,0.21193327187394623,0.010990286848194631,0.010094544822314274,0.3388888888888889,0.09444444444444444,0.004748385083279893,0.0,0.735411947624837,-0.7497597938590453,0.5109252360059625
1.0,4,gaussian_splat_uncertainty,0.225,0.09157846625848205,0.11270995023043077,0.6995209295390078,0.141950857368066,0.011095493361180073,0.009508856765603806,0.2625,0.125,0.0019827314177790875,0.004166666666666667,0.6786404228605672,-0.5622188334456409,0.5295042810886028
1.0,4,learned_depth_completion,0.03333333333333333,0.09987888363900116,0.11872398255105417,0.61854247900114,0.22899454151130713,0.010737716507867028,0.00953387955907254,0.36944444444444446,0.15555555555555556,0.0020450280862222363,0.006944444444444444,0.8199876294758958,-0.9817527742811532,0.4942989700590494
1.0,4,next_best_view_planner,0.7333333333333333,0.04118987449093994,0.04934871354652293,0.8098594845232573,0.1365221865341944,0.02950415632625407,0.021646874043432084,0.18194444444444444,0.0,0.01270142694363003,0.0,0.34856617897085634,0.3031596490217119,0.5849070336973105
1.0,4,oracle_depth_completion,0.9972222222222222,0.019522149806878348,0.025576663775161712,0.9044496009331706,0.0694717916221681,0.07109217192131029,0.08333353468406127,0.10972222222222222,0.0,0.017445651466703092,0.009722222222222222,0.14580851369847236,0.7650665961718222,0.643658224186799
1.0,4,raw_depth_policy,0.0,0.13437959711868525,0.16017360073999823,0.5006014072863901,0.29263999934177604,0.012469957550013705,0.010007394567626922,0.4666666666666667,0.34444444444444444,0.002251682036559531,0.005555555555555556,0.9135976305199844,-1.274397281207394,0.4424544758657196
1.0,4,risk_aware_action_critical_depth_probe_v5,0.5486111111111112,0.05643353397511266,0.06851473328479965,0.7803439849711541,0.12033737369576111,0.18873308055965812,0.25512790990081136,0.22916666666666666,0.016666666666666666,0.04132302727036269,0.09722222222222222,0.47697078441974544,-0.12379963670297997,0.6233426953273812
1.0,4,robust_clearance_mpc,0.6194444444444445,0.0927429932675024,0.11649049129227586,0.7255204648025027,0.15833881359669608,0.010734065442480019,0.010375366158001907,0.12638888888888888,0.07222222222222222,0.0006096701986446794,0.001388888888888889,0.43716740502094636,0.1668773119893061,0.5356664395815988
1.0,4,uncertainty_guided_probe,0.3597222222222222,0.05811318340781168,0.07045424683507036,0.7605392354660192,0.13615869462614247,0.16257309669104664,0.14437386039647318,0.24444444444444444,0.041666666666666664,0.08852883731076971,0.16944444444444445,0.6000909606289307,-0.5029751315458074,0.5635836597831934
1.0,4,visuotactile_probe,0.3958333333333333,0.06556571442330916,0.08005418107053393,0.7413180018882005,0.15694048187137524,0.1497156428980696,0.1611654251928824,0.25416666666666665,0.05416666666666667,0.05753672313476951,0.09583333333333334,0.5787366598334226,-0.39130568388793435,0.5760817082319301
1.0,5,action_critical_interactive_depth_v4,0.4152777777777778,0.0602273634166074,0.07433006862447324,0.7596636180664993,0.13610037342005504,0.19125088391128015,0.24789684814228605,0.2722222222222222,0.041666666666666664,0.05031977975983989,0.10972222222222222,0.5659704047162804,-0.3887453894550552,0.609156771984948
1.0,5,active_view_selection,0.7555555555555555,0.03738251337968496,0.043627214051596426,0.8152234816926005,0.12960011997635326,0.03390839206193308,0.024454237183498786,0.1875,0.0,0.014795123578009127,0.001388888888888889,0.3301050433394279,0.328365503947689,0.5892297073742546
1.0,5,diffusion_depth_policy,0.40694444444444444,0.07950543824547124,0.09500846873309504,0.7015282520299579,0.19482666301309876,0.011580945551620269,0.009032422767932738,0.2847222222222222,0.03888888888888889,0.010187137178409965,0.001388888888888889,0.5708357144749369,-0.2982198106578122,0.5286377645269026
1.0,5,ensemble_depth_completion,0.29444444444444445,0.08505532025558625,0.10203824565398793,0.6964083607749263,0.1552169105191127,0.01004310859699854,0.009499967185122582,0.26666666666666666,0.0763888888888889,0.0005132144524656974,0.001388888888888889,0.6339014504439416,-0.4433805874338474,0.530460848556242
1.0,5,foundation_depth_prior,0.1388888888888889,0.08992553123626665,0.10590821652643763,0.6530202036419147,0.21239395167817085,0.011299547355434831,0.009157923132186392,0.3527777777777778,0.1125,0.0047836406930070515,0.002777777777777778,0.7406363497373624,-0.7843734314116184,0.509880737026096
1.0,5,gaussian_splat_uncertainty,0.2652777777777778,0.09163836939811086,0.11218598304763013,0.7004843543183008,0.14216897156060956,0.011740771582816506,0.00995353114238919,0.24444444444444444,0.10833333333333334,0.002004848098001211,0.002777777777777778,0.6556875031524059,-0.47767698312062096,0.5302325551795661
1.0,5,learned_depth_completion,0.03333333333333333,0.0995989417756183,0.11867293075609188,0.6197909148535231,0.22858105542470628,0.0121137790720324,0.010342835676370335,0.37222222222222223,0.1736111111111111,0.0027532774044457006,0.001388888888888889,0.8186356044938873,-0.9879336535332328,0.49630330130184075
1.0,5,next_best_view_planner,0.7347222222222223,0.04105435380515008,0.04980763222550186,0.8111957873360552,0.136061296088121,0.031419308754058704,0.022261652452129417,0.1763888888888889,0.0,0.012989343017482126,0.002777777777777778,0.34663848606282605,0.30946763273884914,0.5851632833455359
1.0,5,oracle_depth_completion,0.9986111111111111,0.019892742389664,0.025286255101811053,0.9029664885053295,0.06952461479142324,0.06984532692962134,0.08342554268746685,0.12222222222222222,0.0,0.01752711678279807,0.011111111111111112,0.15134747483247418,0.747337594559736,0.6425990017645675
1.0,5,raw_depth_policy,0.0,0.13411904761183374,0.1603100021032478,0.500909234714568,0.29272830690735435,0.011281813135098878,0.010597506424095625,0.45694444444444443,0.35694444444444445,0.0009837876232359278,0.001388888888888889,0.9127310486046523,-1.264364311653936,0.44369009687649036
1.0,5,risk_aware_action_critical_depth_probe_v5,0.5916666666666667,0.05556058383880406,0.0677616397539941,0.7829298727709577,0.12013370441486257,0.19253740068972322,0.26194206368021794,0.20972222222222223,0.009722222222222222,0.042199186105951754,0.08472222222222223,0.44972088750843003,-0.026987640975488288,0.6291364515297988
1.0,5,robust_clearance_mpc,0.5861111111111111,0.09268368931414381,0.11645834328503825,0.7249701866058542,0.15873906298884194,0.01173319338076078,0.010487054549450562,0.15138888888888888,0.07777777777777778,0.0010521990057027345,0.0,0.45849885466061063,0.09001143004380995,0.5359140551122688
1.0,5,uncertainty_guided_probe,0.37777777777777777,0.0604109428197193,0.07332907416129865,0.7554558137803721,0.13751922431704663,0.15093199139489755,0.13226933701727583,0.23055555555555557,0.04722222222222222,0.0800095418499753,0.17222222222222222,0.5927777332526318,-0.4663980427418446,0.5573775043374056
1.0,5,visuotactile_probe,0.375,0.06798018687104507,0.08226251380475935,0.734892330134733,0.1586809715767743,0.13267814225781932,0.14282791400494171,0.2513888888888889,0.05138888888888889,0.05050037280316493,0.1,0.5915615585273176,-0.41672219684102846,0.5666398684628826
1.0,6,action_critical_interactive_depth_v4,0.4708333333333333,0.06043766220600156,0.07462298236824597,0.7595824484171589,0.1364569730073973,0.18797695413835783,0.24586114594185654,0.21805555555555556,0.0375,0.05028687318124707,0.09583333333333334,0.5250450928669146,-0.23073419160858313,0.611107608344797
1.0,6,active_view_selection,0.7722222222222223,0.036902985062502044,0.04327154563404533,0.815427169453142,0.12966176006642255,0.03389032403477175,0.023823806926930754,0.18194444444444444,0.0,0.01398236837663515,0.0,0.31947276882483905,0.35959969445658957,0.5897568075457135
1.0,6,diffusion_depth_policy,0.4041666666666667,0.07903692422204289,0.09561100497284424,0.7019758549728352,0.19523578647307704,0.010589708101591466,0.010134280965802406,0.25833333333333336,0.04583333333333333,0.010010527102773557,0.001388888888888889,0.5666141928391809,-0.27129924430379054,0.5290122847574417
1.0,6,ensemble_depth_completion,0.2861111111111111,0.08512931093636243,0.1015769833015013,0.6967415257853978,0.1549035349924752,0.011240920750973632,0.011090688258151925,0.27361111111111114,0.075,0.0010054364275813076,0.002777777777777778,0.6393858535741276,-0.4638985172806623,0.5307146533622713
1.0,6,foundation_depth_prior,0.14305555555555555,0.08982557589453055,0.10546185666777731,0.6535449070859258,0.21278350326497583,0.01150401475932255,0.009678361966267557,0.3638888888888889,0.125,0.0038420353887201057,0.0,0.7408063159798723,-0.796176556021901,0.5109356611495153
1.0,6,gaussian_splat_uncertainty,0.24305555555555555,0.0913814801454447,0.11264628174929411,0.7005527803688965,0.14227425450874126,0.012097574945128375,0.009739767402946667,0.23055555555555557,0.11388888888888889,0.0015682198992108178,0.004166666666666667,0.6612934474763276,-0.49118119433035656,0.5301131695664764
1.0,6,learned_depth_completion,0.03611111111111111,0.09978295007046552,0.11781482724352393,0.6191301264691786,0.22829707737821409,0.010457777876349607,0.009380366167378496,0.3347222222222222,0.1527777777777778,0.0004919814783886894,0.001388888888888889,0.8112243241023928,-0.9265765894608267,0.49596185907171325
1.0,6,next_best_view_planner,0.7291666666666666,0.040822644817920875,0.04931140247457293,0.8105444718370082,0.13671156323552877,0.03111014886711245,0.02071232458497468,0.1736111111111111,0.0,0.012345244717908242,0.001388888888888889,0.3462124798630202,0.30889318060323345,0.5850222312770111
1.0,6,oracle_depth_completion,0.9986111111111111,0.019554305355338066,0.026350557943134012,0.9042403164456745,0.06953286447324698,0.07283590551528096,0.087398976121344,0.10555555555555556,0.0,0.0177469789476563,0.008333333333333333,0.14541404324918167,0.7726549967409535,0.645012035786618
1.0,6,raw_depth_policy,0.0,0.13395699077964213,0.16035876464388138,0.5025358235166526,0.29240528971686164,0.010708136126974768,0.010262144739918948,0.4652777777777778,0.3402777777777778,0.001264200928197318,0.001388888888888889,0.9120921096232978,-1.2656580598747151,0.44402899103574356
1.0,6,risk_aware_action_critical_depth_probe_v5,0.5652777777777778,0.056129151507258966,0.06875386899119822,0.781922501692962,0.12035108506425109,0.18438272109765058,0.2516875081244133,0.23472222222222222,0.0125,0.04108344127522053,0.08888888888888889,0.4683590287238348,-0.09842486104891693,0.62431769539825
1.0,6,robust_clearance_mpc,0.6166666666666667,0.09262073438710416,0.11642399083314142,0.726118341532357,0.15860356428363953,0.01166673661484241,0.009947975998640605,0.12222222222222222,0.05694444444444444,0.0012195291295049291,0.0,0.43784895791116346,0.17684800280364454,0.5361170080509514
1.0,6,uncertainty_guided_probe,0.3527777777777778,0.059694208181138325,0.07168748407001885,0.7574193681012317,0.1364839464858952,0.15655570933646135,0.1388276420243838,0.25833333333333336,0.03888888888888889,0.08440170541357007,0.1625,0.6081536140711205,-0.5216001110034736,0.5620819511839499
1.0,6,visuotactile_probe,0.3736111111111111,0.06637259580626498,0.08091023091008938,0.7391200925277377,0.15730722564299124,0.14333347140726133,0.1547298448839916,0.2625,0.05555555555555555,0.05518778842678152,0.08333333333333333,0.590176268887689,-0.4184778685347664,0.5758118587551084
1.0,7,action_critical_interactive_depth_v4,0.45,0.060065045698872506,0.07342722780579077,0.7613630209087172,0.13661238589009075,0.192525672545928,0.25139799248262434,0.22361111111111112,0.0375,0.05128357157151025,0.09583333333333334,0.5365568847157265,-0.26547247016536873,0.613518651068611
1.0,7,active_view_selection,0.7638888888888888,0.03703043106867716,0.04352171876678164,0.8166634699668991,0.13001033049871144,0.03449764425011968,0.022559286054579925,0.17777777777777778,0.0,0.01462483892721239,0.001388888888888889,0.325798117881963,0.35061439478750894,0.5894303109628806
1.0,7,diffusion_depth_policy,0.3763888888888889,0.07873833872360572,0.09559151305360697,0.7010123338035884,0.19579028700562826,0.012129394091052055,0.010189340516589734,0.30416666666666664,0.06527777777777778,0.009165576442138093,0.002777777777777778,0.5891532384984385,-0.37604959358371104,0.5288886106758367
1.0,7,ensemble_depth_completion,0.3013888888888889,0.08480613860859512,0.10150663138219207,0.6966292760634368,0.15400959965535785,0.011709831134300372,0.010373442100049307,0.2777777777777778,0.07083333333333333,0.0018156167336648445,0.004166666666666667,0.6317520231477052,-0.44826507759925865,0.5303774695604062
1.0,7,foundation_depth_prior,0.13194444444444445,0.08906082543750955,0.10576568066365044,0.6552918137898291,0.2113728362751472,0.010971861445446512,0.010599722819548327,0.3138888888888889,0.12361111111111112,0.004093121785702439,0.0,0.736054850333784,-0.7462705045966241,0.5119338479332435
1.0,7,gaussian_splat_uncertainty,0.24027777777777778,0.09153924025261616,0.11275340312480267,0.7002109713849867,0.14180778898434124,0.011609641223129973,0.010726395743884466,0.2569444444444444,0.10972222222222222,0.0017892144529715948,0.002777777777777778,0.6699807264998409,-0.526498507477586,0.5304133460291368
1.0,7,learned_depth_completion,0.02361111111111111,0.0995554785268888,0.11803892026633495,0.619697002537059,0.22910501289414,0.01159844597309444,0.009489108192918387,0.36666666666666664,0.1597222222222222,0.0017334051197463673,0.005555555555555556,0.8229087576371563,-0.9906954570138737,0.4952173656975003
1.0,7,next_best_view_planner,0.725,0.04095862864603509,0.04953172740224444,0.8116390600242969,0.13667031637922133,0.03089862268659383,0.022766975847849827,0.19722222222222222,0.0,0.01293791588983246,0.002777777777777778,0.35505097659231866,0.270590875363515,0.5852989629462855
1.0,7,oracle_depth_completion,0.9944444444444445,0.019870588977824698,0.025605815997198016,0.9015217870762061,0.06920731533094787,0.08478145513124945,0.10473054927146046,0.11944444444444445,0.0,0.019810054819803292,0.018055555555555554,0.15413991483533201,0.737377654192791,0.647418467704
1.0,7,raw_depth_policy,0.0,0.13381202218850402,0.16030525577287663,0.5013754058792511,0.2925213716956281,0.011318700014873482,0.009658957113688409,0.4444444444444444,0.39305555555555555,0.0017774273043238149,0.002777777777777778,0.9086081417997574,-1.2663458036248258,0.4433248711325843
1.0,7,risk_aware_action_critical_depth_probe_v5,0.5569444444444445,0.05675525629497362,0.06868010870157681,0.7802673769621283,0.12125967149140418,0.18288612503387974,0.24774434048050226,0.24722222222222223,0.0125,0.040363865338484475,0.08888888888888889,0.47710161804326795,-0.12628016090433908,0.6225336619095838
1.0,7,robust_clearance_mpc,0.6125,0.09237215092847989,0.11674122994268675,0.7255141694146455,0.15889439509467296,0.009823244500770328,0.01033989780956087,0.12916666666666668,0.06527777777777778,0.00047841988070635843,0.0,0.440688286770824,0.15921646264742068,0.5359230600311248
1.0,7,uncertainty_guided_probe,0.3486111111111111,0.05919440583964412,0.07204719399080023,0.7583096473286898,0.13727427424786467,0.1576290322433029,0.138203664211803,0.22916666666666666,0.04722222222222222,0.08443680916955541,0.19027777777777777,0.6073165183991868,-0.5212750066697046,0.5563598503154671
1.0,7,visuotactile_probe,0.37916666666666665,0.06718759463812057,0.08166270241328015,0.7386664314853001,0.15805755323088932,0.14173091074432811,0.15355590177129652,0.275,0.0375,0.053557248349459345,0.08888888888888889,0.5911616611445277,-0.42373309539351284,0.573824088347618
1.0,8,action_critical_interactive_depth_v4,0.4486111111111111,0.059214182288560145,0.07266249303793562,0.7626973650438195,0.13555475207898832,0.20206083964776184,0.25997821319463427,0.23333333333333334,0.03611111111111111,0.05238910748761156,0.125,0.5413177813259913,-0.30758044082296254,0.6111410817831614
1.0,8,active_view_selection,0.7305555555555555,0.03770152533593823,0.04315763798659505,0.8144310586204119,0.12921719254498767,0.03326382508053634,0.023971040848773138,0.20416666666666666,0.0,0.013955254826065546,0.0,0.346499185400953,0.2756313971063932,0.5891553977590055
1.0,8,diffusion_depth_policy,0.4222222222222222,0.07911368748278841,0.09525580110665925,0.7002521656816831,0.19460756769350335,0.010847099439370206,0.010079782066841665,0.26666666666666666,0.05138888888888889,0.010014851348261746,0.001388888888888889,0.5592261176929527,-0.260914725370859,0.5285918045717883
1.0,8,ensemble_depth_completion,0.30972222222222223,0.08467946705982103,0.10129964283241452,0.6980620923570631,0.15518344558367028,0.010337814826326319,0.009891646173727158,0.25833333333333336,0.08055555555555556,0.001775096641866281,0.004166666666666667,0.6244065196610101,-0.41766769002484655,0.5303903742199455
1.0,8,foundation_depth_prior,0.13333333333333333,0.08930042461769393,0.1054859165420685,0.6544284626292006,0.21231001085146797,0.011806694638923303,0.010345172733766846,0.31527777777777777,0.08472222222222223,0.004960658554003131,0.0,0.733681624832205,-0.7266704354242661,0.5114461108713215
1.0,8,gaussian_splat_uncertainty,0.25416666666666665,0.09176049750867962,0.1126980607256595,0.6987588712733996,0.1421824092899862,0.011375418034739564,0.010686412433464252,0.2375,0.11527777777777778,0.0015232180554374944,0.004166666666666667,0.658330396537059,-0.4868686687140429,0.5295759500396389
1.0,8,learned_depth_completion,0.03194444444444444,0.10010264728726599,0.118126372994246,0.6187933233039545,0.2295063209982545,0.010400665376288218,0.009708353995752669,0.3597222222222222,0.15555555555555556,0.0017264398987085884,0.002777777777777778,0.8180411158719358,-0.9667998723354428,0.49518509530048804
1.0,8,next_best_view_planner,0.7166666666666667,0.04066688205418367,0.04970779588193206,0.8116948263791651,0.13620269479916558,0.031172751772740263,0.02216562349910043,0.19444444444444445,0.0,0.012188639984228635,0.001388888888888889,0.35867338096090073,0.2647685983880124,0.5858092062260684
1.0,8,oracle_depth_completion,0.9916666666666667,0.01952282344109716,0.02607300772351791,0.9037543292631358,0.06946627121974222,0.07894439388296409,0.09559974959648092,0.12361111111111112,0.0,0.018704518699765624,0.008333333333333333,0.15284785379125057,0.7399738357657358,0.6475229037712912
1.0,8,raw_depth_policy,0.0,0.1344578433637024,0.1607070569451083,0.5016918705781868,0.2926693670460529,0.0106678036441762,0.009827766982495496,0.49027777777777776,0.3680555555555556,0.0017757081696003398,0.006944444444444444,0.9159399426719804,-1.315432533561076,0.44216987281338344
1.0,8,risk_aware_action_critical_depth_probe_v5,0.6055555555555555,0.05785559761756717,0.07005299139010467,0.7780249994097966,0.12122325677926682,0.17337534250528597,0.2368173750545553,0.2152777777777778,0.015277777777777777,0.03830832841033035,0.06944444444444445,0.4432722530434715,-0.0026220727939889068,0.6221723140515582
1.0,8,robust_clearance_mpc,0.625,0.09238487308257927,0.11653608112185256,0.7264927691295755,0.1591936294761969,0.01177181053073083,0.009731675014812688,0.10972222222222222,0.08333333333333333,0.0013847559521227974,0.001388888888888889,0.4305060324747613,0.19010171927050795,0.5358897023175618
1.0,8,uncertainty_guided_probe,0.3416666666666667,0.059381523304745464,0.07096996954622843,0.7570857889169975,0.13649917637563141,0.15811365593804233,0.13941559810337237,0.22916666666666666,0.034722222222222224,0.08442155972308925,0.175,0.6079708201935923,-0.5085637678814677,0.5597312913805274
1.0,8,visuotactile_probe,0.3902777777777778,0.06637991844998105,0.0814371856992447,0.7408441878991301,0.15795066533269153,0.14208945254753513,0.15344295040526132,0.2375,0.034722222222222224,0.05436062248140846,0.09027777777777778,0.5776220192928117,-0.3613521329489229,0.5743498878561211
1.0,9,action_critical_interactive_depth_v4,0.4708333333333333,0.0601018730156844,0.07341605190413175,0.7607722676974912,0.1359772305486814,0.1914383594325562,0.2510476874992787,0.24166666666666667,0.030555555555555555,0.051394277850127415,0.1125,0.5326001847601933,-0.2749919401343683,0.6094673444574993
1.0,9,active_view_selection,0.7777777777777778,0.037587884635269464,0.043579686339445554,0.8140626480920231,0.13028383443291966,0.03410789639963274,0.0216960532195856,0.15555555555555556,0.0,0.014454833670262509,0.001388888888888889,0.3138211825726626,0.3975491411213605,0.5882378280505246
1.0,9,diffusion_depth_policy,0.3680555555555556,0.07947457155136728,0.09602786369138591,0.6994590775130946,0.19534765856716904,0.011568564246960353,0.0100138877516901,0.2708333333333333,0.04722222222222222,0.010604669910288217,0.002777777777777778,0.5870360242848599,-0.3366171096225226,0.5278596059455584
1.0,9,ensemble_depth_completion,0.2861111111111111,0.08503752212113136,0.10211985819961515,0.6982208485883513,0.15524918883608102,0.012584552156124792,0.00971938311602997,0.24166666666666667,0.07083333333333333,0.001995782140003763,0.005555555555555556,0.6318674107424149,-0.42343285854016544,0.530272905580984
1.0,9,foundation_depth_prior,0.11527777777777778,0.08997466817552156,0.10594635737222537,0.6539343689158092,0.2120893760211175,0.01217121691093557,0.009842354890236204,0.34444444444444444,0.10694444444444444,0.004984201929733262,0.001388888888888889,0.7488767046454368,-0.7996419980579137,0.5107119967049054
1.0,9,gaussian_splat_uncertainty,0.24166666666666667,0.09170456521259665,0.11286059859511811,0.6985233780496407,0.14205607600990094,0.011036766475510988,0.00954226906930272,0.24444444444444444,0.09027777777777778,0.0007796964765993214,0.001388888888888889,0.6642471278406993,-0.4961850594778967,0.5299680783116395
1.0,9,learned_depth_completion,0.043055555555555555,0.09953772291759272,0.11782313895561648,0.6200247587714274,0.22809054500632994,0.012608593711008328,0.010815941055722268,0.35694444444444445,0.19444444444444445,0.0017621655692554707,0.005555555555555556,0.8106672553530949,-0.9691583212352359,0.4958662565593986
1.0,9,next_best_view_planner,0.7083333333333334,0.04082702859195099,0.04996749425198776,0.8123557457301823,0.1365895345254502,0.03131898183648951,0.02207975555534079,0.20972222222222223,0.0,0.012864078852843462,0.0,0.3656941384293408,0.23553406198750598,0.5860967151865231
1.0,9,oracle_depth_completion,0.9986111111111111,0.019836017665455813,0.025482307223209263,0.9036592576925001,0.06971354821942219,0.08811727423406707,0.10949055673175305,0.10833333333333334,0.0,0.020517273481069926,0.005555555555555556,0.14426002931314583,0.7716788845697097,0.6521972509983276
1.0,9,raw_depth_policy,0.0,0.13380321612068136,0.16047050940569588,0.502373841115334,0.2926154597950228,0.01109462039280634,0.009530102853758831,0.44027777777777777,0.32222222222222224,0.0022430801038652412,0.001388888888888889,0.9082255433637929,-1.226216096213909,0.4437652209254343
1.0,9,risk_aware_action_critical_depth_probe_v5,0.5708333333333333,0.05578204962931753,0.06795555015542908,0.7828036061912402,0.12018093235454733,0.1906730550320178,0.25961198601812147,0.2152777777777778,0.018055555555555554,0.0419268316227657,0.09027777777777778,0.46253398443206556,-0.07116159969786491,0.6270226591973078
1.0,9,robust_clearance_mpc,0.6208333333333333,0.09239948731798639,0.11678751790908122,0.7251682263041683,0.15823608992489827,0.011420311678262575,0.009927452913386656,0.11666666666666667,0.07777777777777778,0.001195368141652302,0.0,0.43375465984787953,0.17995120433382017,0.5359317197986452
1.0,9,uncertainty_guided_probe,0.33194444444444443,0.05890883207481365,0.07149397328003873,0.7592764812185847,0.13699702188139762,0.15946049742768384,0.14046113176776215,0.25555555555555554,0.041666666666666664,0.08552429984095183,0.17777777777777778,0.6200004329396384,-0.5623995023621374,0.5601324858563085
1.0,9,visuotactile_probe,0.3611111111111111,0.06833386586205367,0.08329512521475507,0.7353729871817434,0.15957782268725432,0.1304563570329199,0.14025803573701687,0.25416666666666665,0.05,0.0496205002468325,0.1,0.5988079771573768,-0.4372972914869254,0.5657702900625
