stress_level,method,task,seed,task_success,action_critical_rmse,collision_rate,probe_damage
0.0,learned_depth_completion,occluded_bin_grasping,0,1.000000,0.048928,0.000000,0.000000
0.0,learned_depth_completion,occluded_bin_grasping,1,1.000000,0.051210,0.000000,0.000000
0.0,learned_depth_completion,occluded_bin_grasping,2,1.000000,0.047776,0.000000,0.000000
0.0,learned_depth_completion,occluded_bin_grasping,3,1.000000,0.046471,0.000000,0.000000
0.0,learned_depth_completion,occluded_bin_grasping,4,1.000000,0.048145,0.000000,0.000000
0.0,learned_depth_completion,occluded_bin_grasping,5,1.000000,0.048872,0.000000,0.000000
0.0,learned_depth_completion,occluded_bin_grasping,6,1.000000,0.046579,0.000000,0.000000
0.0,learned_depth_completion,shelf_insertion_clearance,0,1.000000,0.042284,0.000000,0.000000
0.0,learned_depth_completion,shelf_insertion_clearance,1,1.000000,0.036632,0.000000,0.000000
0.0,learned_depth_completion,shelf_insertion_clearance,2,1.000000,0.045043,0.000000,0.000000
0.0,learned_depth_completion,shelf_insertion_clearance,3,1.000000,0.042198,0.000000,0.000000
0.0,learned_depth_completion,shelf_insertion_clearance,4,1.000000,0.040628,0.000000,0.000000
0.0,learned_depth_completion,shelf_insertion_clearance,5,1.000000,0.036841,0.000000,0.000000
0.0,learned_depth_completion,shelf_insertion_clearance,6,1.000000,0.043559,0.000000,0.000000
0.0,learned_depth_completion,transparent_container_lift,0,0.977273,0.063243,0.022727,0.000000
0.0,learned_depth_completion,transparent_container_lift,1,0.863636,0.067086,0.045455,0.000000
0.0,learned_depth_completion,transparent_container_lift,2,0.954545,0.065074,0.000000,0.000000
0.0,learned_depth_completion,transparent_container_lift,3,0.954545,0.059928,0.045455,0.000000
0.0,learned_depth_completion,transparent_container_lift,4,1.000000,0.055926,0.000000,0.000000
0.0,learned_depth_completion,transparent_container_lift,5,0.954545,0.063988,0.000000,0.000000
0.0,learned_depth_completion,transparent_container_lift,6,0.977273,0.060406,0.022727,0.000000
0.0,learned_depth_completion,leaf_occluded_fruit_grasp,0,0.954545,0.058472,0.000000,0.000000
0.0,learned_depth_completion,leaf_occluded_fruit_grasp,1,0.931818,0.053725,0.000000,0.000000
0.0,learned_depth_completion,leaf_occluded_fruit_grasp,2,0.977273,0.057761,0.000000,0.000000
0.0,learned_depth_completion,leaf_occluded_fruit_grasp,3,0.954545,0.054793,0.000000,0.000000
0.0,learned_depth_completion,leaf_occluded_fruit_grasp,4,0.954545,0.051664,0.022727,0.000000
0.0,learned_depth_completion,leaf_occluded_fruit_grasp,5,0.909091,0.059392,0.022727,0.000000
0.0,learned_depth_completion,leaf_occluded_fruit_grasp,6,0.931818,0.053686,0.000000,0.000000
0.0,ensemble_depth_completion,occluded_bin_grasping,0,1.000000,0.040443,0.000000,0.000000
0.0,ensemble_depth_completion,occluded_bin_grasping,1,1.000000,0.042820,0.000000,0.000000
0.0,ensemble_depth_completion,occluded_bin_grasping,2,1.000000,0.042847,0.000000,0.000000
0.0,ensemble_depth_completion,occluded_bin_grasping,3,1.000000,0.041267,0.000000,0.000000
0.0,ensemble_depth_completion,occluded_bin_grasping,4,1.000000,0.040596,0.000000,0.000000
0.0,ensemble_depth_completion,occluded_bin_grasping,5,1.000000,0.039633,0.000000,0.000000
0.0,ensemble_depth_completion,occluded_bin_grasping,6,1.000000,0.042046,0.000000,0.000000
0.0,ensemble_depth_completion,shelf_insertion_clearance,0,1.000000,0.034220,0.000000,0.000000
0.0,ensemble_depth_completion,shelf_insertion_clearance,1,1.000000,0.034231,0.000000,0.000000
0.0,ensemble_depth_completion,shelf_insertion_clearance,2,1.000000,0.035125,0.000000,0.000000
0.0,ensemble_depth_completion,shelf_insertion_clearance,3,1.000000,0.037916,0.000000,0.000000
0.0,ensemble_depth_completion,shelf_insertion_clearance,4,1.000000,0.036028,0.000000,0.000000
0.0,ensemble_depth_completion,shelf_insertion_clearance,5,1.000000,0.034591,0.000000,0.000000
0.0,ensemble_depth_completion,shelf_insertion_clearance,6,1.000000,0.033168,0.000000,0.000000
0.0,ensemble_depth_completion,transparent_container_lift,0,1.000000,0.050990,0.000000,0.000000
0.0,ensemble_depth_completion,transparent_container_lift,1,1.000000,0.052838,0.000000,0.000000
0.0,ensemble_depth_completion,transparent_container_lift,2,1.000000,0.047972,0.000000,0.000000
0.0,ensemble_depth_completion,transparent_container_lift,3,1.000000,0.051735,0.000000,0.000000
0.0,ensemble_depth_completion,transparent_container_lift,4,1.000000,0.051926,0.000000,0.000000
0.0,ensemble_depth_completion,transparent_container_lift,5,1.000000,0.048990,0.000000,0.000000
0.0,ensemble_depth_completion,transparent_container_lift,6,1.000000,0.053305,0.000000,0.000000
0.0,ensemble_depth_completion,leaf_occluded_fruit_grasp,0,1.000000,0.047403,0.000000,0.000000
0.0,ensemble_depth_completion,leaf_occluded_fruit_grasp,1,1.000000,0.047552,0.000000,0.000000
0.0,ensemble_depth_completion,leaf_occluded_fruit_grasp,2,1.000000,0.048561,0.000000,0.000000
0.0,ensemble_depth_completion,leaf_occluded_fruit_grasp,3,1.000000,0.045183,0.000000,0.000000
0.0,ensemble_depth_completion,leaf_occluded_fruit_grasp,4,1.000000,0.045581,0.000000,0.000000
0.0,ensemble_depth_completion,leaf_occluded_fruit_grasp,5,0.977273,0.046381,0.000000,0.000000
0.0,ensemble_depth_completion,leaf_occluded_fruit_grasp,6,0.977273,0.051446,0.000000,0.000000
0.0,active_view_selection,occluded_bin_grasping,0,1.000000,0.033223,0.000000,0.000000
0.0,active_view_selection,occluded_bin_grasping,1,1.000000,0.034524,0.000000,0.000000
0.0,active_view_selection,occluded_bin_grasping,2,1.000000,0.035017,0.000000,0.000000
0.0,active_view_selection,occluded_bin_grasping,3,1.000000,0.032142,0.000000,0.000000
0.0,active_view_selection,occluded_bin_grasping,4,1.000000,0.031154,0.000000,0.000000
0.0,active_view_selection,occluded_bin_grasping,5,1.000000,0.034823,0.000000,0.000000
0.0,active_view_selection,occluded_bin_grasping,6,1.000000,0.035191,0.000000,0.000000
0.0,active_view_selection,shelf_insertion_clearance,0,1.000000,0.031047,0.000000,0.000000
0.0,active_view_selection,shelf_insertion_clearance,1,1.000000,0.031169,0.000000,0.000000
0.0,active_view_selection,shelf_insertion_clearance,2,1.000000,0.033470,0.000000,0.000000
0.0,active_view_selection,shelf_insertion_clearance,3,1.000000,0.033505,0.000000,0.000000
0.0,active_view_selection,shelf_insertion_clearance,4,1.000000,0.034870,0.000000,0.000000
0.0,active_view_selection,shelf_insertion_clearance,5,1.000000,0.033911,0.000000,0.000000
0.0,active_view_selection,shelf_insertion_clearance,6,1.000000,0.031539,0.000000,0.000000
0.0,active_view_selection,transparent_container_lift,0,1.000000,0.049742,0.000000,0.000000
0.0,active_view_selection,transparent_container_lift,1,1.000000,0.057315,0.000000,0.000000
0.0,active_view_selection,transparent_container_lift,2,1.000000,0.054590,0.000000,0.000000
0.0,active_view_selection,transparent_container_lift,3,0.977273,0.056114,0.000000,0.000000
0.0,active_view_selection,transparent_container_lift,4,1.000000,0.052042,0.000000,0.000000
0.0,active_view_selection,transparent_container_lift,5,1.000000,0.050369,0.000000,0.000000
0.0,active_view_selection,transparent_container_lift,6,1.000000,0.057625,0.000000,0.000000
0.0,active_view_selection,leaf_occluded_fruit_grasp,0,1.000000,0.035404,0.000000,0.000000
0.0,active_view_selection,leaf_occluded_fruit_grasp,1,1.000000,0.034465,0.000000,0.000000
0.0,active_view_selection,leaf_occluded_fruit_grasp,2,1.000000,0.036119,0.000000,0.000000
0.0,active_view_selection,leaf_occluded_fruit_grasp,3,1.000000,0.036681,0.000000,0.000000
0.0,active_view_selection,leaf_occluded_fruit_grasp,4,1.000000,0.033066,0.000000,0.000000
0.0,active_view_selection,leaf_occluded_fruit_grasp,5,1.000000,0.037758,0.000000,0.000000
0.0,active_view_selection,leaf_occluded_fruit_grasp,6,1.000000,0.039676,0.000000,0.000000
0.0,visuotactile_probe,occluded_bin_grasping,0,0.931818,0.040648,0.000000,0.090909
0.0,visuotactile_probe,occluded_bin_grasping,1,0.977273,0.040605,0.000000,0.022727
0.0,visuotactile_probe,occluded_bin_grasping,2,0.977273,0.039245,0.000000,0.022727
0.0,visuotactile_probe,occluded_bin_grasping,3,0.977273,0.037161,0.000000,0.022727
0.0,visuotactile_probe,occluded_bin_grasping,4,0.931818,0.036340,0.022727,0.136364
0.0,visuotactile_probe,occluded_bin_grasping,5,0.931818,0.042085,0.022727,0.068182
0.0,visuotactile_probe,occluded_bin_grasping,6,0.954545,0.038958,0.000000,0.068182
0.0,visuotactile_probe,shelf_insertion_clearance,0,1.000000,0.036251,0.000000,0.000000
0.0,visuotactile_probe,shelf_insertion_clearance,1,0.954545,0.033617,0.000000,0.045455
0.0,visuotactile_probe,shelf_insertion_clearance,2,0.954545,0.035348,0.000000,0.045455
0.0,visuotactile_probe,shelf_insertion_clearance,3,0.954545,0.035236,0.000000,0.045455
0.0,visuotactile_probe,shelf_insertion_clearance,4,0.909091,0.033977,0.022727,0.090909
0.0,visuotactile_probe,shelf_insertion_clearance,5,1.000000,0.034558,0.000000,0.022727
0.0,visuotactile_probe,shelf_insertion_clearance,6,0.931818,0.033002,0.000000,0.068182
0.0,visuotactile_probe,transparent_container_lift,0,0.886364,0.049921,0.022727,0.113636
0.0,visuotactile_probe,transparent_container_lift,1,0.909091,0.050831,0.022727,0.090909
0.0,visuotactile_probe,transparent_container_lift,2,0.886364,0.051102,0.000000,0.113636
0.0,visuotactile_probe,transparent_container_lift,3,0.977273,0.051982,0.000000,0.022727
0.0,visuotactile_probe,transparent_container_lift,4,0.931818,0.048536,0.000000,0.068182
0.0,visuotactile_probe,transparent_container_lift,5,0.931818,0.049030,0.000000,0.068182
0.0,visuotactile_probe,transparent_container_lift,6,0.886364,0.049061,0.000000,0.113636
0.0,visuotactile_probe,leaf_occluded_fruit_grasp,0,0.795455,0.045523,0.045455,0.204545
0.0,visuotactile_probe,leaf_occluded_fruit_grasp,1,0.840909,0.043365,0.022727,0.159091
0.0,visuotactile_probe,leaf_occluded_fruit_grasp,2,0.840909,0.046395,0.045455,0.159091
0.0,visuotactile_probe,leaf_occluded_fruit_grasp,3,0.795455,0.044724,0.045455,0.204545
0.0,visuotactile_probe,leaf_occluded_fruit_grasp,4,0.863636,0.044307,0.045455,0.136364
0.0,visuotactile_probe,leaf_occluded_fruit_grasp,5,0.954545,0.042596,0.000000,0.045455
0.0,visuotactile_probe,leaf_occluded_fruit_grasp,6,0.863636,0.044676,0.022727,0.136364
0.0,uncertainty_guided_probe,occluded_bin_grasping,0,0.954545,0.037021,0.000000,0.068182
0.0,uncertainty_guided_probe,occluded_bin_grasping,1,0.977273,0.035000,0.000000,0.045455
0.0,uncertainty_guided_probe,occluded_bin_grasping,2,0.909091,0.038385,0.000000,0.090909
0.0,uncertainty_guided_probe,occluded_bin_grasping,3,0.931818,0.038108,0.022727,0.113636
0.0,uncertainty_guided_probe,occluded_bin_grasping,4,1.000000,0.037477,0.000000,0.022727
0.0,uncertainty_guided_probe,occluded_bin_grasping,5,0.931818,0.036799,0.000000,0.090909
0.0,uncertainty_guided_probe,occluded_bin_grasping,6,0.977273,0.037722,0.000000,0.022727
0.0,uncertainty_guided_probe,shelf_insertion_clearance,0,0.886364,0.031323,0.000000,0.113636
0.0,uncertainty_guided_probe,shelf_insertion_clearance,1,0.931818,0.031454,0.000000,0.068182
0.0,uncertainty_guided_probe,shelf_insertion_clearance,2,0.954545,0.030488,0.000000,0.045455
0.0,uncertainty_guided_probe,shelf_insertion_clearance,3,0.863636,0.028088,0.000000,0.136364
0.0,uncertainty_guided_probe,shelf_insertion_clearance,4,0.886364,0.032120,0.000000,0.113636
0.0,uncertainty_guided_probe,shelf_insertion_clearance,5,0.954545,0.031251,0.000000,0.045455
0.0,uncertainty_guided_probe,shelf_insertion_clearance,6,0.909091,0.032385,0.022727,0.090909
0.0,uncertainty_guided_probe,transparent_container_lift,0,0.886364,0.046180,0.022727,0.113636
0.0,uncertainty_guided_probe,transparent_container_lift,1,0.909091,0.047426,0.000000,0.090909
0.0,uncertainty_guided_probe,transparent_container_lift,2,0.818182,0.046997,0.022727,0.181818
0.0,uncertainty_guided_probe,transparent_container_lift,3,0.795455,0.049662,0.022727,0.204545
0.0,uncertainty_guided_probe,transparent_container_lift,4,0.909091,0.044499,0.022727,0.090909
0.0,uncertainty_guided_probe,transparent_container_lift,5,0.886364,0.049775,0.000000,0.113636
0.0,uncertainty_guided_probe,transparent_container_lift,6,0.931818,0.048809,0.022727,0.068182
0.0,uncertainty_guided_probe,leaf_occluded_fruit_grasp,0,0.590909,0.037599,0.068182,0.409091
0.0,uncertainty_guided_probe,leaf_occluded_fruit_grasp,1,0.772727,0.043070,0.022727,0.227273
0.0,uncertainty_guided_probe,leaf_occluded_fruit_grasp,2,0.727273,0.045109,0.068182,0.272727
0.0,uncertainty_guided_probe,leaf_occluded_fruit_grasp,3,0.840909,0.042653,0.000000,0.159091
0.0,uncertainty_guided_probe,leaf_occluded_fruit_grasp,4,0.704545,0.043841,0.022727,0.295455
0.0,uncertainty_guided_probe,leaf_occluded_fruit_grasp,5,0.795455,0.042118,0.022727,0.204545
0.0,uncertainty_guided_probe,leaf_occluded_fruit_grasp,6,0.818182,0.040025,0.045455,0.181818
0.0,proposed_action_critical_interactive_depth,occluded_bin_grasping,0,1.000000,0.035597,0.000000,0.022727
0.0,proposed_action_critical_interactive_depth,occluded_bin_grasping,1,0.931818,0.038594,0.000000,0.068182
0.0,proposed_action_critical_interactive_depth,occluded_bin_grasping,2,0.931818,0.038290,0.000000,0.068182
0.0,proposed_action_critical_interactive_depth,occluded_bin_grasping,3,0.931818,0.036101,0.000000,0.068182
0.0,proposed_action_critical_interactive_depth,occluded_bin_grasping,4,0.977273,0.034123,0.000000,0.045455
0.0,proposed_action_critical_interactive_depth,occluded_bin_grasping,5,0.909091,0.035196,0.000000,0.113636
0.0,proposed_action_critical_interactive_depth,occluded_bin_grasping,6,0.977273,0.037336,0.000000,0.022727
0.0,proposed_action_critical_interactive_depth,shelf_insertion_clearance,0,0.863636,0.030767,0.068182,0.136364
0.0,proposed_action_critical_interactive_depth,shelf_insertion_clearance,1,0.954545,0.029996,0.000000,0.045455
0.0,proposed_action_critical_interactive_depth,shelf_insertion_clearance,2,0.931818,0.030272,0.000000,0.068182
0.0,proposed_action_critical_interactive_depth,shelf_insertion_clearance,3,0.909091,0.031029,0.000000,0.090909
0.0,proposed_action_critical_interactive_depth,shelf_insertion_clearance,4,0.931818,0.029277,0.022727,0.090909
0.0,proposed_action_critical_interactive_depth,shelf_insertion_clearance,5,0.954545,0.031022,0.000000,0.045455
0.0,proposed_action_critical_interactive_depth,shelf_insertion_clearance,6,1.000000,0.030248,0.000000,0.000000
0.0,proposed_action_critical_interactive_depth,transparent_container_lift,0,0.886364,0.045862,0.022727,0.113636
0.0,proposed_action_critical_interactive_depth,transparent_container_lift,1,0.954545,0.048916,0.045455,0.045455
0.0,proposed_action_critical_interactive_depth,transparent_container_lift,2,0.886364,0.046131,0.000000,0.113636
0.0,proposed_action_critical_interactive_depth,transparent_container_lift,3,0.954545,0.046750,0.000000,0.045455
0.0,proposed_action_critical_interactive_depth,transparent_container_lift,4,0.886364,0.046925,0.000000,0.113636
0.0,proposed_action_critical_interactive_depth,transparent_container_lift,5,0.977273,0.048965,0.000000,0.022727
0.0,proposed_action_critical_interactive_depth,transparent_container_lift,6,0.954545,0.049047,0.000000,0.045455
0.0,proposed_action_critical_interactive_depth,leaf_occluded_fruit_grasp,0,0.886364,0.039533,0.022727,0.113636
0.0,proposed_action_critical_interactive_depth,leaf_occluded_fruit_grasp,1,0.909091,0.039393,0.000000,0.090909
0.0,proposed_action_critical_interactive_depth,leaf_occluded_fruit_grasp,2,0.863636,0.038492,0.022727,0.136364
0.0,proposed_action_critical_interactive_depth,leaf_occluded_fruit_grasp,3,0.886364,0.038699,0.045455,0.113636
0.0,proposed_action_critical_interactive_depth,leaf_occluded_fruit_grasp,4,0.772727,0.037657,0.068182,0.227273
0.0,proposed_action_critical_interactive_depth,leaf_occluded_fruit_grasp,5,0.795455,0.041719,0.022727,0.204545
0.0,proposed_action_critical_interactive_depth,leaf_occluded_fruit_grasp,6,0.795455,0.041408,0.022727,0.204545
0.0,oracle_depth_completion,occluded_bin_grasping,0,1.000000,0.005116,0.000000,0.000000
0.0,oracle_depth_completion,occluded_bin_grasping,1,1.000000,0.004887,0.000000,0.000000
0.0,oracle_depth_completion,occluded_bin_grasping,2,1.000000,0.005392,0.000000,0.000000
0.0,oracle_depth_completion,occluded_bin_grasping,3,1.000000,0.005093,0.000000,0.000000
0.0,oracle_depth_completion,occluded_bin_grasping,4,1.000000,0.004892,0.000000,0.000000
0.0,oracle_depth_completion,occluded_bin_grasping,5,1.000000,0.005078,0.000000,0.000000
0.0,oracle_depth_completion,occluded_bin_grasping,6,1.000000,0.005109,0.000000,0.000000
0.0,oracle_depth_completion,shelf_insertion_clearance,0,1.000000,0.004948,0.000000,0.000000
0.0,oracle_depth_completion,shelf_insertion_clearance,1,1.000000,0.004997,0.000000,0.000000
0.0,oracle_depth_completion,shelf_insertion_clearance,2,1.000000,0.004738,0.000000,0.000000
0.0,oracle_depth_completion,shelf_insertion_clearance,3,1.000000,0.004939,0.000000,0.000000
0.0,oracle_depth_completion,shelf_insertion_clearance,4,1.000000,0.005179,0.000000,0.000000
0.0,oracle_depth_completion,shelf_insertion_clearance,5,1.000000,0.005139,0.000000,0.000000
0.0,oracle_depth_completion,shelf_insertion_clearance,6,1.000000,0.004596,0.000000,0.000000
0.0,oracle_depth_completion,transparent_container_lift,0,1.000000,0.005073,0.000000,0.000000
0.0,oracle_depth_completion,transparent_container_lift,1,1.000000,0.005706,0.000000,0.000000
0.0,oracle_depth_completion,transparent_container_lift,2,1.000000,0.005283,0.000000,0.000000
0.0,oracle_depth_completion,transparent_container_lift,3,1.000000,0.005274,0.000000,0.000000
0.0,oracle_depth_completion,transparent_container_lift,4,1.000000,0.005367,0.000000,0.000000
0.0,oracle_depth_completion,transparent_container_lift,5,1.000000,0.005906,0.000000,0.000000
0.0,oracle_depth_completion,transparent_container_lift,6,1.000000,0.005418,0.000000,0.000000
0.0,oracle_depth_completion,leaf_occluded_fruit_grasp,0,1.000000,0.005053,0.000000,0.000000
0.0,oracle_depth_completion,leaf_occluded_fruit_grasp,1,1.000000,0.005242,0.000000,0.000000
0.0,oracle_depth_completion,leaf_occluded_fruit_grasp,2,1.000000,0.005757,0.000000,0.000000
0.0,oracle_depth_completion,leaf_occluded_fruit_grasp,3,1.000000,0.005382,0.000000,0.000000
0.0,oracle_depth_completion,leaf_occluded_fruit_grasp,4,1.000000,0.005456,0.000000,0.000000
0.0,oracle_depth_completion,leaf_occluded_fruit_grasp,5,1.000000,0.005409,0.000000,0.000000
0.0,oracle_depth_completion,leaf_occluded_fruit_grasp,6,1.000000,0.005334,0.000000,0.000000
0.2,learned_depth_completion,occluded_bin_grasping,0,0.977273,0.052405,0.000000,0.000000
0.2,learned_depth_completion,occluded_bin_grasping,1,1.000000,0.050804,0.000000,0.000000
0.2,learned_depth_completion,occluded_bin_grasping,2,1.000000,0.052630,0.000000,0.000000
0.2,learned_depth_completion,occluded_bin_grasping,3,0.977273,0.050821,0.022727,0.000000
0.2,learned_depth_completion,occluded_bin_grasping,4,1.000000,0.055003,0.000000,0.000000
0.2,learned_depth_completion,occluded_bin_grasping,5,1.000000,0.053115,0.000000,0.000000
0.2,learned_depth_completion,occluded_bin_grasping,6,0.954545,0.057546,0.000000,0.000000
0.2,learned_depth_completion,shelf_insertion_clearance,0,1.000000,0.046996,0.000000,0.000000
0.2,learned_depth_completion,shelf_insertion_clearance,1,0.977273,0.047383,0.022727,0.000000
0.2,learned_depth_completion,shelf_insertion_clearance,2,0.977273,0.046598,0.000000,0.000000
0.2,learned_depth_completion,shelf_insertion_clearance,3,0.977273,0.043858,0.000000,0.000000
0.2,learned_depth_completion,shelf_insertion_clearance,4,0.954545,0.046618,0.000000,0.000000
0.2,learned_depth_completion,shelf_insertion_clearance,5,0.977273,0.042796,0.000000,0.000000
0.2,learned_depth_completion,shelf_insertion_clearance,6,0.977273,0.045315,0.000000,0.000000
0.2,learned_depth_completion,transparent_container_lift,0,0.863636,0.064203,0.022727,0.000000
0.2,learned_depth_completion,transparent_container_lift,1,0.886364,0.070426,0.022727,0.000000
0.2,learned_depth_completion,transparent_container_lift,2,0.840909,0.064681,0.022727,0.000000
0.2,learned_depth_completion,transparent_container_lift,3,0.909091,0.065102,0.000000,0.000000
0.2,learned_depth_completion,transparent_container_lift,4,0.909091,0.064141,0.045455,0.000000
0.2,learned_depth_completion,transparent_container_lift,5,0.772727,0.065883,0.090909,0.000000
0.2,learned_depth_completion,transparent_container_lift,6,0.931818,0.065924,0.045455,0.000000
0.2,learned_depth_completion,leaf_occluded_fruit_grasp,0,0.818182,0.058767,0.045455,0.000000
0.2,learned_depth_completion,leaf_occluded_fruit_grasp,1,0.863636,0.059824,0.045455,0.000000
0.2,learned_depth_completion,leaf_occluded_fruit_grasp,2,0.795455,0.060593,0.068182,0.000000
0.2,learned_depth_completion,leaf_occluded_fruit_grasp,3,0.750000,0.059169,0.068182,0.000000
0.2,learned_depth_completion,leaf_occluded_fruit_grasp,4,0.772727,0.061571,0.045455,0.000000
0.2,learned_depth_completion,leaf_occluded_fruit_grasp,5,0.727273,0.058901,0.000000,0.000000
0.2,learned_depth_completion,leaf_occluded_fruit_grasp,6,0.750000,0.063746,0.068182,0.000000
0.2,ensemble_depth_completion,occluded_bin_grasping,0,1.000000,0.046316,0.000000,0.000000
0.2,ensemble_depth_completion,occluded_bin_grasping,1,1.000000,0.044902,0.000000,0.000000
0.2,ensemble_depth_completion,occluded_bin_grasping,2,1.000000,0.046600,0.000000,0.000000
0.2,ensemble_depth_completion,occluded_bin_grasping,3,1.000000,0.047286,0.000000,0.000000
0.2,ensemble_depth_completion,occluded_bin_grasping,4,1.000000,0.046036,0.000000,0.000000
0.2,ensemble_depth_completion,occluded_bin_grasping,5,1.000000,0.045270,0.000000,0.000000
0.2,ensemble_depth_completion,occluded_bin_grasping,6,1.000000,0.046762,0.000000,0.000000
0.2,ensemble_depth_completion,shelf_insertion_clearance,0,1.000000,0.037873,0.000000,0.000000
0.2,ensemble_depth_completion,shelf_insertion_clearance,1,1.000000,0.040533,0.000000,0.000000
0.2,ensemble_depth_completion,shelf_insertion_clearance,2,0.977273,0.041803,0.000000,0.000000
0.2,ensemble_depth_completion,shelf_insertion_clearance,3,1.000000,0.038984,0.000000,0.000000
0.2,ensemble_depth_completion,shelf_insertion_clearance,4,1.000000,0.040270,0.000000,0.000000
0.2,ensemble_depth_completion,shelf_insertion_clearance,5,1.000000,0.042163,0.000000,0.000000
0.2,ensemble_depth_completion,shelf_insertion_clearance,6,1.000000,0.036266,0.000000,0.000000
0.2,ensemble_depth_completion,transparent_container_lift,0,0.954545,0.057240,0.000000,0.000000
0.2,ensemble_depth_completion,transparent_container_lift,1,0.977273,0.059320,0.000000,0.000000
0.2,ensemble_depth_completion,transparent_container_lift,2,1.000000,0.054714,0.000000,0.000000
0.2,ensemble_depth_completion,transparent_container_lift,3,0.954545,0.060445,0.000000,0.000000
0.2,ensemble_depth_completion,transparent_container_lift,4,0.977273,0.049093,0.022727,0.000000
0.2,ensemble_depth_completion,transparent_container_lift,5,0.954545,0.055186,0.000000,0.000000
0.2,ensemble_depth_completion,transparent_container_lift,6,0.954545,0.055259,0.022727,0.000000
0.2,ensemble_depth_completion,leaf_occluded_fruit_grasp,0,0.931818,0.055837,0.000000,0.000000
0.2,ensemble_depth_completion,leaf_occluded_fruit_grasp,1,0.977273,0.050918,0.000000,0.000000
0.2,ensemble_depth_completion,leaf_occluded_fruit_grasp,2,0.954545,0.050224,0.022727,0.000000
0.2,ensemble_depth_completion,leaf_occluded_fruit_grasp,3,0.931818,0.051004,0.022727,0.000000
0.2,ensemble_depth_completion,leaf_occluded_fruit_grasp,4,0.954545,0.047498,0.022727,0.000000
0.2,ensemble_depth_completion,leaf_occluded_fruit_grasp,5,0.931818,0.052182,0.022727,0.000000
0.2,ensemble_depth_completion,leaf_occluded_fruit_grasp,6,0.954545,0.050307,0.000000,0.000000
0.2,active_view_selection,occluded_bin_grasping,0,1.000000,0.031762,0.000000,0.000000
0.2,active_view_selection,occluded_bin_grasping,1,1.000000,0.037380,0.000000,0.000000
0.2,active_view_selection,occluded_bin_grasping,2,1.000000,0.039215,0.000000,0.000000
0.2,active_view_selection,occluded_bin_grasping,3,1.000000,0.036447,0.000000,0.000000
0.2,active_view_selection,occluded_bin_grasping,4,1.000000,0.038684,0.000000,0.000000
0.2,active_view_selection,occluded_bin_grasping,5,1.000000,0.034130,0.000000,0.000000
0.2,active_view_selection,occluded_bin_grasping,6,1.000000,0.035998,0.000000,0.000000
0.2,active_view_selection,shelf_insertion_clearance,0,1.000000,0.036148,0.000000,0.000000
0.2,active_view_selection,shelf_insertion_clearance,1,1.000000,0.033814,0.000000,0.000000
0.2,active_view_selection,shelf_insertion_clearance,2,1.000000,0.032905,0.000000,0.000000
0.2,active_view_selection,shelf_insertion_clearance,3,1.000000,0.032109,0.000000,0.000000
0.2,active_view_selection,shelf_insertion_clearance,4,1.000000,0.038202,0.000000,0.000000
0.2,active_view_selection,shelf_insertion_clearance,5,1.000000,0.034258,0.000000,0.000000
0.2,active_view_selection,shelf_insertion_clearance,6,1.000000,0.033756,0.000000,0.000000
0.2,active_view_selection,transparent_container_lift,0,0.977273,0.052227,0.000000,0.000000
0.2,active_view_selection,transparent_container_lift,1,0.977273,0.055487,0.000000,0.000000
0.2,active_view_selection,transparent_container_lift,2,1.000000,0.056434,0.000000,0.000000
0.2,active_view_selection,transparent_container_lift,3,0.954545,0.062723,0.000000,0.000000
0.2,active_view_selection,transparent_container_lift,4,1.000000,0.054217,0.000000,0.000000
0.2,active_view_selection,transparent_container_lift,5,1.000000,0.052946,0.000000,0.000000
0.2,active_view_selection,transparent_container_lift,6,0.977273,0.057042,0.000000,0.000000
0.2,active_view_selection,leaf_occluded_fruit_grasp,0,1.000000,0.034464,0.000000,0.000000
0.2,active_view_selection,leaf_occluded_fruit_grasp,1,0.977273,0.036353,0.022727,0.000000
0.2,active_view_selection,leaf_occluded_fruit_grasp,2,1.000000,0.034796,0.000000,0.000000
0.2,active_view_selection,leaf_occluded_fruit_grasp,3,1.000000,0.038096,0.000000,0.000000
0.2,active_view_selection,leaf_occluded_fruit_grasp,4,1.000000,0.034820,0.000000,0.000000
0.2,active_view_selection,leaf_occluded_fruit_grasp,5,1.000000,0.035230,0.000000,0.000000
0.2,active_view_selection,leaf_occluded_fruit_grasp,6,1.000000,0.034361,0.000000,0.000000
0.2,visuotactile_probe,occluded_bin_grasping,0,0.931818,0.043408,0.045455,0.068182
0.2,visuotactile_probe,occluded_bin_grasping,1,0.931818,0.044473,0.000000,0.068182
0.2,visuotactile_probe,occluded_bin_grasping,2,0.954545,0.043919,0.022727,0.045455
0.2,visuotactile_probe,occluded_bin_grasping,3,0.909091,0.041671,0.000000,0.090909
0.2,visuotactile_probe,occluded_bin_grasping,4,0.909091,0.041266,0.022727,0.090909
0.2,visuotactile_probe,occluded_bin_grasping,5,0.909091,0.044982,0.000000,0.090909
0.2,visuotactile_probe,occluded_bin_grasping,6,0.954545,0.046894,0.000000,0.045455
0.2,visuotactile_probe,shelf_insertion_clearance,0,1.000000,0.039034,0.000000,0.000000
0.2,visuotactile_probe,shelf_insertion_clearance,1,0.931818,0.035826,0.022727,0.068182
0.2,visuotactile_probe,shelf_insertion_clearance,2,0.863636,0.037084,0.000000,0.136364
0.2,visuotactile_probe,shelf_insertion_clearance,3,1.000000,0.042508,0.000000,0.000000
0.2,visuotactile_probe,shelf_insertion_clearance,4,0.931818,0.041318,0.022727,0.068182
0.2,visuotactile_probe,shelf_insertion_clearance,5,0.931818,0.036580,0.000000,0.068182
0.2,visuotactile_probe,shelf_insertion_clearance,6,0.931818,0.039210,0.000000,0.068182
0.2,visuotactile_probe,transparent_container_lift,0,0.863636,0.054173,0.022727,0.136364
0.2,visuotactile_probe,transparent_container_lift,1,0.886364,0.054163,0.045455,0.113636
0.2,visuotactile_probe,transparent_container_lift,2,0.954545,0.056185,0.000000,0.045455
0.2,visuotactile_probe,transparent_container_lift,3,0.863636,0.051136,0.022727,0.136364
0.2,visuotactile_probe,transparent_container_lift,4,0.863636,0.053250,0.022727,0.136364
0.2,visuotactile_probe,transparent_container_lift,5,0.977273,0.054697,0.000000,0.022727
0.2,visuotactile_probe,transparent_container_lift,6,0.886364,0.055387,0.000000,0.090909
0.2,visuotactile_probe,leaf_occluded_fruit_grasp,0,0.863636,0.049521,0.022727,0.136364
0.2,visuotactile_probe,leaf_occluded_fruit_grasp,1,0.795455,0.048560,0.045455,0.181818
0.2,visuotactile_probe,leaf_occluded_fruit_grasp,2,0.727273,0.049550,0.045455,0.272727
0.2,visuotactile_probe,leaf_occluded_fruit_grasp,3,0.750000,0.046651,0.022727,0.227273
0.2,visuotactile_probe,leaf_occluded_fruit_grasp,4,0.772727,0.049220,0.090909,0.204545
0.2,visuotactile_probe,leaf_occluded_fruit_grasp,5,0.795455,0.049260,0.022727,0.204545
0.2,visuotactile_probe,leaf_occluded_fruit_grasp,6,0.886364,0.049557,0.045455,0.113636
0.2,uncertainty_guided_probe,occluded_bin_grasping,0,0.977273,0.038494,0.000000,0.022727
0.2,uncertainty_guided_probe,occluded_bin_grasping,1,0.886364,0.040253,0.022727,0.113636
0.2,uncertainty_guided_probe,occluded_bin_grasping,2,0.886364,0.040588,0.022727,0.113636
0.2,uncertainty_guided_probe,occluded_bin_grasping,3,0.977273,0.042261,0.000000,0.022727
0.2,uncertainty_guided_probe,occluded_bin_grasping,4,0.909091,0.040477,0.000000,0.090909
0.2,uncertainty_guided_probe,occluded_bin_grasping,5,0.886364,0.038969,0.022727,0.136364
0.2,uncertainty_guided_probe,occluded_bin_grasping,6,0.909091,0.041061,0.000000,0.090909
0.2,uncertainty_guided_probe,shelf_insertion_clearance,0,0.840909,0.035122,0.000000,0.159091
0.2,uncertainty_guided_probe,shelf_insertion_clearance,1,0.909091,0.031418,0.022727,0.090909
0.2,uncertainty_guided_probe,shelf_insertion_clearance,2,0.931818,0.035141,0.000000,0.068182
0.2,uncertainty_guided_probe,shelf_insertion_clearance,3,0.909091,0.035960,0.022727,0.113636
0.2,uncertainty_guided_probe,shelf_insertion_clearance,4,0.931818,0.037733,0.000000,0.068182
0.2,uncertainty_guided_probe,shelf_insertion_clearance,5,0.863636,0.033964,0.022727,0.159091
0.2,uncertainty_guided_probe,shelf_insertion_clearance,6,0.886364,0.036534,0.000000,0.113636
0.2,uncertainty_guided_probe,transparent_container_lift,0,0.795455,0.048094,0.022727,0.181818
0.2,uncertainty_guided_probe,transparent_container_lift,1,0.886364,0.053351,0.000000,0.113636
0.2,uncertainty_guided_probe,transparent_container_lift,2,0.840909,0.048440,0.000000,0.159091
0.2,uncertainty_guided_probe,transparent_container_lift,3,0.772727,0.049353,0.000000,0.227273
0.2,uncertainty_guided_probe,transparent_container_lift,4,0.863636,0.047889,0.022727,0.136364
0.2,uncertainty_guided_probe,transparent_container_lift,5,0.818182,0.058050,0.022727,0.159091
0.2,uncertainty_guided_probe,transparent_container_lift,6,0.863636,0.052541,0.022727,0.136364
0.2,uncertainty_guided_probe,leaf_occluded_fruit_grasp,0,0.681818,0.046999,0.045455,0.295455
0.2,uncertainty_guided_probe,leaf_occluded_fruit_grasp,1,0.704545,0.046082,0.045455,0.272727
0.2,uncertainty_guided_probe,leaf_occluded_fruit_grasp,2,0.659091,0.043903,0.090909,0.340909
0.2,uncertainty_guided_probe,leaf_occluded_fruit_grasp,3,0.818182,0.040175,0.045455,0.181818
0.2,uncertainty_guided_probe,leaf_occluded_fruit_grasp,4,0.704545,0.046274,0.022727,0.272727
0.2,uncertainty_guided_probe,leaf_occluded_fruit_grasp,5,0.750000,0.043088,0.113636,0.250000
0.2,uncertainty_guided_probe,leaf_occluded_fruit_grasp,6,0.613636,0.049385,0.090909,0.386364
0.2,proposed_action_critical_interactive_depth,occluded_bin_grasping,0,0.931818,0.041155,0.022727,0.068182
0.2,proposed_action_critical_interactive_depth,occluded_bin_grasping,1,0.954545,0.038375,0.000000,0.045455
0.2,proposed_action_critical_interactive_depth,occluded_bin_grasping,2,0.909091,0.035365,0.000000,0.090909
0.2,proposed_action_critical_interactive_depth,occluded_bin_grasping,3,0.954545,0.036592,0.000000,0.045455
0.2,proposed_action_critical_interactive_depth,occluded_bin_grasping,4,0.954545,0.038251,0.000000,0.045455
0.2,proposed_action_critical_interactive_depth,occluded_bin_grasping,5,0.909091,0.039621,0.000000,0.090909
0.2,proposed_action_critical_interactive_depth,occluded_bin_grasping,6,0.931818,0.036961,0.022727,0.068182
0.2,proposed_action_critical_interactive_depth,shelf_insertion_clearance,0,0.977273,0.036909,0.022727,0.022727
0.2,proposed_action_critical_interactive_depth,shelf_insertion_clearance,1,0.886364,0.034679,0.000000,0.113636
0.2,proposed_action_critical_interactive_depth,shelf_insertion_clearance,2,0.931818,0.031608,0.000000,0.090909
0.2,proposed_action_critical_interactive_depth,shelf_insertion_clearance,3,0.931818,0.034928,0.022727,0.068182
0.2,proposed_action_critical_interactive_depth,shelf_insertion_clearance,4,0.954545,0.033072,0.000000,0.045455
0.2,proposed_action_critical_interactive_depth,shelf_insertion_clearance,5,0.954545,0.036264,0.022727,0.045455
0.2,proposed_action_critical_interactive_depth,shelf_insertion_clearance,6,0.954545,0.034191,0.022727,0.045455
0.2,proposed_action_critical_interactive_depth,transparent_container_lift,0,0.863636,0.051454,0.022727,0.136364
0.2,proposed_action_critical_interactive_depth,transparent_container_lift,1,0.909091,0.048826,0.022727,0.090909
0.2,proposed_action_critical_interactive_depth,transparent_container_lift,2,0.931818,0.049920,0.022727,0.068182
0.2,proposed_action_critical_interactive_depth,transparent_container_lift,3,0.909091,0.047835,0.000000,0.090909
0.2,proposed_action_critical_interactive_depth,transparent_container_lift,4,0.909091,0.050445,0.000000,0.090909
0.2,proposed_action_critical_interactive_depth,transparent_container_lift,5,0.931818,0.049125,0.000000,0.068182
0.2,proposed_action_critical_interactive_depth,transparent_container_lift,6,0.931818,0.047799,0.000000,0.068182
0.2,proposed_action_critical_interactive_depth,leaf_occluded_fruit_grasp,0,0.840909,0.046251,0.022727,0.159091
0.2,proposed_action_critical_interactive_depth,leaf_occluded_fruit_grasp,1,0.727273,0.044096,0.000000,0.250000
0.2,proposed_action_critical_interactive_depth,leaf_occluded_fruit_grasp,2,0.886364,0.044153,0.000000,0.113636
0.2,proposed_action_critical_interactive_depth,leaf_occluded_fruit_grasp,3,0.840909,0.040317,0.022727,0.159091
0.2,proposed_action_critical_interactive_depth,leaf_occluded_fruit_grasp,4,0.727273,0.046251,0.068182,0.272727
0.2,proposed_action_critical_interactive_depth,leaf_occluded_fruit_grasp,5,0.795455,0.044664,0.000000,0.204545
0.2,proposed_action_critical_interactive_depth,leaf_occluded_fruit_grasp,6,0.818182,0.045253,0.068182,0.181818
0.2,oracle_depth_completion,occluded_bin_grasping,0,1.000000,0.005131,0.000000,0.000000
0.2,oracle_depth_completion,occluded_bin_grasping,1,1.000000,0.005339,0.000000,0.000000
0.2,oracle_depth_completion,occluded_bin_grasping,2,1.000000,0.005583,0.000000,0.000000
0.2,oracle_depth_completion,occluded_bin_grasping,3,1.000000,0.005577,0.000000,0.000000
0.2,oracle_depth_completion,occluded_bin_grasping,4,1.000000,0.005107,0.000000,0.000000
0.2,oracle_depth_completion,occluded_bin_grasping,5,1.000000,0.005058,0.000000,0.000000
0.2,oracle_depth_completion,occluded_bin_grasping,6,1.000000,0.005300,0.000000,0.000000
0.2,oracle_depth_completion,shelf_insertion_clearance,0,1.000000,0.005093,0.000000,0.000000
0.2,oracle_depth_completion,shelf_insertion_clearance,1,1.000000,0.005389,0.000000,0.000000
0.2,oracle_depth_completion,shelf_insertion_clearance,2,1.000000,0.005040,0.000000,0.000000
0.2,oracle_depth_completion,shelf_insertion_clearance,3,1.000000,0.005279,0.000000,0.000000
0.2,oracle_depth_completion,shelf_insertion_clearance,4,1.000000,0.005029,0.000000,0.000000
0.2,oracle_depth_completion,shelf_insertion_clearance,5,1.000000,0.005014,0.000000,0.000000
0.2,oracle_depth_completion,shelf_insertion_clearance,6,1.000000,0.005119,0.000000,0.000000
0.2,oracle_depth_completion,transparent_container_lift,0,1.000000,0.005746,0.000000,0.000000
0.2,oracle_depth_completion,transparent_container_lift,1,1.000000,0.005351,0.000000,0.000000
0.2,oracle_depth_completion,transparent_container_lift,2,1.000000,0.005574,0.000000,0.000000
0.2,oracle_depth_completion,transparent_container_lift,3,1.000000,0.005902,0.000000,0.000000
0.2,oracle_depth_completion,transparent_container_lift,4,1.000000,0.005414,0.000000,0.000000
0.2,oracle_depth_completion,transparent_container_lift,5,1.000000,0.005378,0.000000,0.000000
0.2,oracle_depth_completion,transparent_container_lift,6,1.000000,0.005388,0.000000,0.000000
0.2,oracle_depth_completion,leaf_occluded_fruit_grasp,0,1.000000,0.005528,0.000000,0.000000
0.2,oracle_depth_completion,leaf_occluded_fruit_grasp,1,1.000000,0.005525,0.000000,0.000000
0.2,oracle_depth_completion,leaf_occluded_fruit_grasp,2,1.000000,0.005538,0.000000,0.000000
0.2,oracle_depth_completion,leaf_occluded_fruit_grasp,3,1.000000,0.005723,0.000000,0.000000
0.2,oracle_depth_completion,leaf_occluded_fruit_grasp,4,1.000000,0.005663,0.000000,0.000000
0.2,oracle_depth_completion,leaf_occluded_fruit_grasp,5,1.000000,0.005419,0.000000,0.000000
0.2,oracle_depth_completion,leaf_occluded_fruit_grasp,6,1.000000,0.005983,0.000000,0.000000
0.4,learned_depth_completion,occluded_bin_grasping,0,0.977273,0.059219,0.000000,0.000000
0.4,learned_depth_completion,occluded_bin_grasping,1,0.954545,0.063057,0.000000,0.000000
0.4,learned_depth_completion,occluded_bin_grasping,2,1.000000,0.059837,0.000000,0.000000
0.4,learned_depth_completion,occluded_bin_grasping,3,0.977273,0.058708,0.022727,0.000000
0.4,learned_depth_completion,occluded_bin_grasping,4,0.909091,0.054919,0.022727,0.000000
0.4,learned_depth_completion,occluded_bin_grasping,5,0.977273,0.057406,0.022727,0.000000
0.4,learned_depth_completion,occluded_bin_grasping,6,0.954545,0.059633,0.000000,0.000000
0.4,learned_depth_completion,shelf_insertion_clearance,0,0.863636,0.051886,0.022727,0.000000
0.4,learned_depth_completion,shelf_insertion_clearance,1,0.886364,0.053598,0.045455,0.000000
0.4,learned_depth_completion,shelf_insertion_clearance,2,0.931818,0.050518,0.022727,0.000000
0.4,learned_depth_completion,shelf_insertion_clearance,3,0.886364,0.051633,0.045455,0.000000
0.4,learned_depth_completion,shelf_insertion_clearance,4,0.840909,0.053101,0.022727,0.000000
0.4,learned_depth_completion,shelf_insertion_clearance,5,0.886364,0.051987,0.000000,0.000000
0.4,learned_depth_completion,shelf_insertion_clearance,6,0.931818,0.047032,0.022727,0.000000
0.4,learned_depth_completion,transparent_container_lift,0,0.636364,0.067114,0.159091,0.000000
0.4,learned_depth_completion,transparent_container_lift,1,0.545455,0.074873,0.136364,0.000000
0.4,learned_depth_completion,transparent_container_lift,2,0.590909,0.069029,0.136364,0.000000
0.4,learned_depth_completion,transparent_container_lift,3,0.795455,0.068713,0.068182,0.000000
0.4,learned_depth_completion,transparent_container_lift,4,0.613636,0.074303,0.090909,0.000000
0.4,learned_depth_completion,transparent_container_lift,5,0.636364,0.068731,0.113636,0.000000
0.4,learned_depth_completion,transparent_container_lift,6,0.659091,0.068846,0.045455,0.000000
0.4,learned_depth_completion,leaf_occluded_fruit_grasp,0,0.568182,0.065583,0.090909,0.000000
0.4,learned_depth_completion,leaf_occluded_fruit_grasp,1,0.545455,0.064943,0.068182,0.000000
0.4,learned_depth_completion,leaf_occluded_fruit_grasp,2,0.386364,0.067817,0.113636,0.000000
0.4,learned_depth_completion,leaf_occluded_fruit_grasp,3,0.590909,0.064602,0.113636,0.000000
0.4,learned_depth_completion,leaf_occluded_fruit_grasp,4,0.500000,0.066074,0.159091,0.000000
0.4,learned_depth_completion,leaf_occluded_fruit_grasp,5,0.522727,0.063326,0.181818,0.000000
0.4,learned_depth_completion,leaf_occluded_fruit_grasp,6,0.568182,0.062790,0.136364,0.000000
0.4,ensemble_depth_completion,occluded_bin_grasping,0,1.000000,0.047638,0.000000,0.000000
0.4,ensemble_depth_completion,occluded_bin_grasping,1,0.977273,0.049820,0.000000,0.000000
0.4,ensemble_depth_completion,occluded_bin_grasping,2,1.000000,0.049461,0.000000,0.000000
0.4,ensemble_depth_completion,occluded_bin_grasping,3,1.000000,0.049382,0.000000,0.000000
0.4,ensemble_depth_completion,occluded_bin_grasping,4,1.000000,0.046375,0.000000,0.000000
0.4,ensemble_depth_completion,occluded_bin_grasping,5,1.000000,0.048942,0.000000,0.000000
0.4,ensemble_depth_completion,occluded_bin_grasping,6,1.000000,0.047605,0.000000,0.000000
0.4,ensemble_depth_completion,shelf_insertion_clearance,0,1.000000,0.041761,0.000000,0.000000
0.4,ensemble_depth_completion,shelf_insertion_clearance,1,1.000000,0.040602,0.000000,0.000000
0.4,ensemble_depth_completion,shelf_insertion_clearance,2,1.000000,0.042691,0.000000,0.000000
0.4,ensemble_depth_completion,shelf_insertion_clearance,3,1.000000,0.041560,0.000000,0.000000
0.4,ensemble_depth_completion,shelf_insertion_clearance,4,0.977273,0.039618,0.000000,0.000000
0.4,ensemble_depth_completion,shelf_insertion_clearance,5,0.977273,0.044287,0.000000,0.000000
0.4,ensemble_depth_completion,shelf_insertion_clearance,6,0.977273,0.041244,0.000000,0.000000
0.4,ensemble_depth_completion,transparent_container_lift,0,0.909091,0.061799,0.022727,0.000000
0.4,ensemble_depth_completion,transparent_container_lift,1,0.954545,0.057049,0.000000,0.000000
0.4,ensemble_depth_completion,transparent_container_lift,2,0.977273,0.059121,0.000000,0.000000
0.4,ensemble_depth_completion,transparent_container_lift,3,0.909091,0.058407,0.022727,0.000000
0.4,ensemble_depth_completion,transparent_container_lift,4,0.977273,0.059469,0.000000,0.000000
0.4,ensemble_depth_completion,transparent_container_lift,5,0.886364,0.062392,0.000000,0.000000
0.4,ensemble_depth_completion,transparent_container_lift,6,0.886364,0.057941,0.000000,0.000000
0.4,ensemble_depth_completion,leaf_occluded_fruit_grasp,0,0.818182,0.055436,0.022727,0.000000
0.4,ensemble_depth_completion,leaf_occluded_fruit_grasp,1,0.840909,0.056150,0.022727,0.000000
0.4,ensemble_depth_completion,leaf_occluded_fruit_grasp,2,0.909091,0.054173,0.022727,0.000000
0.4,ensemble_depth_completion,leaf_occluded_fruit_grasp,3,0.909091,0.050175,0.000000,0.000000
0.4,ensemble_depth_completion,leaf_occluded_fruit_grasp,4,0.863636,0.052502,0.068182,0.000000
0.4,ensemble_depth_completion,leaf_occluded_fruit_grasp,5,0.795455,0.050595,0.000000,0.000000
0.4,ensemble_depth_completion,leaf_occluded_fruit_grasp,6,0.840909,0.055593,0.022727,0.000000
0.4,active_view_selection,occluded_bin_grasping,0,1.000000,0.035366,0.000000,0.000000
0.4,active_view_selection,occluded_bin_grasping,1,1.000000,0.036220,0.000000,0.000000
0.4,active_view_selection,occluded_bin_grasping,2,1.000000,0.032948,0.000000,0.000000
0.4,active_view_selection,occluded_bin_grasping,3,1.000000,0.036097,0.000000,0.000000
0.4,active_view_selection,occluded_bin_grasping,4,1.000000,0.035269,0.000000,0.000000
0.4,active_view_selection,occluded_bin_grasping,5,1.000000,0.036362,0.000000,0.000000
0.4,active_view_selection,occluded_bin_grasping,6,1.000000,0.034434,0.000000,0.000000
0.4,active_view_selection,shelf_insertion_clearance,0,1.000000,0.032503,0.000000,0.000000
0.4,active_view_selection,shelf_insertion_clearance,1,1.000000,0.039111,0.000000,0.000000
0.4,active_view_selection,shelf_insertion_clearance,2,1.000000,0.039237,0.000000,0.000000
0.4,active_view_selection,shelf_insertion_clearance,3,1.000000,0.038065,0.000000,0.000000
0.4,active_view_selection,shelf_insertion_clearance,4,1.000000,0.036355,0.000000,0.000000
0.4,active_view_selection,shelf_insertion_clearance,5,0.977273,0.041060,0.000000,0.000000
0.4,active_view_selection,shelf_insertion_clearance,6,1.000000,0.037781,0.000000,0.000000
0.4,active_view_selection,transparent_container_lift,0,0.863636,0.057236,0.000000,0.000000
0.4,active_view_selection,transparent_container_lift,1,0.954545,0.058382,0.000000,0.000000
0.4,active_view_selection,transparent_container_lift,2,0.909091,0.056241,0.000000,0.000000
0.4,active_view_selection,transparent_container_lift,3,0.886364,0.059252,0.045455,0.000000
0.4,active_view_selection,transparent_container_lift,4,0.840909,0.060521,0.000000,0.000000
0.4,active_view_selection,transparent_container_lift,5,0.977273,0.060030,0.000000,0.000000
0.4,active_view_selection,transparent_container_lift,6,0.909091,0.057932,0.022727,0.000000
0.4,active_view_selection,leaf_occluded_fruit_grasp,0,1.000000,0.035940,0.000000,0.000000
0.4,active_view_selection,leaf_occluded_fruit_grasp,1,0.954545,0.036283,0.000000,0.000000
0.4,active_view_selection,leaf_occluded_fruit_grasp,2,1.000000,0.033819,0.000000,0.000000
0.4,active_view_selection,leaf_occluded_fruit_grasp,3,1.000000,0.038269,0.000000,0.000000
0.4,active_view_selection,leaf_occluded_fruit_grasp,4,0.954545,0.038778,0.000000,0.000000
0.4,active_view_selection,leaf_occluded_fruit_grasp,5,0.977273,0.034488,0.000000,0.000000
0.4,active_view_selection,leaf_occluded_fruit_grasp,6,1.000000,0.035362,0.000000,0.000000
0.4,visuotactile_probe,occluded_bin_grasping,0,0.886364,0.045985,0.000000,0.113636
0.4,visuotactile_probe,occluded_bin_grasping,1,0.931818,0.046683,0.000000,0.068182
0.4,visuotactile_probe,occluded_bin_grasping,2,0.931818,0.048693,0.022727,0.068182
0.4,visuotactile_probe,occluded_bin_grasping,3,0.977273,0.046525,0.000000,0.022727
0.4,visuotactile_probe,occluded_bin_grasping,4,0.977273,0.049206,0.000000,0.022727
0.4,visuotactile_probe,occluded_bin_grasping,5,0.977273,0.047217,0.000000,0.022727
0.4,visuotactile_probe,occluded_bin_grasping,6,0.931818,0.047648,0.022727,0.068182
0.4,visuotactile_probe,shelf_insertion_clearance,0,0.909091,0.044430,0.022727,0.090909
0.4,visuotactile_probe,shelf_insertion_clearance,1,0.954545,0.041551,0.000000,0.022727
0.4,visuotactile_probe,shelf_insertion_clearance,2,0.886364,0.040974,0.022727,0.113636
0.4,visuotactile_probe,shelf_insertion_clearance,3,0.818182,0.044943,0.090909,0.181818
0.4,visuotactile_probe,shelf_insertion_clearance,4,0.931818,0.044521,0.000000,0.068182
0.4,visuotactile_probe,shelf_insertion_clearance,5,0.886364,0.039175,0.045455,0.113636
0.4,visuotactile_probe,shelf_insertion_clearance,6,0.818182,0.044425,0.045455,0.136364
0.4,visuotactile_probe,transparent_container_lift,0,0.795455,0.055808,0.022727,0.181818
0.4,visuotactile_probe,transparent_container_lift,1,0.886364,0.058218,0.045455,0.090909
0.4,visuotactile_probe,transparent_container_lift,2,0.886364,0.055125,0.022727,0.068182
0.4,visuotactile_probe,transparent_container_lift,3,0.886364,0.055850,0.022727,0.113636
0.4,visuotactile_probe,transparent_container_lift,4,0.795455,0.062369,0.022727,0.136364
0.4,visuotactile_probe,transparent_container_lift,5,0.863636,0.059827,0.022727,0.068182
0.4,visuotactile_probe,transparent_container_lift,6,0.818182,0.056800,0.000000,0.136364
0.4,visuotactile_probe,leaf_occluded_fruit_grasp,0,0.772727,0.051730,0.000000,0.204545
0.4,visuotactile_probe,leaf_occluded_fruit_grasp,1,0.772727,0.053725,0.022727,0.136364
0.4,visuotactile_probe,leaf_occluded_fruit_grasp,2,0.704545,0.053996,0.045455,0.181818
0.4,visuotactile_probe,leaf_occluded_fruit_grasp,3,0.795455,0.053636,0.000000,0.159091
0.4,visuotactile_probe,leaf_occluded_fruit_grasp,4,0.681818,0.052455,0.022727,0.272727
0.4,visuotactile_probe,leaf_occluded_fruit_grasp,5,0.659091,0.057246,0.136364,0.159091
0.4,visuotactile_probe,leaf_occluded_fruit_grasp,6,0.522727,0.053789,0.090909,0.386364
0.4,uncertainty_guided_probe,occluded_bin_grasping,0,0.954545,0.045225,0.000000,0.045455
0.4,uncertainty_guided_probe,occluded_bin_grasping,1,0.931818,0.044351,0.000000,0.068182
0.4,uncertainty_guided_probe,occluded_bin_grasping,2,0.931818,0.044566,0.000000,0.068182
0.4,uncertainty_guided_probe,occluded_bin_grasping,3,0.931818,0.044333,0.022727,0.068182
0.4,uncertainty_guided_probe,occluded_bin_grasping,4,0.886364,0.047373,0.022727,0.113636
0.4,uncertainty_guided_probe,occluded_bin_grasping,5,0.954545,0.044623,0.000000,0.045455
0.4,uncertainty_guided_probe,occluded_bin_grasping,6,0.931818,0.044705,0.000000,0.068182
0.4,uncertainty_guided_probe,shelf_insertion_clearance,0,0.840909,0.040579,0.068182,0.136364
0.4,uncertainty_guided_probe,shelf_insertion_clearance,1,0.863636,0.040351,0.045455,0.136364
0.4,uncertainty_guided_probe,shelf_insertion_clearance,2,0.954545,0.041276,0.000000,0.045455
0.4,uncertainty_guided_probe,shelf_insertion_clearance,3,0.863636,0.040714,0.045455,0.136364
0.4,uncertainty_guided_probe,shelf_insertion_clearance,4,0.909091,0.038854,0.022727,0.090909
0.4,uncertainty_guided_probe,shelf_insertion_clearance,5,0.909091,0.038942,0.022727,0.090909
0.4,uncertainty_guided_probe,shelf_insertion_clearance,6,0.909091,0.041472,0.022727,0.090909
0.4,uncertainty_guided_probe,transparent_container_lift,0,0.931818,0.050433,0.045455,0.045455
0.4,uncertainty_guided_probe,transparent_container_lift,1,0.772727,0.051789,0.022727,0.159091
0.4,uncertainty_guided_probe,transparent_container_lift,2,0.818182,0.052357,0.000000,0.159091
0.4,uncertainty_guided_probe,transparent_container_lift,3,0.818182,0.051353,0.000000,0.159091
0.4,uncertainty_guided_probe,transparent_container_lift,4,0.818182,0.051116,0.068182,0.136364
0.4,uncertainty_guided_probe,transparent_container_lift,5,0.750000,0.056792,0.090909,0.204545
0.4,uncertainty_guided_probe,transparent_container_lift,6,0.795455,0.051263,0.000000,0.181818
0.4,uncertainty_guided_probe,leaf_occluded_fruit_grasp,0,0.681818,0.047958,0.045455,0.272727
0.4,uncertainty_guided_probe,leaf_occluded_fruit_grasp,1,0.590909,0.048914,0.090909,0.363636
0.4,uncertainty_guided_probe,leaf_occluded_fruit_grasp,2,0.500000,0.051320,0.113636,0.454545
0.4,uncertainty_guided_probe,leaf_occluded_fruit_grasp,3,0.659091,0.049838,0.045455,0.272727
0.4,uncertainty_guided_probe,leaf_occluded_fruit_grasp,4,0.545455,0.047020,0.068182,0.409091
0.4,uncertainty_guided_probe,leaf_occluded_fruit_grasp,5,0.727273,0.047894,0.068182,0.227273
0.4,uncertainty_guided_probe,leaf_occluded_fruit_grasp,6,0.750000,0.046690,0.022727,0.227273
0.4,proposed_action_critical_interactive_depth,occluded_bin_grasping,0,0.886364,0.041421,0.000000,0.113636
0.4,proposed_action_critical_interactive_depth,occluded_bin_grasping,1,0.954545,0.043795,0.000000,0.022727
0.4,proposed_action_critical_interactive_depth,occluded_bin_grasping,2,0.954545,0.040551,0.000000,0.045455
0.4,proposed_action_critical_interactive_depth,occluded_bin_grasping,3,0.931818,0.040498,0.022727,0.068182
0.4,proposed_action_critical_interactive_depth,occluded_bin_grasping,4,0.909091,0.042057,0.022727,0.090909
0.4,proposed_action_critical_interactive_depth,occluded_bin_grasping,5,0.977273,0.042092,0.000000,0.022727
0.4,proposed_action_critical_interactive_depth,occluded_bin_grasping,6,0.977273,0.043971,0.000000,0.022727
0.4,proposed_action_critical_interactive_depth,shelf_insertion_clearance,0,0.886364,0.039454,0.022727,0.113636
0.4,proposed_action_critical_interactive_depth,shelf_insertion_clearance,1,0.931818,0.038387,0.000000,0.068182
0.4,proposed_action_critical_interactive_depth,shelf_insertion_clearance,2,0.886364,0.035700,0.000000,0.113636
0.4,proposed_action_critical_interactive_depth,shelf_insertion_clearance,3,0.954545,0.040468,0.000000,0.045455
0.4,proposed_action_critical_interactive_depth,shelf_insertion_clearance,4,0.977273,0.037682,0.000000,0.000000
0.4,proposed_action_critical_interactive_depth,shelf_insertion_clearance,5,0.931818,0.041318,0.000000,0.068182
0.4,proposed_action_critical_interactive_depth,shelf_insertion_clearance,6,0.977273,0.038761,0.000000,0.022727
0.4,proposed_action_critical_interactive_depth,transparent_container_lift,0,0.840909,0.055107,0.045455,0.136364
0.4,proposed_action_critical_interactive_depth,transparent_container_lift,1,0.840909,0.056066,0.045455,0.090909
0.4,proposed_action_critical_interactive_depth,transparent_container_lift,2,0.840909,0.054875,0.000000,0.113636
0.4,proposed_action_critical_interactive_depth,transparent_container_lift,3,0.909091,0.055951,0.022727,0.068182
0.4,proposed_action_critical_interactive_depth,transparent_container_lift,4,0.863636,0.052879,0.022727,0.113636
0.4,proposed_action_critical_interactive_depth,transparent_container_lift,5,0.886364,0.053677,0.000000,0.068182
0.4,proposed_action_critical_interactive_depth,transparent_container_lift,6,0.886364,0.052256,0.022727,0.090909
0.4,proposed_action_critical_interactive_depth,leaf_occluded_fruit_grasp,0,0.659091,0.043910,0.045455,0.318182
0.4,proposed_action_critical_interactive_depth,leaf_occluded_fruit_grasp,1,0.659091,0.050267,0.113636,0.272727
0.4,proposed_action_critical_interactive_depth,leaf_occluded_fruit_grasp,2,0.727273,0.050469,0.045455,0.181818
0.4,proposed_action_critical_interactive_depth,leaf_occluded_fruit_grasp,3,0.727273,0.052858,0.045455,0.204545
0.4,proposed_action_critical_interactive_depth,leaf_occluded_fruit_grasp,4,0.840909,0.045749,0.000000,0.159091
0.4,proposed_action_critical_interactive_depth,leaf_occluded_fruit_grasp,5,0.704545,0.044883,0.068182,0.227273
0.4,proposed_action_critical_interactive_depth,leaf_occluded_fruit_grasp,6,0.772727,0.045624,0.045455,0.181818
0.4,oracle_depth_completion,occluded_bin_grasping,0,1.000000,0.005257,0.000000,0.000000
0.4,oracle_depth_completion,occluded_bin_grasping,1,1.000000,0.005566,0.000000,0.000000
0.4,oracle_depth_completion,occluded_bin_grasping,2,1.000000,0.005287,0.000000,0.000000
0.4,oracle_depth_completion,occluded_bin_grasping,3,1.000000,0.005587,0.000000,0.000000
0.4,oracle_depth_completion,occluded_bin_grasping,4,1.000000,0.005426,0.000000,0.000000
0.4,oracle_depth_completion,occluded_bin_grasping,5,1.000000,0.005442,0.000000,0.000000
0.4,oracle_depth_completion,occluded_bin_grasping,6,1.000000,0.005607,0.000000,0.000000
0.4,oracle_depth_completion,shelf_insertion_clearance,0,1.000000,0.005048,0.000000,0.000000
0.4,oracle_depth_completion,shelf_insertion_clearance,1,1.000000,0.005568,0.000000,0.000000
0.4,oracle_depth_completion,shelf_insertion_clearance,2,1.000000,0.005156,0.000000,0.000000
0.4,oracle_depth_completion,shelf_insertion_clearance,3,1.000000,0.005187,0.000000,0.000000
0.4,oracle_depth_completion,shelf_insertion_clearance,4,1.000000,0.005526,0.000000,0.000000
0.4,oracle_depth_completion,shelf_insertion_clearance,5,1.000000,0.005129,0.000000,0.000000
0.4,oracle_depth_completion,shelf_insertion_clearance,6,1.000000,0.005366,0.000000,0.000000
0.4,oracle_depth_completion,transparent_container_lift,0,1.000000,0.006039,0.000000,0.000000
0.4,oracle_depth_completion,transparent_container_lift,1,1.000000,0.005620,0.000000,0.000000
0.4,oracle_depth_completion,transparent_container_lift,2,1.000000,0.005868,0.000000,0.000000
0.4,oracle_depth_completion,transparent_container_lift,3,1.000000,0.006025,0.000000,0.000000
0.4,oracle_depth_completion,transparent_container_lift,4,1.000000,0.005746,0.000000,0.000000
0.4,oracle_depth_completion,transparent_container_lift,5,1.000000,0.005909,0.000000,0.000000
0.4,oracle_depth_completion,transparent_container_lift,6,1.000000,0.005940,0.000000,0.000000
0.4,oracle_depth_completion,leaf_occluded_fruit_grasp,0,1.000000,0.005569,0.000000,0.000000
0.4,oracle_depth_completion,leaf_occluded_fruit_grasp,1,1.000000,0.005827,0.000000,0.000000
0.4,oracle_depth_completion,leaf_occluded_fruit_grasp,2,1.000000,0.005666,0.000000,0.000000
0.4,oracle_depth_completion,leaf_occluded_fruit_grasp,3,1.000000,0.005604,0.000000,0.000000
0.4,oracle_depth_completion,leaf_occluded_fruit_grasp,4,1.000000,0.005920,0.000000,0.000000
0.4,oracle_depth_completion,leaf_occluded_fruit_grasp,5,1.000000,0.005926,0.000000,0.000000
0.4,oracle_depth_completion,leaf_occluded_fruit_grasp,6,1.000000,0.005413,0.000000,0.000000
0.6,learned_depth_completion,occluded_bin_grasping,0,0.840909,0.065533,0.045455,0.000000
0.6,learned_depth_completion,occluded_bin_grasping,1,0.818182,0.062983,0.068182,0.000000
0.6,learned_depth_completion,occluded_bin_grasping,2,0.886364,0.059758,0.045455,0.000000
0.6,learned_depth_completion,occluded_bin_grasping,3,0.886364,0.060720,0.022727,0.000000
0.6,learned_depth_completion,occluded_bin_grasping,4,0.818182,0.064178,0.045455,0.000000
0.6,learned_depth_completion,occluded_bin_grasping,5,0.931818,0.069176,0.000000,0.000000
0.6,learned_depth_completion,occluded_bin_grasping,6,0.886364,0.063608,0.022727,0.000000
0.6,learned_depth_completion,shelf_insertion_clearance,0,0.727273,0.053599,0.045455,0.000000
0.6,learned_depth_completion,shelf_insertion_clearance,1,0.704545,0.058136,0.068182,0.000000
0.6,learned_depth_completion,shelf_insertion_clearance,2,0.613636,0.062272,0.136364,0.000000
0.6,learned_depth_completion,shelf_insertion_clearance,3,0.704545,0.055825,0.113636,0.000000
0.6,learned_depth_completion,shelf_insertion_clearance,4,0.704545,0.061723,0.068182,0.000000
0.6,learned_depth_completion,shelf_insertion_clearance,5,0.840909,0.053632,0.090909,0.000000
0.6,learned_depth_completion,shelf_insertion_clearance,6,0.840909,0.050427,0.113636,0.000000
0.6,learned_depth_completion,transparent_container_lift,0,0.454545,0.073048,0.181818,0.000000
0.6,learned_depth_completion,transparent_container_lift,1,0.318182,0.080553,0.250000,0.000000
0.6,learned_depth_completion,transparent_container_lift,2,0.409091,0.074440,0.159091,0.000000
0.6,learned_depth_completion,transparent_container_lift,3,0.295455,0.084539,0.159091,0.000000
0.6,learned_depth_completion,transparent_container_lift,4,0.318182,0.076796,0.318182,0.000000
0.6,learned_depth_completion,transparent_container_lift,5,0.295455,0.071798,0.250000,0.000000
0.6,learned_depth_completion,transparent_container_lift,6,0.204545,0.080760,0.250000,0.000000
0.6,learned_depth_completion,leaf_occluded_fruit_grasp,0,0.159091,0.072525,0.068182,0.000000
0.6,learned_depth_completion,leaf_occluded_fruit_grasp,1,0.090909,0.071501,0.250000,0.000000
0.6,learned_depth_completion,leaf_occluded_fruit_grasp,2,0.227273,0.070721,0.272727,0.000000
0.6,learned_depth_completion,leaf_occluded_fruit_grasp,3,0.272727,0.072780,0.272727,0.000000
0.6,learned_depth_completion,leaf_occluded_fruit_grasp,4,0.295455,0.070650,0.227273,0.000000
0.6,learned_depth_completion,leaf_occluded_fruit_grasp,5,0.204545,0.068836,0.136364,0.000000
0.6,learned_depth_completion,leaf_occluded_fruit_grasp,6,0.159091,0.075151,0.295455,0.000000
0.6,ensemble_depth_completion,occluded_bin_grasping,0,1.000000,0.052332,0.000000,0.000000
0.6,ensemble_depth_completion,occluded_bin_grasping,1,1.000000,0.053577,0.000000,0.000000
0.6,ensemble_depth_completion,occluded_bin_grasping,2,0.977273,0.051157,0.000000,0.000000
0.6,ensemble_depth_completion,occluded_bin_grasping,3,0.977273,0.051024,0.000000,0.000000
0.6,ensemble_depth_completion,occluded_bin_grasping,4,0.954545,0.052833,0.000000,0.000000
0.6,ensemble_depth_completion,occluded_bin_grasping,5,1.000000,0.052650,0.000000,0.000000
0.6,ensemble_depth_completion,occluded_bin_grasping,6,1.000000,0.052347,0.000000,0.000000
0.6,ensemble_depth_completion,shelf_insertion_clearance,0,0.909091,0.045532,0.022727,0.000000
0.6,ensemble_depth_completion,shelf_insertion_clearance,1,0.954545,0.046182,0.045455,0.000000
0.6,ensemble_depth_completion,shelf_insertion_clearance,2,0.931818,0.049362,0.000000,0.000000
0.6,ensemble_depth_completion,shelf_insertion_clearance,3,0.977273,0.044051,0.000000,0.000000
0.6,ensemble_depth_completion,shelf_insertion_clearance,4,0.977273,0.043520,0.000000,0.000000
0.6,ensemble_depth_completion,shelf_insertion_clearance,5,0.954545,0.050150,0.000000,0.000000
0.6,ensemble_depth_completion,shelf_insertion_clearance,6,0.886364,0.047831,0.022727,0.000000
0.6,ensemble_depth_completion,transparent_container_lift,0,0.795455,0.056960,0.090909,0.000000
0.6,ensemble_depth_completion,transparent_container_lift,1,0.772727,0.061654,0.022727,0.000000
0.6,ensemble_depth_completion,transparent_container_lift,2,0.704545,0.060202,0.090909,0.000000
0.6,ensemble_depth_completion,transparent_container_lift,3,0.750000,0.060154,0.022727,0.000000
0.6,ensemble_depth_completion,transparent_container_lift,4,0.750000,0.058477,0.045455,0.000000
0.6,ensemble_depth_completion,transparent_container_lift,5,0.750000,0.060295,0.045455,0.000000
0.6,ensemble_depth_completion,transparent_container_lift,6,0.772727,0.060742,0.113636,0.000000
0.6,ensemble_depth_completion,leaf_occluded_fruit_grasp,0,0.522727,0.059820,0.113636,0.000000
0.6,ensemble_depth_completion,leaf_occluded_fruit_grasp,1,0.477273,0.058532,0.113636,0.000000
0.6,ensemble_depth_completion,leaf_occluded_fruit_grasp,2,0.454545,0.060193,0.204545,0.000000
0.6,ensemble_depth_completion,leaf_occluded_fruit_grasp,3,0.568182,0.056255,0.136364,0.000000
0.6,ensemble_depth_completion,leaf_occluded_fruit_grasp,4,0.636364,0.057807,0.045455,0.000000
0.6,ensemble_depth_completion,leaf_occluded_fruit_grasp,5,0.613636,0.056168,0.090909,0.000000
0.6,ensemble_depth_completion,leaf_occluded_fruit_grasp,6,0.636364,0.057315,0.113636,0.000000
0.6,active_view_selection,occluded_bin_grasping,0,1.000000,0.037977,0.000000,0.000000
0.6,active_view_selection,occluded_bin_grasping,1,1.000000,0.037034,0.000000,0.000000
0.6,active_view_selection,occluded_bin_grasping,2,1.000000,0.037280,0.000000,0.000000
0.6,active_view_selection,occluded_bin_grasping,3,1.000000,0.032761,0.000000,0.000000
0.6,active_view_selection,occluded_bin_grasping,4,1.000000,0.037881,0.000000,0.000000
0.6,active_view_selection,occluded_bin_grasping,5,0.977273,0.038289,0.000000,0.000000
0.6,active_view_selection,occluded_bin_grasping,6,0.977273,0.041038,0.000000,0.000000
0.6,active_view_selection,shelf_insertion_clearance,0,0.977273,0.039999,0.000000,0.000000
0.6,active_view_selection,shelf_insertion_clearance,1,0.977273,0.039443,0.000000,0.000000
0.6,active_view_selection,shelf_insertion_clearance,2,1.000000,0.039018,0.000000,0.000000
0.6,active_view_selection,shelf_insertion_clearance,3,1.000000,0.038673,0.000000,0.000000
0.6,active_view_selection,shelf_insertion_clearance,4,1.000000,0.040965,0.000000,0.000000
0.6,active_view_selection,shelf_insertion_clearance,5,0.954545,0.041423,0.022727,0.000000
0.6,active_view_selection,shelf_insertion_clearance,6,0.954545,0.043470,0.022727,0.000000
0.6,active_view_selection,transparent_container_lift,0,0.840909,0.054963,0.000000,0.000000
0.6,active_view_selection,transparent_container_lift,1,0.727273,0.065189,0.113636,0.000000
0.6,active_view_selection,transparent_container_lift,2,0.840909,0.056190,0.000000,0.000000
0.6,active_view_selection,transparent_container_lift,3,0.727273,0.060175,0.045455,0.000000
0.6,active_view_selection,transparent_container_lift,4,0.772727,0.056267,0.045455,0.000000
0.6,active_view_selection,transparent_container_lift,5,0.727273,0.059253,0.022727,0.000000
0.6,active_view_selection,transparent_container_lift,6,0.886364,0.055425,0.000000,0.000000
0.6,active_view_selection,leaf_occluded_fruit_grasp,0,1.000000,0.033562,0.000000,0.000000
0.6,active_view_selection,leaf_occluded_fruit_grasp,1,1.000000,0.034076,0.000000,0.000000
0.6,active_view_selection,leaf_occluded_fruit_grasp,2,0.931818,0.035465,0.022727,0.000000
0.6,active_view_selection,leaf_occluded_fruit_grasp,3,0.977273,0.035027,0.022727,0.000000
0.6,active_view_selection,leaf_occluded_fruit_grasp,4,0.977273,0.034914,0.000000,0.000000
0.6,active_view_selection,leaf_occluded_fruit_grasp,5,0.909091,0.036187,0.000000,0.000000
0.6,active_view_selection,leaf_occluded_fruit_grasp,6,0.954545,0.036055,0.045455,0.000000
0.6,visuotactile_probe,occluded_bin_grasping,0,0.886364,0.052805,0.022727,0.090909
0.6,visuotactile_probe,occluded_bin_grasping,1,0.931818,0.048359,0.000000,0.068182
0.6,visuotactile_probe,occluded_bin_grasping,2,0.840909,0.052012,0.000000,0.136364
0.6,visuotactile_probe,occluded_bin_grasping,3,0.931818,0.051950,0.022727,0.045455
0.6,visuotactile_probe,occluded_bin_grasping,4,0.840909,0.053322,0.022727,0.136364
0.6,visuotactile_probe,occluded_bin_grasping,5,0.931818,0.049274,0.022727,0.045455
0.6,visuotactile_probe,occluded_bin_grasping,6,0.909091,0.052293,0.000000,0.090909
0.6,visuotactile_probe,shelf_insertion_clearance,0,0.863636,0.045443,0.000000,0.068182
0.6,visuotactile_probe,shelf_insertion_clearance,1,0.931818,0.048488,0.022727,0.022727
0.6,visuotactile_probe,shelf_insertion_clearance,2,0.750000,0.047744,0.113636,0.204545
0.6,visuotactile_probe,shelf_insertion_clearance,3,0.818182,0.045387,0.090909,0.113636
0.6,visuotactile_probe,shelf_insertion_clearance,4,0.931818,0.045440,0.022727,0.068182
0.6,visuotactile_probe,shelf_insertion_clearance,5,0.818182,0.049291,0.022727,0.181818
0.6,visuotactile_probe,shelf_insertion_clearance,6,0.909091,0.048274,0.022727,0.068182
0.6,visuotactile_probe,transparent_container_lift,0,0.636364,0.062217,0.045455,0.068182
0.6,visuotactile_probe,transparent_container_lift,1,0.545455,0.068524,0.068182,0.159091
0.6,visuotactile_probe,transparent_container_lift,2,0.613636,0.063430,0.090909,0.136364
0.6,visuotactile_probe,transparent_container_lift,3,0.636364,0.070400,0.113636,0.090909
0.6,visuotactile_probe,transparent_container_lift,4,0.613636,0.062377,0.045455,0.136364
0.6,visuotactile_probe,transparent_container_lift,5,0.590909,0.059464,0.136364,0.295455
0.6,visuotactile_probe,transparent_container_lift,6,0.545455,0.064715,0.068182,0.136364
0.6,visuotactile_probe,leaf_occluded_fruit_grasp,0,0.545455,0.055260,0.090909,0.227273
0.6,visuotactile_probe,leaf_occluded_fruit_grasp,1,0.636364,0.054751,0.090909,0.204545
0.6,visuotactile_probe,leaf_occluded_fruit_grasp,2,0.500000,0.059677,0.068182,0.204545
0.6,visuotactile_probe,leaf_occluded_fruit_grasp,3,0.500000,0.060816,0.113636,0.227273
0.6,visuotactile_probe,leaf_occluded_fruit_grasp,4,0.590909,0.057299,0.159091,0.204545
0.6,visuotactile_probe,leaf_occluded_fruit_grasp,5,0.659091,0.054869,0.090909,0.181818
0.6,visuotactile_probe,leaf_occluded_fruit_grasp,6,0.386364,0.061192,0.181818,0.090909
0.6,uncertainty_guided_probe,occluded_bin_grasping,0,0.840909,0.043491,0.022727,0.159091
0.6,uncertainty_guided_probe,occluded_bin_grasping,1,0.863636,0.048359,0.000000,0.136364
0.6,uncertainty_guided_probe,occluded_bin_grasping,2,0.909091,0.049238,0.022727,0.068182
0.6,uncertainty_guided_probe,occluded_bin_grasping,3,0.840909,0.045586,0.045455,0.136364
0.6,uncertainty_guided_probe,occluded_bin_grasping,4,0.795455,0.050863,0.045455,0.204545
0.6,uncertainty_guided_probe,occluded_bin_grasping,5,0.909091,0.047936,0.000000,0.090909
0.6,uncertainty_guided_probe,occluded_bin_grasping,6,0.795455,0.047397,0.022727,0.204545
0.6,uncertainty_guided_probe,shelf_insertion_clearance,0,0.840909,0.044025,0.022727,0.159091
0.6,uncertainty_guided_probe,shelf_insertion_clearance,1,0.795455,0.045427,0.022727,0.159091
0.6,uncertainty_guided_probe,shelf_insertion_clearance,2,0.863636,0.039596,0.045455,0.113636
0.6,uncertainty_guided_probe,shelf_insertion_clearance,3,0.750000,0.048663,0.045455,0.181818
0.6,uncertainty_guided_probe,shelf_insertion_clearance,4,0.863636,0.045744,0.045455,0.113636
0.6,uncertainty_guided_probe,shelf_insertion_clearance,5,0.840909,0.042064,0.000000,0.136364
0.6,uncertainty_guided_probe,shelf_insertion_clearance,6,0.909091,0.046372,0.045455,0.090909
0.6,uncertainty_guided_probe,transparent_container_lift,0,0.704545,0.055602,0.068182,0.204545
0.6,uncertainty_guided_probe,transparent_container_lift,1,0.681818,0.058785,0.068182,0.159091
0.6,uncertainty_guided_probe,transparent_container_lift,2,0.795455,0.051479,0.068182,0.159091
0.6,uncertainty_guided_probe,transparent_container_lift,3,0.727273,0.052082,0.090909,0.204545
0.6,uncertainty_guided_probe,transparent_container_lift,4,0.636364,0.054529,0.068182,0.159091
0.6,uncertainty_guided_probe,transparent_container_lift,5,0.681818,0.054411,0.022727,0.090909
0.6,uncertainty_guided_probe,transparent_container_lift,6,0.727273,0.054620,0.000000,0.204545
0.6,uncertainty_guided_probe,leaf_occluded_fruit_grasp,0,0.340909,0.051971,0.113636,0.431818
0.6,uncertainty_guided_probe,leaf_occluded_fruit_grasp,1,0.545455,0.049737,0.045455,0.318182
0.6,uncertainty_guided_probe,leaf_occluded_fruit_grasp,2,0.613636,0.050094,0.022727,0.204545
0.6,uncertainty_guided_probe,leaf_occluded_fruit_grasp,3,0.409091,0.049829,0.136364,0.386364
0.6,uncertainty_guided_probe,leaf_occluded_fruit_grasp,4,0.340909,0.053767,0.204545,0.386364
0.6,uncertainty_guided_probe,leaf_occluded_fruit_grasp,5,0.386364,0.050478,0.136364,0.454545
0.6,uncertainty_guided_probe,leaf_occluded_fruit_grasp,6,0.568182,0.051402,0.068182,0.272727
0.6,proposed_action_critical_interactive_depth,occluded_bin_grasping,0,0.931818,0.045425,0.000000,0.068182
0.6,proposed_action_critical_interactive_depth,occluded_bin_grasping,1,0.863636,0.047280,0.045455,0.136364
0.6,proposed_action_critical_interactive_depth,occluded_bin_grasping,2,0.909091,0.043316,0.000000,0.090909
0.6,proposed_action_critical_interactive_depth,occluded_bin_grasping,3,0.931818,0.043445,0.000000,0.068182
0.6,proposed_action_critical_interactive_depth,occluded_bin_grasping,4,0.863636,0.046495,0.000000,0.136364
0.6,proposed_action_critical_interactive_depth,occluded_bin_grasping,5,0.863636,0.046934,0.022727,0.136364
0.6,proposed_action_critical_interactive_depth,occluded_bin_grasping,6,0.954545,0.043488,0.000000,0.045455
0.6,proposed_action_critical_interactive_depth,shelf_insertion_clearance,0,0.840909,0.042927,0.022727,0.159091
0.6,proposed_action_critical_interactive_depth,shelf_insertion_clearance,1,0.909091,0.041975,0.000000,0.068182
0.6,proposed_action_critical_interactive_depth,shelf_insertion_clearance,2,0.931818,0.041624,0.000000,0.068182
0.6,proposed_action_critical_interactive_depth,shelf_insertion_clearance,3,0.931818,0.041777,0.022727,0.068182
0.6,proposed_action_critical_interactive_depth,shelf_insertion_clearance,4,0.931818,0.044007,0.045455,0.045455
0.6,proposed_action_critical_interactive_depth,shelf_insertion_clearance,5,0.886364,0.046318,0.000000,0.113636
0.6,proposed_action_critical_interactive_depth,shelf_insertion_clearance,6,0.795455,0.042812,0.022727,0.181818
0.6,proposed_action_critical_interactive_depth,transparent_container_lift,0,0.772727,0.057844,0.068182,0.113636
0.6,proposed_action_critical_interactive_depth,transparent_container_lift,1,0.681818,0.060518,0.022727,0.113636
0.6,proposed_action_critical_interactive_depth,transparent_container_lift,2,0.931818,0.058844,0.000000,0.068182
0.6,proposed_action_critical_interactive_depth,transparent_container_lift,3,0.681818,0.058643,0.045455,0.090909
0.6,proposed_action_critical_interactive_depth,transparent_container_lift,4,0.681818,0.056047,0.113636,0.159091
0.6,proposed_action_critical_interactive_depth,transparent_container_lift,5,0.681818,0.057496,0.045455,0.068182
0.6,proposed_action_critical_interactive_depth,transparent_container_lift,6,0.659091,0.057222,0.113636,0.090909
0.6,proposed_action_critical_interactive_depth,leaf_occluded_fruit_grasp,0,0.545455,0.051555,0.090909,0.227273
0.6,proposed_action_critical_interactive_depth,leaf_occluded_fruit_grasp,1,0.659091,0.053828,0.136364,0.136364
0.6,proposed_action_critical_interactive_depth,leaf_occluded_fruit_grasp,2,0.545455,0.050864,0.136364,0.181818
0.6,proposed_action_critical_interactive_depth,leaf_occluded_fruit_grasp,3,0.636364,0.050985,0.090909,0.204545
0.6,proposed_action_critical_interactive_depth,leaf_occluded_fruit_grasp,4,0.477273,0.050002,0.136364,0.295455
0.6,proposed_action_critical_interactive_depth,leaf_occluded_fruit_grasp,5,0.500000,0.052688,0.227273,0.250000
0.6,proposed_action_critical_interactive_depth,leaf_occluded_fruit_grasp,6,0.613636,0.053381,0.068182,0.204545
0.6,oracle_depth_completion,occluded_bin_grasping,0,1.000000,0.005455,0.000000,0.000000
0.6,oracle_depth_completion,occluded_bin_grasping,1,1.000000,0.005802,0.000000,0.000000
0.6,oracle_depth_completion,occluded_bin_grasping,2,1.000000,0.005342,0.000000,0.000000
0.6,oracle_depth_completion,occluded_bin_grasping,3,1.000000,0.005792,0.000000,0.000000
0.6,oracle_depth_completion,occluded_bin_grasping,4,1.000000,0.005576,0.000000,0.000000
0.6,oracle_depth_completion,occluded_bin_grasping,5,1.000000,0.005573,0.000000,0.000000
0.6,oracle_depth_completion,occluded_bin_grasping,6,1.000000,0.005469,0.000000,0.000000
0.6,oracle_depth_completion,shelf_insertion_clearance,0,1.000000,0.005434,0.000000,0.000000
0.6,oracle_depth_completion,shelf_insertion_clearance,1,1.000000,0.005395,0.000000,0.000000
0.6,oracle_depth_completion,shelf_insertion_clearance,2,1.000000,0.005371,0.000000,0.000000
0.6,oracle_depth_completion,shelf_insertion_clearance,3,1.000000,0.005830,0.000000,0.000000
0.6,oracle_depth_completion,shelf_insertion_clearance,4,1.000000,0.005453,0.000000,0.000000
0.6,oracle_depth_completion,shelf_insertion_clearance,5,1.000000,0.005611,0.000000,0.000000
0.6,oracle_depth_completion,shelf_insertion_clearance,6,1.000000,0.005470,0.000000,0.000000
0.6,oracle_depth_completion,transparent_container_lift,0,1.000000,0.006202,0.000000,0.000000
0.6,oracle_depth_completion,transparent_container_lift,1,1.000000,0.005519,0.000000,0.000000
0.6,oracle_depth_completion,transparent_container_lift,2,1.000000,0.005677,0.000000,0.000000
0.6,oracle_depth_completion,transparent_container_lift,3,1.000000,0.005909,0.000000,0.000000
0.6,oracle_depth_completion,transparent_container_lift,4,1.000000,0.005438,0.000000,0.000000
0.6,oracle_depth_completion,transparent_container_lift,5,1.000000,0.006036,0.000000,0.000000
0.6,oracle_depth_completion,transparent_container_lift,6,1.000000,0.005943,0.000000,0.000000
0.6,oracle_depth_completion,leaf_occluded_fruit_grasp,0,1.000000,0.005652,0.000000,0.000000
0.6,oracle_depth_completion,leaf_occluded_fruit_grasp,1,1.000000,0.005827,0.000000,0.000000
0.6,oracle_depth_completion,leaf_occluded_fruit_grasp,2,1.000000,0.005855,0.000000,0.000000
0.6,oracle_depth_completion,leaf_occluded_fruit_grasp,3,1.000000,0.005502,0.000000,0.000000
0.6,oracle_depth_completion,leaf_occluded_fruit_grasp,4,1.000000,0.005817,0.000000,0.000000
0.6,oracle_depth_completion,leaf_occluded_fruit_grasp,5,1.000000,0.005499,0.000000,0.000000
0.6,oracle_depth_completion,leaf_occluded_fruit_grasp,6,1.000000,0.006414,0.000000,0.000000
0.8,learned_depth_completion,occluded_bin_grasping,0,0.545455,0.068149,0.136364,0.000000
0.8,learned_depth_completion,occluded_bin_grasping,1,0.636364,0.069194,0.068182,0.000000
0.8,learned_depth_completion,occluded_bin_grasping,2,0.750000,0.063089,0.090909,0.000000
0.8,learned_depth_completion,occluded_bin_grasping,3,0.681818,0.067845,0.090909,0.000000
0.8,learned_depth_completion,occluded_bin_grasping,4,0.659091,0.065576,0.022727,0.000000
0.8,learned_depth_completion,occluded_bin_grasping,5,0.568182,0.069077,0.090909,0.000000
0.8,learned_depth_completion,occluded_bin_grasping,6,0.636364,0.068112,0.045455,0.000000
0.8,learned_depth_completion,shelf_insertion_clearance,0,0.522727,0.063732,0.227273,0.000000
0.8,learned_depth_completion,shelf_insertion_clearance,1,0.522727,0.059403,0.181818,0.000000
0.8,learned_depth_completion,shelf_insertion_clearance,2,0.568182,0.058164,0.159091,0.000000
0.8,learned_depth_completion,shelf_insertion_clearance,3,0.545455,0.059247,0.136364,0.000000
0.8,learned_depth_completion,shelf_insertion_clearance,4,0.590909,0.059035,0.159091,0.000000
0.8,learned_depth_completion,shelf_insertion_clearance,5,0.500000,0.059833,0.022727,0.000000
0.8,learned_depth_completion,shelf_insertion_clearance,6,0.522727,0.061765,0.090909,0.000000
0.8,learned_depth_completion,transparent_container_lift,0,0.045455,0.080274,0.386364,0.000000
0.8,learned_depth_completion,transparent_container_lift,1,0.159091,0.081263,0.204545,0.000000
0.8,learned_depth_completion,transparent_container_lift,2,0.113636,0.075339,0.272727,0.000000
0.8,learned_depth_completion,transparent_container_lift,3,0.159091,0.081235,0.250000,0.000000
0.8,learned_depth_completion,transparent_container_lift,4,0.181818,0.074434,0.250000,0.000000
0.8,learned_depth_completion,transparent_container_lift,5,0.136364,0.077400,0.340909,0.000000
0.8,learned_depth_completion,transparent_container_lift,6,0.113636,0.079894,0.227273,0.000000
0.8,learned_depth_completion,leaf_occluded_fruit_grasp,0,0.045455,0.075549,0.295455,0.000000
0.8,learned_depth_completion,leaf_occluded_fruit_grasp,1,0.045455,0.077046,0.295455,0.000000
0.8,learned_depth_completion,leaf_occluded_fruit_grasp,2,0.068182,0.073392,0.340909,0.000000
0.8,learned_depth_completion,leaf_occluded_fruit_grasp,3,0.000000,0.078740,0.250000,0.000000
0.8,learned_depth_completion,leaf_occluded_fruit_grasp,4,0.068182,0.075452,0.181818,0.000000
0.8,learned_depth_completion,leaf_occluded_fruit_grasp,5,0.090909,0.071792,0.227273,0.000000
0.8,learned_depth_completion,leaf_occluded_fruit_grasp,6,0.022727,0.074693,0.386364,0.000000
0.8,ensemble_depth_completion,occluded_bin_grasping,0,0.931818,0.052164,0.022727,0.000000
0.8,ensemble_depth_completion,occluded_bin_grasping,1,0.954545,0.055277,0.022727,0.000000
0.8,ensemble_depth_completion,occluded_bin_grasping,2,0.931818,0.053312,0.000000,0.000000
0.8,ensemble_depth_completion,occluded_bin_grasping,3,0.977273,0.054341,0.022727,0.000000
0.8,ensemble_depth_completion,occluded_bin_grasping,4,0.977273,0.054592,0.000000,0.000000
0.8,ensemble_depth_completion,occluded_bin_grasping,5,0.954545,0.056449,0.000000,0.000000
0.8,ensemble_depth_completion,occluded_bin_grasping,6,0.931818,0.052007,0.022727,0.000000
0.8,ensemble_depth_completion,shelf_insertion_clearance,0,0.909091,0.048086,0.045455,0.000000
0.8,ensemble_depth_completion,shelf_insertion_clearance,1,0.931818,0.049139,0.068182,0.000000
0.8,ensemble_depth_completion,shelf_insertion_clearance,2,0.863636,0.049460,0.022727,0.000000
0.8,ensemble_depth_completion,shelf_insertion_clearance,3,0.863636,0.047960,0.022727,0.000000
0.8,ensemble_depth_completion,shelf_insertion_clearance,4,0.772727,0.051764,0.045455,0.000000
0.8,ensemble_depth_completion,shelf_insertion_clearance,5,0.818182,0.052753,0.000000,0.000000
0.8,ensemble_depth_completion,shelf_insertion_clearance,6,0.886364,0.048207,0.068182,0.000000
0.8,ensemble_depth_completion,transparent_container_lift,0,0.409091,0.064900,0.113636,0.000000
0.8,ensemble_depth_completion,transparent_container_lift,1,0.318182,0.065183,0.090909,0.000000
0.8,ensemble_depth_completion,transparent_container_lift,2,0.295455,0.066632,0.204545,0.000000
0.8,ensemble_depth_completion,transparent_container_lift,3,0.522727,0.062768,0.090909,0.000000
0.8,ensemble_depth_completion,transparent_container_lift,4,0.500000,0.062418,0.090909,0.000000
0.8,ensemble_depth_completion,transparent_container_lift,5,0.522727,0.062490,0.090909,0.000000
0.8,ensemble_depth_completion,transparent_container_lift,6,0.386364,0.061748,0.068182,0.000000
0.8,ensemble_depth_completion,leaf_occluded_fruit_grasp,0,0.272727,0.060883,0.181818,0.000000
0.8,ensemble_depth_completion,leaf_occluded_fruit_grasp,1,0.318182,0.060495,0.159091,0.000000
0.8,ensemble_depth_completion,leaf_occluded_fruit_grasp,2,0.295455,0.059356,0.181818,0.000000
0.8,ensemble_depth_completion,leaf_occluded_fruit_grasp,3,0.431818,0.058652,0.159091,0.000000
0.8,ensemble_depth_completion,leaf_occluded_fruit_grasp,4,0.272727,0.061223,0.204545,0.000000
0.8,ensemble_depth_completion,leaf_occluded_fruit_grasp,5,0.409091,0.059212,0.113636,0.000000
0.8,ensemble_depth_completion,leaf_occluded_fruit_grasp,6,0.340909,0.062698,0.272727,0.000000
0.8,active_view_selection,occluded_bin_grasping,0,1.000000,0.036272,0.000000,0.000000
0.8,active_view_selection,occluded_bin_grasping,1,0.977273,0.041207,0.022727,0.000000
0.8,active_view_selection,occluded_bin_grasping,2,1.000000,0.035660,0.000000,0.000000
0.8,active_view_selection,occluded_bin_grasping,3,0.977273,0.036281,0.000000,0.000000
0.8,active_view_selection,occluded_bin_grasping,4,1.000000,0.036387,0.000000,0.000000
0.8,active_view_selection,occluded_bin_grasping,5,1.000000,0.038048,0.000000,0.000000
0.8,active_view_selection,occluded_bin_grasping,6,1.000000,0.035358,0.000000,0.000000
0.8,active_view_selection,shelf_insertion_clearance,0,0.954545,0.039395,0.045455,0.000000
0.8,active_view_selection,shelf_insertion_clearance,1,0.909091,0.043286,0.022727,0.000000
0.8,active_view_selection,shelf_insertion_clearance,2,0.954545,0.038309,0.022727,0.000000
0.8,active_view_selection,shelf_insertion_clearance,3,0.954545,0.041100,0.022727,0.000000
0.8,active_view_selection,shelf_insertion_clearance,4,0.977273,0.040080,0.000000,0.000000
0.8,active_view_selection,shelf_insertion_clearance,5,0.909091,0.039492,0.022727,0.000000
0.8,active_view_selection,shelf_insertion_clearance,6,0.977273,0.040719,0.022727,0.000000
0.8,active_view_selection,transparent_container_lift,0,0.704545,0.057589,0.090909,0.000000
0.8,active_view_selection,transparent_container_lift,1,0.522727,0.060627,0.113636,0.000000
0.8,active_view_selection,transparent_container_lift,2,0.636364,0.057852,0.181818,0.000000
0.8,active_view_selection,transparent_container_lift,3,0.636364,0.059382,0.045455,0.000000
0.8,active_view_selection,transparent_container_lift,4,0.750000,0.053972,0.022727,0.000000
0.8,active_view_selection,transparent_container_lift,5,0.613636,0.058641,0.090909,0.000000
0.8,active_view_selection,transparent_container_lift,6,0.636364,0.056581,0.090909,0.000000
0.8,active_view_selection,leaf_occluded_fruit_grasp,0,0.931818,0.036068,0.022727,0.000000
0.8,active_view_selection,leaf_occluded_fruit_grasp,1,0.977273,0.036337,0.000000,0.000000
0.8,active_view_selection,leaf_occluded_fruit_grasp,2,0.954545,0.035060,0.000000,0.000000
0.8,active_view_selection,leaf_occluded_fruit_grasp,3,0.863636,0.035582,0.068182,0.000000
0.8,active_view_selection,leaf_occluded_fruit_grasp,4,0.954545,0.037264,0.022727,0.000000
0.8,active_view_selection,leaf_occluded_fruit_grasp,5,0.977273,0.033869,0.000000,0.000000
0.8,active_view_selection,leaf_occluded_fruit_grasp,6,0.931818,0.036458,0.000000,0.000000
0.8,visuotactile_probe,occluded_bin_grasping,0,0.750000,0.055181,0.022727,0.181818
0.8,visuotactile_probe,occluded_bin_grasping,1,0.931818,0.053323,0.022727,0.068182
0.8,visuotactile_probe,occluded_bin_grasping,2,0.795455,0.054267,0.022727,0.136364
0.8,visuotactile_probe,occluded_bin_grasping,3,0.909091,0.058710,0.022727,0.045455
0.8,visuotactile_probe,occluded_bin_grasping,4,0.750000,0.052935,0.045455,0.204545
0.8,visuotactile_probe,occluded_bin_grasping,5,0.886364,0.057523,0.000000,0.090909
0.8,visuotactile_probe,occluded_bin_grasping,6,0.840909,0.056001,0.000000,0.090909
0.8,visuotactile_probe,shelf_insertion_clearance,0,0.772727,0.050140,0.045455,0.159091
0.8,visuotactile_probe,shelf_insertion_clearance,1,0.795455,0.050529,0.068182,0.068182
0.8,visuotactile_probe,shelf_insertion_clearance,2,0.704545,0.051964,0.090909,0.136364
0.8,visuotactile_probe,shelf_insertion_clearance,3,0.727273,0.050429,0.090909,0.113636
0.8,visuotactile_probe,shelf_insertion_clearance,4,0.818182,0.048421,0.022727,0.022727
0.8,visuotactile_probe,shelf_insertion_clearance,5,0.818182,0.053754,0.113636,0.113636
0.8,visuotactile_probe,shelf_insertion_clearance,6,0.886364,0.050764,0.045455,0.045455
0.8,visuotactile_probe,transparent_container_lift,0,0.409091,0.066957,0.113636,0.113636
0.8,visuotactile_probe,transparent_container_lift,1,0.386364,0.064166,0.181818,0.113636
0.8,visuotactile_probe,transparent_container_lift,2,0.318182,0.064655,0.159091,0.136364
0.8,visuotactile_probe,transparent_container_lift,3,0.227273,0.071770,0.204545,0.159091
0.8,visuotactile_probe,transparent_container_lift,4,0.318182,0.065399,0.272727,0.136364
0.8,visuotactile_probe,transparent_container_lift,5,0.318182,0.067479,0.159091,0.136364
0.8,visuotactile_probe,transparent_container_lift,6,0.250000,0.067805,0.136364,0.068182
0.8,visuotactile_probe,leaf_occluded_fruit_grasp,0,0.340909,0.060517,0.227273,0.204545
0.8,visuotactile_probe,leaf_occluded_fruit_grasp,1,0.159091,0.061094,0.227273,0.181818
0.8,visuotactile_probe,leaf_occluded_fruit_grasp,2,0.250000,0.061707,0.227273,0.227273
0.8,visuotactile_probe,leaf_occluded_fruit_grasp,3,0.295455,0.062282,0.204545,0.204545
0.8,visuotactile_probe,leaf_occluded_fruit_grasp,4,0.250000,0.058273,0.068182,0.181818
0.8,visuotactile_probe,leaf_occluded_fruit_grasp,5,0.363636,0.062340,0.227273,0.136364
0.8,visuotactile_probe,leaf_occluded_fruit_grasp,6,0.295455,0.061489,0.204545,0.204545
0.8,uncertainty_guided_probe,occluded_bin_grasping,0,0.750000,0.048149,0.000000,0.204545
0.8,uncertainty_guided_probe,occluded_bin_grasping,1,0.840909,0.048221,0.045455,0.136364
0.8,uncertainty_guided_probe,occluded_bin_grasping,2,0.863636,0.050124,0.068182,0.090909
0.8,uncertainty_guided_probe,occluded_bin_grasping,3,0.727273,0.055347,0.068182,0.204545
0.8,uncertainty_guided_probe,occluded_bin_grasping,4,0.863636,0.049452,0.022727,0.136364
0.8,uncertainty_guided_probe,occluded_bin_grasping,5,0.795455,0.050040,0.068182,0.181818
0.8,uncertainty_guided_probe,occluded_bin_grasping,6,0.909091,0.048292,0.000000,0.090909
0.8,uncertainty_guided_probe,shelf_insertion_clearance,0,0.727273,0.044654,0.136364,0.113636
0.8,uncertainty_guided_probe,shelf_insertion_clearance,1,0.772727,0.050117,0.045455,0.136364
0.8,uncertainty_guided_probe,shelf_insertion_clearance,2,0.795455,0.045197,0.045455,0.159091
0.8,uncertainty_guided_probe,shelf_insertion_clearance,3,0.909091,0.046739,0.045455,0.068182
0.8,uncertainty_guided_probe,shelf_insertion_clearance,4,0.840909,0.045529,0.022727,0.113636
0.8,uncertainty_guided_probe,shelf_insertion_clearance,5,0.818182,0.044313,0.022727,0.159091
0.8,uncertainty_guided_probe,shelf_insertion_clearance,6,0.704545,0.046560,0.022727,0.181818
0.8,uncertainty_guided_probe,transparent_container_lift,0,0.454545,0.061273,0.181818,0.159091
0.8,uncertainty_guided_probe,transparent_container_lift,1,0.318182,0.057938,0.113636,0.181818
0.8,uncertainty_guided_probe,transparent_container_lift,2,0.431818,0.057582,0.227273,0.159091
0.8,uncertainty_guided_probe,transparent_container_lift,3,0.500000,0.060331,0.204545,0.136364
0.8,uncertainty_guided_probe,transparent_container_lift,4,0.454545,0.058584,0.159091,0.204545
0.8,uncertainty_guided_probe,transparent_container_lift,5,0.340909,0.060678,0.159091,0.181818
0.8,uncertainty_guided_probe,transparent_container_lift,6,0.431818,0.060677,0.113636,0.227273
0.8,uncertainty_guided_probe,leaf_occluded_fruit_grasp,0,0.386364,0.051090,0.181818,0.227273
0.8,uncertainty_guided_probe,leaf_occluded_fruit_grasp,1,0.204545,0.055579,0.136364,0.340909
0.8,uncertainty_guided_probe,leaf_occluded_fruit_grasp,2,0.227273,0.053797,0.136364,0.454545
0.8,uncertainty_guided_probe,leaf_occluded_fruit_grasp,3,0.272727,0.050290,0.159091,0.431818
0.8,uncertainty_guided_probe,leaf_occluded_fruit_grasp,4,0.363636,0.055493,0.113636,0.318182
0.8,uncertainty_guided_probe,leaf_occluded_fruit_grasp,5,0.250000,0.050690,0.159091,0.295455
0.8,uncertainty_guided_probe,leaf_occluded_fruit_grasp,6,0.295455,0.053055,0.159091,0.318182
0.8,proposed_action_critical_interactive_depth,occluded_bin_grasping,0,0.840909,0.049159,0.022727,0.113636
0.8,proposed_action_critical_interactive_depth,occluded_bin_grasping,1,0.863636,0.051418,0.000000,0.090909
0.8,proposed_action_critical_interactive_depth,occluded_bin_grasping,2,0.886364,0.051520,0.000000,0.090909
0.8,proposed_action_critical_interactive_depth,occluded_bin_grasping,3,0.840909,0.053111,0.045455,0.136364
0.8,proposed_action_critical_interactive_depth,occluded_bin_grasping,4,0.931818,0.050651,0.000000,0.045455
0.8,proposed_action_critical_interactive_depth,occluded_bin_grasping,5,0.886364,0.049616,0.045455,0.068182
0.8,proposed_action_critical_interactive_depth,occluded_bin_grasping,6,0.659091,0.053943,0.000000,0.227273
0.8,proposed_action_critical_interactive_depth,shelf_insertion_clearance,0,0.818182,0.047809,0.045455,0.113636
0.8,proposed_action_critical_interactive_depth,shelf_insertion_clearance,1,0.772727,0.044892,0.045455,0.045455
0.8,proposed_action_critical_interactive_depth,shelf_insertion_clearance,2,0.750000,0.046010,0.113636,0.159091
0.8,proposed_action_critical_interactive_depth,shelf_insertion_clearance,3,0.818182,0.047766,0.045455,0.113636
0.8,proposed_action_critical_interactive_depth,shelf_insertion_clearance,4,0.863636,0.045976,0.022727,0.068182
0.8,proposed_action_critical_interactive_depth,shelf_insertion_clearance,5,0.818182,0.047707,0.068182,0.045455
0.8,proposed_action_critical_interactive_depth,shelf_insertion_clearance,6,0.840909,0.045788,0.068182,0.090909
0.8,proposed_action_critical_interactive_depth,transparent_container_lift,0,0.500000,0.061121,0.113636,0.227273
0.8,proposed_action_critical_interactive_depth,transparent_container_lift,1,0.477273,0.062129,0.204545,0.113636
0.8,proposed_action_critical_interactive_depth,transparent_container_lift,2,0.318182,0.060519,0.136364,0.204545
0.8,proposed_action_critical_interactive_depth,transparent_container_lift,3,0.477273,0.064018,0.090909,0.090909
0.8,proposed_action_critical_interactive_depth,transparent_container_lift,4,0.454545,0.060286,0.090909,0.113636
0.8,proposed_action_critical_interactive_depth,transparent_container_lift,5,0.431818,0.059978,0.136364,0.159091
0.8,proposed_action_critical_interactive_depth,transparent_container_lift,6,0.295455,0.065717,0.113636,0.090909
0.8,proposed_action_critical_interactive_depth,leaf_occluded_fruit_grasp,0,0.318182,0.054369,0.250000,0.227273
0.8,proposed_action_critical_interactive_depth,leaf_occluded_fruit_grasp,1,0.295455,0.053585,0.227273,0.204545
0.8,proposed_action_critical_interactive_depth,leaf_occluded_fruit_grasp,2,0.477273,0.054207,0.181818,0.181818
0.8,proposed_action_critical_interactive_depth,leaf_occluded_fruit_grasp,3,0.386364,0.054712,0.068182,0.272727
0.8,proposed_action_critical_interactive_depth,leaf_occluded_fruit_grasp,4,0.272727,0.055297,0.136364,0.363636
0.8,proposed_action_critical_interactive_depth,leaf_occluded_fruit_grasp,5,0.386364,0.052960,0.090909,0.318182
0.8,proposed_action_critical_interactive_depth,leaf_occluded_fruit_grasp,6,0.272727,0.053036,0.181818,0.295455
0.8,oracle_depth_completion,occluded_bin_grasping,0,1.000000,0.005922,0.000000,0.000000
0.8,oracle_depth_completion,occluded_bin_grasping,1,1.000000,0.005846,0.000000,0.000000
0.8,oracle_depth_completion,occluded_bin_grasping,2,1.000000,0.005559,0.000000,0.000000
0.8,oracle_depth_completion,occluded_bin_grasping,3,1.000000,0.005345,0.000000,0.000000
0.8,oracle_depth_completion,occluded_bin_grasping,4,1.000000,0.005668,0.000000,0.000000
0.8,oracle_depth_completion,occluded_bin_grasping,5,1.000000,0.005562,0.000000,0.000000
0.8,oracle_depth_completion,occluded_bin_grasping,6,1.000000,0.005497,0.000000,0.000000
0.8,oracle_depth_completion,shelf_insertion_clearance,0,1.000000,0.006052,0.000000,0.000000
0.8,oracle_depth_completion,shelf_insertion_clearance,1,1.000000,0.005888,0.000000,0.000000
0.8,oracle_depth_completion,shelf_insertion_clearance,2,1.000000,0.005647,0.000000,0.000000
0.8,oracle_depth_completion,shelf_insertion_clearance,3,1.000000,0.005570,0.000000,0.000000
0.8,oracle_depth_completion,shelf_insertion_clearance,4,1.000000,0.005603,0.000000,0.000000
0.8,oracle_depth_completion,shelf_insertion_clearance,5,1.000000,0.005511,0.000000,0.000000
0.8,oracle_depth_completion,shelf_insertion_clearance,6,1.000000,0.005562,0.000000,0.000000
0.8,oracle_depth_completion,transparent_container_lift,0,1.000000,0.005737,0.000000,0.000000
0.8,oracle_depth_completion,transparent_container_lift,1,1.000000,0.006102,0.000000,0.000000
0.8,oracle_depth_completion,transparent_container_lift,2,1.000000,0.005601,0.000000,0.000000
0.8,oracle_depth_completion,transparent_container_lift,3,1.000000,0.005695,0.000000,0.000000
0.8,oracle_depth_completion,transparent_container_lift,4,1.000000,0.005931,0.000000,0.000000
0.8,oracle_depth_completion,transparent_container_lift,5,1.000000,0.005912,0.000000,0.000000
0.8,oracle_depth_completion,transparent_container_lift,6,1.000000,0.006061,0.000000,0.000000
0.8,oracle_depth_completion,leaf_occluded_fruit_grasp,0,1.000000,0.005985,0.000000,0.000000
0.8,oracle_depth_completion,leaf_occluded_fruit_grasp,1,1.000000,0.005607,0.000000,0.000000
0.8,oracle_depth_completion,leaf_occluded_fruit_grasp,2,1.000000,0.005808,0.000000,0.000000
0.8,oracle_depth_completion,leaf_occluded_fruit_grasp,3,1.000000,0.005578,0.000000,0.000000
0.8,oracle_depth_completion,leaf_occluded_fruit_grasp,4,1.000000,0.005738,0.000000,0.000000
0.8,oracle_depth_completion,leaf_occluded_fruit_grasp,5,1.000000,0.005779,0.000000,0.000000
0.8,oracle_depth_completion,leaf_occluded_fruit_grasp,6,1.000000,0.005934,0.000000,0.000000
1.0,learned_depth_completion,occluded_bin_grasping,0,0.272727,0.074827,0.204545,0.000000
1.0,learned_depth_completion,occluded_bin_grasping,1,0.295455,0.073491,0.181818,0.000000
1.0,learned_depth_completion,occluded_bin_grasping,2,0.159091,0.072595,0.272727,0.000000
1.0,learned_depth_completion,occluded_bin_grasping,3,0.272727,0.073485,0.318182,0.000000
1.0,learned_depth_completion,occluded_bin_grasping,4,0.295455,0.070056,0.227273,0.000000
1.0,learned_depth_completion,occluded_bin_grasping,5,0.431818,0.070789,0.136364,0.000000
1.0,learned_depth_completion,occluded_bin_grasping,6,0.363636,0.073100,0.204545,0.000000
1.0,learned_depth_completion,shelf_insertion_clearance,0,0.318182,0.068552,0.227273,0.000000
1.0,learned_depth_completion,shelf_insertion_clearance,1,0.227273,0.067835,0.181818,0.000000
1.0,learned_depth_completion,shelf_insertion_clearance,2,0.204545,0.066925,0.227273,0.000000
1.0,learned_depth_completion,shelf_insertion_clearance,3,0.318182,0.066546,0.113636,0.000000
1.0,learned_depth_completion,shelf_insertion_clearance,4,0.272727,0.063102,0.227273,0.000000
1.0,learned_depth_completion,shelf_insertion_clearance,5,0.318182,0.065381,0.159091,0.000000
1.0,learned_depth_completion,shelf_insertion_clearance,6,0.340909,0.065195,0.295455,0.000000
1.0,learned_depth_completion,transparent_container_lift,0,0.045455,0.086099,0.250000,0.000000
1.0,learned_depth_completion,transparent_container_lift,1,0.000000,0.082188,0.409091,0.000000
1.0,learned_depth_completion,transparent_container_lift,2,0.068182,0.080629,0.181818,0.000000
1.0,learned_depth_completion,transparent_container_lift,3,0.000000,0.077628,0.272727,0.000000
1.0,learned_depth_completion,transparent_container_lift,4,0.022727,0.084994,0.250000,0.000000
1.0,learned_depth_completion,transparent_container_lift,5,0.000000,0.083662,0.272727,0.000000
1.0,learned_depth_completion,transparent_container_lift,6,0.022727,0.086803,0.363636,0.000000
1.0,learned_depth_completion,leaf_occluded_fruit_grasp,0,0.000000,0.080907,0.340909,0.000000
1.0,learned_depth_completion,leaf_occluded_fruit_grasp,1,0.022727,0.071881,0.227273,0.000000
1.0,learned_depth_completion,leaf_occluded_fruit_grasp,2,0.022727,0.082250,0.318182,0.000000
1.0,learned_depth_completion,leaf_occluded_fruit_grasp,3,0.022727,0.075613,0.454545,0.000000
1.0,learned_depth_completion,leaf_occluded_fruit_grasp,4,0.000000,0.083525,0.363636,0.000000
1.0,learned_depth_completion,leaf_occluded_fruit_grasp,5,0.000000,0.080045,0.340909,0.000000
1.0,learned_depth_completion,leaf_occluded_fruit_grasp,6,0.000000,0.081517,0.363636,0.000000
1.0,ensemble_depth_completion,occluded_bin_grasping,0,0.727273,0.060249,0.090909,0.000000
1.0,ensemble_depth_completion,occluded_bin_grasping,1,0.818182,0.056945,0.022727,0.000000
1.0,ensemble_depth_completion,occluded_bin_grasping,2,0.750000,0.055536,0.068182,0.000000
1.0,ensemble_depth_completion,occluded_bin_grasping,3,0.909091,0.055317,0.022727,0.000000
1.0,ensemble_depth_completion,occluded_bin_grasping,4,0.795455,0.055444,0.045455,0.000000
1.0,ensemble_depth_completion,occluded_bin_grasping,5,0.750000,0.057206,0.022727,0.000000
1.0,ensemble_depth_completion,occluded_bin_grasping,6,0.590909,0.059776,0.090909,0.000000
1.0,ensemble_depth_completion,shelf_insertion_clearance,0,0.681818,0.055420,0.068182,0.000000
1.0,ensemble_depth_completion,shelf_insertion_clearance,1,0.727273,0.053970,0.113636,0.000000
1.0,ensemble_depth_completion,shelf_insertion_clearance,2,0.750000,0.050875,0.113636,0.000000
1.0,ensemble_depth_completion,shelf_insertion_clearance,3,0.840909,0.052968,0.022727,0.000000
1.0,ensemble_depth_completion,shelf_insertion_clearance,4,0.727273,0.050292,0.113636,0.000000
1.0,ensemble_depth_completion,shelf_insertion_clearance,5,0.750000,0.050875,0.068182,0.000000
1.0,ensemble_depth_completion,shelf_insertion_clearance,6,0.659091,0.054674,0.113636,0.000000
1.0,ensemble_depth_completion,transparent_container_lift,0,0.113636,0.068911,0.272727,0.000000
1.0,ensemble_depth_completion,transparent_container_lift,1,0.318182,0.062286,0.113636,0.000000
1.0,ensemble_depth_completion,transparent_container_lift,2,0.181818,0.066353,0.204545,0.000000
1.0,ensemble_depth_completion,transparent_container_lift,3,0.204545,0.068656,0.204545,0.000000
1.0,ensemble_depth_completion,transparent_container_lift,4,0.159091,0.064934,0.250000,0.000000
1.0,ensemble_depth_completion,transparent_container_lift,5,0.272727,0.064890,0.204545,0.000000
1.0,ensemble_depth_completion,transparent_container_lift,6,0.159091,0.067585,0.181818,0.000000
1.0,ensemble_depth_completion,leaf_occluded_fruit_grasp,0,0.090909,0.060200,0.227273,0.000000
1.0,ensemble_depth_completion,leaf_occluded_fruit_grasp,1,0.250000,0.059342,0.250000,0.000000
1.0,ensemble_depth_completion,leaf_occluded_fruit_grasp,2,0.159091,0.061995,0.272727,0.000000
1.0,ensemble_depth_completion,leaf_occluded_fruit_grasp,3,0.159091,0.062017,0.250000,0.000000
1.0,ensemble_depth_completion,leaf_occluded_fruit_grasp,4,0.136364,0.062265,0.295455,0.000000
1.0,ensemble_depth_completion,leaf_occluded_fruit_grasp,5,0.068182,0.062543,0.318182,0.000000
1.0,ensemble_depth_completion,leaf_occluded_fruit_grasp,6,0.227273,0.060058,0.181818,0.000000
1.0,active_view_selection,occluded_bin_grasping,0,0.954545,0.037641,0.000000,0.000000
1.0,active_view_selection,occluded_bin_grasping,1,0.977273,0.039073,0.022727,0.000000
1.0,active_view_selection,occluded_bin_grasping,2,1.000000,0.037064,0.000000,0.000000
1.0,active_view_selection,occluded_bin_grasping,3,0.977273,0.037451,0.000000,0.000000
1.0,active_view_selection,occluded_bin_grasping,4,1.000000,0.038501,0.000000,0.000000
1.0,active_view_selection,occluded_bin_grasping,5,0.977273,0.038978,0.000000,0.000000
1.0,active_view_selection,occluded_bin_grasping,6,1.000000,0.036168,0.000000,0.000000
1.0,active_view_selection,shelf_insertion_clearance,0,0.840909,0.046706,0.068182,0.000000
1.0,active_view_selection,shelf_insertion_clearance,1,0.954545,0.037513,0.022727,0.000000
1.0,active_view_selection,shelf_insertion_clearance,2,0.954545,0.038610,0.000000,0.000000
1.0,active_view_selection,shelf_insertion_clearance,3,0.886364,0.044625,0.000000,0.000000
1.0,active_view_selection,shelf_insertion_clearance,4,0.931818,0.037329,0.000000,0.000000
1.0,active_view_selection,shelf_insertion_clearance,5,0.909091,0.040574,0.045455,0.000000
1.0,active_view_selection,shelf_insertion_clearance,6,0.954545,0.039513,0.022727,0.000000
1.0,active_view_selection,transparent_container_lift,0,0.500000,0.054092,0.045455,0.000000
1.0,active_view_selection,transparent_container_lift,1,0.409091,0.056857,0.136364,0.000000
1.0,active_view_selection,transparent_container_lift,2,0.454545,0.058317,0.159091,0.000000
1.0,active_view_selection,transparent_container_lift,3,0.590909,0.054897,0.136364,0.000000
1.0,active_view_selection,transparent_container_lift,4,0.340909,0.060643,0.136364,0.000000
1.0,active_view_selection,transparent_container_lift,5,0.431818,0.059010,0.136364,0.000000
1.0,active_view_selection,transparent_container_lift,6,0.318182,0.063284,0.090909,0.000000
1.0,active_view_selection,leaf_occluded_fruit_grasp,0,0.863636,0.037750,0.022727,0.000000
1.0,active_view_selection,leaf_occluded_fruit_grasp,1,0.636364,0.037728,0.045455,0.000000
1.0,active_view_selection,leaf_occluded_fruit_grasp,2,0.772727,0.038632,0.022727,0.000000
1.0,active_view_selection,leaf_occluded_fruit_grasp,3,0.681818,0.037258,0.068182,0.000000
1.0,active_view_selection,leaf_occluded_fruit_grasp,4,0.818182,0.040346,0.000000,0.000000
1.0,active_view_selection,leaf_occluded_fruit_grasp,5,0.909091,0.033338,0.022727,0.000000
1.0,active_view_selection,leaf_occluded_fruit_grasp,6,0.795455,0.036510,0.045455,0.000000
1.0,visuotactile_probe,occluded_bin_grasping,0,0.522727,0.061736,0.136364,0.159091
1.0,visuotactile_probe,occluded_bin_grasping,1,0.636364,0.059016,0.113636,0.136364
1.0,visuotactile_probe,occluded_bin_grasping,2,0.681818,0.055140,0.090909,0.113636
1.0,visuotactile_probe,occluded_bin_grasping,3,0.590909,0.057444,0.068182,0.250000
1.0,visuotactile_probe,occluded_bin_grasping,4,0.636364,0.057493,0.113636,0.159091
1.0,visuotactile_probe,occluded_bin_grasping,5,0.659091,0.061624,0.068182,0.113636
1.0,visuotactile_probe,occluded_bin_grasping,6,0.568182,0.060311,0.113636,0.159091
1.0,visuotactile_probe,shelf_insertion_clearance,0,0.681818,0.053193,0.045455,0.136364
1.0,visuotactile_probe,shelf_insertion_clearance,1,0.636364,0.052225,0.090909,0.159091
1.0,visuotactile_probe,shelf_insertion_clearance,2,0.681818,0.049715,0.090909,0.159091
1.0,visuotactile_probe,shelf_insertion_clearance,3,0.659091,0.053100,0.090909,0.113636
1.0,visuotactile_probe,shelf_insertion_clearance,4,0.477273,0.056506,0.204545,0.181818
1.0,visuotactile_probe,shelf_insertion_clearance,5,0.363636,0.062693,0.136364,0.113636
1.0,visuotactile_probe,shelf_insertion_clearance,6,0.681818,0.053107,0.136364,0.045455
1.0,visuotactile_probe,transparent_container_lift,0,0.159091,0.069261,0.204545,0.181818
1.0,visuotactile_probe,transparent_container_lift,1,0.000000,0.072866,0.340909,0.136364
1.0,visuotactile_probe,transparent_container_lift,2,0.181818,0.070607,0.159091,0.068182
1.0,visuotactile_probe,transparent_container_lift,3,0.181818,0.070109,0.250000,0.159091
1.0,visuotactile_probe,transparent_container_lift,4,0.113636,0.073071,0.181818,0.159091
1.0,visuotactile_probe,transparent_container_lift,5,0.159091,0.074277,0.181818,0.181818
1.0,visuotactile_probe,transparent_container_lift,6,0.136364,0.072432,0.295455,0.159091
1.0,visuotactile_probe,leaf_occluded_fruit_grasp,0,0.090909,0.068969,0.386364,0.227273
1.0,visuotactile_probe,leaf_occluded_fruit_grasp,1,0.136364,0.062656,0.318182,0.250000
1.0,visuotactile_probe,leaf_occluded_fruit_grasp,2,0.159091,0.059880,0.159091,0.272727
1.0,visuotactile_probe,leaf_occluded_fruit_grasp,3,0.090909,0.063052,0.204545,0.136364
1.0,visuotactile_probe,leaf_occluded_fruit_grasp,4,0.159091,0.061137,0.250000,0.181818
1.0,visuotactile_probe,leaf_occluded_fruit_grasp,5,0.090909,0.060301,0.227273,0.250000
1.0,visuotactile_probe,leaf_occluded_fruit_grasp,6,0.181818,0.061636,0.136364,0.181818
1.0,uncertainty_guided_probe,occluded_bin_grasping,0,0.727273,0.051976,0.068182,0.136364
1.0,uncertainty_guided_probe,occluded_bin_grasping,1,0.772727,0.054054,0.068182,0.136364
1.0,uncertainty_guided_probe,occluded_bin_grasping,2,0.750000,0.052660,0.090909,0.136364
1.0,uncertainty_guided_probe,occluded_bin_grasping,3,0.636364,0.053720,0.090909,0.272727
1.0,uncertainty_guided_probe,occluded_bin_grasping,4,0.818182,0.052465,0.045455,0.068182
1.0,uncertainty_guided_probe,occluded_bin_grasping,5,0.659091,0.053057,0.136364,0.181818
1.0,uncertainty_guided_probe,occluded_bin_grasping,6,0.590909,0.059277,0.113636,0.181818
1.0,uncertainty_guided_probe,shelf_insertion_clearance,0,0.500000,0.052176,0.113636,0.136364
1.0,uncertainty_guided_probe,shelf_insertion_clearance,1,0.750000,0.049582,0.068182,0.113636
1.0,uncertainty_guided_probe,shelf_insertion_clearance,2,0.681818,0.050882,0.068182,0.113636
1.0,uncertainty_guided_probe,shelf_insertion_clearance,3,0.636364,0.046387,0.090909,0.136364
1.0,uncertainty_guided_probe,shelf_insertion_clearance,4,0.613636,0.047611,0.045455,0.181818
1.0,uncertainty_guided_probe,shelf_insertion_clearance,5,0.636364,0.049537,0.068182,0.181818
1.0,uncertainty_guided_probe,shelf_insertion_clearance,6,0.522727,0.048814,0.136364,0.272727
1.0,uncertainty_guided_probe,transparent_container_lift,0,0.159091,0.062512,0.113636,0.159091
1.0,uncertainty_guided_probe,transparent_container_lift,1,0.090909,0.063377,0.272727,0.136364
1.0,uncertainty_guided_probe,transparent_container_lift,2,0.159091,0.062035,0.204545,0.250000
1.0,uncertainty_guided_probe,transparent_container_lift,3,0.159091,0.059538,0.227273,0.022727
1.0,uncertainty_guided_probe,transparent_container_lift,4,0.250000,0.059211,0.113636,0.090909
1.0,uncertainty_guided_probe,transparent_container_lift,5,0.204545,0.059510,0.181818,0.159091
1.0,uncertainty_guided_probe,transparent_container_lift,6,0.136364,0.059321,0.272727,0.272727
1.0,uncertainty_guided_probe,leaf_occluded_fruit_grasp,0,0.113636,0.056697,0.159091,0.431818
1.0,uncertainty_guided_probe,leaf_occluded_fruit_grasp,1,0.068182,0.054709,0.181818,0.363636
1.0,uncertainty_guided_probe,leaf_occluded_fruit_grasp,2,0.159091,0.054152,0.227273,0.340909
1.0,uncertainty_guided_probe,leaf_occluded_fruit_grasp,3,0.113636,0.056264,0.272727,0.295455
1.0,uncertainty_guided_probe,leaf_occluded_fruit_grasp,4,0.181818,0.056513,0.204545,0.363636
1.0,uncertainty_guided_probe,leaf_occluded_fruit_grasp,5,0.227273,0.054340,0.113636,0.318182
1.0,uncertainty_guided_probe,leaf_occluded_fruit_grasp,6,0.204545,0.057907,0.318182,0.227273
1.0,proposed_action_critical_interactive_depth,occluded_bin_grasping,0,0.772727,0.050240,0.068182,0.159091
1.0,proposed_action_critical_interactive_depth,occluded_bin_grasping,1,0.795455,0.056663,0.068182,0.068182
1.0,proposed_action_critical_interactive_depth,occluded_bin_grasping,2,0.727273,0.055396,0.113636,0.181818
1.0,proposed_action_critical_interactive_depth,occluded_bin_grasping,3,0.772727,0.059174,0.068182,0.068182
1.0,proposed_action_critical_interactive_depth,occluded_bin_grasping,4,0.772727,0.049818,0.045455,0.090909
1.0,proposed_action_critical_interactive_depth,occluded_bin_grasping,5,0.840909,0.050373,0.113636,0.136364
1.0,proposed_action_critical_interactive_depth,occluded_bin_grasping,6,0.795455,0.052233,0.045455,0.136364
1.0,proposed_action_critical_interactive_depth,shelf_insertion_clearance,0,0.727273,0.049437,0.068182,0.090909
1.0,proposed_action_critical_interactive_depth,shelf_insertion_clearance,1,0.681818,0.048064,0.045455,0.090909
1.0,proposed_action_critical_interactive_depth,shelf_insertion_clearance,2,0.704545,0.049230,0.090909,0.113636
1.0,proposed_action_critical_interactive_depth,shelf_insertion_clearance,3,0.750000,0.049070,0.045455,0.136364
1.0,proposed_action_critical_interactive_depth,shelf_insertion_clearance,4,0.613636,0.053351,0.068182,0.181818
1.0,proposed_action_critical_interactive_depth,shelf_insertion_clearance,5,0.704545,0.048907,0.090909,0.159091
1.0,proposed_action_critical_interactive_depth,shelf_insertion_clearance,6,0.727273,0.050913,0.090909,0.090909
1.0,proposed_action_critical_interactive_depth,transparent_container_lift,0,0.204545,0.063814,0.204545,0.136364
1.0,proposed_action_critical_interactive_depth,transparent_container_lift,1,0.250000,0.061361,0.227273,0.068182
1.0,proposed_action_critical_interactive_depth,transparent_container_lift,2,0.227273,0.065142,0.159091,0.204545
1.0,proposed_action_critical_interactive_depth,transparent_container_lift,3,0.227273,0.062376,0.159091,0.068182
1.0,proposed_action_critical_interactive_depth,transparent_container_lift,4,0.204545,0.062251,0.136364,0.159091
1.0,proposed_action_critical_interactive_depth,transparent_container_lift,5,0.181818,0.060803,0.181818,0.090909
1.0,proposed_action_critical_interactive_depth,transparent_container_lift,6,0.250000,0.063019,0.159091,0.136364
1.0,proposed_action_critical_interactive_depth,leaf_occluded_fruit_grasp,0,0.181818,0.057622,0.250000,0.250000
1.0,proposed_action_critical_interactive_depth,leaf_occluded_fruit_grasp,1,0.386364,0.059436,0.318182,0.136364
1.0,proposed_action_critical_interactive_depth,leaf_occluded_fruit_grasp,2,0.295455,0.055756,0.204545,0.227273
1.0,proposed_action_critical_interactive_depth,leaf_occluded_fruit_grasp,3,0.318182,0.057749,0.181818,0.136364
1.0,proposed_action_critical_interactive_depth,leaf_occluded_fruit_grasp,4,0.295455,0.056742,0.136364,0.227273
1.0,proposed_action_critical_interactive_depth,leaf_occluded_fruit_grasp,5,0.272727,0.058171,0.159091,0.250000
1.0,proposed_action_critical_interactive_depth,leaf_occluded_fruit_grasp,6,0.159091,0.055701,0.159091,0.113636
1.0,oracle_depth_completion,occluded_bin_grasping,0,1.000000,0.005906,0.000000,0.000000
1.0,oracle_depth_completion,occluded_bin_grasping,1,1.000000,0.005942,0.000000,0.000000
1.0,oracle_depth_completion,occluded_bin_grasping,2,1.000000,0.006011,0.000000,0.000000
1.0,oracle_depth_completion,occluded_bin_grasping,3,1.000000,0.005701,0.000000,0.000000
1.0,oracle_depth_completion,occluded_bin_grasping,4,1.000000,0.005936,0.000000,0.000000
1.0,oracle_depth_completion,occluded_bin_grasping,5,1.000000,0.005630,0.000000,0.000000
1.0,oracle_depth_completion,occluded_bin_grasping,6,1.000000,0.005472,0.000000,0.000000
1.0,oracle_depth_completion,shelf_insertion_clearance,0,1.000000,0.005691,0.000000,0.000000
1.0,oracle_depth_completion,shelf_insertion_clearance,1,1.000000,0.005458,0.000000,0.000000
1.0,oracle_depth_completion,shelf_insertion_clearance,2,1.000000,0.005603,0.000000,0.000000
1.0,oracle_depth_completion,shelf_insertion_clearance,3,1.000000,0.005856,0.000000,0.000000
1.0,oracle_depth_completion,shelf_insertion_clearance,4,1.000000,0.005856,0.000000,0.000000
1.0,oracle_depth_completion,shelf_insertion_clearance,5,1.000000,0.005794,0.000000,0.000000
1.0,oracle_depth_completion,shelf_insertion_clearance,6,1.000000,0.005783,0.000000,0.000000
1.0,oracle_depth_completion,transparent_container_lift,0,1.000000,0.006034,0.000000,0.000000
1.0,oracle_depth_completion,transparent_container_lift,1,1.000000,0.005945,0.000000,0.000000
1.0,oracle_depth_completion,transparent_container_lift,2,1.000000,0.005862,0.000000,0.000000
1.0,oracle_depth_completion,transparent_container_lift,3,1.000000,0.005924,0.000000,0.000000
1.0,oracle_depth_completion,transparent_container_lift,4,1.000000,0.005990,0.000000,0.000000
1.0,oracle_depth_completion,transparent_container_lift,5,1.000000,0.005687,0.000000,0.000000
1.0,oracle_depth_completion,transparent_container_lift,6,1.000000,0.005850,0.000000,0.000000
1.0,oracle_depth_completion,leaf_occluded_fruit_grasp,0,1.000000,0.005598,0.000000,0.000000
1.0,oracle_depth_completion,leaf_occluded_fruit_grasp,1,1.000000,0.005840,0.000000,0.000000
1.0,oracle_depth_completion,leaf_occluded_fruit_grasp,2,1.000000,0.005726,0.000000,0.000000
1.0,oracle_depth_completion,leaf_occluded_fruit_grasp,3,1.000000,0.006329,0.000000,0.000000
1.0,oracle_depth_completion,leaf_occluded_fruit_grasp,4,1.000000,0.005940,0.000000,0.000000
1.0,oracle_depth_completion,leaf_occluded_fruit_grasp,5,1.000000,0.005738,0.000000,0.000000
1.0,oracle_depth_completion,leaf_occluded_fruit_grasp,6,1.000000,0.005944,0.000000,0.000000
