uid,title,abstract,year,venue,authors,doi,arxiv_id,url,source,query,query_role,family,advisor_seed,citation_count,matched_terms,retrieved_at,relevance_score,hostile_score
doi:10.48550/arxiv.1908.01238,Learning Guided Convolutional Network for Depth Completion,"Dense depth perception is critical for autonomous driving and other robotics applications. However, modern LiDAR sensors only provide sparse depth measurement. It is thus necessary to complete the sparse LiDAR data, where a synchronized guidance RGB image is often used to facilitate this completion. Many neural networks have been designed for this task. However, they often na\""ıvely fuse the LiDAR data and RGB image information by performing feature concatenation or element-wise addition. Inspired by the guided image filtering, we design a novel guided network to predict kernel weights from the guidance image. These predicted kernels are then applied to extract the depth image features. In this way, our network generates content-dependent and spatially-variant kernels for multi-modal feature fusion. Dynamically generated spatially-variant kernels could lead to prohibitive GPU memory cons",2019,arXiv (Cornell University),Jie Tang; Fei-Peng Tian; Wei Feng; Jian Li; Ping Tan,10.48550/arxiv.1908.01238,,https://doi.org/10.48550/arxiv.1908.01238,openalex,energy based model robot learning,concept,ebm,,26,benchmark; generalization,2026-06-12T18:26:24Z,21.848,23.848
arxiv:2504.01957v2,Toward Real-world BEV Perception: Depth Uncertainty Estimation via Gaussian Splatting,"Bird's-eye view (BEV) perception has gained significant attention because it provides a unified representation to fuse multiple view images and enables a wide range of down-stream autonomous driving tasks, such as forecasting and planning. Recent state-of-the-art models utilize projection-based methods which formulate BEV perception as query learning to bypass explicit depth estimation. While we observe promising advancements in this paradigm, they still fall short of real-world applications because of the lack of uncertainty modeling and expensive computational requirement. In this work, we introduce GaussianLSS, a novel uncertainty-aware BEV perception framework that revisits unprojection-based methods, specifically the Lift-Splat-Shoot (LSS) paradigm, and enhances them with depth un-certainty modeling. GaussianLSS represents spatial dispersion by learning a soft depth mean and computi",2025,arXiv,Shu-Wei Lu; Yi-Hsuan Tsai; Yi-Ting Chen,,2504.01957v2,http://arxiv.org/abs/2504.01957v2,arxiv,Gaussian splatting robot perception,concept,architecture,,,Gaussian splatting robot perception,2026-06-12T14:45:03Z,19.850,21.850
doi:10.1109/cvpr52734.2025.01596,Toward Real-world BEV Perception: Depth Uncertainty Estimation via Gaussian Splatting,,2025,2025 IEEE/CVF Conference on Computer Vision and Pattern Recognition (CVPR),Shu-Wei Lu; Yi-Hsuan Tsai; Yi-Ting Chen,10.1109/cvpr52734.2025.01596,,https://doi.org/10.1109/cvpr52734.2025.01596,crossref,Gaussian splatting robot perception,concept,architecture,,5,Gaussian splatting robot perception,2026-06-12T14:45:03Z,19.496,21.496
doi:10.1109/jsen.2024.3488495,"TRIDENT: Efficient Triple-Task Learning of Dehazing, Depth, and Uncertainty Estimation for Underwater 3-D Robot Visual Perception",,2025,IEEE Sensors Journal,Geonmo Yang; Younggun Cho,10.1109/jsen.2024.3488495,,https://doi.org/10.1109/jsen.2024.3488495,crossref,Gaussian splatting robot perception,concept,architecture,,4,Gaussian splatting robot perception,2026-06-12T15:07:36Z,19.405,20.405
doi:10.1109/icra.2019.8793610,A Real-Time Interactive Augmented Reality Depth Estimation Technique for Surgical Robotics,"Augmented reality (AR) is a promising technology where the surgeon can see the medical abnormality in the context of the patient. It makes the anatomy of interest visible to the surgeon which otherwise is not visible. It can result in better surgical precision and therefore, potentially better surgical outcomes and faster recovery times. Despite these benefits, the current AR systems suffer from two major challenges; first, incorrect depth perception and, second, the lack of suitable evaluation systems. Therefore, in the current paper we addressed both of these problems. We proposed a color depth encoding (CDE) technique to estimate the distance between the tumor and the tissue surface using a surgical instrument. We mapped the distance between the tumor and the tissue surface to the blue-red color spectrum. For evaluation and interaction with our AR technique, we propose to use a virtua",2019,,Megha Kalia; Nassir Navab; Tim Salcudean,10.1109/icra.2019.8793610,,https://doi.org/10.1109/icra.2019.8793610,openalex,robotics,concept,openalex_bulk_robotics,,37,surgical robot,2026-06-12T18:57:17Z,19.319,20.319
doi:10.1109/jas.2022.105674,Multi-Joint Active Collision Avoidance for Robot Based on Depth Visual Perception,,2022,IEEE/CAA Journal of Automatica Sinica,Hui Li; Xingfang Wang; Xiao Huang; Yifan Ma; Zhihong Jiang,10.1109/jas.2022.105674,,https://doi.org/10.1109/jas.2022.105674,crossref,Gaussian splatting robot perception,concept,architecture,,11,Gaussian splatting robot perception,2026-06-12T15:07:36Z,19.242,19.242
arxiv:2602.01939v3,"Towards Exploratory and Focused Manipulation with Bimanual Active Perception: A New Problem, Benchmark and Strategy","Recently, active vision has reemerged as an important concept for manipulation, since visual occlusion occurs more frequently when main cameras are mounted on the robot heads. We reflect on the visual occlusion issue and identify its essence as the absence of information useful for task completion. Inspired by this, we come up with the more fundamental problem of Exploratory and Focused Manipulation (EFM). The proposed problem is about actively collecting information to complete challenging manipulation tasks that require exploration or focus. As an initial attempt to address this problem, we establish the EFM-10 benchmark that consists of 4 categories of tasks that align with our definition (10 tasks in total). We further come up with a Bimanual Active Perception (BAP) strategy, which leverages one arm to provide active vision and another arm to provide force sensing while manipulating.",2026,arXiv,Yuxin He; Ruihao Zhang; Tianao Shen; Cheng Liu; Qiang Nie,,2602.01939v3,http://arxiv.org/abs/2602.01939v3,arxiv,Gaussian splatting robot perception bimanual manipulation,concept,architecture_x_embodiment,,,Gaussian splatting robot perception; bimanual manipulation; active perception; imitation learning; benchmark; occlusion,2026-06-12T15:07:36Z,19.200,20.200
doi:10.1007/978-3-031-26889-2_16,Bridging Depth Estimation and Completion for Mobile Robots Reliable 3D Perception,,2023,Lecture Notes in Networks and Systems Robot Intelligence Technology and Applications 7,Dimitrios Arapis; Milad Jami; Lazaros Nalpantidis,10.1007/978-3-031-26889-2_16,,https://doi.org/10.1007/978-3-031-26889-2_16,crossref,Gaussian splatting robot perception,concept,architecture,,3,Gaussian splatting robot perception,2026-06-12T15:07:36Z,18.893,18.893
arxiv:2309.16778v1,Coupled Active Perception and Manipulation Planning for a Mobile Manipulator in Precision Agriculture Applications,"A mobile manipulator often finds itself in an application where it needs to take a close-up view before performing a manipulation task. Named this as a coupled active perception and manipulation (CAPM) problem, we model the uncertainty in the perception process and devise a key state/task planning approach that considers reachability conditions as task constraints of both perception and manipulation tasks for the mobile platform. By minimizing the expected energy usage in the body key state planning while satisfying task constraints, our algorithm achieves the best balance between the task success rate and energy usage. We have implemented the algorithm and tested it in both simulation and physical experiments. The results have confirmed that our algorithm has a lower energy consumption compared to a two-stage decoupled approach, while still maintaining a success rate of 100\% for the ta",2023,arXiv,Shuangyu Xie; Chengsong Hu; Di Wang; Joe Johnson; Muthukumar Bagavathiannan; Dezhen Song,,2309.16778v1,http://arxiv.org/abs/2309.16778v1,arxiv,Gaussian splatting robot perception mobile manipulation,concept,architecture_x_embodiment,,,Gaussian splatting robot perception; mobile manipulation; active perception,2026-06-12T15:07:36Z,18.800,19.800
doi:10.1109/mrs60187.2023.10416783,Where Am I Now? Dynamically Finding Optimal Sensor States to Minimize Localization Uncertainty for a Perception-Denied Rover,,2023,2023 International Symposium on Multi-Robot and Multi-Agent Systems (MRS),Troi Williams; Po-Lun Chen; Sparsh Bhogavilli; Vaibhav Sanjay; Pratap Tokekar,10.1109/mrs60187.2023.10416783,,https://doi.org/10.1109/mrs60187.2023.10416783,crossref,Gaussian splatting robot perception,concept,architecture,,2,Gaussian splatting robot perception,2026-06-12T15:07:36Z,18.749,19.749
doi:10.1109/icra.2015.7139655,Active articulation model estimation through interactive perception,,2015,2015 IEEE International Conference on Robotics and Automation (ICRA),Karol Hausman; Scott Niekum; Sarah Osentoski; Gaurav S. Sukhatme,10.1109/icra.2015.7139655,,https://doi.org/10.1109/icra.2015.7139655,crossref,robotics,concept,crossref_bulk_robotics,,56,active perception; interactive perception,2026-06-12T19:29:26Z,18.622,18.622
doi:10.1109/lra.2022.3150045,Active Visuo-Tactile Interactive Robotic Perception for Accurate Object Pose Estimation in Dense Clutter,"This work presents a novel active visuo-tactile based framework for robotic systems to accurately estimate pose of objects in dense cluttered environments. The scene representation is derived using a novel declutter graph (DG) which describes the relationship among objects in the scene for decluttering by leveraging semantic segmentation and grasp affordances networks. The graph formulation allows robots to efficiently declutter the workspace by autonomously selecting the next best object to remove and the optimal action (prehensile or non-prehensile) to perform. Furthermore, we propose a novel translation-invariant Quaternion filter (TIQF) for active vision and active tactile based pose estimation. Both active visual and active tactile points are selected by maximizing the expected information gain. We evaluate our proposed framework on a system with two robots coordinating on randomize",2022,arXiv,Prajval Kumar Murali; Anirvan Dutta; Michael Gentner; Etienne Burdet; Ravinder Dahiya; Mohsen Kaboli,10.1109/lra.2022.3150045,2202.02207v1,http://arxiv.org/abs/2202.02207v1,arxiv,tactile language action robotics,concept,tactile,,,active perception; interactive perception; ablation,2026-06-12T14:45:03Z,18.550,19.550
doi:10.1109/icra.2013.6630996,Active touch for robust perception under position uncertainty,,2013,2013 IEEE International Conference on Robotics and Automation,Nathan F. Lepora; Uriel Martinez-Hernandez; Tony J. Prescott,10.1109/icra.2013.6630996,,https://doi.org/10.1109/icra.2013.6630996,crossref,robotics,concept,crossref_bulk_robotics,,41,,2026-06-12T19:29:26Z,18.469,19.469
doi:10.1007/s10458-014-9279-8,Decision-theoretic planning under uncertainty with information rewards for active cooperative perception,,2015,Autonomous Agents and Multi-Agent Systems,Matthijs T. J. Spaan; Tiago S. Veiga; Pedro U. Lima,10.1007/s10458-014-9279-8,,https://doi.org/10.1007/s10458-014-9279-8,crossref,Gaussian splatting robot perception embodied agent,concept,architecture_x_embodiment,,38,Gaussian splatting robot perception; embodied agent,2026-06-12T15:07:36Z,18.432,19.432
doi:10.1007/978-3-658-45699-3_21,Utilizing sensory uncertainty detection for robot health monitoring and performing active perception adaptation,,2024,Commercial Vehicle Technology 2024,Patrick Wolf; Karsten Berns,10.1007/978-3-658-45699-3_21,,https://doi.org/10.1007/978-3-658-45699-3_21,crossref,online adaptation robot learning,concept,adaptation,,,active perception; online adaptation,2026-06-12T15:07:36Z,18.400,19.400
doi:10.1038/s41598-025-98917-w,Multi-task feature integration and interactive active learning for scene image resizing,"Abstract In the realm of artificial intelligence (AI), recomposing the semantic segments of intricate scenes is pivotal. This study attempts to seamlessly combine multi-channel perceptual visual features for the adaptive retargeting of images characterized by complex spatial configurations. The key of our approach is the formulation of an in-depth hierarchical model dedicated to the precise capture of human gaze dynamics. Utilizing the BING objectness metric, we swiftly and accurately acquire patches within scenes that hold semantic and visual significance by identifying objects and their components across varying scales. Subsequent to this, we introduce a multi-task feature selector for the dynamic integration of multi-channel features across disparate scene patches. To capture human perception in recognizing critical scenic patches, we introduce a strategy known as locality-preserved a",2025,Scientific Reports,Ludan Shi; Xianhua Yan; Sen Wang,10.1038/s41598-025-98917-w,,https://doi.org/10.1038/s41598-025-98917-w,crossref,scene graph robot learning,concept,architecture,,,scene graph robot learning,2026-06-12T15:07:36Z,18.300,18.300
doi:10.3390/s23249700,Visual Sensing and Depth Perception for Welding Robots and Their Industrial Applications,"With the rapid development of vision sensing, artificial intelligence, and robotics technology, one of the challenges we face is installing more advanced vision sensors on welding robots to achieve intelligent welding manufacturing and obtain high-quality welding components. Depth perception is one of the bottlenecks in the development of welding sensors. This review provides an assessment of active and passive sensing methods for depth perception and classifies and elaborates on the depth perception mechanisms based on monocular vision, binocular vision, and multi-view vision. It explores the principles and means of using deep learning for depth perception in robotic welding processes. Further, the application of welding robot visual perception in different industrial scenarios is summarized. Finally, the problems and countermeasures of welding robot visual perception technology are ana",2023,Sensors,Ji Wang; Leijun Li; Peiquan Xu,10.3390/s23249700,,https://doi.org/10.3390/s23249700,openalex,energy based model robot learning,concept,ebm,,30,,2026-06-12T18:05:07Z,18.017,18.017
doi:10.1038/s41598-024-76800-4,Performance of uncertainty-based active learning for efficient approximation of black-box functions in materials science,"Obtaining a fine approximation of a black-box function is important for understanding and evaluating innovative materials. Active learning aims to improve the approximation of black-box functions with fewer training data. In this study, we investigate whether active learning based on uncertainty sampling enables the efficient approximation of black-box functions in regression tasks using various material databases. In cases where the inputs are provided uniformly and defined in a relatively low-dimensional space, the liquidus surfaces of the ternary systems are the focus. The results show that uncertainty-based active learning can produce a better black-box function with higher prediction accuracy than that by random sampling. Furthermore, in cases in which the inputs are distributed discretely and unbalanced in a high-dimensional feature space, datasets extracted from materials database",2024,Scientific Reports,Ai Koizumi; Guillaume Deffrennes; Kei Terayama; Ryo Tamura,10.1038/s41598-024-76800-4,,https://doi.org/10.1038/s41598-024-76800-4,openalex,energy based model robot learning,concept,ebm,,9,,2026-06-12T18:26:24Z,17.651,18.651
doi:10.1126/scirobotics.add5139,Ajna: Generalized deep uncertainty for minimal perception on parsimonious robots,"Robots are active agents that operate in dynamic scenarios with noisy sensors. Predictions based on these noisy sensor measurements often lead to errors and can be unreliable. To this end, roboticists have used fusion methods using multiple observations. Lately, neural networks have dominated the accuracy charts for perception-driven predictions for robotic decision-making and often lack uncertainty metrics associated with the predictions. Here, we present a mathematical formulation to obtain the heteroscedastic aleatoric uncertainty of any arbitrary distribution without prior knowledge about the data. The approach has no prior assumptions about the prediction labels and is agnostic to network architecture. Furthermore, our class of networks, Ajna, adds minimal computation and requires only a small change to the loss function while training neural networks to obtain uncertainty of predic",2023,Science Robotics,Nitin J. Sanket; Chahat Deep Singh; Cornelia Fermüller; Yiannis Aloimonos,10.1126/scirobotics.add5139,,https://doi.org/10.1126/scirobotics.add5139,crossref,Gaussian splatting robot perception,concept,architecture,,12,Gaussian splatting robot perception,2026-06-12T15:07:36Z,17.532,18.532
arxiv:2507.10776v1,rt-RISeg: Real-Time Model-Free Robot Interactive Segmentation for Active Instance-Level Object Understanding,"Successful execution of dexterous robotic manipulation tasks in new environments, such as grasping, depends on the ability to proficiently segment unseen objects from the background and other objects. Previous works in unseen object instance segmentation (UOIS) train models on large-scale datasets, which often leads to overfitting on static visual features. This dependency results in poor generalization performance when confronted with out-of-distribution scenarios. To address this limitation, we rethink the task of UOIS based on the principle that vision is inherently interactive and occurs over time. We propose a novel real-time interactive perception framework, rt-RISeg, that continuously segments unseen objects by robot interactions and analysis of a designed body frame-invariant feature (BFIF). We demonstrate that the relative rotational and linear velocities of randomly sampled bod",2025,arXiv,Howard H. Qian; Yiting Chen; Gaotian Wang; Podshara Chanrungmaneekul; Kaiyu Hang,,2507.10776v1,http://arxiv.org/abs/2507.10776v1,arxiv,vision language action model limitation robotics,hostile,failure,,,vision language action model; active perception; interactive perception; limitation; generalization; out of distribution,2026-06-12T14:45:03Z,17.500,24.500
doi:10.3390/s24072374,Multi-Task Foreground-Aware Network with Depth Completion for Enhanced RGB-D Fusion Object Detection Based on Transformer,"Fusing multiple sensor perceptions, specifically LiDAR and camera, is a prevalent method for target recognition in autonomous driving systems. Traditional object detection algorithms are limited by the sparse nature of LiDAR point clouds, resulting in poor fusion performance, especially for detecting small and distant targets. In this paper, a multi-task parallel neural network based on the Transformer is constructed to simultaneously perform depth completion and object detection. The loss functions are redesigned to reduce environmental noise in depth completion, and a new fusion module is designed to enhance the network's perception of the foreground and background. The network leverages the correlation between RGB pixels for depth completion, completing the LiDAR point cloud and addressing the mismatch between sparse LiDAR features and dense pixel features. Subsequently, we extract de",2024,Sensors,Jiasheng Pan; Songyi Zhong; Tao Yue; Yankun Yin; Yanhao Tang,10.3390/s24072374,,https://doi.org/10.3390/s24072374,openalex,transformer energy based model robotics,concept,ebm_transformer,,6,energy based model robotics,2026-06-12T18:05:07Z,17.473,17.473
doi:10.1177/0278364919848850,Coupled recursive estimation for online interactive perception of articulated objects,"We present online multi-modal perception systems for extracting kinematic and dynamic models of articulated objects from physical interactions with the environment. The systems rely on a RGB-D stream, contact wrenches, and proprioception. The proposed systems share an algorithmic foundation: they are based on an architecture of coupled recursive estimation processes. We present and advocate this architecture as a general, versatile, and robust solution for online interactive perception problems. We validate the architecture in extensive experiments to extract kinematic models interactively, varying the appearance, size, structure, and dynamic properties of objects for different tasks and under different environmental conditions. In addition, we experimentally show that the information acquired by the online perception systems enables robot manipulation of articulated objects. Furthermore",2022,The International Journal of Robotics Research,Roberto Martín-Martín; Oliver Brock,10.1177/0278364919848850,,https://doi.org/10.1177/0278364919848850,crossref,robotics,concept,crossref_bulk_robotics,,25,robot manipulation; proprioception; active perception; interactive perception,2026-06-12T19:29:26Z,17.329,17.329
doi:10.1177/02783649231215371,Active uncertainty reduction for safe and efficient interaction planning: A shielding-aware dual control approach,"The ability to accurately predict others’ behavior is central to the safety and efficiency of robotic systems in interactive settings, such as human–robot interaction and multi-robot teaming tasks. Unfortunately, robots often lack access to key information on which these predictions may hinge, such as other agents’ goals, attention, and willingness to cooperate. Dual control theory addresses this challenge by treating unknown parameters of a predictive model as stochastic hidden states and inferring their values at runtime using information gathered during system operation. While able to optimally and automatically trade off exploration and exploitation, dual control is computationally intractable for general interactive motion planning, mainly due to the fundamental coupling between the robot’s trajectory plan and its prediction of other agents’ intent. In this paper, we present a novel",2024,The International Journal of Robotics Research,Haimin Hu; David Isele; Sangjae Bae; Jaime F Fisac,10.1177/02783649231215371,,https://doi.org/10.1177/02783649231215371,crossref,robotics,concept,crossref_bulk_robotics,,22,model predictive control; motion planning; human robot interaction,2026-06-12T19:29:26Z,17.318,20.318
doi:10.1177/02783649241301443,Shared visuo-tactile interactive perception for robust object pose estimation,"Shared perception between robotic systems significantly enhances their ability to understand and interact with their environment, leading to improved performance and efficiency in various applications. In this work, we present a novel full-fledged framework for robotic systems to interactively share their visuo-tactile perception for the robust pose estimation of novel objects in dense clutter. This is demonstrated with a two-robot team sharing their visuo-tactile scene representation which then declutters the scene using interactive perception and precisely estimates the 6 Degrees-of-Freedom (DoF) pose and 3 DoF scale of a target unknown object. This is achieved with the Stochastic Translation-Invariant Quaternion Filter (S-TIQF), a novel Bayesian filtering method with robust stochastic optimization for estimating the globally optimal pose of a target object. S-TIQF is also deployed to ",2025,The International Journal of Robotics Research,Prajval Kumar Murali; Bernd Porr; Mohsen Kaboli,10.1177/02783649241301443,,https://doi.org/10.1177/02783649241301443,crossref,tactile language action robotics,concept,tactile,,6,tactile perception; active perception; interactive perception; sample efficiency,2026-06-12T14:45:03Z,17.273,17.273
doi:10.48550/arxiv.1906.03022,Active inference body perception and action for humanoid robots,"Providing artificial agents with the same computational models of biological systems is a way to understand how intelligent behaviours may emerge. We present an active inference body perception and action model working for the first time in a humanoid robot. The model relies on the free energy principle proposed for the brain, where both perception and action goal is to minimise the prediction error through gradient descent on the variational free energy bound. The body state (latent variable) is inferred by minimising the difference between the observed (visual and proprioceptive) sensor values and the predicted ones. Simultaneously, the action makes sensory data sampling to better correspond to the prediction made by the inner model. We formalised and implemented the algorithm on the iCub robot and tested in 2D and 3D visual spaces for online adaptation to visual changes, sensory noise",2019,arXiv (Cornell University),Guillermo Oliver; Pablo Lanillos; Gordon Cheng,10.48550/arxiv.1906.03022,,https://doi.org/10.48550/arxiv.1906.03022,openalex,robotics,concept,openalex_bulk_robotics,,29,humanoid robot; online adaptation,2026-06-12T18:57:17Z,17.201,17.201
doi:10.1109/humanoids.2012.6651556,Ground-truth uncertainty model of visual depth perception for humanoid robots,,2012,2012 12th IEEE-RAS International Conference on Humanoid Robots (Humanoids 2012),D. Gonzalez-Aguirre; M. Vollert; T. Asfour; R. Dillmann,10.1109/humanoids.2012.6651556,,https://doi.org/10.1109/humanoids.2012.6651556,crossref,humanoid robot foundation model,concept,humanoid,,2,robot foundation model; humanoid robot,2026-06-12T15:07:36Z,17.149,18.149
doi:10.1109/devlrn.2016.7846798,Self-calibrating active depth perception via motion parallax,,2016,2016 Joint IEEE International Conference on Development and Learning and Epigenetic Robotics (ICDL-EpiRob),Tanapol Prucksakorn; Sungmoon Jeong; Jochen Triesch; Hosun Lee; Nak Young Chong,10.1109/devlrn.2016.7846798,,https://doi.org/10.1109/devlrn.2016.7846798,crossref,robotics,concept,crossref_bulk_robotics,,1,,2026-06-12T19:29:26Z,17.147,17.147
doi:10.3390/s24061919,Enhancing View Synthesis with Depth-Guided Neural Radiance Fields and Improved Depth Completion,"Neural radiance fields (NeRFs) leverage a neural representation to encode scenes, obtaining photorealistic rendering of novel views. However, NeRF has notable limitations. A significant drawback is that it does not capture surface geometry and only renders the object surface colors. Furthermore, the training of NeRF is exceedingly time-consuming. We propose Depth-NeRF as a solution to these issues. Specifically, our approach employs a fast depth completion algorithm to denoise and complete the depth maps generated by RGB-D cameras. These improved depth maps guide the sampling points of NeRF to be distributed closer to the scene’s surface, benefiting from dense depth information. Furthermore, we have optimized the network structure of NeRF and integrated depth information to constrain the optimization process, ensuring that the termination distribution of the ray is consistent with the sc",2024,Sensors,Bojun Wang; Danhong Zhang; Yixin Su; Huajun Zhang,10.3390/s24061919,,https://doi.org/10.3390/s24061919,crossref,neural radiance field robotics,concept,architecture,,3,neural radiance field robotics; limitation,2026-06-12T15:07:36Z,17.143,18.143
doi:10.1002/aic.16180,"Model predictive control with active learning under model uncertainty: Why, when, and how","Optimal control relies on a model, which is generally uncertain because of incomplete knowledge of the system and changes in the dynamics over time. Probing the system under closed‐loop control can reduce the model uncertainty through generating input‐output data that is more informative than the data generated from normal operation. This paper addresses the problem of model predictive control (MPC) with active learning, with a particular focus on how incorporating probing in the control action can reduce model uncertainty. We discuss some of the central theoretical questions in this problem, and demonstrate the potential of active learning for maintaining MPC performance in the presence of uncertainty in model parameters and structure. Simulation results show that active learning is particularly beneficial when a system undergoes abrupt changes (such as the sudden occurrence of a fault)",2018,AIChE Journal,Tor Aksel N. Heirung; Joel A. Paulson; Shinje Lee; Ali Mesbah,10.1002/aic.16180,,https://doi.org/10.1002/aic.16180,crossref,model predictive control robot learning,anti_myopia,control,,12,model predictive control,2026-06-12T15:07:36Z,17.132,23.132
doi:10.48550/arxiv.1304.1098,Occupancy Grids: A Stochastic Spatial Representation for Active Robot Perception,"In this paper we provide an overview of a new framework for robot perception, real-world modelling, and navigation that uses a stochastic tesselated representation of spatial information called the Occupancy Grid. The Occupancy Grid is a multi-dimensional random field model that maintains probabilistic estimates of the occupancy state of each cell in a spatial lattice. Bayesian estimation mechanisms employing stochastic sensor models allow incremental updating of the Occupancy Grid using multi-view, multi-sensor data, composition of multiple maps, decision-making, and incorporation of robot and sensor position uncertainty. We present the underlying stochastic formulation of the Occupancy Grid framework, and discuss its application to a variety of robotic tusks. These include range-based mapping, multi-sensor integration, path-planning and obstacle avoidance, handling of robot position un",2013,arXiv (Cornell University),Alberto Elfes,10.48550/arxiv.1304.1098,,https://doi.org/10.48550/arxiv.1304.1098,openalex,robotics,concept,openalex_bulk_robotics,,221,,2026-06-12T18:57:17Z,17.051,19.051
doi:10.1109/icra.2012.6225245,A depth space approach to human-robot collision avoidance,"In this paper a real-time collision avoidance approach is presented for safe human-robot coexistence. The main contribution is a fast method to evaluate distances between the robot and possibly moving obstacles (including humans), based on the concept of depth space. The distances are used to generate repulsive vectors that are used to control the robot while executing a generic motion task. The repulsive vectors can also take advantage of an estimation of the obstacle velocity. In order to preserve the execution of a Cartesian task with a redundant manipulator, a simple collision avoidance algorithm has been implemented where different reaction behaviors are set up for the end-effector and for other control points along the robot structure. The complete collision avoidance framework, from perception of the environment to joint-level robot control, is presented for a 7-dof KUKA Light-Wei",2012,,Fabrizio Flacco; Torsten Kröger; Alessandro De Luca; Oussama Khatib,10.1109/icra.2012.6225245,,https://doi.org/10.1109/icra.2012.6225245,openalex,robotics,concept,openalex_bulk_robotics,,418,,2026-06-12T18:57:17Z,17.050,17.050
doi:10.3389/fnbot.2019.00053,Active Haptic Perception in Robots: A Review,"In the past few years a new scenario for robot-based applications has emerged. Service and mobile robots have opened new market niches. Also, new frameworks for shop-floor robot applications have been developed. In all these contexts, robots are requested to perform tasks within open-ended conditions, possibly dynamically varying. These new requirements ask also for a change of paradigm in the design of robots: on-line and safe feedback motion control becomes the core of modern robot systems. Future robots will learn autonomously, interact safely and possess qualities like self-maintenance. Attaining these features would have been relatively easy if a complete model of the environment was available, and if the robot actuators could execute motion commands perfectly relative to this model. Unfortunately, a complete world model is not available and robots have to plan and execute the tasks",2019,Frontiers in Neurorobotics,Lucia Seminara; Paolo Gastaldo; Simon J. Watt; Kenneth F. Valyear; Fernando Zuher; Fulvio Mastrogiovanni,10.3389/fnbot.2019.00053,,https://doi.org/10.3389/fnbot.2019.00053,openalex,robotics,concept,openalex_bulk_robotics,,74,,2026-06-12T18:57:17Z,16.959,16.959
arxiv:2605.20566v1,Conflict-Aware Active Perception and Control in 3D Gaussian Splatting Fields via Control Barrier Functions,"Active perception in uncertain environments requires robots to navigate safely while acquiring informative observations to reduce map uncertainty. These objectives inherently conflict, as informative viewpoints often lie near uncertain regions with higher collision risk. To address this challenge, we develop a conflict-aware active perception and control framework for robotic systems operating in environments represented by 3D Gaussian Splatting (3DGS). Safety is enforced using a Control Barrier Function (CBF) derived from an Average Value-at-Risk AV@R collision-risk metric that accounts for geometric uncertainty and guarantees forward invariance of a safe set. To improve perception, we propose a risk-aware Expected Information Gain (EIG) formulation for selecting the next-best-view and introduce perception barrier functions that align the camera orientation with the local information-as",2026,arXiv,Amirhossein Mollaei Khass; Athanasios Cosse; Vivek Pandey; Nader Motee,,2605.20566v1,http://arxiv.org/abs/2605.20566v1,arxiv,Gaussian splatting robot perception,concept,architecture,,,Gaussian splatting robot perception; active perception; control barrier function,2026-06-12T14:45:03Z,16.850,17.850
doi:10.3390/s20030722,A Multi-Modal Person Perception Framework for Socially Interactive Mobile Service Robots,"In order to meet the increasing demands of mobile service robot applications, a dedicated perception module is an essential requirement for the interaction with users in real-world scenarios. In particular, multi sensor fusion and human re-identification are recognized as active research fronts. Through this paper we contribute to the topic and present a modular detection and tracking system that models position and additional properties of persons in the surroundings of a mobile robot. The proposed system introduces a probability-based data association method that besides the position can incorporate face and color-based appearance features in order to realize a re-identification of persons when tracking gets interrupted. The system combines the results of various state-of-the-art image-based detection systems for person recognition, person identification and attribute estimation. This ",2020,Sensors,Steffen Müller; Tim Wengefeld; Thanh Q. Trinh; Dustin Aganian; Markus Eisenbach; Horst–Michael Groß,10.3390/s20030722,,https://doi.org/10.3390/s20030722,openalex,robotics,concept,openalex_bulk_robotics,,18,benchmark; occlusion,2026-06-12T18:57:17Z,16.822,18.822
doi:10.3389/frobt.2024.1172105,Cooperative planning for physically interacting heterogeneous robots,"Heterogeneous multi-agent systems can be deployed to complete a variety of tasks, including some that are impossible using a single generic modality. This paper introduces an approach to solving the problem of cooperative behavior planning in small heterogeneous robot teams where members can both function independently as well as physically interact with each other in ways that give rise to additional functionality. This approach enables, for the first time, the cooperative completion of tasks that are infeasible when using any single modality from those agents comprising the team.",2024,Frontiers in Robotics and AI,Michael A. Sebok; Herbert G. Tanner,10.3389/frobt.2024.1172105,,https://doi.org/10.3389/frobt.2024.1172105,crossref,robot world model failure planning,hostile,failure,,,robot world model; robot world model failure,2026-06-12T15:07:36Z,16.800,20.800
arxiv:2601.14492v2,UNCLE-Grasp: Uncertainty-Aware Grasping of Leaf-Occluded Strawberries,"Robotic strawberry harvesting remains challenging under partial occlusion, where leaf interference introduces significant geometric uncertainty and renders grasp decisions based on a single deterministic shape estimate unreliable. From a single partial observation, multiple incompatible 3D shape completions may be plausible, such that grasps deemed feasible on one completion can fail on another. This paper presents an uncertainty-aware grasping pipeline for partially occluded strawberries that explicitly models geometric uncertainty arising from both occlusion and learned shape completion. The proposed approach employs point cloud completion with Monte Carlo dropout to sample multiple shape hypotheses, generates candidate grasps for each completion, and evaluates grasp feasibility using physically grounded force-closure metrics. Rather than selecting a grasp from a single shape estimate,",2026,arXiv,Malak Mansour; Ali Abouzeid; Zezhou Sun; Qinbo Sun; Dezhen Song; Abdalla Swikir,,2601.14492v2,http://arxiv.org/abs/2601.14492v2,arxiv,analytical grasping,anti_myopia,anti_thesis,,,occlusion; analytical grasping,2026-06-12T15:07:36Z,16.800,20.800
doi:10.1016/j.mechmachtheory.2022.104966,Parameters uncertainty analysis of posture control of a four-wheel-legged robot with series slow active suspension system,,2022,Mechanism and Machine Theory,Liwei Ni; Liang Wu; Hongsong Zhang,10.1016/j.mechmachtheory.2022.104966,,https://doi.org/10.1016/j.mechmachtheory.2022.104966,crossref,Gaussian splatting robot perception legged manipulation,concept,architecture_x_embodiment,,34,Gaussian splatting robot perception; legged manipulation,2026-06-12T15:07:36Z,16.778,17.778
doi:10.1109/icra48891.2023.10161431,Ditto in the House: Building Articulation Models of Indoor Scenes through Interactive Perception,,2023,2023 IEEE International Conference on Robotics and Automation (ICRA),Cheng-Chun Hsu; Zhenyu Jiang; Yuke Zhu,10.1109/icra48891.2023.10161431,,https://doi.org/10.1109/icra48891.2023.10161431,crossref,robotics,concept,crossref_bulk_robotics,,21,active perception; interactive perception,2026-06-12T19:29:26Z,16.746,16.746
doi:10.1109/tro.2017.2721939,Interactive Perception: Leveraging Action in Perception and Perception in Action,,2017,IEEE Transactions on Robotics,Jeannette Bohg; Karol Hausman; Bharath Sankaran; Oliver Brock; Danica Kragic; Stefan Schaal; Gaurav S. Sukhatme,10.1109/tro.2017.2721939,,https://doi.org/10.1109/tro.2017.2721939,crossref,adaptive world action model robot,concept,wam,,214,world action model; adaptive world action model; active perception; interactive perception,2026-06-12T15:07:36Z,16.685,16.685
arxiv:2409.14615v3,Optimizing Active Perception for Learning Simultaneous Viewpoint Selection and Manipulation with Diffusion Policy,"Robotic manipulation tasks often rely on static cameras for perception, which can limit flexibility, particularly in scenarios like robotic surgery and cluttered environments where mounting static cameras is impractical. Ideally, robots could jointly learn a policy for dynamic viewpoint and manipulation. However, dynamic viewpoint control requires additional degrees of freedom and intricate coordination with manipulation, which results in more challenging policy learning than single-arm manipulation. To address this complexity, we propose an integrated learning framework that combines diffusion policy with a novel look-at inverse kinematics solver for active perception. Our framework helps better coordinating between perception and manipulation. It automatically optimizes camera orientation for viewpoint selection, while allowing the policy to focus on essential manipulation and position",2024,arXiv,Xiatao Sun; Francis Fan; Yinxing Chen; Daniel Rakita,,2409.14615v3,http://arxiv.org/abs/2409.14615v3,arxiv,diffusion policy robot manipulation,concept,diffusion,,,diffusion policy; robot manipulation; active perception,2026-06-12T14:45:03Z,16.650,16.650
doi:10.1364/ol.586431,Optical active perception with 3D Gaussian splatting enables autonomous instrument insertion in robotic vitreoretinal surgery,"We present an optical active perception framework that enables autonomous instrument insertion through a trocar using robot-guided multi-view imaging. A low-cost RGB-D camera provides depth-guided viewpoint planning, while 3D Gaussian Splatting (3DGS) reconstructs a high-resolution trocar model from sparse multi-view RGB images with submillimeter fidelity, overcoming the practical limitations of commercial 3D optical sensing systems, such as stereo and structured-light cameras, in this constrained surgical scenario. Integrated with a 6-DOF robotic arm, the system estimates the trocar pose and aligns the instrument for insertion. Experiments on static and motion-simulated ex vivo porcine eyes achieve consistent submillimeter positional accuracy and angular accuracy on the order of a few degrees, sufficient for safe insertion given the narrow trocar clearance. These results establish the p",2026,Optics Letters,Qi Lan; Zheng Li; Haoran Zhang; Jianlong Yang,10.1364/ol.586431,,https://doi.org/10.1364/ol.586431,crossref,Gaussian splatting robot perception,concept,architecture,,,Gaussian splatting robot perception; active perception; limitation,2026-06-12T14:45:03Z,16.650,17.650
doi:10.63282/3050-9262.ijaidsml-v7i1p150,Vision-Based Robotic Manipulation: Grasping in Clutter with Uncertainty-Aware Perception,"Robotic grasp of cluttered scene has remained one of the most basic issues, primarily due to the widespread obstructions, sensor noise and natural deficiency in full view information. Modern vision-based manipulation systems heavily rely on more confident perception pipelines far more often than indeterminate perception pipelines are capable of addressing the uncertainty of object pose recognition and scene understanding, thus leading to fragile grasp execution under operational conditions. In this paper I will introduce an uncertainty conscious and vision based robotic manipulation system explicitly modelling and exploiting perceptual uncertainty when planning grasps in cluttered environments. This method combines a probabilistic visual perception and learning based grasp generation which enables the robot to reason in the face of uncertainty embedded in occlusions, depth ambiguity and ",2026,"International Journal of Artificial Intelligence, Data Science and Machine Learning",Rasool Javeed Mohammad,10.63282/3050-9262.ijaidsml-v7i1p150,,https://doi.org/10.63282/3050-9262.ijaidsml-v7i1p150,crossref,contact rich manipulation learning,concept,contact,,,contact rich manipulation; robustness; partial observability; occlusion,2026-06-12T15:07:36Z,16.650,18.650
doi:10.1088/1748-3190/ae42af,Mosquito-inspired active tactile perception for indoor navigation and escape of a rigid-soft coupling blimp robot,"Abstract For autonomous navigation in indoor environments, aerial robots mostly take cameras, LiDAR, ultrasonic ranging sensors, and other devices for collision avoidance, rarely using tactile sensors. However, cameras are susceptible to lighting conditions, LiDAR requires high computational resources, and ultrasonic sensors have blind zones when measuring at short distances. In contrast, insects and rodents can perceive their surroundings via tactile sensing even in complete darkness. Inspired by the escape strategy of mosquitoes that navigate along boundaries using tactile sensing in confined spaces, this paper proposes an indoor navigation and escape method based on active tactile perception for a blimp robot. The robot comprises a rigid multi-rotor structure and a soft balloon body, with bio-inspired whisker sensors mounted on the soft body surface to enable safe contact with walls. ",2026,Bioinspiration & Biomimetics,Jun Zhang; Kaiqin Cao; Qiucheng Lu; Guangming Song; Aiguo Song,10.1088/1748-3190/ae42af,,https://doi.org/10.1088/1748-3190/ae42af,crossref,Gaussian splatting robot perception,concept,architecture,,,Gaussian splatting robot perception; tactile perception,2026-06-12T15:07:36Z,16.650,16.650
doi:10.7717/peerj-cs.3035,Integrated multi-task feature learning and interactive active optimization for scene retargeting in preschool educational applications,"In artificial intelligence (AI), effective adaptation of educational imagery across diverse screen formats is essential, particularly in preschool education, where visual content must simultaneously engage and instruct young learners. This study introduces a novel scene retargeting model tailored to preserve pedagogically significant visual elements during image resizing. The proposed framework leverages the binarized normed gradients (BING) objectness metric to efficiently identify and prioritize key regions within educational images, such as objects and facial features. A core component of our approach is integrating a locality-preserved and interactive active optimization (LIAO) mechanism, which simulates human visual attention by generating gaze shift paths (GSPs) that guide feature prioritization. These GSPs are further transformed into hierarchical deep features using a multi-layer",2025,PeerJ Computer Science,Suhui Yao; Lan Lv,10.7717/peerj-cs.3035,,https://doi.org/10.7717/peerj-cs.3035,crossref,scene graph robot learning,concept,architecture,,,scene graph robot learning,2026-06-12T15:07:36Z,16.650,16.650
arxiv:2403.05177v2,Interactive Perception for Deformable Object Manipulation,"Interactive perception enables robots to manipulate the environment and objects to bring them into states that benefit the perception process. Deformable objects pose challenges to this due to significant manipulation difficulty and occlusion in vision-based perception. In this work, we address such a problem with a setup involving both an active camera and an object manipulator. Our approach is based on a sequential decision-making framework and explicitly considers the motion regularity and structure in coupling the camera and manipulator. We contribute a method for constructing and computing a subspace, called Dynamic Active Vision Space (DAVS), for effectively utilizing the regularity in motion exploration. The effectiveness of the framework and approach are validated in both a simulation and a real dual-arm robot setup. Our results confirm the necessity of an active camera and coord",2024,arXiv,Zehang Weng; Peng Zhou; Hang Yin; Alexander Kravberg; Anastasiia Varava; David Navarro-Alarcon; Danica Kragic,,2403.05177v2,http://arxiv.org/abs/2403.05177v2,arxiv,deformable object manipulation robot learning,concept,deformable,,,deformable object manipulation; active perception; interactive perception; occlusion,2026-06-12T15:07:36Z,16.650,16.650
doi:10.52783/jisem.v11i2s.14375,Camera-Based Depth Perception for Precision Agriculture: A Software-Defined Approach to 3D Scene Understanding,"Autonomous agricultural systems need strong three-dimensional perception skills to carry out specific tasks such as selective crop intervention, weed detection, and avoidance of obstacles. Existing solutions are based on active depth sensing (LiDAR/radar) that provides accuracy at the cost of significant economic, operational, and environmental factors limiting its use in a variety of farming environments. As this article will show, passive camera-based depth perception can perform equally as well at a fraction of the cost in hardware, power, and environmental sensitivity. The fundamental novelty is the systematic combination of multi-view stereo geometry, learning-based refinement, and confidence-conscious orchestration into a software-based system that is optimized to work in agricultural settings. This identification of passive imaging as the main sensing modality, as opposed to suppo",2026,Journal of Information Systems Engineering and Management,Vedashree Kedar Karandikar,10.52783/jisem.v11i2s.14375,,https://doi.org/10.52783/jisem.v11i2s.14375,crossref,3D scene understanding robot manipulation,concept,scene_understanding,,,robot manipulation; 3D scene understanding; deployment,2026-06-12T15:07:36Z,16.650,17.650
doi:10.1109/icra40945.2020.9197101,Object Finding in Cluttered Scenes Using Interactive Perception,,2020,2020 IEEE International Conference on Robotics and Automation (ICRA),Tonci Novkovic; Remi Pautrat; Fadri Furrer; Michel Breyer; Roland Siegwart; Juan Nieto,10.1109/icra40945.2020.9197101,,https://doi.org/10.1109/icra40945.2020.9197101,crossref,robotics,concept,crossref_bulk_robotics,,47,active perception; interactive perception,2026-06-12T19:29:26Z,16.536,16.536
doi:10.1109/icra.2013.6631022,Perception-driven navigation: Active visual SLAM for robotic area coverage,"This paper reports on an integrated navigation algorithm for the visual simultaneous localization and mapping (SLAM) robotic area coverage problem. In the robotic area coverage problem, the goal is to explore and map a given target area in a reasonable amount of time. This goal necessitates the use of minimally redundant overlap trajectories for coverage efficiency; however, visual SLAM's navigation estimate will inevitably drift over time in the absence of loop-closures. Therefore, efficient area coverage and good SLAM navigation performance represent competing objectives. To solve this decision-making problem, we introduce perception-driven navigation (PDN), an integrated navigation algorithm that automatically balances between exploration and revisitation using a reward framework. This framework accounts for vehicle localization uncertainty, area coverage performance, and the identifi",2013,,Ayoung Kim; Ryan M. Eustice,10.1109/icra.2013.6631022,,https://doi.org/10.1109/icra.2013.6631022,openalex,robotics,concept,openalex_bulk_robotics,,76,SLAM,2026-06-12T18:57:17Z,16.522,17.522
doi:10.1126/scirobotics.aaw6326,Emergence of exploratory look-around behaviors through active observation completion,A robotic agent learns how to look around novel environments intelligently by directing the camera to best complete its observations.,2019,Science Robotics,Santhosh K. Ramakrishnan; Dinesh Jayaraman; Kristen Grauman,10.1126/scirobotics.aaw6326,,https://doi.org/10.1126/scirobotics.aaw6326,crossref,robotics,concept,crossref_bulk_robotics,,31,,2026-06-12T19:29:26Z,16.483,16.483
doi:10.1109/tcds.2017.2787196,An Experimental Study of Embodied Interaction and Human Perception of Social Presence for Interactive Robots in Public Settings,"The human perception of robots as social depends on many factors, including those that do not necessarily pertain to a robot's cognitive functioning. Experience design (ED) offers a useful framework for evaluating when participants interact with robots as products or tools and when they regard them as social actors. This paper describes a between-participants experiment conducted at a science museum, where visitors were invited to play a game of noughts and crosses with a Baxter robot. The goal is to foster meaningful interactions that promote engagement between the human and the robot in a museum context. Using an ED framework, we tested the robot in three different conditions to better understand which factors contribute to the perception of robots as social. The experiment also outlines best practices for conducting human-robot interaction research in museum exhibitions. Results from ",2017,IEEE Transactions on Cognitive and Developmental Systems,Damith Herath; Elizabeth Jochum; Evgenios Vlachos,10.1109/tcds.2017.2787196,,https://doi.org/10.1109/tcds.2017.2787196,openalex,robotics,concept,openalex_bulk_robotics,,29,human robot interaction,2026-06-12T18:57:17Z,16.451,16.451
doi:10.1109/tro.2023.3299533,Robot–Camera Calibration in Tightly Constrained Environment Using Interactive Perception,,2023,IEEE Transactions on Robotics,Fangxun Zhong; Bin Li; Wei Chen; Yun-Hui Liu,10.1109/tro.2023.3299533,,https://doi.org/10.1109/tro.2023.3299533,crossref,Gaussian splatting robot perception,concept,architecture,,11,Gaussian splatting robot perception; active perception; interactive perception,2026-06-12T15:07:36Z,16.442,16.442
doi:10.1109/tro.2025.3531816,Predictive Visuo-Tactile Interactive Perception Framework for Object Properties Inference,,2025,IEEE Transactions on Robotics,Anirvan Dutta; Etienne Burdet; Mohsen Kaboli,10.1109/tro.2025.3531816,,https://doi.org/10.1109/tro.2025.3531816,crossref,tactile language action robotics,concept,tactile,,4,active perception; interactive perception,2026-06-12T15:07:36Z,16.405,16.405
arxiv:2308.15684v2,Interactively Robot Action Planning with Uncertainty Analysis and Active Questioning by Large Language Model,"The application of the Large Language Model (LLM) to robot action planning has been actively studied. The instructions given to the LLM by natural language may include ambiguity and lack of information depending on the task context. It is possible to adjust the output of LLM by making the instruction input more detailed; however, the design cost is high. In this paper, we propose the interactive robot action planning method that allows the LLM to analyze and gather missing information by asking questions to humans. The method can minimize the design cost of generating precise robot instructions. We demonstrated the effectiveness of our method through concrete examples in cooking tasks. However, our experiments also revealed challenges in robot action planning with LLM, such as asking unimportant questions and assuming crucial information without asking. Shedding light on these issues pro",2023,arXiv,Kazuki Hori; Kanata Suzuki; Tetsuya Ogata,,2308.15684v2,http://arxiv.org/abs/2308.15684v2,arxiv,large language model limitation robot planning,anti_myopia,anti_thesis,,,limitation; large language model limitation robot planning,2026-06-12T15:07:36Z,16.350,21.350
title:planning algorithms for multi robot active perception,Planning Algorithms for Multi-Robot Active Perception,"A fundamental task of robotic systems is to use on-board sensors and perception algorithms to understand high-level semantic properties of an environment. These semantic properties may include a map of the environment, the presence of objects, or the parameters of a dynamic field. Observations are highly viewpoint dependent and, thus, the performance of perception algorithms can be improved by planning the motion of the robots to obtain high-value observations. This motivates the problem of active perception, where the goal is to plan the motion of robots to improve perception performance. This fundamental problem is central to many robotics applications, including environmental monitoring, planetary exploration, and precision agriculture. The core contribution of this thesis is a suite of planning algorithms for multi-robot active perception. These algorithms are designed to improve sys",2019,The Sydney eScholarship Repository (The University of Sydney),Graeme Best,,,https://openalex.org/W3021691388,openalex,energy based policy robotics,concept,ebm,,4,active perception; robustness,2026-06-12T18:43:24Z,16.305,17.305
doi:10.1609/aaai.v40i10.37803,SplatSSC: Decoupled Depth-Guided Gaussian Splatting for Semantic Scene Completion,"Monocular 3D Semantic Scene Completion (SSC) is a challenging yet promising task that aims to infer dense geometric and semantic descriptions of a scene from a single image. While recent object-centric paradigms significantly improve efficiency by leveraging flexible 3D Gaussian primitives, they still rely heavily on a large number of randomly initialized primitives, which inevitably leads to 1) inefficient primitive initialization and 2) outlier primitives that introduce erroneous artifacts. In this paper, we propose SplatSSC, a novel framework that resolves these limitations with a depth-guided initialization strategy and a principled Gaussian aggregator. Instead of random initialization, SplatSSC utilizes a dedicated depth branch composed of a Group-wise Multi-scale Fusion (GMF) module, which integrates multi-scale image and depth features to generate a sparse yet representative set o",2026,Proceedings of the AAAI Conference on Artificial Intelligence,Rui Qian; Haozhi Cao; Tianchen Deng; Shenghai Yuan; Lihua Xie,10.1609/aaai.v40i10.37803,,https://doi.org/10.1609/aaai.v40i10.37803,crossref,Gaussian splatting robot perception,concept,architecture,,,Gaussian splatting robot perception; limitation; robustness; latency,2026-06-12T15:07:36Z,16.300,18.300
doi:10.1142/s2301385027410019,AIR-Embodied: Active Interactive Reconstruction for 3D Gaussian Splatting with Embodied Multimodal Agents,"Recent advancements in 3D reconstruction and neural rendering have enhanced the creation of high-quality digital assets, yet existing methods struggle to generalize across varying object shapes, textures, and occlusions. While Next Best View (NBV) planning and Learning-based approaches offer solutions, they are often limited by predefined criteria and fail to manage occlusions with human-like common sense. To address these problems, we present AIR-Embodied, a novel framework that integrates embodied AI agents with large-scale pretrained multi-modal language models to improve active 3DGS reconstruction. AIR-Embodied utilizes a three-stage process: understanding the current reconstruction state via multi-modal prompts, planning tasks with viewpoint selection and interactive actions, and employing closed-loop reasoning to ensure accurate execution. The agent dynamically refines its actions ",2026,Unmanned Systems,Zhenghao Qi; Shenghai Yuan; Jinxin Liu; Fen Liu; Haozhi Cao; Tianchen Deng; Jianfei Yang; Lihua Xie,10.1142/s2301385027410019,,https://doi.org/10.1142/s2301385027410019,crossref,Gaussian splatting robot perception,concept,architecture,,,Gaussian splatting robot perception; occlusion,2026-06-12T15:07:36Z,16.300,16.300
arxiv:2202.07720v2,Active Uncertainty Reduction for Human-Robot Interaction: An Implicit Dual Control Approach,"The ability to accurately predict human behavior is central to the safety and efficiency of robot autonomy in interactive settings. Unfortunately, robots often lack access to key information on which these predictions may hinge, such as people's goals, attention, and willingness to cooperate. Dual control theory addresses this challenge by treating unknown parameters of a predictive model as stochastic hidden states and inferring their values at runtime using information gathered during system operation. While able to optimally and automatically trade off exploration and exploitation, dual control is computationally intractable for general interactive motion planning, mainly due to the fundamental coupling between robot trajectory optimization and human intent inference. In this paper, we present a novel algorithmic approach to enable active uncertainty reduction for interactive motion p",2022,arXiv,Haimin Hu; Jaime F. Fisac,,2202.07720v2,http://arxiv.org/abs/2202.07720v2,arxiv,energy based policy robotics,concept,ebm,,,model predictive control; motion planning; human robot interaction,2026-06-12T14:45:03Z,16.250,19.250
doi:10.1109/lra.2024.3431943,Interactive Perception for Deformable Object Manipulation,,2024,IEEE Robotics and Automation Letters,Zehang Weng; Peng Zhou; Hang Yin; Alexander Kravberg; Anastasiia Varava; David Navarro-Alarcon; Danica Kragic,10.1109/lra.2024.3431943,,https://doi.org/10.1109/lra.2024.3431943,crossref,robot world models manipulation,concept,world_models,,4,robot world model; deformable object manipulation; active perception; interactive perception,2026-06-12T15:07:36Z,16.205,16.205
arxiv:2604.17969v2,E3VS-Bench: A Benchmark for Viewpoint-Dependent Active Perception in 3D Gaussian Splatting Scenes,"Visual search in 3D environments requires embodied agents to actively explore their surroundings and acquire task-relevant evidence. However, existing visual search and embodied AI benchmarks, including EQA, typically rely on static observations or constrained egocentric motion, and thus do not explicitly evaluate fine-grained viewpoint-dependent phenomena that arise under unrestricted 5-DoF viewpoint control in real-world 3D environments, such as visibility changes caused by vertical viewpoint shifts, revealing contents inside containers, and disambiguating object attributes that are only observable from specific angles. To address this limitation, we introduce {E3VS-Bench}, a benchmark for embodied 3D visual search where agents must control their viewpoints in 5-DoF to gather viewpoint-dependent evidence for question answering. E3VS-Bench consists of 99 high-fidelity 3D scenes reconstr",2026,arXiv,Koya Sakamoto; Taiki Miyanishi; Daichi Azuma; Shuhei Kurita; Shu Morikuni; Naoya Chiba; Motoaki Kawanabe; Yusuke Iwasawa; Yutaka Matsuo,,2604.17969v2,http://arxiv.org/abs/2604.17969v2,arxiv,Gaussian splatting robot perception,concept,architecture,,,Gaussian splatting robot perception; embodied agent; active perception; limitation; benchmark,2026-06-12T14:45:03Z,16.150,19.150
doi:10.1109/lra.2021.3061324,Active and Interactive Mapping With Dynamic Gaussian Process Implicit Surfaces for Mobile Manipulators,,2021,IEEE Robotics and Automation Letters,Liyang Liu; Simon Fryc; Lan Wu; Thanh Long Vu; Gavin Paul; Teresa Vidal-Calleja,10.1109/lra.2021.3061324,,https://doi.org/10.1109/lra.2021.3061324,crossref,Gaussian splatting robot perception,concept,architecture,,13,Gaussian splatting robot perception,2026-06-12T15:07:36Z,16.120,16.120
arxiv:2311.09659v1,Enhancing Deformable Object Manipulation By Using Interactive Perception and Assistive Tools,"In the field of robotic manipulation, the proficiency of deformable object manipulation lags behind human capabilities due to the inherent characteristics of deformable objects. These objects have infinite degrees of freedom, resulting in non-trivial perception and state estimation, and complex dynamics, complicating the prediction of future configurations. Although recent research has focused on deformable object manipulation, most approaches rely on static vision and simple manipulation techniques, limiting the performance level. This paper proposes two solutions to enhance the performance: interactive perception and the use of assistive tools. The first solution posits that optimal perspectives exist during deformable object manipulation, facilitating easier state estimation. By exploring the action-perception regularity, interactive perception facilitates better manipulation and perc",2023,arXiv,Peng Zhou,,2311.09659v1,http://arxiv.org/abs/2311.09659v1,arxiv,deformable object manipulation robot learning,concept,deformable,,,deformable object manipulation; active perception; interactive perception; state estimation,2026-06-12T15:07:36Z,16.100,16.100
doi:10.1109/icra57147.2024.10609998,MOSAIC: Learning Unified Multi-Sensory Object Property Representations for Robot Learning via Interactive Perception,,2024,2024 IEEE International Conference on Robotics and Automation (ICRA),Gyan Tatiya; Jonathan Francis; Ho-Hsiang Wu; Yonatan Bisk; Jivko Sinapov,10.1109/icra57147.2024.10609998,,https://doi.org/10.1109/icra57147.2024.10609998,crossref,Gaussian splatting robot perception,concept,architecture,,3,Gaussian splatting robot perception; active perception; interactive perception,2026-06-12T15:07:36Z,16.093,16.093
doi:10.1016/j.robot.2024.104674,Object-aware interactive perception for tabletop scene exploration,,2024,Robotics and Autonomous Systems,Cagatay Koc; Sanem Sariel,10.1016/j.robot.2024.104674,,https://doi.org/10.1016/j.robot.2024.104674,crossref,EBM transformer robotics deformable object manipulation,concept,architecture_x_embodiment,,3,EBM transformer robotics; deformable object manipulation; active perception; interactive perception,2026-06-12T15:07:36Z,16.093,16.093
doi:10.1109/tmech.2022.3215909,A Novel Visible-Depth-Thermal Image Dataset of Salient Object Detection for Robotic Visual Perception,"Visual perception plays an important role in industrial information field, especially in robotic grasping application. In order to detect the object to be grasped quickly and accurately, salient object detection (SOD) is employed to the above task. Although the existing SOD methods have achieved impressive performance, they still have some limitations in the complex interference environment of practical application. To better deal with the complex interference environment, a novel triple-modal images fusion strategy is proposed to implement SOD for robotic visual perception, namely visible-depth-thermal (VDT) SOD. Meanwhile, we build an image acquisition system under variable lighting scene and construct a novel benchmark dataset for VDT SOD (VDT-2048 dataset). Multiple modal images will be introduced to assist each other to highlight the salient regions. But, inevitably, interference wi",2022,IEEE/ASME Transactions on Mechatronics,Kechen Song; Jie Wang; Yanqi Bao; Liming Huang; Yunhui Yan,10.1109/tmech.2022.3215909,,https://doi.org/10.1109/tmech.2022.3215909,openalex,robotics,concept,openalex_bulk_robotics,,100,limitation; benchmark,2026-06-12T18:57:17Z,16.058,18.058
doi:10.1109/icra48891.2023.10160375,Multi-modal Interactive Perception in Human Control of Complex Objects,,2023,2023 IEEE International Conference on Robotics and Automation (ICRA),Rashida Nayeem; Salah Bazzi; Mohsen Sadeghi; Reza Sharif Razavian; Dagmar Sternad,10.1109/icra48891.2023.10160375,,https://doi.org/10.1109/icra48891.2023.10160375,crossref,robotics,concept,crossref_bulk_robotics,,4,active perception; interactive perception,2026-06-12T19:29:26Z,16.005,16.005
doi:10.1177/21695172261451702,Bioinspired Swallowing Soft Gripper with Toroidal Optical Waveguides for Multimodal Interactive Perception,"Multimodal soft grippers can adapt grasping strategies to diverse environments, yet integrating sensors under large, coupled deformations remains challenging. Inspired by the mechanosensation of sea anemones and their ability to swallow, this article presents a soft gripper that integrates eight toroidal optical waveguides to realize three modes—contacting, expansion, and swallowing—with continuous proprioceptive feedback. Deformation-induced optical attenuation, processed by machine-learning pipelines, enables perception of object shape, hardness, and surface texture. Experiments show a 0.04 N detection limit, a 0.006 N resolution, a 55 ms response time, and sensitivity >1.4 dB/N, with machine-learning classification achieving >89% accuracy. Mode-specific experiments demonstrate sensing across the entire soft gripper with integrated optical waveguides. The outer surface localizes contac",2026,Soft Robotics,Sheng Xiang; Muye Niu; Wenjie Fang; Xin Xu; Zhong Wei; Chengcheng Hua; Yang Yang,10.1177/21695172261451702,,https://doi.org/10.1177/21695172261451702,crossref,EBM transformer robotics soft robot manipulation,concept,architecture_x_embodiment,,,EBM transformer robotics; robot manipulation; soft robot manipulation; active perception; interactive perception,2026-06-12T15:07:36Z,15.950,15.950
doi:10.1109/iros58592.2024.10801746,MANIP: A Modular Architecture for Integrating Interactive Perception for Robot Manipulation,,2024,2024 IEEE/RSJ International Conference on Intelligent Robots and Systems (IROS),Justin Yu; Tara Sadjadpour; Abby O’Neill; Mehdi Khfifi; Lawrence Yunliang Chen; Richard Cheng; Muhammad Zubair Irshad; Ashwin Balakrishna; Thomas Kollar; Ken Goldberg,10.1109/iros58592.2024.10801746,,https://doi.org/10.1109/iros58592.2024.10801746,crossref,robot world models manipulation,concept,world_models,,2,robot world model; robot manipulation; active perception; interactive perception,2026-06-12T15:07:36Z,15.949,15.949
doi:10.1609/aaai.v35i3.16311,FCFR-Net: Feature Fusion based Coarse-to-Fine Residual Learning for Depth Completion,"Depth completion aims to recover a dense depth map from a sparse depth map with the corresponding color image as input. Recent approaches mainly formulate the depth completion as a one-stage end-to-end learning task, which outputs dense depth maps directly. However, the feature extraction and supervision in one-stage frameworks are insufficient, limiting the performance of these approaches. To address this problem, we propose a novel end-to-end residual learning framework, which formulates the depth completion as a two-stage learning task, i.e., a sparse-to-coarse stage and a coarse-to-fine stage. First, a coarse dense depth map is obtained by a simple CNN framework. Then, a refined depth map is further obtained using a residual learning strategy in the coarse-to-fine stage with coarse depth map and color image as input. Specially, in the coarse-to-fine stage, a channel shuffle extractio",2021,Proceedings of the AAAI Conference on Artificial Intelligence,Lina Liu; Xibin Song; Xiaoyang Lyu; Junwei Diao; Mengmeng Wang; Yong Liu; Liangjun Zhang,10.1609/aaai.v35i3.16311,,https://doi.org/10.1609/aaai.v35i3.16311,openalex,energy based model robot learning,concept,ebm,,113,benchmark,2026-06-12T18:05:07Z,15.918,16.918
doi:10.1177/0278364917728327,Coupling active depth estimation and visual servoing via a large projection operator,"The goal of this paper is to propose a coupling between the execution of an image-based visual servoing task and an active structure from motion strategy. The core idea is to modify online the camera trajectory in the null-space of the (main) servoing task for rendering the camera motion ‘more informative’ with respect to the estimation of the 3-D structure. Consequently, the structure from motion convergence rate and accuracy is maximized during the servoing transient. The improved structure from motion performance also benefits the servoing execution, since a higher accuracy in the 3-D parameters involved in the interaction matrix improves the image-based visual servoing convergence by significantly mitigating the negative effects (instability, loss of feature visibility) of a poor knowledge of the scene structure. Active maximization of the structure from motion performance results, i",2017,The International Journal of Robotics Research,Riccardo Spica; Paolo Robuffo Giordano; François Chaumette,10.1177/0278364917728327,,https://doi.org/10.1177/0278364917728327,crossref,robotics,concept,crossref_bulk_robotics,,22,active perception; visual servoing,2026-06-12T19:29:26Z,15.918,16.918
doi:10.1109/tsmc.2017.2779474,Enhancing Binocular Depth Estimation Based on Proactive Perception and Action Cyclic Learning for an Autonomous Developmental Robot,,2019,"IEEE Transactions on Systems, Man, and Cybernetics: Systems",Yongsik Jin; Minho Lee,10.1109/tsmc.2017.2779474,,https://doi.org/10.1109/tsmc.2017.2779474,crossref,Gaussian splatting robot perception,concept,architecture,,18,Gaussian splatting robot perception; active perception,2026-06-12T15:07:36Z,15.872,15.872
doi:10.1109/robot.2008.4543220,Manipulating articulated objects with interactive perception,,2008,2008 IEEE International Conference on Robotics and Automation,Dov Katz; Oliver Brock,10.1109/robot.2008.4543220,,https://doi.org/10.1109/robot.2008.4543220,crossref,robotics,concept,crossref_bulk_robotics,,92,active perception; interactive perception,2026-06-12T19:29:26Z,15.866,15.866
arxiv:2003.06734v1,Active Perception and Representation for Robotic Manipulation,"The vast majority of visual animals actively control their eyes, heads, and/or bodies to direct their gaze toward different parts of their environment. In contrast, recent applications of reinforcement learning in robotic manipulation employ cameras as passive sensors. These are carefully placed to view a scene from a fixed pose. Active perception allows animals to gather the most relevant information about the world and focus their computational resources where needed. It also enables them to view objects from different distances and viewpoints, providing a rich visual experience from which to learn abstract representations of the environment. Inspired by the primate visual-motor system, we present a framework that leverages the benefits of active perception to accomplish manipulation tasks. Our agent uses viewpoint changes to localize objects, to learn state representations in a self-s",2020,arXiv,Youssef Zaky; Gaurav Paruthi; Bryan Tripp; James Bergstra,,2003.06734v1,http://arxiv.org/abs/2003.06734v1,arxiv,Gaussian splatting robot perception contact rich manipulation,concept,architecture_x_embodiment,,,Gaussian splatting robot perception; contact rich manipulation; active perception,2026-06-12T15:07:36Z,15.850,15.850
title:monocular depth perception and robotic grasping of novel objects,Monocular depth perception and robotic grasping of novel objects,"The ability to perceive the 3D shape of the environment is a basic ability for a robot. We present an algorithm to convert standard digital pictures into 3D models. This is a challenging problem, since an image is formed by a projection of the 3D scene onto two dimensions, thus losing the depth information. We take a supervised learning approach to this problem, and use a Markov Random Field (MRF) to model the scene depth as a function of the image features. We show that, even on unstructured scenes of a large variety of environments, our algorithm is frequently able to recover accurate 3D models. We then apply our methods to robotics applications: (a) obstacle avoidance for autonomously driving a small electric car, and (b) robot manipulation, where we develop vision-based learning algorithms for grasping novel objects. This enables our robot to perform tasks such as open new doors, cle",2009,,Andrew Y. Ng; Ashutosh Saxena,,,https://openalex.org/W203400132,openalex,robotics,concept,openalex_bulk_robotics,,19,robot manipulation,2026-06-12T18:57:17Z,15.848,15.848
doi:10.1109/access.2022.3214316,SemAttNet: Toward Attention-Based Semantic Aware Guided Depth Completion,"Depth completion involves recovering a dense depth map from a sparse map and an RGB image. Recent approaches focus on utilizing color images as guidance images to recover depth at invalid pixels. However, color images alone are not enough to provide the necessary semantic understanding of the scene. Consequently, the depth completion task suffers from sudden illumination changes in RGB images (e.g., shadows). In this paper, we propose a novel three-branch backbone comprising color-guided, semantic-guided, and depth-guided branches. Specifically, the color-guided branch takes a sparse depth map and RGB image as an input and generates color depth which includes color cues (e.g., object boundaries) of the scene. The predicted dense depth map of color-guided branch along-with semantic image and sparse depth map is passed as input to semantic-guided branch for estimating semantic depth. The d",2022,IEEE Access,Danish Nazir; Alain Pagani; Marcus Liwicki; Didier Stricker; Muhammad Zeshan Afzal,10.1109/access.2022.3214316,,https://doi.org/10.1109/access.2022.3214316,openalex,energy based model robot learning,concept,ebm,,65,benchmark,2026-06-12T18:26:24Z,15.845,16.845
doi:10.1002/oca.3192,Optimal and robust control methodologies for 4DOF active suspension systems: A comparative study with uncertainty considerations,"Abstract Drawing from recent developments in the field, this article explores advanced control methodologies for active suspension systems with the aim of enhancing ride comfort and vehicle handling. The study systematically and comprehensively implements, simulates, and compares five control methods: Proportional‐integral‐derivative (PID), linear quadratic regulator (LQR), , , and synthesis in the context of half‐vehicle active suspension systems. By using a detailed system model that includes parameter uncertainties and performance weights, analysis, and simulations are conducted to evaluate the performance of each control approach. The results provide valuable insights into the strengths and limitations of these methods, offering a comprehensive comparative analysis. Notably, the study reveals that control may not ensure stability for all possible combinations within a broad range of ",2024,Optimal Control Applications and Methods,Yunes Alqudsi; Fevzi Cakmak Bolat; Murat Makaraci,10.1002/oca.3192,,https://doi.org/10.1002/oca.3192,crossref,optimal control robot manipulation,anti_myopia,anti_thesis,,18,robot manipulation; limitation; optimal control robot manipulation,2026-06-12T15:07:36Z,15.822,21.822
doi:10.1109/icra.2011.5980336,Classification of clothing using interactive perception,,2011,2011 IEEE International Conference on Robotics and Automation,Bryan Willimon; Stan Birchfield; Ian Walker,10.1109/icra.2011.5980336,,https://doi.org/10.1109/icra.2011.5980336,crossref,robotics,concept,crossref_bulk_robotics,,72,active perception; interactive perception,2026-06-12T19:29:26Z,15.745,15.745
doi:10.3389/frobt.2022.999308,Collaborating eye to eye: Effects of workplace design on the perception of dominance of collaboration robots,"The concept of Human-Robot Collaboration (HRC) describes innovative industrial work procedures, in which human staff works in close vicinity with robots on a shared task. Current HRC scenarios often deploy hand-guided robots or remote controls operated by the human collaboration partner. As HRC envisions active collaboration between both parties, ongoing research efforts aim to enhance the capabilities of industrial robots not only in the technical dimension but also in the robot’s socio-interactive features. Apart from enabling the robot to autonomously complete the respective shared task in conjunction with a human partner, one essential aspect lifted from the group collaboration among humans is the communication between both entities. State-of-the-art research has identified communication as a significant contributor to successful collaboration between humans and industrial robots. No",2022,Frontiers in Robotics and AI,Alexander Arntz; Carolin Straßmann; Stefanie Völker; Sabrina C. Eimler,10.3389/frobt.2022.999308,,https://doi.org/10.3389/frobt.2022.999308,crossref,Gaussian splatting robot perception,concept,architecture,,3,Gaussian splatting robot perception; industrial robot,2026-06-12T15:07:36Z,15.743,15.743
doi:10.1109/icra48506.2021.9561035,PENet: Towards Precise and Efficient Image Guided Depth Completion,,2021,2021 IEEE International Conference on Robotics and Automation (ICRA),Mu Hu; Shuling Wang; Bin Li; Shiyu Ning; Li Fan; Xiaojin Gong,10.1109/icra48506.2021.9561035,,https://doi.org/10.1109/icra48506.2021.9561035,crossref,robotics,concept,crossref_bulk_robotics,,311,,2026-06-12T19:29:26Z,15.672,15.672
doi:10.1109/icra48891.2023.10160831,Simple-BEV: What Really Matters for Multi-Sensor BEV Perception?,,2023,2023 IEEE International Conference on Robotics and Automation (ICRA),Adam W. Harley; Zhaoyuan Fang; Jie Li; Rares Ambrus; Katerina Fragkiadaki,10.1109/icra48891.2023.10160831,,https://doi.org/10.1109/icra48891.2023.10160831,crossref,robotics,concept,crossref_bulk_robotics,,137,,2026-06-12T19:29:26Z,15.664,15.664
doi:10.1007/s10514-025-10225-4,Planned synchronization for multi-robot systems with active observations,"Abstract An important class of robotic applications involves multiple agents cooperating to provide state observations to plan joint actions. We study planning under uncertainty when more than one participant must proactively plan perception and/or communication acts, and decide whether the cost to obtain a state estimate is justified by the benefits accrued by the information thus obtained. The approach we introduce is suitable for settings where observations are of high quality and they—either alone or along with communication—recover the system’s joint state, but the costs incurred mean this happens only infrequently. We formulate the problem as a type of Markov decision process ( mdp ) to be solved over macro-actions, sidestepping the construction of the full joint belief space, a well-known source of intractability. We then give a suitable Bellman-like recurrence that immediately su",2026,Autonomous Robots,Patrick Zhong; Federico Rossi; Dylan A. Shell,10.1007/s10514-025-10225-4,,https://doi.org/10.1007/s10514-025-10225-4,crossref,Gaussian splatting robot perception multi robot system,concept,architecture_x_embodiment,,,Gaussian splatting robot perception; multi robot system,2026-06-12T15:07:36Z,15.650,16.650
doi:10.3389/fnbot.2024.1341750,Resolving uncertainty on the fly: modeling adaptive driving behavior as active inference,"Understanding adaptive human driving behavior, in particular how drivers manage uncertainty, is of key importance for developing simulated human driver models that can be used in the evaluation and development of autonomous vehicles. However, existing traffic psychology models of adaptive driving behavior either lack computational rigor or only address specific scenarios and/or behavioral phenomena. While models developed in the fields of machine learning and robotics can effectively learn adaptive driving behavior from data, due to their black box nature, they offer little or no explanation of the mechanisms underlying the adaptive behavior. Thus, generalizable, interpretable, computational models of adaptive human driving behavior are still rare. This paper proposes such a model based on active inference, a behavioral modeling framework originating in computational neuroscience. The mo",2024,Frontiers in Neurorobotics,Johan Engström; Ran Wei; Anthony D. McDonald; Alfredo García; Matthew O’Kelly; Leif Johnson,10.3389/fnbot.2024.1341750,,https://doi.org/10.3389/fnbot.2024.1341750,openalex,energy based model robot learning,concept,ebm,,19,,2026-06-12T18:05:07Z,15.648,17.648
doi:10.1109/lra.2022.3187258,A Hybrid Learning and Optimization Framework to Achieve Physically Interactive Tasks With Mobile Manipulators,"This letter proposes a hybrid learning and optimization framework for mobile manipulators for complex and physically interactive tasks. The framework exploits an admittance-type physical interface to obtain intuitive and simplified human demonstrations and Gaussian Mixture Model (GMM)/Gaussian Mixture Regression (GMR) to encode and generate the learned task requirements in terms of position, velocity, and force profiles. Next, using the desired trajectories and force profiles generated by GMM/GMR, the impedance parameters of a Cartesian impedance controller are optimized online through a Quadratic Program augmented with an energy tank to ensure the passivity of the controlled system. Two experiments are conducted to validate the framework, comparing our method with two approaches with constant stiffness (high and low). The results showed that the proposed method outperforms the other two",2022,IEEE Robotics and Automation Letters,Jianzhuang Zhao; Alberto Giammarino; Edoardo Lamon; Juan M. Gandarías; Elena De Momi; Arash Ajoudani,10.1109/lra.2022.3187258,,https://doi.org/10.1109/lra.2022.3187258,openalex,energy based model robot learning,concept,ebm,,40,impedance control; human demonstration,2026-06-12T18:26:24Z,15.607,15.607
doi:10.5204/dtmk1723,In Gradients We Trust : Uncertainty-Aware Depth Supervision for 3D Gaussian Splatting,,2026,QUT Faculty of Engineering – Vacation Research Experience Scheme (VRES) 2025 | 2026,Shangzhe Lin,10.5204/dtmk1723,,https://doi.org/10.5204/dtmk1723,crossref,Gaussian splatting robot perception,concept,architecture,,,Gaussian splatting robot perception,2026-06-12T14:45:03Z,15.600,16.600
doi:10.1109/access.2020.3030190,"Collaborative Multi-Robot Search and Rescue: Planning, Coordination, Perception, and Active Vision",,2020,IEEE Access,Jorge Pena Queralta; Jussi Taipalmaa; Bilge Can Pullinen; Victor Kathan Sarker; Tuan Nguyen Gia; Hannu Tenhunen; Moncef Gabbouj; Jenni Raitoharju; Tomi Westerlund,10.1109/access.2020.3030190,,https://doi.org/10.1109/access.2020.3030190,crossref,Gaussian splatting robot perception,concept,architecture,,465,Gaussian splatting robot perception,2026-06-12T15:07:36Z,15.600,15.600
doi:10.1016/j.robot.2026.105520,An automatic parking decision framework based on interactive perception prediction and multiple strategy planning,,2026,Robotics and Autonomous Systems,Dong Guo; Zhiqin Li; Bin Zhou; Tengfei Ma; Shuai Zhang; Chao Gao; Tongqing Zhang,10.1016/j.robot.2026.105520,,https://doi.org/10.1016/j.robot.2026.105520,crossref,decision transformer robotics,concept,architecture,,,decision transformer robotics; active perception; interactive perception,2026-06-12T15:07:36Z,15.600,15.600
doi:10.1109/tmc.2026.3695518,Visual-Tactile Fusion Semantic Communication for Embodied Interactive Perception Systems,,2026,IEEE Transactions on Mobile Computing,Mingkai Chen; Qinyan Liu; Zhuorui Wang; Zhe Zhang; Lei Wang; Shahid Mumtaz; Shi Jin,10.1109/tmc.2026.3695518,,https://doi.org/10.1109/tmc.2026.3695518,crossref,Gaussian splatting robot perception embodied agent,concept,architecture_x_embodiment,,,Gaussian splatting robot perception; embodied agent; active perception; interactive perception,2026-06-12T15:07:36Z,15.600,15.600
doi:10.1177/0278364918755924,Dec-MCTS: Decentralized planning for multi-robot active perception,"We propose a decentralized variant of Monte Carlo tree search (MCTS) that is suitable for a variety of tasks in multi-robot active perception. Our algorithm allows each robot to optimize its own actions by maintaining a probability distribution over plans in the joint-action space. Robots periodically communicate a compressed form of their search trees, which are used to update the joint distribution using a distributed optimization approach inspired by variational methods. Our method admits any objective function defined over robot action sequences, assumes intermittent communication, is anytime, and is suitable for online replanning. Our algorithm features a new MCTS tree expansion policy that is designed for our planning scenario. We extend the theoretical analysis of standard MCTS to provide guarantees for convergence rates to the optimal payoff sequence. We evaluate the performance ",2019,The International Journal of Robotics Research,Graeme Best; Oliver M Cliff; Timothy Patten; Ramgopal R Mettu; Robert Fitch,10.1177/0278364918755924,,https://doi.org/10.1177/0278364918755924,crossref,Gaussian splatting robot perception,concept,architecture,,146,Gaussian splatting robot perception; active perception,2026-06-12T15:07:36Z,15.595,15.595
arxiv:2603.12193v1,SaPaVe: Towards Active Perception and Manipulation in Vision-Language-Action Models for Robotics,"Active perception and manipulation are crucial for robots to interact with complex scenes. Existing methods struggle to unify semantic-driven active perception with robust, viewpoint-invariant execution. We propose SaPaVe, an end-to-end framework that jointly learns these capabilities in a data-efficient manner. Our approach decouples camera and manipulation actions rather than placing them in a shared action space, and follows a bottom-up training strategy: we first train semantic camera control on a large-scale dataset, then jointly optimize both action types using hybrid data. To support this framework, we introduce ActiveViewPose-200K, a dataset of 200k image-language-camera movement pairs for semantic camera movement learning, and a 3D geometry-aware module that improves execution robustness under dynamic viewpoints. We also present ActiveManip-Bench, the first benchmark for evaluat",2026,arXiv,Mengzhen Liu; Enshen Zhou; Cheng Chi; Yi Han; Shanyu Rong; Liming Chen; Pengwei Wang; Zhongyuan Wang; Shanghang Zhang,,2603.12193v1,http://arxiv.org/abs/2603.12193v1,arxiv,vision language action model limitation robotics,hostile,failure,,,vision language action model; active perception; limitation; benchmark; robustness,2026-06-12T14:45:03Z,15.500,22.500
doi:10.1162/neco_a_01627,"Active Predictive Coding: A Unifying Neural Model for Active Perception, Compositional Learning, and Hierarchical Planning","There is growing interest in predictive coding as a model of how the brain learns through predictions and prediction errors. Predictive coding models have traditionally focused on sensory coding and perception. Here we introduce active predictive coding (APC) as a unifying model for perception, action, and cognition. The APC model addresses important open problems in cognitive science and AI, including (1) how we learn compositional representations (e.g., part-whole hierarchies for equivariant vision) and (2) how we solve large-scale planning problems, which are hard for traditional reinforcement learning, by composing complex state dynamics and abstract actions from simpler dynamics and primitive actions. By using hypernetworks, self-supervised learning, and reinforcement learning, APC learns hierarchical world models by combining task-invariant state transition networks and task-depend",2023,Neural Computation,Rajesh P. N. Rao; Dimitrios C. Gklezakos; Vishwas Sathish,10.1162/neco_a_01627,,https://doi.org/10.1162/neco_a_01627,openalex,energy based transformer robot policy,concept,ebm_transformer,,21,energy based transformer robot policy; active perception; self supervised learning,2026-06-12T18:05:07Z,15.496,15.496
doi:10.1109/roman.2017.8172499,Skin vibration and contact force in active perception for roughness ratings,,2017,2017 26th IEEE International Symposium on Robot and Human Interactive Communication (RO-MAN),Makiko Natsume; Yoshihiro Tanaka; Wouter M. Bergmann Tiest; Astrid M. L. Kappers,10.1109/roman.2017.8172499,,https://doi.org/10.1109/roman.2017.8172499,crossref,contact dynamics robot learning,concept,contact,,18,contact dynamics; active perception,2026-06-12T15:07:36Z,15.472,15.472
doi:10.1109/tcst.2019.2916753,Robust Model Predictive Control of Irrigation Systems With Active Uncertainty Learning and Data Analytics,,2020,IEEE Transactions on Control Systems Technology,Chao Shang; Wei-Han Chen; Abraham Duncan Stroock; Fengqi You,10.1109/tcst.2019.2916753,,https://doi.org/10.1109/tcst.2019.2916753,crossref,model predictive control robot learning,anti_myopia,control,,88,model predictive control,2026-06-12T15:07:36Z,15.444,20.444
doi:10.1007/s00466-023-02279-x,A thermodynamics-informed active learning approach to perception and reasoning about fluids,"Abstract Learning and reasoning about physical phenomena is still a challenge in robotics development, and computational sciences play a capital role in the search for accurate methods able to provide explanations for past events and rigorous forecasts of future situations. We propose a thermodynamics-informed active learning strategy for fluid perception and reasoning from observations. As a model problem, we take the sloshing phenomena of different fluids contained in a glass. Starting from full-field and high-resolution synthetic data for a particular fluid, we develop a method for the tracking (perception) and simulation (reasoning) of any previously unseen liquid whose free surface is observed with a commodity camera. This approach demonstrates the importance of physics and knowledge not only in data-driven (gray-box) modeling but also in real-physics adaptation in low-data regimes ",2023,Computational Mechanics,Beatriz Moya; Alberto Badías; David González; Francisco Chinesta; Elías Cueto,10.1007/s00466-023-02279-x,,https://doi.org/10.1007/s00466-023-02279-x,openalex,energy based model robot learning,concept,ebm,,18,,2026-06-12T18:26:24Z,15.422,15.422
doi:10.1109/lra.2022.3183256,TransCG: A Large-Scale Real-World Dataset for Transparent Object Depth Completion and a Grasping Baseline,,2022,IEEE Robotics and Automation Letters,Hongjie Fang; Hao-Shu Fang; Sheng Xu; Cewu Lu,10.1109/lra.2022.3183256,,https://doi.org/10.1109/lra.2022.3183256,crossref,real world robot learning deployment,concept,deployment,,125,deployment,2026-06-12T15:07:36Z,15.418,17.418
doi:10.1109/lra.2022.3189821,View Planning for Object Pose Estimation Using Point Clouds: An Active Robot Perception Approach,,2022,IEEE Robotics and Automation Letters,Jie Hu; Prabhakar R. Pagilla,10.1109/lra.2022.3189821,,https://doi.org/10.1109/lra.2022.3189821,crossref,robot world model failure planning,hostile,failure,,16,robot world model; robot world model failure,2026-06-12T15:07:36Z,15.417,19.417
doi:10.1115/dscc2019-9062,Completing Complex Contact Tasks Using Integrated Active and Passive Compliant Control Methodologies,"Abstract In this paper we introduce the Generalized Contact Control Framework (GCCF) implemented on a compliant robotic manipulator. We demonstrate that the combined joint compliance and GCCF-based compliance control enable the completion of complex contact tasks in uncertain environments, where complex refers to the need to meet different contact force requirements involving multiple steps and output axes. Operating in uncertain environments means limited knowledge of the location or material properties of contact objects. The demonstrated tasks include opening a pill bottle and rigidly connecting to a purely mechanical tool changer. The GCCF simplifies the definition and modification of contact control parameters and allows for on-the-fly definition and completion of new tasks. Unlike hybrid force/impedance controllers, we do not need to define large damping and stiffness matrices, and",2019,"Volume 3, Rapid Fire Interactive Presentations: Advances in Control Systems; Advances in Robotics and Mechatronics; Automotive and Transportation Systems; Motion Planning and Trajectory Tracking; Soft Mechatronic Actuators and Sensors; Unmanned Ground and Aerial Vehicles",Adam Pettinger; Mitch Pryor,10.1115/dscc2019-9062,,https://doi.org/10.1115/dscc2019-9062,crossref,task and motion planning robotics,anti_myopia,classic,,3,impedance control; motion planning; task and motion planning,2026-06-12T15:07:36Z,15.393,19.393
doi:10.1016/j.arcontrol.2017.11.001,Stochastic model predictive control with active uncertainty learning: A Survey on dual control,,2018,Annual Reviews in Control,Ali Mesbah,10.1016/j.arcontrol.2017.11.001,,https://doi.org/10.1016/j.arcontrol.2017.11.001,crossref,model predictive control robot learning,anti_myopia,control,,169,model predictive control,2026-06-12T15:07:36Z,15.368,20.368
doi:10.1142/s0219843622400084,Adoption of Artificial Intelligence Along with Gesture Interactive Robot in Musical Perception Education Based on Deep Learning Method,"The present work aims to improve students’ interest in music teaching and promote modern teaching. A distributed application system of artificial intelligence gesture interactive robot is designed through deep learning technology and applied to music perception education. First, the user’s gesture instruction data is collected through the double channel convolution neural network (DCCNN). It uses the double-size convolution kernel to extract feature information in the image and collect the video frame’s gesture instruction. Secondly, a two-stream convolutional neural network (two-stream CNN) recognizes the collected gesture instruction data. The spatial and temporal information is extracted from RGB color mode (RGB) images and optical flow images and input into the two-stream CNN to fuse the prediction results of each network as the final detection result. Then, the distributed system us",2022,International Journal of Humanoid Robotics,Chao Zhang; Huizi Li,10.1142/s0219843622400084,,https://doi.org/10.1142/s0219843622400084,crossref,energy based model robot learning,concept,ebm,,27,,2026-06-12T15:07:36Z,15.366,15.366
doi:10.1109/icra.2016.7487399,Recognising the clothing categories from free-configuration using Gaussian-Process-based interactive perception,,2016,2016 IEEE International Conference on Robotics and Automation (ICRA),Li Sun; Simon Rogers; Gerardo Aragon-Camarasa; J. Paul Siebert,10.1109/icra.2016.7487399,,https://doi.org/10.1109/icra.2016.7487399,crossref,Gaussian splatting robot perception,concept,architecture,,21,Gaussian splatting robot perception; active perception; interactive perception,2026-06-12T15:07:36Z,15.346,15.346
doi:10.1109/icra.2019.8793637,Self-Supervised Sparse-to-Dense: Self-Supervised Depth Completion from LiDAR and Monocular Camera,,2019,2019 International Conference on Robotics and Automation (ICRA),Fangchang Ma; Guilherme Venturelli Cavalheiro; Sertac Karaman,10.1109/icra.2019.8793637,,https://doi.org/10.1109/icra.2019.8793637,crossref,robotics,concept,crossref_bulk_robotics,,355,,2026-06-12T19:29:26Z,15.337,15.337
doi:10.1109/tro.2023.3339543,Active Learning of Discrete-Time Dynamics for Uncertainty-Aware Model Predictive Control,,2024,IEEE Transactions on Robotics,Alessandro Saviolo; Jonathan Frey; Abhishek Rathod; Moritz Diehl; Giuseppe Loianno,10.1109/tro.2023.3339543,,https://doi.org/10.1109/tro.2023.3339543,crossref,contact dynamics robot learning,concept,contact,,46,contact dynamics; model predictive control,2026-06-12T14:45:03Z,15.325,17.325
doi:10.1038/s41598-025-12358-z,Robust techno-economic optimization of energy hubs under uncertainty using active learning with artificial neural networks,"Energy hubs (EHs) are considered a promising solution for multi-energy resources, providing advanced system efficiency and resilience. However, their operation is often challenged by the need for techno-economic trade-offs and the uncertainties related to supply and demand. This research presents a multi-objective optimizing framework for EH operations tackling these techno-economic aspects under uncertainty. Utilizing artificial neural networks (ANN)-based active learning (AL), the proposed approach dynamically enhances the model's capability to achieve optimal scheduling and planning while considering complex, fluctuating energy demands and system constraints. The optimization approach under uncertainty provides robust predictive abilities across various scenarios, allowing the system to optimize energy management effectively, enhancing operational efficiency while minimizing overall e",2025,Scientific Reports,Aya M.A. Heikal; Shady H. E. Abdel Aleem; Ragab A. El‐Sehiemy; Almoataz Y. Abdelaziz,10.1038/s41598-025-12358-z,,https://doi.org/10.1038/s41598-025-12358-z,openalex,energy based model robot learning,concept,ebm,,6,,2026-06-12T18:26:24Z,15.323,16.323
doi:10.1080/01691864.2015.1028999,Building object models through interactive perception and foveated vision,,2015,Advanced Robotics,Robert Bevec; Aleš Ude,10.1080/01691864.2015.1028999,,https://doi.org/10.1080/01691864.2015.1028999,crossref,vision language action model limitation robotics,hostile,failure,,3,vision language action model; active perception; interactive perception; limitation,2026-06-12T15:07:36Z,15.293,20.293
doi:10.3390/s20123560,Robust Parking Path Planning with Error-Adaptive Sampling under Perception Uncertainty,"In automated parking systems, a path planner generates a path to reach the vacant parking space detected by a perception system. To generate a safe parking path, accurate detection performance is required. However, the perception system always includes perception uncertainty, such as detection errors due to sensor noise and imperfect algorithms. If the parking path planner generates the parking path under uncertainty, problems may arise that cause the vehicle to collide due to the automated parking system. To avoid these problems, it is a challenging problem to generate the parking path from the erroneous parking space. To solve this conundrum, it is important to estimate the perception uncertainty and adapt the detection error in the planning process. This paper proposes a robust parking path planning that combines an error-adaptive sampling of generating possible path candidates with a",2020,Sensors,Seongjin Lee; Wonteak Lim; Myoungho Sunwoo,10.3390/s20123560,,https://doi.org/10.3390/s20123560,crossref,sampling based motion planning,anti_myopia,anti_thesis,,14,motion planning; sampling based motion planning,2026-06-12T15:07:36Z,15.254,20.254
doi:10.1109/lra.2022.3212668,Uncertainty Guided Policy for Active Robotic 3D Reconstruction Using Neural Radiance Fields,,2022,IEEE Robotics and Automation Letters,Soomin Lee; Le Chen; Jiahao Wang; Alexander Liniger; Suryansh Kumar; Fisher Yu,10.1109/lra.2022.3212668,,https://doi.org/10.1109/lra.2022.3212668,crossref,neural radiance field robotics,concept,architecture,,89,neural radiance field robotics,2026-06-12T14:45:03Z,15.250,16.250
doi:10.1109/icra.2018.8460596,Physics-Based Selection of Informative Actions for Interactive Perception,,2018,2018 IEEE International Conference on Robotics and Automation (ICRA),Clemens Eppner; Roberto Martin-Martin; Oliver Brock,10.1109/icra.2018.8460596,,https://doi.org/10.1109/icra.2018.8460596,crossref,robotics,concept,crossref_bulk_robotics,,7,active perception; interactive perception,2026-06-12T19:29:26Z,15.240,15.240
doi:10.1109/tro.2022.3208503,ASRO-DIO: Active Subspace Random Optimization Based Depth Inertial Odometry,,2023,IEEE Transactions on Robotics,Jiazhao Zhang; Yijie Tang; He Wang; Kai Xu,10.1109/tro.2022.3208503,,https://doi.org/10.1109/tro.2022.3208503,crossref,robotics,concept,crossref_bulk_robotics,,56,,2026-06-12T19:29:26Z,15.222,15.222
doi:10.3389/frai.2020.00030,An Integrated World Modeling Theory (IWMT) of Consciousness: Combining Integrated Information and Global Neuronal Workspace Theories With the Free Energy Principle and Active Inference Framework; Toward Solving the Hard Problem and Characterizing Agentic Causation,"The Free Energy Principle and Active Inference Framework (FEP-AI) begins with the understanding that persisting systems must regulate environmental exchanges and prevent entropic accumulation. In FEP-AI, minds and brains are predictive controllers for autonomous systems, where action-driven perception is realized as probabilistic inference. Integrated Information Theory (IIT) begins with considering the preconditions for a system to intrinsically exist, as well as axioms regarding the nature of consciousness. IIT has produced controversy because of its surprising entailments: quasi-panpsychism; subjectivity without referents or dynamics; and the possibility of fully-intelligent-yet-unconscious brain simulations. Here, I describe how these controversies might be resolved by integrating IIT with FEP-AI, where integrated information only entails consciousness for systems with perspectival r",2020,Frontiers in Artificial Intelligence,Adam Safron,10.3389/frai.2020.00030,,https://doi.org/10.3389/frai.2020.00030,openalex,energy based model robot learning,concept,ebm,,142,,2026-06-12T18:05:07Z,15.181,15.181
doi:10.1177/02783640022067922,Probabilistic Algorithms and the Interactive Museum Tour-Guide Robot Minerva,"This paper describes Minerva, an interactive tour-guide robot that was successfully deployed in a Smithsonian museum. Minerva’s software is pervasively probabilistic, relying on explicit representations of uncertainty in perception and control. During 2 weeks of operation, the robot interacted with thousands of people, both in the museum and through the Web, traversing more than 44 km at speeds of up to 163 cm/sec in the unmodified museum.",2000,The International Journal of Robotics Research,S. Thrun; M. Beetz; M. Bennewitz; W. Burgard; A. B. Cremers; F. Dellaert; D. Fox; D. Hähnel; C. Rosenberg; N. Roy; J. Schulte; D. Schulz,10.1177/02783640022067922,,https://doi.org/10.1177/02783640022067922,crossref,probabilistic robotics,anti_myopia,anti_thesis,,345,probabilistic robotics,2026-06-12T15:07:36Z,15.173,19.173
doi:10.3390/agronomy13041084,Deep-Learning-Based Trunk Perception with Depth Estimation and DWA for Robust Navigation of Robotics in Orchards,"Agricultural robotics is a complex, challenging, and exciting research topic nowadays. However, orchard environments present harsh conditions for robotics operability, such as terrain irregularities, illumination, and inaccuracies in GPS signals. To overcome these challenges, reliable landmarks must be extracted from the environment. This study addresses the challenge of accurate, low-cost, and efficient landmark identification in orchards to enable robot row-following. First, deep learning, integrated with depth information, is used for real-time trunk detection and location. The in-house dataset used to train the models includes a total of 2453 manually annotated trunks. The results show that the trunk detection achieves an overall mAP of 81.6%, an inference time of 60 ms, and a location accuracy error of 9 mm at 2.8 m. Secondly, the environmental features obtained in the first step ar",2023,Agronomy,Peichen Huang; Peikui Huang; Zihong Wang; Xiao Bing Wu; Jie Liu; Lixue Zhu,10.3390/agronomy13041084,,https://doi.org/10.3390/agronomy13041084,openalex,robotics,concept,openalex_bulk_robotics,,21,limitation,2026-06-12T18:57:17Z,15.146,16.146
doi:10.3390/s22020414,Interactive Deep Learning for Shelf Life Prediction of Muskmelons Based on an Active Learning Approach,"A pivotal topic in agriculture and food monitoring is the assessment of the quality and ripeness of agricultural products by using non-destructive testing techniques. Acoustic testing offers a rapid in situ analysis of the state of the agricultural good, obtaining global information of its interior. While deep learning (DL) methods have outperformed state-of-the-art benchmarks in various applications, the reason for lacking adaptation of DL algorithms such as convolutional neural networks (CNNs) can be traced back to its high data inefficiency and the absence of annotated data. Active learning is a framework that has been heavily used in machine learning when the labelled instances are scarce or cumbersome to obtain. This is specifically of interest when the DL algorithm is highly uncertain about the label of an instance. By allowing the human-in-the-loop for guidance, a continuous impro",2022,Sensors,Dominique Albert-Weiss; Ahmad Osman,10.3390/s22020414,,https://doi.org/10.3390/s22020414,openalex,energy based model robot learning,concept,ebm,,31,benchmark,2026-06-12T18:05:07Z,15.133,16.133
doi:10.1109/icra.2013.6630570,Clearing a pile of unknown objects using interactive perception,,2013,2013 IEEE International Conference on Robotics and Automation,Dov Katz; Moslem Kazemi; J. Andrew Bagnell; Anthony Stentz,10.1109/icra.2013.6630570,,https://doi.org/10.1109/icra.2013.6630570,crossref,robotics,concept,crossref_bulk_robotics,,20,active perception; interactive perception,2026-06-12T19:29:26Z,15.122,15.122
doi:10.3389/frobt.2024.1491907,Adaptive formation learning control for cooperative AUVs under complete uncertainty,"Introduction This paper addresses the critical need for adaptive formation control in Autonomous Underwater Vehicles (AUVs) without requiring knowledge of system dynamics or environmental data. Current methods, often assuming partial knowledge like known mass matrices, limit adaptability in varied settings. Methods We proposed two-layer framework treats all system dynamics, including the mass matrix, as entirely unknown, achieving configuration-agnostic control applicable to multiple underwater scenarios. The first layer features a cooperative estimator for inter-agent communication independent of global data, while the second employs a decentralized deterministic learning (DDL) controller using local feedback for precise trajectory control. The framework's radial basis function neural networks (RBFNN) store dynamic information, eliminating the need for relearning after system restarts. ",2025,Frontiers in Robotics and AI,Emadodin Jandaghi; Mingxi Zhou; Paolo Stegagno; Chengzhi Yuan,10.3389/frobt.2024.1491907,,https://doi.org/10.3389/frobt.2024.1491907,crossref,control barrier functions robot learning,anti_myopia,control,,5,control barrier function,2026-06-12T15:07:36Z,15.096,19.096
doi:10.1109/lra.2021.3068706,Probabilistic Multi-View Fusion of Active Stereo Depth Maps for Robotic Bin-Picking,,2021,IEEE Robotics and Automation Letters,Jun Yang; Dong Li; Steven L. Waslander,10.1109/lra.2021.3068706,,https://doi.org/10.1109/lra.2021.3068706,crossref,probabilistic robotics,anti_myopia,anti_thesis,,28,probabilistic robotics,2026-06-12T15:07:36Z,15.084,18.084
doi:10.3389/fpsyg.2022.762701,The Use of Deep Learning-Based Gesture Interactive Robot in the Treatment of Autistic Children Under Music Perception Education,"The purpose of this study was to apply deep learning to music perception education. Music perception therapy for autistic children using gesture interactive robots based on the concept of educational psychology and deep learning technology is proposed. First, the experimental problems are defined and explained based on the relevant theories of pedagogy. Next, gesture interactive robots and music perception education classrooms are studied based on recurrent neural networks (RNNs). Then, autistic children are treated by music perception, and an electroencephalogram (EEG) is used to collect the music perception effect and disease diagnosis results of children. Due to significant advantages of signal feature extraction and classification, RNN is used to analyze the EEG of autistic children receiving different music perception treatments to improve classification accuracy. The experimental r",2022,Frontiers in Psychology,Yiyao Zhang; Chao Zhang; Lei Cheng; Mingwei Qi,10.3389/fpsyg.2022.762701,,https://doi.org/10.3389/fpsyg.2022.762701,crossref,Gaussian splatting robot perception,concept,architecture,,14,Gaussian splatting robot perception,2026-06-12T15:07:36Z,15.054,15.054
doi:10.1109/cvpr52733.2024.01379,PaSCo: Urban 3D Panoptic Scene Completion with Uncertainty Awareness,,2024,2024 IEEE/CVF Conference on Computer Vision and Pattern Recognition (CVPR),Anh-Quan Cao; Angela Dai; Raoul De Charette,10.1109/cvpr52733.2024.01379,,https://doi.org/10.1109/cvpr52733.2024.01379,crossref,3D scene understanding robot manipulation,concept,scene_understanding,,26,robot manipulation; 3D scene understanding,2026-06-12T15:07:36Z,15.048,16.048
doi:10.1016/j.apenergy.2023.122133,Physically consistent deep learning-based day-ahead energy dispatching and thermal comfort control for grid-interactive communities,,2024,Applied Energy,Tianqi Xiao; Fengqi You,10.1016/j.apenergy.2023.122133,,https://doi.org/10.1016/j.apenergy.2023.122133,crossref,energy based model robot learning,concept,ebm,,25,,2026-06-12T15:07:36Z,15.029,15.029
doi:10.1126/scirobotics.adp6419,Robotic locomotion through active and passive morphological adaptation in extreme outdoor environments,"Robotic locomotion has shown substantial advancements, yet robots still lack the versatility and agility shown by animals navigating complex terrains. This limits their applicability in complex environments where they could be highly beneficial. Unlike existing robots that rely on intricate perception systems to construct models of both themselves and their surroundings, a more bioinspired approach leverages reconfiguration to adapt a robot’s morphology to its environment. Although interest in such multimodal, terrain-adaptive robots is increasing, their capacity for morphological reconfiguration often remains confined to specific body parts or comes at the expense of increased system complexity and reduced locomotion efficiency. Our study seeks to enhance robotic locomotion by developing robots that can actively reconfigure their morphology, altering their physical properties and levera",2025,Science Robotics,Max Polzin; Qinghua Guan; Josie Hughes,10.1126/scirobotics.adp6419,,https://doi.org/10.1126/scirobotics.adp6419,crossref,online adaptation robot learning,concept,adaptation,,30,online adaptation; robustness,2026-06-12T15:07:36Z,15.017,16.017
doi:10.1007/978-3-642-28572-1_21,Interactive Perception of Articulated Objects,,2014,Springer Tracts in Advanced Robotics Experimental Robotics,Dov Katz; Andreas Orthey; Oliver Brock,10.1007/978-3-642-28572-1_21,,https://doi.org/10.1007/978-3-642-28572-1_21,crossref,EBM transformer robotics tool use robotics,concept,architecture_x_embodiment,,16,EBM transformer robotics; tool use robotics; active perception; interactive perception,2026-06-12T15:07:36Z,15.017,15.017
doi:10.1109/tnnls.2023.3243091,Repetitive Impedance Learning-Based Physically Human–Robot Interactive Control,,2024,IEEE Transactions on Neural Networks and Learning Systems,Tairen Sun; Jiantao Yang; Yongping Pan; Hongliu Yu,10.1109/tnnls.2023.3243091,,https://doi.org/10.1109/tnnls.2023.3243091,crossref,energy based model robot learning,concept,ebm,,24,,2026-06-12T15:07:36Z,15.009,15.009
doi:10.1126/scirobotics.aaw6736,Learning sensorimotor control with neuromorphic sensors: Toward hyperdimensional active perception,The theory of hyperdimensional computation facilitates integration of action and perception by using a neuromorphic sensor.,2019,Science Robotics,A. Mitrokhin; P. Sutor; C. Fermüller; Y. Aloimonos,10.1126/scirobotics.aaw6736,,https://doi.org/10.1126/scirobotics.aaw6736,crossref,Gaussian splatting robot perception,concept,architecture,,90,Gaussian splatting robot perception; active perception,2026-06-12T15:07:36Z,15.005,15.005
doi:10.1016/j.visres.2010.09.001,Teach to reach: The effects of active vs. passive reaching experiences on action and perception,,2010,Vision Research,Klaus Libertus; Amy Needham,10.1016/j.visres.2010.09.001,,https://doi.org/10.1016/j.visres.2010.09.001,crossref,vision language action model limitation robotics,hostile,failure,,121,vision language action model; limitation,2026-06-12T15:07:36Z,15.002,20.002
doi:10.1145/3571599,Perception-Motion Coupling in Active Telepresence: Human Behavior and Teleoperation Interface Design,"Teleoperation enables complex robot platforms to perform tasks beyond the scope of the current state-of-the-art robot autonomy by imparting human intelligence and critical thinking to these operations. For seamless control of robot platforms, it is essential to facilitate optimal situational awareness of the workspace for the operator through active telepresence cameras. However, the control of these active telepresence cameras adds an additional degree of complexity to the task of teleoperation. In this paper we present our results from the user study that investigates: (1) how the teleoperator learns or adapts to performing the tasks via active cameras modeled after camera placements on the TRINA humanoid robot; (2) the perception-action coupling operators implement to control active telepresence cameras, and (3) the camera preferences for performing the tasks. These findings from the ",2023,ACM Transactions on Human-Robot Interaction,Tsung-Chi Lin; Achyuthan Unni Krishnan; Zhi Li,10.1145/3571599,,https://doi.org/10.1145/3571599,crossref,teleoperation data robot foundation model,concept,human_data,,8,robot foundation model; humanoid robot; teleoperation,2026-06-12T14:45:03Z,14.999,14.999
doi:10.1109/lra.2020.2969938,Unsupervised Depth Completion From Visual Inertial Odometry,,2020,IEEE Robotics and Automation Letters,Alex Wong; Xiaohan Fei; Stephanie Tsuei; Stefano Soatto,10.1109/lra.2020.2969938,,https://doi.org/10.1109/lra.2020.2969938,crossref,robotics,concept,crossref_bulk_robotics,,116,,2026-06-12T19:29:26Z,14.981,14.981
doi:10.1007/s10514-017-9615-3,Revisiting active perception,,2018,Autonomous Robots,Ruzena Bajcsy; Yiannis Aloimonos; John K. Tsotsos,10.1007/s10514-017-9615-3,,https://doi.org/10.1007/s10514-017-9615-3,crossref,Gaussian splatting robot perception,concept,architecture,,250,Gaussian splatting robot perception; active perception,2026-06-12T15:07:36Z,14.963,14.963
doi:10.1109/roman.2016.7745175,Incorporating perception uncertainty in human-aware navigation: A comparative study,,2016,2016 25th IEEE International Symposium on Robot and Human Interactive Communication (RO-MAN),Zeynab Talebpour; Deepak Viswanathan; Rodrigo Ventura; Gwenn Englebienne; Alcherio Martinoli,10.1109/roman.2016.7745175,,https://doi.org/10.1109/roman.2016.7745175,crossref,Gaussian splatting robot perception,concept,architecture,,9,Gaussian splatting robot perception,2026-06-12T15:07:36Z,14.951,15.951
doi:10.1115/detc99/movic-8434,Adaptive Motion and Force Control of Robots Performing a Complete Task,"Abstract In this work, we consider adaptive motion and force control of a robot performing a complete task. By a complete task we mean that the robot desired task contains both free motion and constrained motion. Further, we also consider transition from free motion to constrained motion. We divide the motion of the robot into three phases: (i) inactive phase, where the robot is in free motion, (ii) transition phase, where the transition from free motion to constrained motion takes place, and (iii) active phase, where the robot is in constrained motion with simultaneous force and position control. Uncertainty of the constraint results in the impact of robot with the constraint surface when transition from free motion to constrained motion. We design stable control laws for the three phases that results in an efficient algorithm for robots performing a complete task. Extensive experiments",1999,Volume 6: International Symposium on Motion and Vibration Control,Prabhakar R. Pagilla; Biao Yu,10.1115/detc99/movic-8434,,https://doi.org/10.1115/detc99/movic-8434,crossref,task and motion planning robotics,anti_myopia,classic,,1,force control; motion planning; task and motion planning,2026-06-12T15:07:36Z,14.947,19.947
doi:10.1109/lra.2021.3070308,Volumetric Occupancy Mapping With Probabilistic Depth Completion for Robotic Navigation,,2021,IEEE Robotics and Automation Letters,Marija Popovic; Florian Thomas; Sotiris Papatheodorou; Nils Funk; Teresa Vidal-Calleja; Stefan Leutenegger,10.1109/lra.2021.3070308,,https://doi.org/10.1109/lra.2021.3070308,crossref,probabilistic robotics,anti_myopia,anti_thesis,,21,probabilistic robotics,2026-06-12T15:07:36Z,14.946,17.946
doi:10.1109/tie.2018.2878157,Robotic Material Perception Using Active Multimodal Fusion,"Robotic material perception is an extremely important but challenging problem for industrial intelligence. The main difficulties come from the fact that the material properties are difficult to be comprehensibly evaluated by single visual, auditory, or tactile modality. Conventional multimodal fusion methods require collecting all of the multimodal information for a testing sample before the recognition. This is expensive, redundant, and may incur large latency. To tackle this problem, a new active fusion framework for the multimodal material recognition is proposed in this paper. We first adopt the adversarial learning method to obtain the modal-invariant representations to effectively bridge the gap between different modalities and then develop a reinforcement learning method for active modality selection. The developed framework and algorithms are evaluated on a publicly available dat",2018,IEEE Transactions on Industrial Electronics,Huaping Liu; Fuchun Sun; Xinyu Zhang,10.1109/tie.2018.2878157,,https://doi.org/10.1109/tie.2018.2878157,openalex,robotics,concept,openalex_bulk_robotics,,51,latency,2026-06-12T18:57:17Z,14.926,14.926
doi:10.1109/tii.2023.3256369,Tactile Perception-Based Depth and Angle Control During Robot-Assisted Bent Bone Grinding,,2024,IEEE Transactions on Industrial Informatics,Guangming Xia; Jinggang Wang; Bin Yao; Yu Dai; Yuan Xue; Jianxun Zhang,10.1109/tii.2023.3256369,,https://doi.org/10.1109/tii.2023.3256369,crossref,Gaussian splatting robot perception,concept,architecture,,20,Gaussian splatting robot perception; tactile perception,2026-06-12T15:07:36Z,14.922,14.922
doi:10.48550/arxiv.2112.01871,Active Inference in Robotics and Artificial Agents: Survey and Challenges,"Active inference is a mathematical framework which originated in computational neuroscience as a theory of how the brain implements action, perception and learning. Recently, it has been shown to be a promising approach to the problems of state-estimation and control under uncertainty, as well as a foundation for the construction of goal-driven behaviours in robotics and artificial agents in general. Here, we review the state-of-the-art theory and implementations of active inference for state-estimation, control, planning and learning; describing current achievements with a particular focus on robotics. We showcase relevant experiments that illustrate its potential in terms of adaptation, generalization and robustness. Furthermore, we connect this approach with other frameworks and discuss its expected benefits and challenges: a unified framework with functional biological plausibility u",2021,arXiv (Cornell University),Pablo Lanillos; Cristian Meo; Corrado Pezzato; Ajith Anil Meera; Mohamed Baioumy; Wataru Ohata; Alexander Tschantz; Beren Millidge; Martijn Wisse; Christopher L. Buckley; Jun Tani,10.48550/arxiv.2112.01871,,https://doi.org/10.48550/arxiv.2112.01871,openalex,robotics,concept,openalex_bulk_robotics,,56,state estimation; generalization; robustness,2026-06-12T18:57:17Z,14.922,17.922
doi:10.1109/lra.2023.3300544,FDCT: Fast Depth Completion for Transparent Objects,,2023,IEEE Robotics and Automation Letters,Tianan Li; Zhehan Chen; Huan Liu; Chen Wang,10.1109/lra.2023.3300544,,https://doi.org/10.1109/lra.2023.3300544,crossref,robotics,concept,crossref_bulk_robotics,,30,,2026-06-12T19:29:26Z,14.917,14.917
doi:10.3390/act15060280,ADDFNet: A Robotic Grasping Depth Map Completion Network Integrating Differential Enhancement Convolution and Hybrid Attention,"In the field of industrial robotic vision, accurate recognition and localization of transparent objects pose significant challenges. Unlike opaque objects, transparent objects are difficult to distinguish in RGB images, and due to refraction and reflection, their depth information often suffers from large-area missing or erroneous values, leading to failed grasp pose prediction. Therefore, depth completion is crucial for transparent object grasping tasks. However, existing depth completion methods still exhibit obvious limitations. Multi-stage optimization methods, while achieving high accuracy, involve complex pipelines and high computational costs. Single-stage end-to-end networks, when processing sparse edge features of transparent objects that are also contaminated by background interference, are constrained by the receptive field and smoothing effect of conventional convolutions, of",2026,Actuators,Nan Liu; Yi-Horng Lai; Yue Wu; Jiaen Wang; Xian Yu,10.3390/act15060280,,https://doi.org/10.3390/act15060280,crossref,analytical grasping,anti_myopia,anti_thesis,,,industrial robot; limitation; robustness; analytical grasping,2026-06-12T15:07:36Z,14.900,19.900
doi:10.1109/tte.2025.3614254,Uncertainty-Driven Active Reinforcement Learning for Energy Management Strategy in Electrified Vehicles,"Reinforcement learning (RL), as a data-driven optimization method, enables electrified vehicles to train optimal energy management strategy (EMS) in complex and dynamic environments. However, traditional RL methods often face inefficiency during the exploration process, particularly in high-dimensional continuous state spaces, leading to slow convergence or a tendency to fall into local optima. To address these issues, this paper proposes an uncertainty-driven active RL (UaRL) for EMS, which is built upon the soft actor-critic algorithm, using the dual Q-values difference as a measure of uncertainty. When the uncertainty increases significantly, the active learning mechanism is activated, allowing the UaRL system to select more reliable actions through rule-based methods and guide the improvement of the RL policy. Experimental results show that the novel UaRL approach has significant adv",2025,IEEE Transactions on Transportation Electrification,Dong Hu; Cheng Tian; Anh‐Tu Nguyen; Chao Huang,10.1109/tte.2025.3614254,,https://doi.org/10.1109/tte.2025.3614254,openalex,energy based transformer robot policy,concept,ebm_transformer,,2,energy based transformer robot policy,2026-06-12T18:05:07Z,14.899,15.899
doi:10.1109/cvpr52733.2024.01543,MP5: A Multi-modal Open-ended Embodied System in Minecraft via Active Perception,,2024,2024 IEEE/CVF Conference on Computer Vision and Pattern Recognition (CVPR),Yiran Qin; Enshen Zhou; Qichang Liu; Zhenfei Yin; Lu Sheng; Ruimao Zhang; Yu Qiao; Jing Shao,10.1109/cvpr52733.2024.01543,,https://doi.org/10.1109/cvpr52733.2024.01543,crossref,Gaussian splatting robot perception embodied agent,concept,architecture_x_embodiment,,19,Gaussian splatting robot perception; embodied agent; active perception,2026-06-12T15:07:36Z,14.898,14.898
doi:10.3390/ijgi12090381,A Comprehensive Evaluation of Machine Learning and Classical Approaches for Spaceborne Active-Passive Fusion Bathymetry of Coral Reefs,"Satellite-derived bathymetry (SDB) techniques are increasingly valuable for deriving high-quality bathymetric maps of coral reefs. Investigating the performance of the related SDB algorithms in purely spaceborne active–passive fusion bathymetry contributes to formulating reliable bathymetric strategies, particularly for areas such as the Spratly Islands, where in situ observations are exceptionally scarce. In this study, we took Anda Reef as a case study and evaluated the performance of eight common SDB approaches by integrating Sentinel-2 images with Ice, Cloud, and Land Elevation Satellite-2 (ICESat-2). The bathymetric maps were generated using two classical and six machine-learning algorithms, which were then validated with measured sonar data. The results illustrated that all models accurately estimated the depth of coral reefs in the 0–20 m range. The classical algorithms (Lyzenga a",2023,ISPRS International Journal of Geo-Information,Jian Cheng; Liang Cheng; Sensen Chu; Jizhe Li; Qixin Hu; Ye Li; Zhiyong Wang; Hui Chen,10.3390/ijgi12090381,,https://doi.org/10.3390/ijgi12090381,openalex,energy based model robot learning,concept,ebm,,22,,2026-06-12T18:26:24Z,14.868,16.868
doi:10.1109/lra.2021.3058072,Learning Topology From Synthetic Data for Unsupervised Depth Completion,,2021,IEEE Robotics and Automation Letters,Alex Wong; Safa Cicek; Stefano Soatto,10.1109/lra.2021.3058072,,https://doi.org/10.1109/lra.2021.3058072,crossref,robotics,concept,crossref_bulk_robotics,,59,,2026-06-12T19:29:26Z,14.847,14.847
doi:10.1109/cvpr52733.2024.01939,Test- Time Adaptation for Depth Completion,,2024,2024 IEEE/CVF Conference on Computer Vision and Pattern Recognition (CVPR),Hyoungseob Park; Anjali Gupta; Alex Wong,10.1109/cvpr52733.2024.01939,,https://doi.org/10.1109/cvpr52733.2024.01939,crossref,test time adaptation robot policy,concept,adaptation,,17,test time adaptation,2026-06-12T14:45:03Z,14.845,14.845
doi:10.1109/roman.2015.7333665,Perception matters! Engagement in task orientated social robotics,,2015,2015 24th IEEE International Symposium on Robot and Human Interactive Communication (RO-MAN),Lee J. Corrigan; Christina Basedow; Dennis Kuster; Arvid Kappas; Christopher Peters; Ginevra Castellano,10.1109/roman.2015.7333665,,https://doi.org/10.1109/roman.2015.7333665,crossref,Gaussian splatting robot perception,concept,architecture,,11,Gaussian splatting robot perception,2026-06-12T15:07:36Z,14.842,14.842
doi:10.1007/978-3-642-23968-7_16,Scene Understanding through Autonomous Interactive Perception,,2011,Lecture Notes in Computer Science Computer Vision Systems,Niklas Bergström; Carl Henrik Ek; Mårten Björkman; Danica Kragic,10.1007/978-3-642-23968-7_16,,https://doi.org/10.1007/978-3-642-23968-7_16,crossref,3D scene understanding robot manipulation,concept,scene_understanding,,11,robot manipulation; 3D scene understanding; active perception; interactive perception,2026-06-12T15:07:36Z,14.842,14.842
doi:10.1021/acs.jctc.9b01297,Automation of Active Space Selection for Multireference Methods via Machine Learning on Chemical Bond Dissociation,"Predicting and understanding the chemical bond is one of the major challenges of computational quantum chemistry. Kohn-Sham density functional theory (KS-DFT) is the most common method, but approximate density functionals may not be able to describe systems where multiple electronic configurations are equally important. Multiconfigurational wave functions, on the other hand, can provide a detailed understanding of the electronic structures and chemical bonds of such systems. In the complete active space self-consistent field (CASSCF) method, one performs a full configuration interaction calculation in an active space consisting of active electrons and active orbitals. However, CASSCF and its variants require the selection of these active spaces. This choice is not black box; it requires significant experience and testing by the user, and thus active space methods are not considered parti",2020,Journal of Chemical Theory and Computation,WooSeok Jeong; Samuel J. Stoneburner; Daniel S. King; Ruye Li; Andrew Walker; Roland Lindh; Laura Gagliardi,10.1021/acs.jctc.9b01297,,https://doi.org/10.1021/acs.jctc.9b01297,openalex,energy based model robot learning,concept,ebm,,71,,2026-06-12T18:26:24Z,14.838,14.838
doi:10.1207/s15516709cog2302_3,Are Theories of Imagery Theories of Imagination? An Active Perception Approach to Conscious Mental Content,"Can theories of mental imagery, conscious mental contents, developed within cognitive science throw light on the obscure (but culturally very significant) concept of imagination? Three extant views of mental imagery are considered: quasi‐pictorial, description, and perceptual activity theories. The first two face serious theoretical and empirical difficulties. The third is (for historically contingent reasons) little known, theoretically underdeveloped, and empirically untried, but has real explanatory potential. It rejects the “traditional” symbolic computational view of mental contents, but is compatible with recent situated cognition and active vision approaches in robotics. This theory is developed and elucidated. Three related key aspects of imagination (non‐discursiveness, creativity, and seeing as) raise difficulties for the other theories. Perceptual activity theory presents imag",1999,Cognitive Science,Nigel J. T. Thomas,10.1207/s15516709cog2302_3,,https://doi.org/10.1207/s15516709cog2302_3,openalex,energy based model robot learning,concept,ebm,,285,active perception,2026-06-12T18:26:24Z,14.828,14.828
doi:10.3390/robotics13100143,Virtual Hand Deformation-Based Pseudo-Haptic Feedback for Enhanced Force Perception and Task Performance in Physically Constrained Teleoperation,"Force-feedback devices enhance task performance in most robot teleoperations. However, their increased size with additional degrees of freedom can limit the robot’s applicability. To address this, an interface that visually presents force feedback is proposed, eliminating the need for bulky physical devices. Our telepresence system renders robotic hands transparent in the camera image while displaying virtual hands. The forces applied to the robot deform these virtual hands. The deformation creates an illusion that the operator’s hands are deforming, thus providing pseudo-haptic feedback. We conducted a weight comparison experiment in a virtual reality environment to evaluate force sensitivity. In addition, we conducted an object touch experiment to assess the speed of contact detection in a robot teleoperation setting. The results demonstrate that our method significantly surpasses conv",2024,Robotics,Kento Yamamoto; Yaonan Zhu; Tadayoshi Aoyama; Yasuhisa Hasegawa,10.3390/robotics13100143,,https://doi.org/10.3390/robotics13100143,crossref,task and motion planning robotics,anti_myopia,classic,,4,motion planning; task and motion planning; teleoperation,2026-06-12T15:07:36Z,14.805,18.805
doi:10.1109/lra.2024.3494663,An Improved Motion Strategy With Uncertainty Perception for the Underwater Robot Based on Thrust Allocation Model,,2025,IEEE Robotics and Automation Letters,Ao Li; Shuxiang Guo; Chunying Li,10.1109/lra.2024.3494663,,https://doi.org/10.1109/lra.2024.3494663,crossref,energy based model robot learning,concept,ebm,,10,,2026-06-12T15:07:36Z,14.799,15.799
doi:10.1016/j.autcon.2021.103939,Robotic binding of rebar based on active perception and planning,,2021,Automation in Construction,Jiahao Jin; Weimin Zhang; Fangxing Li; Mingzhu Li; Yongliang Shi; Ziyuan Guo; Qiang Huang,10.1016/j.autcon.2021.103939,,https://doi.org/10.1016/j.autcon.2021.103939,openalex,robotics,concept,openalex_bulk_robotics,,48,active perception,2026-06-12T18:57:17Z,14.796,14.796
doi:10.15607/rss.2021.xvii.066,Safe Occlusion-Aware Autonomous Driving via Game-Theoretic Active Perception,,2021,Robotics: Science and Systems XVII,Zixu Zhang; Jaime Fisac,10.15607/rss.2021.xvii.066,,https://doi.org/10.15607/rss.2021.xvii.066,crossref,robotics,concept,crossref_bulk_robotics,,53,active perception; occlusion,2026-06-12T19:29:26Z,14.794,14.794
doi:10.3390/s24196270,A Transformer-Based Image-Guided Depth-Completion Model with Dual-Attention Fusion Module,"Depth information is crucial for perceiving three-dimensional scenes. However, depth maps captured directly by depth sensors are often incomplete and noisy, our objective in the depth-completion task is to generate dense and accurate depth maps from sparse depth inputs by fusing guidance information from corresponding color images obtained from camera sensors. To address these challenges, we introduce transformer models, which have shown great promise in the field of vision, into the task of image-guided depth completion. By leveraging the self-attention mechanism, we propose a novel network architecture that effectively meets these requirements of high accuracy and resolution in depth data. To be more specific, we design a dual-branch model with a transformer-based encoder that serializes image features into tokens step by step and extracts multi-scale pyramid features suitable for pixe",2024,Sensors,Shuling Wang; Fengze Jiang; Xiaojin Gong,10.3390/s24196270,,https://doi.org/10.3390/s24196270,crossref,transformer energy based model robotics,concept,ebm_transformer,,3,energy based model robotics; ablation,2026-06-12T15:07:36Z,14.793,15.793
doi:10.7717/peerj.11760,Neural correlates of tactile hardness intensity perception during active grasping,"While tactile sensation plays an essential role in interactions with the surroundings, relatively little is known about the neural processes involved in the perception of tactile information. In particular, it remains unclear how different intensities of tactile hardness are represented in the human brain during object manipulation. This study aims to investigate neural responses to various levels of tactile hardness using functional magnetic resonance imaging while people grasp objects to perceive hardness intensity. We used four items with different hardness levels but otherwise identical in shape and texture. A total of Twenty-five healthy volunteers participated in this study. Before scanning, participants performed a behavioral task in which they received a pair of stimuli and they were to report the perceived difference of hardness between them. During scanning, without any visual ",2021,PeerJ,Ji-Hyun Kim; Junsuk Kim; Jiwon Yeon; Jang-Yeon Park; Dongil Chung; Sung-Phil Kim,10.7717/peerj.11760,,https://doi.org/10.7717/peerj.11760,crossref,analytical grasping,anti_myopia,anti_thesis,,7,analytical grasping,2026-06-12T15:07:36Z,14.790,17.790
doi:10.1007/s10846-022-01595-3,Active Perception Fruit Harvesting Robots — A Systematic Review,,2022,Journal of Intelligent & Robotic Systems,Sandro Augusto Magalhães; António Paulo Moreira; Filipe Neves dos Santos; Jorge Dias,10.1007/s10846-022-01595-3,,https://doi.org/10.1007/s10846-022-01595-3,crossref,Gaussian splatting robot perception,concept,architecture,,33,Gaussian splatting robot perception; active perception,2026-06-12T15:07:36Z,14.763,14.763
doi:10.1007/s11423-022-10081-4,Learner-centric MOOC model: a pedagogical design model towards active learner participation and higher completion rates,,2022,Educational technology research and development,Veenita Shah; Sahana Murthy; Jayakrishnan Warriem; Sameer Sahasrabudhe; Gargi Banerjee; Sridhar Iyer,10.1007/s11423-022-10081-4,,https://doi.org/10.1007/s11423-022-10081-4,crossref,object centric world model,concept,architecture,,33,object centric world model,2026-06-12T15:07:36Z,14.763,14.763
doi:10.1109/tim.2024.3427782,Transparent Object Depth Perception Network for Robotic Manipulation Based on Orientation-Aware Guidance and Texture Enhancement,,2024,IEEE Transactions on Instrumentation and Measurement,Yunhui Yan; Hongkun Tian; Kechen Song; Yuntian Li; Yi Man; Ling Tong,10.1109/tim.2024.3427782,,https://doi.org/10.1109/tim.2024.3427782,crossref,Gaussian splatting robot perception deformable object manipulation,concept,architecture_x_embodiment,,14,Gaussian splatting robot perception; deformable object manipulation,2026-06-12T15:07:36Z,14.754,14.754
doi:10.1109/cvpr52734.2025.02073,Distilling Monocular Foundation Model for Fine-grained Depth Completion,,2025,2025 IEEE/CVF Conference on Computer Vision and Pattern Recognition (CVPR),Yingping Liang; Yutao Hu; Wenqi Shao; Ying Fu,10.1109/cvpr52734.2025.02073,,https://doi.org/10.1109/cvpr52734.2025.02073,crossref,robot foundation model vision language action,concept,vla,,9,robot foundation model,2026-06-12T15:07:36Z,14.751,14.751
doi:10.1109/lra.2021.3062004,How to Select and Use Tools? : Active Perception of Target Objects Using Multimodal Deep Learning,,2021,IEEE Robotics and Automation Letters,Namiko Saito; Tetsuya Ogata; Satoshi Funabashi; Hiroki Mori; Shigeki Sugano,10.1109/lra.2021.3062004,,https://doi.org/10.1109/lra.2021.3062004,crossref,Gaussian splatting robot perception,concept,architecture,,46,Gaussian splatting robot perception; active perception,2026-06-12T15:07:36Z,14.725,14.725
doi:10.3390/electronics14010153,"Autonomous Forklifts: State of the Art—Exploring Perception, Scanning Technologies and Functional Systems—A Comprehensive Review","This paper presents a comprehensive overview of cutting-edge autonomous forklifts, with a strong emphasis on sensors, object detection and system functionality. It aims to explore how this technology is evolving and where it is likely headed in both the near and long-term future, while also highlighting the latest developments in both academic research and industrial applications. Given the critical importance of object detection and recognition in machine vision and autonomous vehicles, this area receives particular attention. The article provides an in-depth summary of both commercial and prototype forklifts, discussing key aspects such as design features, capabilities and benefits, and offers a detailed technical comparison. Specifically, it clarifies that all available data pertains to commercially available forklifts. To obtain a better understanding of the current state-of-the-art ",2025,Electronics,Muftah Fraifer; Joseph Coleman; James Maguire; Petar Trslić; Gerard Dooly; Daniel Toal,10.3390/electronics14010153,,https://doi.org/10.3390/electronics14010153,openalex,energy based transformer robot policy,concept,ebm_transformer,,14,energy based transformer robot policy; limitation,2026-06-12T18:05:07Z,14.704,15.704
doi:10.1109/lra.2021.3117254,ABCD: Attentive Bilateral Convolutional Network for Robust Depth Completion,,2022,IEEE Robotics and Automation Letters,Yurim Jeon; Hwichang Kim; Seung-Woo Seo,10.1109/lra.2021.3117254,,https://doi.org/10.1109/lra.2021.3117254,crossref,robotics,concept,crossref_bulk_robotics,,29,,2026-06-12T19:29:26Z,14.701,14.701
doi:10.1109/icra48891.2023.10161505,Autonomous Intelligent Navigation for Flexible Endoscopy Using Monocular Depth Guidance and 3-D Shape Planning,"Recent advancements toward perception and decision-making of flexible endoscopes have shown great potential in computer-aided surgical interventions. However, owing to modeling uncertainty and inter-patient anatomical variation in flexible endoscopy, the challenge remains for efficient and safe navigation in patient-specific scenarios. This paper presents a novel data-driven framework with self-contained visual-shape fusion for autonomous intelligent navigation of flexible endoscopes requiring no priori knowledge of system models and global environments. A learning-based adaptive visual servoing controller is proposed to online update the eye-in-hand vision-motor configuration and steer the endoscope, which is guided by monocular depth estimation via a vision transformer (ViT). To prevent unnecessary and excessive interactions with surrounding anatomy, an energy-motivated shape planning ",2023,,Yiang Lu; Ruofeng Wei; Bin Li; Wei Chen; Jianshu Zhou; Qi Dou; Dong Sun; Yunhui Liu,10.1109/icra48891.2023.10161505,,https://doi.org/10.1109/icra48891.2023.10161505,openalex,energy based policy robotics,concept,ebm,,15,proprioception; model predictive control; visual servoing,2026-06-12T18:05:07Z,14.686,16.686
doi:10.1109/lra.2019.2953639,Depth Based Semantic Scene Completion With Position Importance Aware Loss,,2020,IEEE Robotics and Automation Letters,Jie Li; Yu Liu; Xia Yuan; Chunxia Zhao; Roland Siegwart; Ian Reid; Cesar Cadena,10.1109/lra.2019.2953639,,https://doi.org/10.1109/lra.2019.2953639,crossref,scene graph robot learning,concept,architecture,,62,scene graph robot learning,2026-06-12T15:07:36Z,14.672,14.672
doi:10.1109/lra.2021.3068885,A Surface Geometry Model for LiDAR Depth Completion,,2021,IEEE Robotics and Automation Letters,Yiming Zhao; Lin Bai; Ziming Zhang; Xinming Huang,10.1109/lra.2021.3068885,,https://doi.org/10.1109/lra.2021.3068885,crossref,robotics,concept,crossref_bulk_robotics,,40,,2026-06-12T19:29:26Z,14.657,14.657
doi:10.3390/s21113941,An Ensemble Learning Method for Robot Electronic Nose with Active Perception,"The electronic nose is the olfactory organ of the robot, which is composed of a large number of sensors to perceive the smell of objects through free diffusion. Traditionally, it is difficult to realize the active perception function, and it is difficult to meet the requirements of small size, low cost, and quick response that robots require. In order to address these issues, a novel electronic nose with active perception was designed and an ensemble learning method was proposed to distinguish the smell of different objects. An array of three MQ303 semiconductor gas sensors and an electrochemical sensor DART-2-Fe5 were used to construct the novel electronic nose, and the proposed ensemble learning method with four algorithms realized the active odor perception function. The experiment results verified that the accuracy of the active odor perception can reach more than 90%, even though it",2021,Sensors,Shengming Li; Lin Feng; Yunfei Ge; Li Zhu; Liang Zhao,10.3390/s21113941,,https://doi.org/10.3390/s21113941,crossref,Gaussian splatting robot perception,concept,architecture,,9,Gaussian splatting robot perception; active perception,2026-06-12T15:07:36Z,14.651,14.651
doi:10.20944/preprints202312.1467.v1,Enhancing View Synthesis with Depth-Guided Neural Radiance Fields and Improved Depth Completion,"Neural radiance fields (NeRF) leverage a neural representation to encode scenes, obtaining photo-realistic rendering of novel views. However, NeRF has notable limitations. A significant drawback is that it does not capture surface geometry and only renders the object surface colors. Furthermore, the training of NeRF is exceedingly time-consuming. We propose Depth-NeRF as a solution to these issues. Specifically, our approach employs a fast depth completion algorithm to denoise and complete the depth maps generated by RGB-D cameras. These improved depth maps guide the sampling points of NeRF to be distributed closer to the scene&#039;s surface, benefiting from dense depth information. Furthermore, we have optimized the network structure of NeRF and integrated depth information to constrain the optimization process, ensuring that the termination distribution of the ray is consistent with t",,,Bojun Wang; Danhong Zhang; Yixin Su; Huajun Zhang,10.20944/preprints202312.1467.v1,,https://doi.org/10.20944/preprints202312.1467.v1,crossref,neural radiance field robotics,concept,architecture,,,neural radiance field robotics; limitation,2026-06-12T15:07:36Z,14.650,15.650
doi:10.1068/v96l1103,Depth and Motion in Object Completion,"Models of illusory and occluded contour and surface completion have focused on static spatial relations in planar surfaces. We consider several findings indicating that depth and motion play important roles in object completion. In one set of studies, effects of depth separation were studied in a speeded classification paradigm in which surface pieces were oriented in parallel or convergent (intersecting) planes. Subjects' task was to respond “parallel” or “convergent” on each trial. It was hypothesised that object completion would facilitate performance, and that depth separation of the two visible areas would disrupt completion. Speed and accuracy were reliably reduced when object parts were separated in depth via stereoscopic information. In a second series of studies a speeded classification paradigm was used to test perception of illusory figures from edges specified solely by motio",1996,Perception,P J Kellman; T F Shipley,10.1068/v96l1103,,https://doi.org/10.1068/v96l1103,crossref,Gaussian splatting robot perception deformable object manipulation,concept,architecture_x_embodiment,,,Gaussian splatting robot perception; deformable object manipulation,2026-06-12T15:07:36Z,14.650,14.650
doi:10.1038/s41598-024-57283-9,Depth perception of stereoscopic transparent stimuli with frame manipulation,"Abstract Depth perception is crucial in human vision, allowing us to move and interact with our 3-D surroundings. We used a stereoscopic transparent stimulus comprising parallel overlapping transparent stereoscopic surfaces (POTS) to understand depth perception better. The study focused on exploring the effect of a surrounding frame on the perceived depth of a POTS configuration. The research was based on a proposed idea that explains an ""off-frame"" effect: a frame at a different depth from a 2-D photograph depicting a 3-D scene increases its apparent depth qualitatively. The idea assumes that processing the disparity between a frame and a photo reduces the reliability of the photograph's flatness cues and increases depth magnitude in depth cue integration. We examined whether the idea can be applied to a 3-D POTS with the flatness cue as the constant accommodation. Through three experim",2024,Scientific Reports,Saori Aida; Shunta Fukamachi; Koichi Shimono,10.1038/s41598-024-57283-9,,https://doi.org/10.1038/s41598-024-57283-9,crossref,Gaussian splatting robot perception bimanual manipulation,concept,architecture_x_embodiment,,2,Gaussian splatting robot perception; bimanual manipulation,2026-06-12T15:07:36Z,14.649,14.649
doi:10.3390/biomimetics9120769,Analyzing the Impact of Responding to Joint Attention on the User Perception of the Robot in Human-Robot Interaction,"The concept of joint attention holds significant importance in human interaction and is pivotal in establishing rapport, understanding, and effective communication. Within social robotics, enhancing user perception of the robot and promoting a sense of natural interaction with robots becomes a central element. In this sense, emulating human-centric qualities in social robots, such as joint attention, defined as the ability of two or more individuals to focus on a common event simultaneously, can increase their acceptability. This study analyses the impact on user perception of a responsive joint attention system integrated into a social robot within an interactive scenario. The experimental setup involves playing against the robot in the “Odds and Evens” game under two conditions: whether the joint attention system is active or inactive. Additionally, auditory and visual distractors are ",2024,Biomimetics,Jesús García-Martínez; Juan José Gamboa-Montero; José Carlos Castillo; Álvaro Castro-González,10.3390/biomimetics9120769,,https://doi.org/10.3390/biomimetics9120769,crossref,Gaussian splatting robot perception,concept,architecture,,10,Gaussian splatting robot perception; human robot interaction,2026-06-12T15:07:36Z,14.649,14.649
doi:10.1109/icra46639.2022.9811556,Depth Completion Using Geometry-Aware Embedding,,2022,2022 International Conference on Robotics and Automation (ICRA),Wenchao du; Hu Chen; Hongyu Yang; Yi Zhang,10.1109/icra46639.2022.9811556,,https://doi.org/10.1109/icra46639.2022.9811556,crossref,robotics,concept,crossref_bulk_robotics,,26,,2026-06-12T19:29:26Z,14.648,14.648
doi:10.1177/02783649241264577,Active perception network for non-myopic online exploration and visual surface coverage,"This work addresses the problem of online exploration and visual sensor coverage of unknown environments. We introduce a novel perception roadmap we refer to as the Active Perception Network (APN) that serves as a hierarchical topological graph describing how to traverse and perceive an incrementally built spatial map of the environment. The APN state is incrementally updated to expand a connected configuration space that extends throughout as much of the known space as possible, using efficient difference-awareness techniques that track the discrete changes of the spatial map to inform the updates. A frontier-guided approach is presented for efficient evaluation of information gain and covisible information, which guides view sampling and refinement to ensure maximum coverage of the unmapped space is maintained within the APN. The updated roadmap is hierarchically decomposed into subgra",2025,The International Journal of Robotics Research,David Vutetakis; Jing Xiao,10.1177/02783649241264577,,https://doi.org/10.1177/02783649241264577,crossref,robotics,concept,crossref_bulk_robotics,,1,active perception,2026-06-12T19:29:26Z,14.647,15.647
doi:10.1609/aaai.v35i7.16752,A Continual Learning Framework for Uncertainty-Aware Interactive Image Segmentation,"Deep learning models have achieved state-of-the-art performance in semantic image segmentation, but the results provided by fully automatic algorithms are not always guaranteed satisfactory to users. Interactive segmentation offers a solution by accepting user annotations on selective areas of the images to refine the segmentation results. However, most existing models only focus on correcting the current image's misclassified pixels, with no knowledge carried over to other images. In this work, we formulate interactive image segmentation as a continual learning problem and propose a framework to effectively learn from user annotations, aiming to improve the segmentation on both the current image and unseen images in future tasks while avoiding deteriorated performance on previously-seen images. It employs a probabilistic mask to control the neural network's kernel activation and extract",2021,Proceedings of the AAAI Conference on Artificial Intelligence,Ervine Zheng; Qi Yu; Rui Li; Pengcheng Shi; Anne R. Haake,10.1609/aaai.v35i7.16752,,https://doi.org/10.1609/aaai.v35i7.16752,openalex,energy based model robot learning,concept,ebm,,17,continual learning,2026-06-12T18:26:24Z,14.645,15.645
doi:10.1109/sii58957.2024.10417267,Interactively Robot Action Planning with Uncertainty Analysis and Active Questioning by Large Language Model,,2024,2024 IEEE/SICE International Symposium on System Integration (SII),Kazuki Hori; Kanata Suzuki; Tetsuya Ogata,10.1109/sii58957.2024.10417267,,https://doi.org/10.1109/sii58957.2024.10417267,crossref,adaptive world action model robot,concept,wam,,11,world action model; adaptive world action model,2026-06-12T14:45:03Z,14.642,15.642
doi:10.1109/cvpr52733.2024.01547,Evidential Active Recognition: Intelligent and Prudent Open-World Embodied Perception,,2024,2024 IEEE/CVF Conference on Computer Vision and Pattern Recognition (CVPR),Lei Fan; Mingfu Liang; Yunxuan Li; Gang Hua; Ying Wu,10.1109/cvpr52733.2024.01547,,https://doi.org/10.1109/cvpr52733.2024.01547,crossref,Gaussian splatting robot perception embodied agent,concept,architecture_x_embodiment,,11,Gaussian splatting robot perception; embodied agent,2026-06-12T15:07:36Z,14.642,14.642
doi:10.1016/j.image.2024.117244,Transformer-based multiview spatiotemporal feature interactive fusion for human action recognition in depth videos,,2025,Signal Processing: Image Communication,Hanbo Wu; Xin Ma; Yibin Li,10.1016/j.image.2024.117244,,https://doi.org/10.1016/j.image.2024.117244,crossref,action transformer,concept,architecture,,7,action transformer,2026-06-12T14:45:03Z,14.640,14.640
doi:10.1109/lra.2022.3152975,Active Visuo-Haptic Object Shape Completion,,2022,IEEE Robotics and Automation Letters,Lukas Rustler; Jens Lundell; Jan Kristof Behrens; Ville Kyrki; Matej Hoffmann,10.1109/lra.2022.3152975,,https://doi.org/10.1109/lra.2022.3152975,crossref,object centric robot world model,concept,object_centric,,25,robot world model,2026-06-12T15:07:36Z,14.629,14.629
doi:10.1007/978-3-031-21090-7_23,Active Uncertainty Reduction for Human-Robot Interaction: An Implicit Dual Control Approach,,2022,Springer proceedings in advanced robotics,Haimin Hu; Jaime F. Fisac,10.1007/978-3-031-21090-7_23,,https://doi.org/10.1007/978-3-031-21090-7_23,openalex,robotics,concept,openalex_bulk_robotics,,22,human robot interaction,2026-06-12T18:57:17Z,14.618,15.618
doi:10.1016/j.rcim.2022.102345,A two-step machining and active learning approach for right-first-time robotic countersinking through in-process error compensation and prediction of depth of cuts,,2022,Robotics and Computer-Integrated Manufacturing,Mateo Leco; Thomas McLeay; Visakan Kadirkamanathan,10.1016/j.rcim.2022.102345,,https://doi.org/10.1016/j.rcim.2022.102345,crossref,robotics,concept,crossref_bulk_robotics,,24,,2026-06-12T19:29:26Z,14.609,14.609
doi:10.1109/icorr66766.2025.11063053,Egocentric Perception of Walking Environments Using an Interactive Vision-Language System,,2025,2025 International Conference On Rehabilitation Robotics (ICORR),Haining Tan; Alex Mihailidis; Brokoslaw Laschowski,10.1109/icorr66766.2025.11063053,,https://doi.org/10.1109/icorr66766.2025.11063053,crossref,vision language action model limitation robotics,hostile,failure,,,vision language action model; limitation,2026-06-12T14:45:03Z,14.600,19.600
doi:10.1109/rcar65431.2025.11139480,RoboFlamingo-Plus: Fusion of Depth and RGB Perception with Vision-Language Models for Enhanced Robotic Manipulation,,2025,2025 IEEE International Conference on Real-time Computing and Robotics (RCAR),Xiaojian Li; Sheng Wang; Chao Chen; Hailong Wei; Yudong Shi; Hangjie Mo,10.1109/rcar65431.2025.11139480,,https://doi.org/10.1109/rcar65431.2025.11139480,crossref,vision language action model limitation robotics,hostile,failure,,,vision language action model; limitation,2026-06-12T15:07:36Z,14.600,19.600
doi:10.1109/lra.2024.3387139,State Estimation and Belief Space Planning Under Epistemic Uncertainty for Learning-Based Perception Systems,,2024,IEEE Robotics and Automation Letters,Keiko Nagami; Mac Schwager,10.1109/lra.2024.3387139,,https://doi.org/10.1109/lra.2024.3387139,crossref,Gaussian splatting robot perception,concept,architecture,,10,Gaussian splatting robot perception; state estimation,2026-06-12T15:07:36Z,14.599,15.599
doi:10.1177/20416695231159182,An interactive motion perception tool for kindergarteners (and vision scientists),"We implement Adelson and Bergen's spatiotemporal energy model with extension to three-dimensional (x–y–t) in an interactive tool. It helps gain an easy understanding of early (first-order) visual motion perception. We demonstrate its usefulness in explaining an assortment of phenomena, including some that are typically not associated with the spatiotemporal energy model.",2023,i-Perception,Aravind Battaje; Oliver Brock; Martin Rolfs,10.1177/20416695231159182,,https://doi.org/10.1177/20416695231159182,crossref,Gaussian splatting robot perception tool use robotics,concept,architecture_x_embodiment,,3,Gaussian splatting robot perception; tool use robotics,2026-06-12T15:07:36Z,14.593,14.593
doi:10.1109/lra.2021.3062602,An Adaptive Framework for Learning Unsupervised Depth Completion,,2021,IEEE Robotics and Automation Letters,Alex Wong; Xiaohan Fei; Byung-Woo Hong; Stefano Soatto,10.1109/lra.2021.3062602,,https://doi.org/10.1109/lra.2021.3062602,crossref,robotics,concept,crossref_bulk_robotics,,35,,2026-06-12T19:29:26Z,14.592,14.592
doi:10.1007/978-0-387-75523-6_2,Extracting Planar Kinematic Models Using Interactive Perception,,2008,Lecture Notes in Electrical Engineering Unifying Perspectives in Computational and Robot Vision,Dov Katz; Oliver Brock,10.1007/978-0-387-75523-6_2,,https://doi.org/10.1007/978-0-387-75523-6_2,crossref,Gaussian splatting robot perception,concept,architecture,,6,Gaussian splatting robot perception; active perception; interactive perception,2026-06-12T15:07:36Z,14.573,14.573
doi:10.1109/icra.2018.8461164,Active Clothing Material Perception Using Tactile Sensing and Deep Learning,,2018,2018 IEEE International Conference on Robotics and Automation (ICRA),Wenzhen Yuan; Yuchen Mo; Shaoxiong Wang; Edward H. Adelson,10.1109/icra.2018.8461164,,https://doi.org/10.1109/icra.2018.8461164,crossref,tactile language action robotics,concept,tactile,,114,,2026-06-12T15:07:36Z,14.572,14.572
doi:10.3389/fnhum.2014.00825,Uncertainty in perception and the Hierarchical Gaussian Filter,,2014,Frontiers in Human Neuroscience,Christoph D. Mathys; Ekaterina I. Lomakina; Jean Daunizeau; Sandra Iglesias; Kay H. Brodersen; Karl J. Friston; Klaas E. Stephan,10.3389/fnhum.2014.00825,,https://doi.org/10.3389/fnhum.2014.00825,crossref,Gaussian splatting robot perception,concept,architecture,,378,Gaussian splatting robot perception,2026-06-12T15:07:36Z,14.569,15.569
doi:10.1007/s11432-024-4550-8,Uncertainty-aware large language model response length perception,,2025,Science China Information Sciences,Bin Shi; Bo Dong; Qinghua Zheng,10.1007/s11432-024-4550-8,,https://doi.org/10.1007/s11432-024-4550-8,crossref,large language model limitation robot planning,anti_myopia,anti_thesis,,1,limitation; large language model limitation robot planning,2026-06-12T15:07:36Z,14.547,19.547
doi:10.1109/iros55552.2023.10342067,Panoptic Mapping with Fruit Completion and Pose Estimation for Horticultural Robots,"Monitoring plants and fruits at high resolution play a key role in the future of agriculture. Accurate 3D information can pave the way to a diverse number of robotic applications in agriculture ranging from autonomous harvesting to precise yield estimation. Obtaining such 3D information is non-trivial as agricultural environments are often repetitive and cluttered, and one has to account for the partial observability of fruit and plants. In this paper, we address the problem of jointly estimating complete 3D shapes of fruit and their pose in a 3D multi-resolution map built by a mobile robot. To this end, we propose an online multi-resolution panoptic mapping system where regions of interest are represented with a higher resolution. We exploit data to learn a general fruit shape representation that we use at inference time together with an occlusion-aware differentiable rendering pipeline",2023,,Yue Pan; Federico Magistri; Thomas Läbe; Elias Marks; Claus Smitt; Chris McCool; Jens Behley; Cyrill Stachniss,10.1109/iros55552.2023.10342067,,https://doi.org/10.1109/iros55552.2023.10342067,openalex,robotics,concept,openalex_bulk_robotics,,23,partial observability; occlusion,2026-06-12T18:57:17Z,14.539,14.539
doi:10.1109/tmrb.2021.3097132,Satisfying Task Completion and Assist-as-Needed Performance in Robotic Exoskeletons,"Assist-as-needed (AAN) control approaches aim to minimize the intervention of robots in robot-aided rehabilitation therapy when patients are able to perform the task. The existing approaches generally contain a forgiving controller which fails to satisfactorily complete the task when patients stay passive or apply resistive/opposing forces. Task completion in such situations is important since it efficiently trains and guides users on how to perform the exercise during active participation. In this study, we have developed an AAN control scheme that provides significant freedom to users when they can perform the exercise while it provides sufficient support for the precise completion of the task when users are not able to do so. These features have been achieved by modulating the impedance of the robot and designing the controller in the velocity domain. A new velocity tracking controlle",2021,IEEE Transactions on Medical Robotics and Bionics,Hamed Jabbari Asl; Kota Katagiri; Tatsuo Narikiyo; Masashi Yamashita; Michihiro Kawanishi,10.1109/tmrb.2021.3097132,,https://doi.org/10.1109/tmrb.2021.3097132,openalex,robotics,concept,openalex_bulk_robotics,,25,,2026-06-12T18:57:17Z,14.529,14.529
doi:10.1016/j.jmsy.2014.04.004,Depth camera based collision avoidance via active robot control,,2014,Journal of Manufacturing Systems,Bernard Schmidt; Lihui Wang,10.1016/j.jmsy.2014.04.004,,https://doi.org/10.1016/j.jmsy.2014.04.004,crossref,hybrid systems robot control manipulation,anti_myopia,control,,104,hybrid systems,2026-06-12T15:07:36Z,14.527,17.527
doi:10.1080/01691864.2021.1928548,The realisation of an avatar-symbiotic society where everyone can perform active roles without constraint,,2021,Advanced Robotics,Hiroshi Ishiguro,10.1080/01691864.2021.1928548,,https://doi.org/10.1080/01691864.2021.1928548,crossref,robotics,concept,crossref_bulk_robotics,,29,,2026-06-12T19:29:26Z,14.501,14.501
arxiv:2603.01765v4,Efficient Test-Time Optimization for Depth Completion via Low-Rank Decoder Adaptation,"Zero-shot depth completion has gained attention for its ability to generalize across environments without sensor-specific datasets or retraining. However, most existing approaches rely on diffusion-based test-time optimization, which is computationally expensive due to iterative denoising. Recent visual-prompt-based methods reduce training cost but still require repeated forward--backward passes through the full frozen network to optimize input-level prompts, resulting in slow inference. In this work, we show that adapting only the decoder is sufficient for effective test-time optimization, as depth foundation models concentrate depth-relevant information within a low-dimensional decoder subspace. Based on this insight, we propose a lightweight test-time adaptation method that updates only this low-dimensional subspace using sparse depth supervision. Our approach achieves state-of-the-ar",2026,arXiv,Minseok Seo; Wonjun Lee; Jaehyuk Jang; Changick Kim,,2603.01765v4,http://arxiv.org/abs/2603.01765v4,arxiv,test time adaptation robot policy,concept,adaptation,,,test time adaptation,2026-06-12T14:45:03Z,14.500,14.500
arxiv:2603.04329v1,Gaussian Mixture-Based Inverse Perception Contract for Uncertainty-Aware Robot Navigation,"Reliable navigation in cluttered environments requires perception outputs that are not only accurate but also equipped with uncertainty sets suitable for safe control. An inverse perception contract (IPC) provides such a connection by mapping perceptual estimates to sets that contain the ground truth with high confidence. Existing IPC formulations, however, instantiate uncertainty as a single ellipsoidal set and rely on deterministic trust scores to guide robot motion. Such a representation cannot capture the multi-modal and irregular structure of fine-grained perception errors, often resulting in over-conservative sets and degraded navigation performance. In this work, we introduce Gaussian Mixture-based Inverse Perception Contract (GM-IPC), which extends IPC to represent uncertainty with unions of ellipsoidal confidence sets derived from Gaussian mixture models. This design moves beyon",2026,arXiv,Bingyao Du; Joonkyung Kim; Yiwei Lyu,,2603.04329v1,http://arxiv.org/abs/2603.04329v1,arxiv,Gaussian splatting robot perception,concept,architecture,,,Gaussian splatting robot perception,2026-06-12T14:45:03Z,14.500,15.500
arxiv:2511.14533v1,A Neuro-Symbolic Framework for Reasoning under Perceptual Uncertainty: Bridging Continuous Perception and Discrete Symbolic Planning,"Bridging continuous perceptual signals and discrete symbolic reasoning is a fundamental challenge in AI systems that must operate under uncertainty. We present a neuro-symbolic framework that explicitly models and propagates uncertainty from perception to planning, providing a principled connection between these two abstraction levels. Our approach couples a transformer-based perceptual front-end with graph neural network (GNN) relational reasoning to extract probabilistic symbolic states from visual observations, and an uncertainty-aware symbolic planner that actively gathers information when confidence is low. We demonstrate the framework's effectiveness on tabletop robotic manipulation as a concrete application: the translator processes 10,047 PyBullet-generated scenes (3--10 objects) and outputs probabilistic predicates with calibrated confidences (overall F1=0.68). When embedded in ",2025,arXiv,Jiahao Wu; Shengwen Yu,,2511.14533v1,http://arxiv.org/abs/2511.14533v1,arxiv,neuro symbolic robot planning,concept,architecture,,,neuro symbolic robot planning; benchmark,2026-06-12T14:45:03Z,14.500,16.500
arxiv:2510.01607v1,ActiveUMI: Robotic Manipulation with Active Perception from Robot-Free Human Demonstrations,"We present ActiveUMI, a framework for a data collection system that transfers in-the-wild human demonstrations to robots capable of complex bimanual manipulation. ActiveUMI couples a portable VR teleoperation kit with sensorized controllers that mirror the robot's end-effectors, bridging human-robot kinematics via precise pose alignment. To ensure mobility and data quality, we introduce several key techniques, including immersive 3D model rendering, a self-contained wearable computer, and efficient calibration methods. ActiveUMI's defining feature is its capture of active, egocentric perception. By recording an operator's deliberate head movements via a head-mounted display, our system learns the crucial link between visual attention and manipulation. We evaluate ActiveUMI on six challenging bimanual tasks. Policies trained exclusively on ActiveUMI data achieve an average success rate of",2025,arXiv,Qiyuan Zeng; Chengmeng Li; Jude St. John; Zhongyi Zhou; Junjie Wen; Guorui Feng; Yichen Zhu; Yi Xu,,2510.01607v1,http://arxiv.org/abs/2510.01607v1,arxiv,Gaussian splatting robot perception bimanual manipulation,concept,architecture_x_embodiment,,,Gaussian splatting robot perception; bimanual manipulation; active perception; human demonstration; teleoperation; generalization,2026-06-12T15:07:36Z,14.500,15.500
arxiv:2601.08325v1,ActiveVLA: Injecting Active Perception into Vision-Language-Action Models for Precise 3D Robotic Manipulation,"Recent advances in robot manipulation have leveraged pre-trained vision-language models (VLMs) and explored integrating 3D spatial signals into these models for effective action prediction, giving rise to the promising vision-language-action (VLA) paradigm. However, most existing approaches overlook the importance of active perception: they typically rely on static, wrist-mounted cameras that provide an end-effector-centric viewpoint. As a result, these models are unable to adaptively select optimal viewpoints or resolutions during task execution, which significantly limits their performance in long-horizon tasks and fine-grained manipulation scenarios. To address these limitations, we propose ActiveVLA, a novel vision-language-action framework that empowers robots with active perception capabilities for high-precision, fine-grained manipulation. ActiveVLA adopts a coarse-to-fine paradig",2026,arXiv,Zhenyang Liu; Yongchong Gu; Yikai Wang; Xiangyang Xue; Yanwei Fu,,2601.08325v1,http://arxiv.org/abs/2601.08325v1,arxiv,Gaussian splatting robot perception contact rich manipulation,concept,architecture_x_embodiment,,,vision language action model; Gaussian splatting robot perception; robot manipulation; contact rich manipulation; active perception; limitation; benchmark; occlusion; long horizon,2026-06-12T15:07:36Z,14.500,16.500
doi:10.1609/aaai.v39i4.32379,FatesGS: Fast and Accurate Sparse-View Surface Reconstruction Using Gaussian Splatting with Depth-Feature Consistency,"Recently, Gaussian Splatting has sparked a new trend in the field of computer vision. Apart from novel view synthesis, it has also been extended to the area of multi-view reconstruction. The latest methods facilitate complete, detailed surface reconstruction while ensuring fast training speed. However, these methods still require dense input views, and their output quality significantly degrades with sparse views. We observed that the Gaussian primitives tend to overfit the few training views, leading to noisy floaters and incomplete reconstruction surfaces. In this paper, we present an innovative sparse-view reconstruction framework that leverages intra-view depth and multi-view feature consistency to achieve remarkably accurate surface reconstruction. Specifically, we utilize monocular depth ranking information to supervise the consistency of depth distribution within patches and emplo",2025,Proceedings of the AAAI Conference on Artificial Intelligence,Han Huang; Yulun Wu; Chao Deng; Ge Gao; Ming Gu; Yu-Shen Liu,10.1609/aaai.v39i4.32379,,https://doi.org/10.1609/aaai.v39i4.32379,crossref,Gaussian splatting robot perception,concept,architecture,,10,Gaussian splatting robot perception,2026-06-12T15:07:36Z,14.499,14.499
doi:10.1109/lra.2024.3455893,ResiVis: A Holistic Underwater Motion Planning Approach for Robust Active Perception Under Uncertainties,,2024,IEEE Robotics and Automation Letters,Marios Xanthidis; Martin Skaldebø; Bent Haugaløkken; Linn Evjemo; Kostas Alexis; Eleni Kelasidi,10.1109/lra.2024.3455893,,https://doi.org/10.1109/lra.2024.3455893,crossref,Gaussian splatting robot perception,concept,architecture,,8,Gaussian splatting robot perception; active perception; motion planning,2026-06-12T15:07:36Z,14.499,15.499
doi:10.1016/j.solener.2025.113353,Solar irradiance separation with deep learning: An interpretable multi-task and physically constrained model based on individual–interactive features,,2025,Solar Energy,Mengmeng Song; Dazhi Yang; Bai Liu; Disong Fu; Hongrong Shi; Xiang’ao Xia; Martin János Mayer,10.1016/j.solener.2025.113353,,https://doi.org/10.1016/j.solener.2025.113353,crossref,energy based model robot learning,concept,ebm,,5,,2026-06-12T15:07:36Z,14.496,14.496
doi:10.1109/robio.2016.7866470,Interactive perception based on Gaussian Process classification for house-hold objects recognition & sorting,,2016,2016 IEEE International Conference on Robotics and Biomimetics (ROBIO),Aamir Khan; Li Sun; Gerardo Aragon-Camarasa; J. Paul Siebert,10.1109/robio.2016.7866470,,https://doi.org/10.1109/robio.2016.7866470,crossref,Gaussian splatting robot perception,concept,architecture,,3,Gaussian splatting robot perception; active perception; interactive perception,2026-06-12T15:07:36Z,14.493,14.493
doi:10.1145/3643458,Human Understanding and Perception of Unanticipated Robot Action in the Context of Physical Interaction,"Anticipating a future scenario where the robot initiates its own actions and behaves voluntarily when collaborating with humans, our research focuses on human understanding and perception of unanticipated robot actions during physical human-robot interaction. While the current literature searches for key factors that make the human-robot collaboration successful, the question of how people experience the robot’s unanticipated action as cooperative or uncooperative seems to remain open. We designed a game-based experiment (N = 35) where the participant played a “catch-falling-coins” game by moving a robotic arm. Our experiment introduced unanticipated robot actions in an “active session” where the robot targeted higher-valued coins without first informing the participants. Through semi-structured interviews and statistical analysis of questionnaires (Big Five Personality Test, SAM, NARS a",2024,ACM Transactions on Human-Robot Interaction,Naoko Abe; Yue Hu; Mehdi Benallegue; Natsuki Yamanobe; Gentiane Venture; Eiichi Yoshida,10.1145/3643458,,https://doi.org/10.1145/3643458,crossref,adaptive world action model robot,concept,wam,,7,world action model; adaptive world action model; human robot interaction,2026-06-12T15:07:36Z,14.490,14.490
doi:10.1016/j.visres.2020.11.009,A unified model for binocular fusion and depth perception,,2021,Vision Research,Jian Ding; Dennis M. Levi,10.1016/j.visres.2020.11.009,,https://doi.org/10.1016/j.visres.2020.11.009,crossref,vision language action model,concept,architecture,,28,vision language action model,2026-06-12T15:07:36Z,14.484,14.484
doi:10.1177/1059712303114001,The Dynamics of Active Categorical Perception in an Evolved Model Agent,"Notions of embodiment, situatedness, and dynamics are increasingly being debated in cognitive sci ence. However, these debates are often carried out in the absence of concrete examples. In order to build intuition, this paper explores a model agent to illustrate how the perspective and tools of dynam ical systems theory can be applied to the analysis of situated, embodied agents capable of minimally cognitive behavior. Specifically, we study a model agent whose “nervous system” was evolved using a genetic algorithm to catch circular objects and to avoid diamond-shaped ones. After characterizing the performance, behavioral strategy and psychophysics of the best-evolved agent, its dynamics are analyzed in some detail at three different levels: (1) the entire coupled brain/body/environment sys tem; (2) the interaction between agent and environment that generates the observed coupled dynam i",2003,Adaptive Behavior,Randall D. Beer,10.1177/1059712303114001,,https://doi.org/10.1177/1059712303114001,crossref,adaptive world action model,concept,architecture,,318,world action model; adaptive world action model; embodied agent,2026-06-12T15:07:36Z,14.483,14.483
doi:10.15607/rss.2023.xix.086,Bridging Active Exploration and Uncertainty-Aware Deployment Using Probabilistic Ensemble Neural Network Dynamics,,2023,Robotics: Science and Systems XIX,Taekyung Kim; Jungwi Mun; Junwon Seo; Beomsu Kim; Seongil Hong,10.15607/rss.2023.xix.086,,https://doi.org/10.15607/rss.2023.xix.086,crossref,latent dynamics model robotics,concept,architecture,,12,latent dynamics model robotics; deployment,2026-06-12T15:07:36Z,14.482,16.482
doi:10.1002/rcs.1657,An effective visualization technique for depth perception in augmented reality‐based surgical navigation,"Abstract Background Depth perception is a major issue in augmented reality (AR)‐based surgical navigation. We propose an AR and virtual reality (VR) switchable visualization system with distance information, and evaluate its performance in a surgical navigation set‐up. Methods To improve depth perception, seamless switching from AR to VR was implemented. In addition, the minimum distance between the tip of the surgical tool and the nearest organ was provided in real time. To evaluate the proposed techniques, five physicians and 20 non‐medical volunteers participated in experiments. Results Targeting error, time taken, and numbers of collisions were measured in simulation experiments. There was a statistically significant difference between a simple AR technique and the proposed technique. Conclusions We confirmed that depth perception in AR could be improved by the proposed seamless swit",2016,The International Journal of Medical Robotics and Computer Assisted Surgery,Hyunseok Choi; Byunghyun Cho; Ken Masamune; Makoto Hashizume; Jaesung Hong,10.1002/rcs.1657,,https://doi.org/10.1002/rcs.1657,crossref,robotics,concept,crossref_bulk_robotics,,51,,2026-06-12T19:29:26Z,14.476,14.476
doi:10.3390/robotics7010004,"An Improved Indoor Robot Human-Following Navigation Model Using Depth Camera, Active IR Marker and Proximity Sensors Fusion","Creating a navigation system for autonomous companion robots has always been a difficult process, which must contend with a dynamically changing environment, which is populated by a myriad of obstructions and an unspecific number of people, other than the intended person, to follow. This study documents the implementation of an indoor autonomous robot navigation model, based on multi-sensor fusion, using Microsoft Robotics Developer Studio 4 (MRDS). The model relies on a depth camera, a limited array of proximity sensors and an active IR marker tracking system. This allows the robot to lock onto the correct target for human-following, while approximating the best starting direction to begin maneuvering around obstacles for minimum required motion. The system is implemented according to a navigation algorithm that transforms the data from all three types of sensors into tendency arrays an",2018,Robotics,Mark Tee Kit Tsun; Bee Theng Lau; Hudyjaya Siswoyo Jo,10.3390/robotics7010004,,https://doi.org/10.3390/robotics7010004,crossref,world action model robotics,concept,wam,,22,world action model; benchmark,2026-06-12T15:07:36Z,14.468,15.468
doi:10.1017/jfm.2026.11193,Conditional flow matching for generative modelling of near-wall turbulence with quantified uncertainty,"Reconstructing near-wall turbulence from wall-based measurements is a critical yet inherently ill-posed problem in wall-bounded flows, where limited sensing and spatially heterogeneous flow–wall coupling challenge deterministic estimation strategies. To address this, we introduce a novel generative modelling framework based on conditional flow matching for synthesising instantaneous velocity fluctuation fields from wall observations, with explicit quantification of predictive uncertainty. Our method integrates continuous-time flow matching with a probabilistic forward operator trained using stochastic weight-averaging Gaussian, enabling zero-shot conditional generation without model re-training. We demonstrate that the proposed approach not only recovers physically realistic, statistically consistent turbulence structures across the near-wall region but also effectively adapts to various",2026,Journal of Fluid Mechanics,Meet Hemant Parikh; Xiantao Fan; Jian-Xun Wang,10.1017/jfm.2026.11193,,https://doi.org/10.1017/jfm.2026.11193,crossref,flow matching policy,concept,architecture,,4,flow matching policy,2026-06-12T15:07:36Z,14.455,15.455
arxiv:2504.01861v1,Corner-Grasp: Multi-Action Grasp Detection and Active Gripper Adaptation for Grasping in Cluttered Environments,"Robotic grasping is an essential capability, playing a critical role in enabling robots to physically interact with their surroundings. Despite extensive research, challenges remain due to the diverse shapes and properties of target objects, inaccuracies in sensing, and potential collisions with the environment. In this work, we propose a method for effectively grasping in cluttered bin-picking environments where these challenges intersect. We utilize a multi-functional gripper that combines both suction and finger grasping to handle a wide range of objects. We also present an active gripper adaptation strategy to minimize collisions between the gripper hardware and the surrounding environment by actively leveraging the reciprocating suction cup and reconfigurable finger motion. To fully utilize the gripper's capabilities, we built a neural network that detects suction and finger grasp p",2025,arXiv,Yeong Gwang Son; Seunghwan Um; Juyong Hong; Tat Hieu Bui; Hyouk Ryeol Choi,,2504.01861v1,http://arxiv.org/abs/2504.01861v1,arxiv,analytical grasping,anti_myopia,anti_thesis,,,analytical grasping,2026-06-12T15:07:36Z,14.450,17.450
doi:10.1109/tsmc.2025.3628946,PCF-Grasp: Converting Point Completion to Geometry Feature to Enhance 6-DoF Grasp,"The 6-Degree of Freedom (DoF) grasp method based on point clouds has shown significant potential in enabling robots to grasp target objects. However, most existing methods are based on the point clouds (2.5D points) generated from single-view depth images. These point clouds only have one surface side of the object providing incomplete geometry information, which mislead the grasping algorithm to judge the shape of the target object, resulting in low grasping accuracy. Humans can accurately grasp objects from a single view by leveraging their geometry experience to estimate object shapes. Inspired by humans, we propose a novel 6-DoF grasping framework that converts the point completion results as object shape features to train the 6-DoF grasp network. Here, point completion can generate approximate complete points from the 2.5D points similar to the human geometry experience, and convert",2025,arXiv,Yaofeng Cheng; Fusheng Zha; Wei Guo; Pengfei Wang; Chao Zeng; Lining Sun; Chenguang Yang,10.1109/tsmc.2025.3628946,2504.16320v2,http://arxiv.org/abs/2504.16320v2,arxiv,analytical grasping,anti_myopia,anti_thesis,,,analytical grasping,2026-06-12T15:07:36Z,14.450,17.450
doi:10.1109/icdl-epirob48136.2020.9278105,End-to-End Pixel-Based Deep Active Inference for Body Perception and Action,,2020,2020 Joint IEEE 10th International Conference on Development and Learning and Epigenetic Robotics (ICDL-EpiRob),Cansu Sancaktar; Marcel A. J. van Gerven; Pablo Lanillos,10.1109/icdl-epirob48136.2020.9278105,,https://doi.org/10.1109/icdl-epirob48136.2020.9278105,crossref,action transformer robotics,concept,transformers,,39,action transformer,2026-06-12T15:07:36Z,14.444,14.444
doi:10.1109/icra57147.2024.10610997,ActFormer: Scalable Collaborative Perception via Active Queries,,2024,2024 IEEE International Conference on Robotics and Automation (ICRA),Suozhi Huang; Juexiao Zhang; Yiming Li; Chen Feng,10.1109/icra57147.2024.10610997,,https://doi.org/10.1109/icra57147.2024.10610997,crossref,robotics,concept,crossref_bulk_robotics,,7,,2026-06-12T19:29:26Z,14.440,14.440
doi:10.1109/lra.2019.2932570,Active Perception Based Formation Control for Multiple Aerial Vehicles,,2019,IEEE Robotics and Automation Letters,Rahul Tallamraju; Eric Price; Roman Ludwig; Kamalakar Karlapalem; Heinrich H. Bulthoff; Michael J. Black; Aamir Ahmad,10.1109/lra.2019.2932570,,https://doi.org/10.1109/lra.2019.2932570,crossref,Gaussian splatting robot perception,concept,architecture,,57,Gaussian splatting robot perception; active perception,2026-06-12T15:07:36Z,14.430,14.430
doi:10.1109/lra.2021.3096741,Direct Near-Infrared-Depth Visual SLAM With Active Lighting,,2021,IEEE Robotics and Automation Letters,Da Kong; Yu Zhang; Weichen Dai,10.1109/lra.2021.3096741,,https://doi.org/10.1109/lra.2021.3096741,crossref,robotics,concept,crossref_bulk_robotics,,25,SLAM,2026-06-12T19:29:26Z,14.429,14.429
doi:10.48550/arxiv.2210.04137,Few-Shot Continual Active Learning by a Robot,"In this paper, we consider a challenging but realistic continual learning (CL) problem, Few-Shot Continual Active Learning (FoCAL), where a CL agent is provided with unlabeled data for a new or a previously learned task in each increment and the agent only has limited labeling budget available. Towards this, we build on the continual learning and active learning literature and develop a framework that can allow a CL agent to continually learn new object classes from a few labeled training examples. Our framework represents each object class using a uniform Gaussian mixture model (GMM) and uses pseudo-rehearsal to mitigate catastrophic forgetting. The framework also uses uncertainty measures on the Gaussian representations of the previously learned classes to find the most informative samples to be labeled in an increment. We evaluate our approach on the CORe-50 dataset and on a real huma",2022,arXiv (Cornell University),Ali Ayub; Carter Fendley,10.48550/arxiv.2210.04137,,https://doi.org/10.48550/arxiv.2210.04137,openalex,robotics,concept,openalex_bulk_robotics,,13,humanoid robot; continual learning,2026-06-12T18:57:17Z,14.420,15.420
doi:10.1109/aero47225.2020.9172808,Autonomous UAV Navigation for Active Perception of Targets in Uncertain and Cluttered Environments,"The use of Small Unmanned Aerial Vehicles (sUAVs) has grown exponentially owing to an increasing number of autonomous capabilities. Automated functions include the return to home at critical energy levels, collision avoidance, take-off and landing, and target tracking. However, sUAVs applications in real-world and time-critical scenarios, such as Search and Rescue (SAR) is still limited. In SAR applications, the overarching aim of autonomous sUAV navigation is the quick localisation, identification and quantification of victims to prioritise emergency response in affected zones. Traditionally, sUAV pilots are exposed to prolonged use of visual systems to interact with the environment, which causes fatigue and sensory overloads. Nevertheless, the search for victims onboard a sUAV is challenging because of noise in the data, low image resolution, illumination conditions, and partial (or fu",2020,,Juan Sandino; Fernando Vanegas; Felipé Gonzalez; Frédéric Maire,10.1109/aero47225.2020.9172808,,https://doi.org/10.1109/aero47225.2020.9172808,openalex,energy based model robot learning,concept,ebm,,33,active perception; occlusion,2026-06-12T18:26:24Z,14.413,15.413
doi:10.1109/hri61500.2025.10974001,"Enabling Safe, Active and Interactive Human-Robot Collaboration via Smooth Distance Fields",,2025,2025 20th ACM/IEEE International Conference on Human-Robot Interaction (HRI),Usama Ali; Fouad Sukkar; Adrian Mueller; Lan Wu; Cedric Le Gentil; Tobias Kaupp; Teresa Vidal Calleja,10.1109/hri61500.2025.10974001,,https://doi.org/10.1109/hri61500.2025.10974001,crossref,interactive robot learning human feedback,concept,hri,,4,,2026-06-12T15:07:36Z,14.405,14.405
doi:10.1145/3366194.3366300,The interactive ability design of artificial intelligence based on the attention allocation mechanism of interactive perception,,2019,"Proceedings of the 2019 International Conference on Robotics, Intelligent Control and Artificial Intelligence",He Xuejiao,10.1145/3366194.3366300,,https://doi.org/10.1145/3366194.3366300,crossref,robotics,concept,crossref_bulk_robotics,,,active perception; interactive perception,2026-06-12T19:29:26Z,14.400,14.400
doi:10.1109/lra.2022.3231827,CPA-Planner: Motion Planner With Complete Perception Awareness for Sensing- Limited Quadrotors,,2023,IEEE Robotics and Automation Letters,Qiuyu Yu; Chao Qin; Lingkun Luo; Hugh H.-T. Liu; Shiqiang Hu,10.1109/lra.2022.3231827,,https://doi.org/10.1109/lra.2022.3231827,crossref,Gaussian splatting robot perception,concept,architecture,,10,Gaussian splatting robot perception,2026-06-12T15:07:36Z,14.399,14.399
doi:10.1109/icra48891.2023.10160619,Learning Depth Completion of Transparent Objects using Augmented Unpaired Data,,2023,2023 IEEE International Conference on Robotics and Automation (ICRA),Floris Erich; Bruno Leme; Noriaki Ando; Ryo Hanai; Yukiyasu Domae,10.1109/icra48891.2023.10160619,,https://doi.org/10.1109/icra48891.2023.10160619,crossref,robotics,concept,crossref_bulk_robotics,,10,,2026-06-12T19:29:26Z,14.399,14.399
doi:10.1007/s10846-025-02275-8,Efficient Multi-robot Active SLAM,"Abstract Autonomous exploration in unknown environments remains a fundamental challenge in robotics, particularly for applications such as search and rescue, industrial inspection, and planetary exploration. Multi-robot active SLAM presents a promising solution by enabling collaborative mapping and exploration while actively reducing uncertainty. However, existing approaches often suffer from high computational costs and inefficient frontier management, making them computationally expensive for real-time applications. In this paper, we introduce an efficient multi-robot active SLAM framework that incorporates a frontier-sharing strategy to enhance robot distribution in unexplored environments. Our approach integrates a utility function that considers both pose graph uncertainty and path entropy, achieving an optimal balance between exploration coverage and computational efficiency. By fi",2025,Journal of Intelligent & Robotic Systems,Muhammad Farhan Ahmed; Matteo Maragliano; Vincent Frémont; Carmine Tommaso Recchiuto,10.1007/s10846-025-02275-8,,https://doi.org/10.1007/s10846-025-02275-8,crossref,Gaussian splatting robot perception multi robot system,concept,architecture_x_embodiment,,8,Gaussian splatting robot perception; multi robot system; SLAM,2026-06-12T15:07:36Z,14.399,15.399
doi:10.24059/olj.v22i2.1369,"Exploring Best Practices for Online STEM Courses: Active Learning, Interaction & Assessment Design","The purpose of this study was to examine effective design practices for online courses in the science, technology, engineering, and mathematics (STEM) fields at a large four-year public university in southeastern United States. Our research questions addressed the influence of online design practices on students’ perception of learning and learning satisfaction. An online survey was completed by 537 students from 15 online STEM courses in spring 2016. The survey results indicated that effective online STEM courses integrated active learning activities, interactive engagement strategies, and robust assessments. In particular, assessment design significantly impacted students’ self-perceived learning and learning satisfaction for students of all populations. The findings inform instructors and instructional designers on how to design effective, inclusive, and engaging online STEM curriculu",2018,Online Learning,Baiyun Chen; Kathleen Bastedo; Wendy Howard,10.24059/olj.v22i2.1369,,https://doi.org/10.24059/olj.v22i2.1369,crossref,online adaptation robot learning,concept,adaptation,,71,online adaptation,2026-06-12T15:07:36Z,14.388,14.388
doi:10.3390/e19060266,Model-Based Approaches to Active Perception and Control,"There is an on-going debate in cognitive (neuro) science and philosophy between classical cognitive theory and embodied, embedded, extended, and enactive (“4-Es”) views of cognition—a family of theories that emphasize the role of the body in cognition and the importance of brain-body-environment interaction over and above internal representation. This debate touches foundational issues, such as whether the brain internally represents the external environment, and “infers” or “computes” something. Here we focus on two (4-Es-based) criticisms to traditional cognitive theories—to the notions of passive perception and of serial information processing—and discuss alternative ways to address them, by appealing to frameworks that use, or do not use, notions of internal modelling and inference. Our analysis illustrates that: an explicitly inferential framework can capture some key aspects of emb",2017,Entropy,Giovanni Pezzulo; Francesco Donnarumma; Pierpaolo Iodice; Domenico Maisto; Ivilin Peev Stoianov,10.3390/e19060266,,https://doi.org/10.3390/e19060266,openalex,energy based model robot learning,concept,ebm,,51,active perception,2026-06-12T18:05:07Z,14.376,15.376
doi:10.1109/icra57147.2024.10610274,What Matters for Active Texture Recognition With Vision-Based Tactile Sensors,,2024,2024 IEEE International Conference on Robotics and Automation (ICRA),Alina Böhm; Tim Schneider; Boris Belousov; Alap Kshirsagar; Lisa Lin; Katja Doerschner; Knut Drewing; Constantin A. Rothkopf; Jan Peters,10.1109/icra57147.2024.10610274,,https://doi.org/10.1109/icra57147.2024.10610274,crossref,tactile language action robotics,concept,tactile,,6,,2026-06-12T15:07:36Z,14.373,14.373
doi:10.1109/icra57147.2024.10611380,Perceptual Factors for Environmental Modeling in Robotic Active Perception,,2024,2024 IEEE International Conference on Robotics and Automation (ICRA),David Morilla-Cabello; Jonas Westheider; Marija Popović; Eduardo Montijano,10.1109/icra57147.2024.10611380,,https://doi.org/10.1109/icra57147.2024.10611380,crossref,robotics,concept,crossref_bulk_robotics,,6,active perception,2026-06-12T19:29:26Z,14.373,14.373
doi:10.1109/icra48506.2021.9560831,SelfDeco: Self-Supervised Monocular Depth Completion in Challenging Indoor Environments,,2021,2021 IEEE International Conference on Robotics and Automation (ICRA),Jaehoon Choi; Dongki Jung; Yonghan Lee; Deokhwa Kim; Dinesh Manocha; Donghwan Lee,10.1109/icra48506.2021.9560831,,https://doi.org/10.1109/icra48506.2021.9560831,crossref,robotics,concept,crossref_bulk_robotics,,22,,2026-06-12T19:29:26Z,14.368,14.368
doi:10.3389/frobt.2018.00021,The Active Inference Approach to Ecological Perception: General Information Dynamics for Natural and Artificial Embodied Cognition,,2018,Frontiers in Robotics and AI,Adam Linson; Andy Clark; Subramanian Ramamoorthy; Karl Friston,10.3389/frobt.2018.00021,,https://doi.org/10.3389/frobt.2018.00021,crossref,Gaussian splatting robot perception,concept,architecture,,74,Gaussian splatting robot perception,2026-06-12T15:07:36Z,14.359,14.359
doi:10.1016/j.compchemeng.2019.05.012,Model predictive control with active learning for stochastic systems with structural model uncertainty: Online model discrimination,,2019,Computers & Chemical Engineering,Tor Aksel N. Heirung; Tito L.M. Santos; Ali Mesbah,10.1016/j.compchemeng.2019.05.012,,https://doi.org/10.1016/j.compchemeng.2019.05.012,crossref,model predictive control robot learning,anti_myopia,control,,14,model predictive control,2026-06-12T15:07:36Z,14.354,19.354
title:uncertainty guided inference time depth adaptation for transformer based visual tracking,Uncertainty-Guided Inference-Time Depth Adaptation for Transformer-Based Visual Tracking,"Transformer-based single-object trackers achieve state-of-the-art accuracy but rely on fixed-depth inference, executing the full encoder--decoder stack for every frame regardless of visual complexity, thereby incurring unnecessary computational cost in long video sequences dominated by temporally coherent frames. We propose UncL-STARK, an architecture-preserving approach that enables dynamic, uncertainty-aware depth adaptation in transformer-based trackers without modifying the underlying network or adding auxiliary heads. The model is fine-tuned to retain predictive robustness at multiple intermediate depths using random-depth training with knowledge distillation, thus enabling safe inference-time truncation. At runtime, we derive a lightweight uncertainty estimate directly from the model's corner localization heatmaps and use it in a feedback-driven policy that selects the encoder and ",2026,arXiv (Cornell University),Patrick Poggi; Divake Kumar; Theja Tulabandhula; Amit Ranjan Trivedi,,,https://openalex.org/W7130617505,openalex,energy based transformer robot policy,concept,ebm_transformer,,,energy based transformer robot policy; robustness; latency,2026-06-12T18:05:07Z,14.350,16.350
doi:10.3389/frobt.2024.1281060,Active learning strategies for robotic tactile texture recognition tasks,"Accurate texture classification empowers robots to improve their perception and comprehension of the environment, enabling informed decision-making and appropriate responses to diverse materials and surfaces. Still, there are challenges for texture classification regarding the vast amount of time series data generated from robots’ sensors. For instance, robots are anticipated to leverage human feedback during interactions with the environment, particularly in cases of misclassification or uncertainty. With the diversity of objects and textures in daily activities, Active Learning (AL) can be employed to minimize the number of samples the robot needs to request from humans, streamlining the learning process. In the present work, we use AL to select the most informative samples for annotation, thus reducing the human labeling effort required to achieve high performance for classifying text",2024,Frontiers in Robotics and AI,Shemonto Das; Vinicius Prado da Fonseca; Amilcar Soares,10.3389/frobt.2024.1281060,,https://doi.org/10.3389/frobt.2024.1281060,crossref,tactile language action robotics,concept,tactile,,5,,2026-06-12T15:07:36Z,14.346,15.346
doi:10.1007/s44223-025-00085-4,Enhanced interactive AR bricklaying: elevating human–robot collaboration in augmented reality assisted masonry design and construction,"Abstract Enhanced interactive AR bricklaying aims to combine human intelligence with robotic precision, enhancing creativity while addressing the inherent situation that the conventional robotic construction process are not well adapted to uncertainty. In conventional interactive brick-laying workflows, the design and construction phases are separate. Augmented Reality (AR) assists humans in completing parametric form designs, after which robots precisely execute the bricklaying process. However, this method demonstrates a low level of human–robot interaction, failing to fully harness the potential of AR in enhancing interactivity. This study first conducts a comparative experiment to evaluate a more interactive workflow, where design and construction phases alternate, against the conventional workflow. It examines the impact, limitations, and potential of human involvement in a linear r",2025,Architectural Intelligence,Weichen Zhang; Pierpaolo Ruttico,10.1007/s44223-025-00085-4,,https://doi.org/10.1007/s44223-025-00085-4,crossref,retrieval augmented robot policy,concept,architecture,,3,retrieval augmented robot policy; human robot interaction; limitation,2026-06-12T15:07:36Z,14.343,16.343
doi:10.3390/app11031070,"Abel: Integrating Humanoid Body, Emotions, and Time Perception to Investigate Social Interaction and Human Cognition","Humanoids have been created for assisting or replacing humans in many applications, providing encouraging results in contexts where social and emotional interaction is required, such as healthcare, education, and therapy. Bioinspiration, that has often guided the design of their bodies and minds, made them also become excellent research tools, probably the best platform by which we can model, test, and understand the human mind and behavior. Driven by the aim of creating a believable robot for interactive applications, as well as a research platform for investigating human cognition and emotion, we are constructing a new humanoid social robot: Abel. In this paper, we discussed three of the fundamental principles that motivated the design of Abel and its cognitive and emotional system: hyper-realistic humanoid aesthetics, human-inspired emotion processing, and human-like perception of tim",2021,Applied Sciences,Lorenzo Cominelli; Gustav Hoegen; Danilo De Rossi,10.3390/app11031070,,https://doi.org/10.3390/app11031070,crossref,whole body manipulation humanoid,concept,humanoid,,18,,2026-06-12T15:07:36Z,14.322,14.322
doi:10.1109/lra.2021.3140062,Mobile Robot Localization Considering Uncertainty of Depth Regression From Camera Images,,2022,IEEE Robotics and Automation Letters,Naoki Akai,10.1109/lra.2021.3140062,,https://doi.org/10.1109/lra.2021.3140062,crossref,EBM transformer robotics surgical robot,concept,architecture_x_embodiment,,13,EBM transformer robotics; surgical robot,2026-06-12T15:07:36Z,14.320,15.320
doi:10.2139/ssrn.6795459,Gaussian Splatting Confidence Supervision for SPN-based Depth Completion,"Depth completion aims to recover dense depth maps from sparse depth measurements and synchronized RGB images. Existing methods commonly employ Spatial Propagation Networks (SPNs) to refine coarse depth predictions through learned affinities and confidence weights. However, while affinity estimation has been extensively studied, the confidence used in spatial propagation is usually predicted without dense and explicit supervision, which may cause unreliable depth hypotheses to be over-confidently propagated. To address this problem, we propose Gaussian Splatting Confidence Supervision (GSCS), a training-time confidence supervision framework for SPN-based depth completion. Specifically, GSCS constructs a feed-forward monocular 3D Gaussian representation from the predicted depth and confidence, and introduces a confidence–opacity coupling mechanism that links the reliability of intermediate",,,HaiPeng Guo; Junbao Li; Huanyu Liu,10.2139/ssrn.6795459,,https://doi.org/10.2139/ssrn.6795459,crossref,Gaussian splatting robot perception,concept,architecture,,,Gaussian splatting robot perception; benchmark,2026-06-12T14:45:03Z,14.300,15.300
doi:10.2139/ssrn.6174379,Monocular Gaussian Splatting SLAM with Foundation Model Depth Priors and Explicit Depth Uncertainty Modeling,"Monocular SLAM suffers from scale ambiguity and depth uncertainty, leading to geometric distortions. We propose a monocular Gaussian splatting SLAM framework that integrates metric depth priors from a foundation model with explicit depth uncertainty modeling. Depth Anything V2 provides frozen depth priors, the Gaussian rasterizer outputs expected and mode depth to define zero-cost uncertainty, and an adaptive depth loss down-weights supervision in uncertain regions. Experiments on TUM RGB-D show a 67% reduction in mean absolute trajectory error and a 1.9 dB PSNR gain, maintaining real-time performance above 20 FPS.",,,Da Qi; Liling Wang; Haibao Wang; Weilong Chang,10.2139/ssrn.6174379,,https://doi.org/10.2139/ssrn.6174379,crossref,Gaussian splatting robot perception,concept,architecture,,,Gaussian splatting robot perception; SLAM,2026-06-12T14:45:03Z,14.300,15.300
doi:10.20919/azbk3827/43,"Chapter: Active Learning Online: Exploring Challenges and Misconceptions to Offer Strategies for Active, Interactive and Social Online Learning","This chapter explores the opportunities and challenges of developing active, online learning. In recent years, the demand for online learning has increased; however, it often fails to live up to its full potential as an active, interactive and social experience. Teachers often struggle to apply their classroom practice effectively as online learning environments offer different affordances, opportunities and challenges than physical on-campus learning environments.",2026,Making Active Learning Happen for All,Joanne Elliott; Thomas Hinks; Jorge Freire; Johnny Lee; Chie Adachi,10.20919/azbk3827/43,,https://doi.org/10.20919/azbk3827/43,crossref,online adaptation robot learning,concept,adaptation,,,online adaptation,2026-06-12T15:07:36Z,14.300,14.300
doi:10.1002/mde.70076,Perception of Economic Policy Uncertainty and Corporate Leverage Manipulation: Microlevel Evidence From Listed Firms in China,"ABSTRACT Leverage manipulation refers to firms' discretionary adjustments of reported leverage to influence financing conditions. Using data from A‐share listed companies in China from 2010 to 2023, this study employs text mining techniques to extract relevant textual content from corporate annual reports and construct firms' perception of economic policy uncertainty (FEPU), examining its impact on corporate leverage manipulation. We find that firms significantly increase their leverage manipulation in response to heightened FEPU. Mechanism analyses suggest that firms' debt service burden positively moderates the relationship between FEPU and leverage manipulation. Further heterogeneity analyses reveal stronger effects for state‐owned enterprises, firms with weaker internal controls, those experiencing greater financing constraints, firms in highly competitive industries, and companies l",2026,Managerial and Decision Economics,Wang Chan; Wei Xin; Nie Puyan,10.1002/mde.70076,,https://doi.org/10.1002/mde.70076,crossref,diffusion policy robot manipulation,concept,diffusion,,,diffusion policy; robot manipulation,2026-06-12T15:07:36Z,14.300,15.300
doi:10.3390/act15040209,Hierarchical Active Perception and Stability Control for Multi-Robot Collaborative Search in Unknown Environments,"Multi-robot systems (MRS) have attracted a lot of attention from researchers due to their widespread application in various environments. However, in multi-robot collaborative search tasks, two problems often arise: sparse rewards for capturing targets and control oscillations. To address these issues, this paper proposes the hierarchical active perception multi-agent deep deterministic policy gradient (HAP-MADDPG) framework. This framework guides robots to efficiently explore maps and discover targets through global utility planning based on global exploration rate and local information aggregation based on local exploration rate. A stability control mechanism, which includes hysteresis logic and reward decay, is introduced to suppress control oscillations. Experimental results show that the HAP-MADDPG framework achieves a success rate of 96.25% and an average search time of 216.3 steps",2026,Actuators,Zeyu Xu; Kai Xue; Ping Wang; Decheng Kong,10.3390/act15040209,,https://doi.org/10.3390/act15040209,crossref,Gaussian splatting robot perception,concept,architecture,,,Gaussian splatting robot perception; multi robot system; active perception; hysteresis,2026-06-12T15:07:36Z,14.300,14.300
doi:10.1007/s10846-026-02393-x,Active Perception for Grapevine Information Acquisition Using Information-Theoretic Viewpoint Selection,"Abstract Accurate acquisition of grapevine morphological information is a critical prerequisite for autonomous robotic pruning, yet remains challenging due to complex geometry, severe self-occlusion, and partial observability. Existing grapevine perception systems largely rely on passive sensing strategies and fixed acquisition trajectories, which often result in incomplete or uncertain reconstructions. This paper presents an information-theoretic active perception framework for robotic grapevine morphological reconstruction, in which camera viewpoints are selected to maximise expected information gain with respect to a probabilistic belief over vine structure. Grapevine morphology is modelled as a hybrid discrete–continuous state capturing both the existence of structural elements and their geometric attributes. An RGB-D perception pipeline is developed to detect vine components, infer ",2026,Journal of Intelligent & Robotic Systems,Shen Hin Lim; Joshua Lenin; Mike Duke; Benjamin Mcguinness; Chi Kit Au,10.1007/s10846-026-02393-x,,https://doi.org/10.1007/s10846-026-02393-x,crossref,Gaussian splatting robot perception,concept,architecture,,,Gaussian splatting robot perception; active perception; partial observability; occlusion,2026-06-12T15:07:36Z,14.300,14.300
doi:10.31234/osf.io/swe5v,It matters to me if you are human: Categorical perception in human and nonhuman agent spectra,"Humanlike but not perfectly human agents frequently evoke feelings of eeriness, a phenomenon termed the Uncanny Valley (UV). The Categorical Perception Hypothesis proposes that effects associated with the UV are due to uncertainty as to whether to categorize agents falling into the valley as “human” or “nonhuman”. However, since UV studies have traditionally looked at agents of varying human-likeness, it remains unclear whether UV-related effects are due to categorical uncertainty in general or are specifically evoked by categorizations that require decisions regarding an agent’s human-likeness. Here, we used mouse tracking to determine whether agent spectra with (i.e., robot-human) and without (i.e., robot-animal and robot-stuffed animal) a human endpoint cause phenomena related to categorical perception to comparable extents. Specifically, we compared human and nonhuman agent spectra w",,,Eva Wiese; Patrick P. Weis,10.31234/osf.io/swe5v,,https://doi.org/10.31234/osf.io/swe5v,crossref,Gaussian splatting robot perception embodied agent,concept,architecture_x_embodiment,,,Gaussian splatting robot perception; embodied agent,2026-06-12T15:07:36Z,14.300,15.300
doi:10.3390/robotics15040078,Dual-Arm Robotic Textile Unfolding with Depth-Corrected Perception and Fold Resolution,"Reliable textile recycling requires automated unfolding to expose hidden hard components such as zippers, buttons, and metal fasteners, which otherwise risk damaging machinery and compromising downstream processes. This paper presents the design and implementation of an automated textile unfolding system based on a dual-arm robotic manipulation framework. The system uses two Interbotix WidowX 250s 6-DoF robotic arms and an Intel RealSense L515 LiDAR camera for visual perception. The unfolding process consists of three stages: initial dual-arm stretching to reduce major folds, refinement through a second stretch targeting the lower region, and a machine-learning stage that employs a YOLOv11 framework trained on depth-encoded textile images, followed by a depth-gradient-based estimator for fold direction. The system applies an extremity-based grasping strategy that selects leftmost and rig",2026,Robotics,Tilla Egerhei Båserud; Joakim Johansen; Ajit Jha; Ilya Tyapin,10.3390/robotics15040078,,https://doi.org/10.3390/robotics15040078,crossref,robotics,concept,crossref_bulk_robotics,,,,2026-06-12T19:29:26Z,14.300,14.300
doi:10.1109/thms.2023.3308614,Human–Machine Interactive Learning Method Based on Active Learning for Smart Workshop Dynamic Scheduling,,2023,IEEE Transactions on Human-Machine Systems,Dongyuan Wang; Liuen Guan; Juan Liu; Chen Ding; Fei Qiao,10.1109/thms.2023.3308614,,https://doi.org/10.1109/thms.2023.3308614,crossref,interactive robot learning human feedback,concept,hri,,8,,2026-06-12T15:07:36Z,14.299,14.299
doi:10.1109/icra48891.2023.10160455,Learning Continuous Control Policies for Information-Theoretic Active Perception,,2023,2023 IEEE International Conference on Robotics and Automation (ICRA),Pengzhi Yang; Yuhan Liu; Shumon Koga; Arash Asgharivaskasi; Nikolay Atanasov,10.1109/icra48891.2023.10160455,,https://doi.org/10.1109/icra48891.2023.10160455,crossref,robotics,concept,crossref_bulk_robotics,,8,active perception,2026-06-12T19:29:26Z,14.299,14.299
doi:10.1145/3610978.3640679,"Meet or Call my Robotic Tutor? - The Effect of a Physically vs. Virtually Present Social Robot on Learning Outcomes, Engagement and Perception",,2024,Companion of the 2024 ACM/IEEE International Conference on Human-Robot Interaction,Melissa Donnermann; Pauline Heinzmann; Birgit Lugrin,10.1145/3610978.3640679,,https://doi.org/10.1145/3610978.3640679,crossref,learning robot manipulation from human video,concept,human_data,,5,robot manipulation,2026-06-12T15:07:36Z,14.296,14.296
doi:10.23919/acc60939.2024.10645027,Active Perception using Neural Radiance Fields,,2024,2024 American Control Conference (ACC),H. Siming; Christopher D. Hsu; Dexter Ong; Yifei Simon Shao; Pratik Chaudhari,10.23919/acc60939.2024.10645027,,https://doi.org/10.23919/acc60939.2024.10645027,crossref,neural radiance field robotics,concept,architecture,,5,neural radiance field robotics; active perception,2026-06-12T15:07:36Z,14.296,14.296
doi:10.1016/j.visres.2020.09.007,Persistent grasping errors produce depth cue reweighting in perception,,2021,Vision Research,Evan Cesanek; Jordan A. Taylor; Fulvio Domini,10.1016/j.visres.2020.09.007,,https://doi.org/10.1016/j.visres.2020.09.007,crossref,analytical grasping,anti_myopia,anti_thesis,,5,analytical grasping,2026-06-12T15:07:36Z,14.296,17.296
doi:10.1109/iccv51701.2025.00567,ETA: Energy-Based Test-Time Adaptation for Depth Completion,,2025,2025 IEEE/CVF International Conference on Computer Vision (ICCV),Younjoon Chung; Hyoungseob Park; Patrick Rim; Xiaoran Zhang; Jihe He; Ziyao Zeng; Safa Cicek; Byung-Woo Hong; James S. Duncan; Alex Wong,10.1109/iccv51701.2025.00567,,https://doi.org/10.1109/iccv51701.2025.00567,crossref,test time adaptation robot policy,concept,adaptation,,3,test time adaptation,2026-06-12T15:07:36Z,14.293,14.293
doi:10.1109/marss65887.2025.11072739,A Dataset and Benchmarks for Deep Learning-Based Optical Microrobot Pose and Depth Perception,,2025,"2025 International Conference on Manipulation, Automation and Robotics at Small Scales (MARSS)",Lan Wei; Dandan Zhang,10.1109/marss65887.2025.11072739,,https://doi.org/10.1109/marss65887.2025.11072739,crossref,contact rich manipulation learning,concept,contact,,3,contact rich manipulation; benchmark,2026-06-12T15:07:36Z,14.293,15.293
doi:10.1109/lra.2022.3143218,Motor-Level N-MPC for Cooperative Active Perception With Multiple Heterogeneous UAVs,,2022,IEEE Robotics and Automation Letters,Martin Jacquet; Max Kivits; Hemjyoti Das; Antonio Franchi,10.1109/lra.2022.3143218,,https://doi.org/10.1109/lra.2022.3143218,crossref,Gaussian splatting robot perception,concept,architecture,,12,Gaussian splatting robot perception; active perception,2026-06-12T15:07:36Z,14.282,14.282
doi:10.1109/robot.2007.363898,Adaptive Vision based Tracking Control of Robots with Uncertainty in Depth Information,"In this paper, a vision based tracking controller with adaptation to uncertainty in depth information is presented. Depth uncertainty plays a special role in visual tracking as it appears nonlinearly in the overall Jacobian matrix and hence cannot be adapted together with other uncertain kinematic parameters. We propose a novel parameter update law to update the uncertain parameters of the depth. It is proved that system stability can be guaranteed for the visual tracking task in presence of uncertainties in depth information, robot kinematics and dynamics. Simulation results are presented to illustrate the performance of the proposed controller.",2007,Proceedings - IEEE International Conference on Robotics and Automation/Proceedings,Chien Chern Cheah; Chao Liu; J.-J.E. Slotine,10.1109/robot.2007.363898,,https://doi.org/10.1109/robot.2007.363898,openalex,robotics,concept,openalex_bulk_robotics,,46,,2026-06-12T18:57:17Z,14.275,15.275
doi:10.1109/tro.2018.2808902,On the Importance of Uncertainty Representation in Active SLAM,,2018,IEEE Transactions on Robotics,Maria L. Rodriguez-Arevalo; Jose Neira; Jose A. Castellanos,10.1109/tro.2018.2808902,,https://doi.org/10.1109/tro.2018.2808902,crossref,robotics,concept,crossref_bulk_robotics,,60,SLAM,2026-06-12T19:29:26Z,14.255,15.255
doi:10.1088/1757-899x/1292/1/012007,Embodied Active Tactile Perception,"Abstract Tactile perception plays an important role in an agent safely interacting with the environment while acquiring information about it. Bio-inspired robotics opens up possibilities for a new paradigm leveraging the morphology of the body, which filters the tactile information in physical interactions and enables investigations of new designs for embodied active tactile perception. The subjects of morphology embodied active perception and motor embodied active perception is defined and discussed in this chapter. In the scope of morphology embodied active perception, sensor optimization and sensor adaptation are further defined to describe the change of sensor morphology in the design phase and the interacting phase, respectively. More specifically, the concept of online and offline sensor adjustment is presented. Sensor optimization is solely considered in the offline process for op",2023,IOP Conference Series: Materials Science and Engineering,Liang He; Perla Maiolino,10.1088/1757-899x/1292/1/012007,,https://doi.org/10.1088/1757-899x/1292/1/012007,crossref,Gaussian splatting robot perception embodied agent,concept,architecture_x_embodiment,,1,Gaussian splatting robot perception; embodied agent; tactile perception; active perception,2026-06-12T15:07:36Z,14.247,14.247
doi:10.1177/0278364918772024,Active sensing for motion planning in uncertain environments via mutual information policies,"This paper addresses path planning with real-time reaction to environmental uncertainty. The environment is represented as a robotic roadmap, or graph, and is uncertain in that the edges of the graph are unknown to the robot a priori. Instead, the robot’s prior information consists of a distribution over candidate edge sets, modeling the likelihood of certain obstacles in the environment. The robot can locally sense the environment, and at a vertex, can determine the presence or absence of some subset of edges. Within this model, the reactive planning problem provides the robot with a start location and a goal location and asks it to compute a policy that minimizes the expected travel and observation cost. In contrast to computing paths that maximize the probability of success, we focus on complete policies (i.e., policies that are guaranteed to navigate the robot to the goal or determin",2019,The International Journal of Robotics Research,Ryan A MacDonald; Stephen L Smith,10.1177/0278364918772024,,https://doi.org/10.1177/0278364918772024,crossref,task and motion planning robotics,anti_myopia,classic,,21,motion planning; task and motion planning,2026-06-12T15:07:36Z,14.246,19.246
doi:10.1109/lra.2021.3095269,Uncertainty-Aware Self-Supervised Learning of Spatial Perception Tasks,,2021,IEEE Robotics and Automation Letters,Mirko Nava; Antonio Paolillo; Jerome Guzzi; Luca Maria Gambardella; Alessandro Giusti,10.1109/lra.2021.3095269,,https://doi.org/10.1109/lra.2021.3095269,crossref,Gaussian splatting robot perception,concept,architecture,,17,Gaussian splatting robot perception; self supervised learning,2026-06-12T15:07:36Z,14.245,15.245
doi:10.1007/s10514-019-09836-5,Multi-modal active perception for information gathering in science missions,,2019,Autonomous Robots,Akash Arora; P. Michael Furlong; Robert Fitch; Salah Sukkarieh; Terrence Fong,10.1007/s10514-019-09836-5,,https://doi.org/10.1007/s10514-019-09836-5,crossref,Gaussian splatting robot perception,concept,architecture,,39,Gaussian splatting robot perception; active perception,2026-06-12T15:07:36Z,14.244,14.244
doi:10.1109/lra.2019.2895826,Real-Time Wide-Baseline Place Recognition Using Depth Completion,,2019,IEEE Robotics and Automation Letters,Fabiola Maffra; Lucas Teixeira; Zetao Chen; Margarita Chli,10.1109/lra.2019.2895826,,https://doi.org/10.1109/lra.2019.2895826,crossref,robotics,concept,crossref_bulk_robotics,,39,,2026-06-12T19:29:26Z,14.244,14.244
doi:10.1109/lra.2023.3300282,Multi-Hypothesis Tracking in a Graph-Based World Model for Knowledge-Driven Active Perception,,2023,IEEE Robotics and Automation Letters,Jordy Senden; Kevin Hollands; David Rapado-Rincon; Akshay Kumar Burusa; Bas Herremans; Herman Bruyninckx; René van de Molengraft,10.1109/lra.2023.3300282,,https://doi.org/10.1109/lra.2023.3300282,crossref,world action model robotics,concept,wam,,7,world action model; active perception,2026-06-12T15:07:36Z,14.240,14.240
doi:10.1109/jsyst.2023.3317328,An Active Strategy for Safe Human–Robot Interaction Based on Visual–Tactile Perception,,2023,IEEE Systems Journal,Caiyue Xu; Yanmin Zhou; Bin He; Zhipeng Wang; Changming Zhang; Hongrui Sang; Hao Liu,10.1109/jsyst.2023.3317328,,https://doi.org/10.1109/jsyst.2023.3317328,crossref,Gaussian splatting robot perception,concept,architecture,,7,Gaussian splatting robot perception; tactile perception; human robot interaction,2026-06-12T15:07:36Z,14.240,14.240
