uid,title,abstract,year,venue,authors,doi,arxiv_id,url,source,query,query_role,family,advisor_seed,citation_count,matched_terms,retrieved_at,relevance_score,hostile_score
doi:10.48550/arxiv.1908.01238,Learning Guided Convolutional Network for Depth Completion,"Dense depth perception is critical for autonomous driving and other robotics applications. However, modern LiDAR sensors only provide sparse depth measurement. It is thus necessary to complete the sparse LiDAR data, where a synchronized guidance RGB image is often used to facilitate this completion. Many neural networks have been designed for this task. However, they often na\""ıvely fuse the LiDAR data and RGB image information by performing feature concatenation or element-wise addition. Inspired by the guided image filtering, we design a novel guided network to predict kernel weights from the guidance image. These predicted kernels are then applied to extract the depth image features. In this way, our network generates content-dependent and spatially-variant kernels for multi-modal feature fusion. Dynamically generated spatially-variant kernels could lead to prohibitive GPU memory cons",2019,arXiv (Cornell University),Jie Tang; Fei-Peng Tian; Wei Feng; Jian Li; Ping Tan,10.48550/arxiv.1908.01238,,https://doi.org/10.48550/arxiv.1908.01238,openalex,energy based model robot learning,concept,ebm,,26,benchmark; generalization,2026-06-12T18:26:24Z,21.848,23.848
arxiv:2504.01957v2,Toward Real-world BEV Perception: Depth Uncertainty Estimation via Gaussian Splatting,"Bird's-eye view (BEV) perception has gained significant attention because it provides a unified representation to fuse multiple view images and enables a wide range of down-stream autonomous driving tasks, such as forecasting and planning. Recent state-of-the-art models utilize projection-based methods which formulate BEV perception as query learning to bypass explicit depth estimation. While we observe promising advancements in this paradigm, they still fall short of real-world applications because of the lack of uncertainty modeling and expensive computational requirement. In this work, we introduce GaussianLSS, a novel uncertainty-aware BEV perception framework that revisits unprojection-based methods, specifically the Lift-Splat-Shoot (LSS) paradigm, and enhances them with depth un-certainty modeling. GaussianLSS represents spatial dispersion by learning a soft depth mean and computi",2025,arXiv,Shu-Wei Lu; Yi-Hsuan Tsai; Yi-Ting Chen,,2504.01957v2,http://arxiv.org/abs/2504.01957v2,arxiv,Gaussian splatting robot perception,concept,architecture,,,Gaussian splatting robot perception,2026-06-12T14:45:03Z,19.850,21.850
doi:10.1109/cvpr52734.2025.01596,Toward Real-world BEV Perception: Depth Uncertainty Estimation via Gaussian Splatting,,2025,2025 IEEE/CVF Conference on Computer Vision and Pattern Recognition (CVPR),Shu-Wei Lu; Yi-Hsuan Tsai; Yi-Ting Chen,10.1109/cvpr52734.2025.01596,,https://doi.org/10.1109/cvpr52734.2025.01596,crossref,Gaussian splatting robot perception,concept,architecture,,5,Gaussian splatting robot perception,2026-06-12T14:45:03Z,19.496,21.496
doi:10.1109/jsen.2024.3488495,"TRIDENT: Efficient Triple-Task Learning of Dehazing, Depth, and Uncertainty Estimation for Underwater 3-D Robot Visual Perception",,2025,IEEE Sensors Journal,Geonmo Yang; Younggun Cho,10.1109/jsen.2024.3488495,,https://doi.org/10.1109/jsen.2024.3488495,crossref,Gaussian splatting robot perception,concept,architecture,,4,Gaussian splatting robot perception,2026-06-12T15:07:36Z,19.405,20.405
doi:10.1109/icra.2019.8793610,A Real-Time Interactive Augmented Reality Depth Estimation Technique for Surgical Robotics,"Augmented reality (AR) is a promising technology where the surgeon can see the medical abnormality in the context of the patient. It makes the anatomy of interest visible to the surgeon which otherwise is not visible. It can result in better surgical precision and therefore, potentially better surgical outcomes and faster recovery times. Despite these benefits, the current AR systems suffer from two major challenges; first, incorrect depth perception and, second, the lack of suitable evaluation systems. Therefore, in the current paper we addressed both of these problems. We proposed a color depth encoding (CDE) technique to estimate the distance between the tumor and the tissue surface using a surgical instrument. We mapped the distance between the tumor and the tissue surface to the blue-red color spectrum. For evaluation and interaction with our AR technique, we propose to use a virtua",2019,,Megha Kalia; Nassir Navab; Tim Salcudean,10.1109/icra.2019.8793610,,https://doi.org/10.1109/icra.2019.8793610,openalex,robotics,concept,openalex_bulk_robotics,,37,surgical robot,2026-06-12T18:57:17Z,19.319,20.319
doi:10.1109/jas.2022.105674,Multi-Joint Active Collision Avoidance for Robot Based on Depth Visual Perception,,2022,IEEE/CAA Journal of Automatica Sinica,Hui Li; Xingfang Wang; Xiao Huang; Yifan Ma; Zhihong Jiang,10.1109/jas.2022.105674,,https://doi.org/10.1109/jas.2022.105674,crossref,Gaussian splatting robot perception,concept,architecture,,11,Gaussian splatting robot perception,2026-06-12T15:07:36Z,19.242,19.242
arxiv:2602.01939v3,"Towards Exploratory and Focused Manipulation with Bimanual Active Perception: A New Problem, Benchmark and Strategy","Recently, active vision has reemerged as an important concept for manipulation, since visual occlusion occurs more frequently when main cameras are mounted on the robot heads. We reflect on the visual occlusion issue and identify its essence as the absence of information useful for task completion. Inspired by this, we come up with the more fundamental problem of Exploratory and Focused Manipulation (EFM). The proposed problem is about actively collecting information to complete challenging manipulation tasks that require exploration or focus. As an initial attempt to address this problem, we establish the EFM-10 benchmark that consists of 4 categories of tasks that align with our definition (10 tasks in total). We further come up with a Bimanual Active Perception (BAP) strategy, which leverages one arm to provide active vision and another arm to provide force sensing while manipulating.",2026,arXiv,Yuxin He; Ruihao Zhang; Tianao Shen; Cheng Liu; Qiang Nie,,2602.01939v3,http://arxiv.org/abs/2602.01939v3,arxiv,Gaussian splatting robot perception bimanual manipulation,concept,architecture_x_embodiment,,,Gaussian splatting robot perception; bimanual manipulation; active perception; imitation learning; benchmark; occlusion,2026-06-12T15:07:36Z,19.200,20.200
doi:10.1007/978-3-031-26889-2_16,Bridging Depth Estimation and Completion for Mobile Robots Reliable 3D Perception,,2023,Lecture Notes in Networks and Systems Robot Intelligence Technology and Applications 7,Dimitrios Arapis; Milad Jami; Lazaros Nalpantidis,10.1007/978-3-031-26889-2_16,,https://doi.org/10.1007/978-3-031-26889-2_16,crossref,Gaussian splatting robot perception,concept,architecture,,3,Gaussian splatting robot perception,2026-06-12T15:07:36Z,18.893,18.893
arxiv:2309.16778v1,Coupled Active Perception and Manipulation Planning for a Mobile Manipulator in Precision Agriculture Applications,"A mobile manipulator often finds itself in an application where it needs to take a close-up view before performing a manipulation task. Named this as a coupled active perception and manipulation (CAPM) problem, we model the uncertainty in the perception process and devise a key state/task planning approach that considers reachability conditions as task constraints of both perception and manipulation tasks for the mobile platform. By minimizing the expected energy usage in the body key state planning while satisfying task constraints, our algorithm achieves the best balance between the task success rate and energy usage. We have implemented the algorithm and tested it in both simulation and physical experiments. The results have confirmed that our algorithm has a lower energy consumption compared to a two-stage decoupled approach, while still maintaining a success rate of 100\% for the ta",2023,arXiv,Shuangyu Xie; Chengsong Hu; Di Wang; Joe Johnson; Muthukumar Bagavathiannan; Dezhen Song,,2309.16778v1,http://arxiv.org/abs/2309.16778v1,arxiv,Gaussian splatting robot perception mobile manipulation,concept,architecture_x_embodiment,,,Gaussian splatting robot perception; mobile manipulation; active perception,2026-06-12T15:07:36Z,18.800,19.800
doi:10.1109/mrs60187.2023.10416783,Where Am I Now? Dynamically Finding Optimal Sensor States to Minimize Localization Uncertainty for a Perception-Denied Rover,,2023,2023 International Symposium on Multi-Robot and Multi-Agent Systems (MRS),Troi Williams; Po-Lun Chen; Sparsh Bhogavilli; Vaibhav Sanjay; Pratap Tokekar,10.1109/mrs60187.2023.10416783,,https://doi.org/10.1109/mrs60187.2023.10416783,crossref,Gaussian splatting robot perception,concept,architecture,,2,Gaussian splatting robot perception,2026-06-12T15:07:36Z,18.749,19.749
doi:10.1109/icra.2015.7139655,Active articulation model estimation through interactive perception,,2015,2015 IEEE International Conference on Robotics and Automation (ICRA),Karol Hausman; Scott Niekum; Sarah Osentoski; Gaurav S. Sukhatme,10.1109/icra.2015.7139655,,https://doi.org/10.1109/icra.2015.7139655,crossref,robotics,concept,crossref_bulk_robotics,,56,active perception; interactive perception,2026-06-12T19:29:26Z,18.622,18.622
doi:10.1109/lra.2022.3150045,Active Visuo-Tactile Interactive Robotic Perception for Accurate Object Pose Estimation in Dense Clutter,"This work presents a novel active visuo-tactile based framework for robotic systems to accurately estimate pose of objects in dense cluttered environments. The scene representation is derived using a novel declutter graph (DG) which describes the relationship among objects in the scene for decluttering by leveraging semantic segmentation and grasp affordances networks. The graph formulation allows robots to efficiently declutter the workspace by autonomously selecting the next best object to remove and the optimal action (prehensile or non-prehensile) to perform. Furthermore, we propose a novel translation-invariant Quaternion filter (TIQF) for active vision and active tactile based pose estimation. Both active visual and active tactile points are selected by maximizing the expected information gain. We evaluate our proposed framework on a system with two robots coordinating on randomize",2022,arXiv,Prajval Kumar Murali; Anirvan Dutta; Michael Gentner; Etienne Burdet; Ravinder Dahiya; Mohsen Kaboli,10.1109/lra.2022.3150045,2202.02207v1,http://arxiv.org/abs/2202.02207v1,arxiv,tactile language action robotics,concept,tactile,,,active perception; interactive perception; ablation,2026-06-12T14:45:03Z,18.550,19.550
doi:10.1109/icra.2013.6630996,Active touch for robust perception under position uncertainty,,2013,2013 IEEE International Conference on Robotics and Automation,Nathan F. Lepora; Uriel Martinez-Hernandez; Tony J. Prescott,10.1109/icra.2013.6630996,,https://doi.org/10.1109/icra.2013.6630996,crossref,robotics,concept,crossref_bulk_robotics,,41,,2026-06-12T19:29:26Z,18.469,19.469
doi:10.1007/s10458-014-9279-8,Decision-theoretic planning under uncertainty with information rewards for active cooperative perception,,2015,Autonomous Agents and Multi-Agent Systems,Matthijs T. J. Spaan; Tiago S. Veiga; Pedro U. Lima,10.1007/s10458-014-9279-8,,https://doi.org/10.1007/s10458-014-9279-8,crossref,Gaussian splatting robot perception embodied agent,concept,architecture_x_embodiment,,38,Gaussian splatting robot perception; embodied agent,2026-06-12T15:07:36Z,18.432,19.432
doi:10.1007/978-3-658-45699-3_21,Utilizing sensory uncertainty detection for robot health monitoring and performing active perception adaptation,,2024,Commercial Vehicle Technology 2024,Patrick Wolf; Karsten Berns,10.1007/978-3-658-45699-3_21,,https://doi.org/10.1007/978-3-658-45699-3_21,crossref,online adaptation robot learning,concept,adaptation,,,active perception; online adaptation,2026-06-12T15:07:36Z,18.400,19.400
doi:10.1038/s41598-025-98917-w,Multi-task feature integration and interactive active learning for scene image resizing,"Abstract In the realm of artificial intelligence (AI), recomposing the semantic segments of intricate scenes is pivotal. This study attempts to seamlessly combine multi-channel perceptual visual features for the adaptive retargeting of images characterized by complex spatial configurations. The key of our approach is the formulation of an in-depth hierarchical model dedicated to the precise capture of human gaze dynamics. Utilizing the BING objectness metric, we swiftly and accurately acquire patches within scenes that hold semantic and visual significance by identifying objects and their components across varying scales. Subsequent to this, we introduce a multi-task feature selector for the dynamic integration of multi-channel features across disparate scene patches. To capture human perception in recognizing critical scenic patches, we introduce a strategy known as locality-preserved a",2025,Scientific Reports,Ludan Shi; Xianhua Yan; Sen Wang,10.1038/s41598-025-98917-w,,https://doi.org/10.1038/s41598-025-98917-w,crossref,scene graph robot learning,concept,architecture,,,scene graph robot learning,2026-06-12T15:07:36Z,18.300,18.300
doi:10.3390/s23249700,Visual Sensing and Depth Perception for Welding Robots and Their Industrial Applications,"With the rapid development of vision sensing, artificial intelligence, and robotics technology, one of the challenges we face is installing more advanced vision sensors on welding robots to achieve intelligent welding manufacturing and obtain high-quality welding components. Depth perception is one of the bottlenecks in the development of welding sensors. This review provides an assessment of active and passive sensing methods for depth perception and classifies and elaborates on the depth perception mechanisms based on monocular vision, binocular vision, and multi-view vision. It explores the principles and means of using deep learning for depth perception in robotic welding processes. Further, the application of welding robot visual perception in different industrial scenarios is summarized. Finally, the problems and countermeasures of welding robot visual perception technology are ana",2023,Sensors,Ji Wang; Leijun Li; Peiquan Xu,10.3390/s23249700,,https://doi.org/10.3390/s23249700,openalex,energy based model robot learning,concept,ebm,,30,,2026-06-12T18:05:07Z,18.017,18.017
doi:10.1038/s41598-024-76800-4,Performance of uncertainty-based active learning for efficient approximation of black-box functions in materials science,"Obtaining a fine approximation of a black-box function is important for understanding and evaluating innovative materials. Active learning aims to improve the approximation of black-box functions with fewer training data. In this study, we investigate whether active learning based on uncertainty sampling enables the efficient approximation of black-box functions in regression tasks using various material databases. In cases where the inputs are provided uniformly and defined in a relatively low-dimensional space, the liquidus surfaces of the ternary systems are the focus. The results show that uncertainty-based active learning can produce a better black-box function with higher prediction accuracy than that by random sampling. Furthermore, in cases in which the inputs are distributed discretely and unbalanced in a high-dimensional feature space, datasets extracted from materials database",2024,Scientific Reports,Ai Koizumi; Guillaume Deffrennes; Kei Terayama; Ryo Tamura,10.1038/s41598-024-76800-4,,https://doi.org/10.1038/s41598-024-76800-4,openalex,energy based model robot learning,concept,ebm,,9,,2026-06-12T18:26:24Z,17.651,18.651
doi:10.1126/scirobotics.add5139,Ajna: Generalized deep uncertainty for minimal perception on parsimonious robots,"Robots are active agents that operate in dynamic scenarios with noisy sensors. Predictions based on these noisy sensor measurements often lead to errors and can be unreliable. To this end, roboticists have used fusion methods using multiple observations. Lately, neural networks have dominated the accuracy charts for perception-driven predictions for robotic decision-making and often lack uncertainty metrics associated with the predictions. Here, we present a mathematical formulation to obtain the heteroscedastic aleatoric uncertainty of any arbitrary distribution without prior knowledge about the data. The approach has no prior assumptions about the prediction labels and is agnostic to network architecture. Furthermore, our class of networks, Ajna, adds minimal computation and requires only a small change to the loss function while training neural networks to obtain uncertainty of predic",2023,Science Robotics,Nitin J. Sanket; Chahat Deep Singh; Cornelia Fermüller; Yiannis Aloimonos,10.1126/scirobotics.add5139,,https://doi.org/10.1126/scirobotics.add5139,crossref,Gaussian splatting robot perception,concept,architecture,,12,Gaussian splatting robot perception,2026-06-12T15:07:36Z,17.532,18.532
arxiv:2507.10776v1,rt-RISeg: Real-Time Model-Free Robot Interactive Segmentation for Active Instance-Level Object Understanding,"Successful execution of dexterous robotic manipulation tasks in new environments, such as grasping, depends on the ability to proficiently segment unseen objects from the background and other objects. Previous works in unseen object instance segmentation (UOIS) train models on large-scale datasets, which often leads to overfitting on static visual features. This dependency results in poor generalization performance when confronted with out-of-distribution scenarios. To address this limitation, we rethink the task of UOIS based on the principle that vision is inherently interactive and occurs over time. We propose a novel real-time interactive perception framework, rt-RISeg, that continuously segments unseen objects by robot interactions and analysis of a designed body frame-invariant feature (BFIF). We demonstrate that the relative rotational and linear velocities of randomly sampled bod",2025,arXiv,Howard H. Qian; Yiting Chen; Gaotian Wang; Podshara Chanrungmaneekul; Kaiyu Hang,,2507.10776v1,http://arxiv.org/abs/2507.10776v1,arxiv,vision language action model limitation robotics,hostile,failure,,,vision language action model; active perception; interactive perception; limitation; generalization; out of distribution,2026-06-12T14:45:03Z,17.500,24.500
doi:10.3390/s24072374,Multi-Task Foreground-Aware Network with Depth Completion for Enhanced RGB-D Fusion Object Detection Based on Transformer,"Fusing multiple sensor perceptions, specifically LiDAR and camera, is a prevalent method for target recognition in autonomous driving systems. Traditional object detection algorithms are limited by the sparse nature of LiDAR point clouds, resulting in poor fusion performance, especially for detecting small and distant targets. In this paper, a multi-task parallel neural network based on the Transformer is constructed to simultaneously perform depth completion and object detection. The loss functions are redesigned to reduce environmental noise in depth completion, and a new fusion module is designed to enhance the network's perception of the foreground and background. The network leverages the correlation between RGB pixels for depth completion, completing the LiDAR point cloud and addressing the mismatch between sparse LiDAR features and dense pixel features. Subsequently, we extract de",2024,Sensors,Jiasheng Pan; Songyi Zhong; Tao Yue; Yankun Yin; Yanhao Tang,10.3390/s24072374,,https://doi.org/10.3390/s24072374,openalex,transformer energy based model robotics,concept,ebm_transformer,,6,energy based model robotics,2026-06-12T18:05:07Z,17.473,17.473
doi:10.1177/0278364919848850,Coupled recursive estimation for online interactive perception of articulated objects,"We present online multi-modal perception systems for extracting kinematic and dynamic models of articulated objects from physical interactions with the environment. The systems rely on a RGB-D stream, contact wrenches, and proprioception. The proposed systems share an algorithmic foundation: they are based on an architecture of coupled recursive estimation processes. We present and advocate this architecture as a general, versatile, and robust solution for online interactive perception problems. We validate the architecture in extensive experiments to extract kinematic models interactively, varying the appearance, size, structure, and dynamic properties of objects for different tasks and under different environmental conditions. In addition, we experimentally show that the information acquired by the online perception systems enables robot manipulation of articulated objects. Furthermore",2022,The International Journal of Robotics Research,Roberto Martín-Martín; Oliver Brock,10.1177/0278364919848850,,https://doi.org/10.1177/0278364919848850,crossref,robotics,concept,crossref_bulk_robotics,,25,robot manipulation; proprioception; active perception; interactive perception,2026-06-12T19:29:26Z,17.329,17.329
doi:10.1177/02783649231215371,Active uncertainty reduction for safe and efficient interaction planning: A shielding-aware dual control approach,"The ability to accurately predict others’ behavior is central to the safety and efficiency of robotic systems in interactive settings, such as human–robot interaction and multi-robot teaming tasks. Unfortunately, robots often lack access to key information on which these predictions may hinge, such as other agents’ goals, attention, and willingness to cooperate. Dual control theory addresses this challenge by treating unknown parameters of a predictive model as stochastic hidden states and inferring their values at runtime using information gathered during system operation. While able to optimally and automatically trade off exploration and exploitation, dual control is computationally intractable for general interactive motion planning, mainly due to the fundamental coupling between the robot’s trajectory plan and its prediction of other agents’ intent. In this paper, we present a novel",2024,The International Journal of Robotics Research,Haimin Hu; David Isele; Sangjae Bae; Jaime F Fisac,10.1177/02783649231215371,,https://doi.org/10.1177/02783649231215371,crossref,robotics,concept,crossref_bulk_robotics,,22,model predictive control; motion planning; human robot interaction,2026-06-12T19:29:26Z,17.318,20.318
doi:10.1177/02783649241301443,Shared visuo-tactile interactive perception for robust object pose estimation,"Shared perception between robotic systems significantly enhances their ability to understand and interact with their environment, leading to improved performance and efficiency in various applications. In this work, we present a novel full-fledged framework for robotic systems to interactively share their visuo-tactile perception for the robust pose estimation of novel objects in dense clutter. This is demonstrated with a two-robot team sharing their visuo-tactile scene representation which then declutters the scene using interactive perception and precisely estimates the 6 Degrees-of-Freedom (DoF) pose and 3 DoF scale of a target unknown object. This is achieved with the Stochastic Translation-Invariant Quaternion Filter (S-TIQF), a novel Bayesian filtering method with robust stochastic optimization for estimating the globally optimal pose of a target object. S-TIQF is also deployed to ",2025,The International Journal of Robotics Research,Prajval Kumar Murali; Bernd Porr; Mohsen Kaboli,10.1177/02783649241301443,,https://doi.org/10.1177/02783649241301443,crossref,tactile language action robotics,concept,tactile,,6,tactile perception; active perception; interactive perception; sample efficiency,2026-06-12T14:45:03Z,17.273,17.273
doi:10.48550/arxiv.1906.03022,Active inference body perception and action for humanoid robots,"Providing artificial agents with the same computational models of biological systems is a way to understand how intelligent behaviours may emerge. We present an active inference body perception and action model working for the first time in a humanoid robot. The model relies on the free energy principle proposed for the brain, where both perception and action goal is to minimise the prediction error through gradient descent on the variational free energy bound. The body state (latent variable) is inferred by minimising the difference between the observed (visual and proprioceptive) sensor values and the predicted ones. Simultaneously, the action makes sensory data sampling to better correspond to the prediction made by the inner model. We formalised and implemented the algorithm on the iCub robot and tested in 2D and 3D visual spaces for online adaptation to visual changes, sensory noise",2019,arXiv (Cornell University),Guillermo Oliver; Pablo Lanillos; Gordon Cheng,10.48550/arxiv.1906.03022,,https://doi.org/10.48550/arxiv.1906.03022,openalex,robotics,concept,openalex_bulk_robotics,,29,humanoid robot; online adaptation,2026-06-12T18:57:17Z,17.201,17.201
doi:10.1109/humanoids.2012.6651556,Ground-truth uncertainty model of visual depth perception for humanoid robots,,2012,2012 12th IEEE-RAS International Conference on Humanoid Robots (Humanoids 2012),D. Gonzalez-Aguirre; M. Vollert; T. Asfour; R. Dillmann,10.1109/humanoids.2012.6651556,,https://doi.org/10.1109/humanoids.2012.6651556,crossref,humanoid robot foundation model,concept,humanoid,,2,robot foundation model; humanoid robot,2026-06-12T15:07:36Z,17.149,18.149
doi:10.1109/devlrn.2016.7846798,Self-calibrating active depth perception via motion parallax,,2016,2016 Joint IEEE International Conference on Development and Learning and Epigenetic Robotics (ICDL-EpiRob),Tanapol Prucksakorn; Sungmoon Jeong; Jochen Triesch; Hosun Lee; Nak Young Chong,10.1109/devlrn.2016.7846798,,https://doi.org/10.1109/devlrn.2016.7846798,crossref,robotics,concept,crossref_bulk_robotics,,1,,2026-06-12T19:29:26Z,17.147,17.147
doi:10.3390/s24061919,Enhancing View Synthesis with Depth-Guided Neural Radiance Fields and Improved Depth Completion,"Neural radiance fields (NeRFs) leverage a neural representation to encode scenes, obtaining photorealistic rendering of novel views. However, NeRF has notable limitations. A significant drawback is that it does not capture surface geometry and only renders the object surface colors. Furthermore, the training of NeRF is exceedingly time-consuming. We propose Depth-NeRF as a solution to these issues. Specifically, our approach employs a fast depth completion algorithm to denoise and complete the depth maps generated by RGB-D cameras. These improved depth maps guide the sampling points of NeRF to be distributed closer to the scene’s surface, benefiting from dense depth information. Furthermore, we have optimized the network structure of NeRF and integrated depth information to constrain the optimization process, ensuring that the termination distribution of the ray is consistent with the sc",2024,Sensors,Bojun Wang; Danhong Zhang; Yixin Su; Huajun Zhang,10.3390/s24061919,,https://doi.org/10.3390/s24061919,crossref,neural radiance field robotics,concept,architecture,,3,neural radiance field robotics; limitation,2026-06-12T15:07:36Z,17.143,18.143
doi:10.1002/aic.16180,"Model predictive control with active learning under model uncertainty: Why, when, and how","Optimal control relies on a model, which is generally uncertain because of incomplete knowledge of the system and changes in the dynamics over time. Probing the system under closed‐loop control can reduce the model uncertainty through generating input‐output data that is more informative than the data generated from normal operation. This paper addresses the problem of model predictive control (MPC) with active learning, with a particular focus on how incorporating probing in the control action can reduce model uncertainty. We discuss some of the central theoretical questions in this problem, and demonstrate the potential of active learning for maintaining MPC performance in the presence of uncertainty in model parameters and structure. Simulation results show that active learning is particularly beneficial when a system undergoes abrupt changes (such as the sudden occurrence of a fault)",2018,AIChE Journal,Tor Aksel N. Heirung; Joel A. Paulson; Shinje Lee; Ali Mesbah,10.1002/aic.16180,,https://doi.org/10.1002/aic.16180,crossref,model predictive control robot learning,anti_myopia,control,,12,model predictive control,2026-06-12T15:07:36Z,17.132,23.132
doi:10.48550/arxiv.1304.1098,Occupancy Grids: A Stochastic Spatial Representation for Active Robot Perception,"In this paper we provide an overview of a new framework for robot perception, real-world modelling, and navigation that uses a stochastic tesselated representation of spatial information called the Occupancy Grid. The Occupancy Grid is a multi-dimensional random field model that maintains probabilistic estimates of the occupancy state of each cell in a spatial lattice. Bayesian estimation mechanisms employing stochastic sensor models allow incremental updating of the Occupancy Grid using multi-view, multi-sensor data, composition of multiple maps, decision-making, and incorporation of robot and sensor position uncertainty. We present the underlying stochastic formulation of the Occupancy Grid framework, and discuss its application to a variety of robotic tusks. These include range-based mapping, multi-sensor integration, path-planning and obstacle avoidance, handling of robot position un",2013,arXiv (Cornell University),Alberto Elfes,10.48550/arxiv.1304.1098,,https://doi.org/10.48550/arxiv.1304.1098,openalex,robotics,concept,openalex_bulk_robotics,,221,,2026-06-12T18:57:17Z,17.051,19.051
doi:10.1109/icra.2012.6225245,A depth space approach to human-robot collision avoidance,"In this paper a real-time collision avoidance approach is presented for safe human-robot coexistence. The main contribution is a fast method to evaluate distances between the robot and possibly moving obstacles (including humans), based on the concept of depth space. The distances are used to generate repulsive vectors that are used to control the robot while executing a generic motion task. The repulsive vectors can also take advantage of an estimation of the obstacle velocity. In order to preserve the execution of a Cartesian task with a redundant manipulator, a simple collision avoidance algorithm has been implemented where different reaction behaviors are set up for the end-effector and for other control points along the robot structure. The complete collision avoidance framework, from perception of the environment to joint-level robot control, is presented for a 7-dof KUKA Light-Wei",2012,,Fabrizio Flacco; Torsten Kröger; Alessandro De Luca; Oussama Khatib,10.1109/icra.2012.6225245,,https://doi.org/10.1109/icra.2012.6225245,openalex,robotics,concept,openalex_bulk_robotics,,418,,2026-06-12T18:57:17Z,17.050,17.050
doi:10.3389/fnbot.2019.00053,Active Haptic Perception in Robots: A Review,"In the past few years a new scenario for robot-based applications has emerged. Service and mobile robots have opened new market niches. Also, new frameworks for shop-floor robot applications have been developed. In all these contexts, robots are requested to perform tasks within open-ended conditions, possibly dynamically varying. These new requirements ask also for a change of paradigm in the design of robots: on-line and safe feedback motion control becomes the core of modern robot systems. Future robots will learn autonomously, interact safely and possess qualities like self-maintenance. Attaining these features would have been relatively easy if a complete model of the environment was available, and if the robot actuators could execute motion commands perfectly relative to this model. Unfortunately, a complete world model is not available and robots have to plan and execute the tasks",2019,Frontiers in Neurorobotics,Lucia Seminara; Paolo Gastaldo; Simon J. Watt; Kenneth F. Valyear; Fernando Zuher; Fulvio Mastrogiovanni,10.3389/fnbot.2019.00053,,https://doi.org/10.3389/fnbot.2019.00053,openalex,robotics,concept,openalex_bulk_robotics,,74,,2026-06-12T18:57:17Z,16.959,16.959
arxiv:2605.20566v1,Conflict-Aware Active Perception and Control in 3D Gaussian Splatting Fields via Control Barrier Functions,"Active perception in uncertain environments requires robots to navigate safely while acquiring informative observations to reduce map uncertainty. These objectives inherently conflict, as informative viewpoints often lie near uncertain regions with higher collision risk. To address this challenge, we develop a conflict-aware active perception and control framework for robotic systems operating in environments represented by 3D Gaussian Splatting (3DGS). Safety is enforced using a Control Barrier Function (CBF) derived from an Average Value-at-Risk AV@R collision-risk metric that accounts for geometric uncertainty and guarantees forward invariance of a safe set. To improve perception, we propose a risk-aware Expected Information Gain (EIG) formulation for selecting the next-best-view and introduce perception barrier functions that align the camera orientation with the local information-as",2026,arXiv,Amirhossein Mollaei Khass; Athanasios Cosse; Vivek Pandey; Nader Motee,,2605.20566v1,http://arxiv.org/abs/2605.20566v1,arxiv,Gaussian splatting robot perception,concept,architecture,,,Gaussian splatting robot perception; active perception; control barrier function,2026-06-12T14:45:03Z,16.850,17.850
doi:10.3390/s20030722,A Multi-Modal Person Perception Framework for Socially Interactive Mobile Service Robots,"In order to meet the increasing demands of mobile service robot applications, a dedicated perception module is an essential requirement for the interaction with users in real-world scenarios. In particular, multi sensor fusion and human re-identification are recognized as active research fronts. Through this paper we contribute to the topic and present a modular detection and tracking system that models position and additional properties of persons in the surroundings of a mobile robot. The proposed system introduces a probability-based data association method that besides the position can incorporate face and color-based appearance features in order to realize a re-identification of persons when tracking gets interrupted. The system combines the results of various state-of-the-art image-based detection systems for person recognition, person identification and attribute estimation. This ",2020,Sensors,Steffen Müller; Tim Wengefeld; Thanh Q. Trinh; Dustin Aganian; Markus Eisenbach; Horst–Michael Groß,10.3390/s20030722,,https://doi.org/10.3390/s20030722,openalex,robotics,concept,openalex_bulk_robotics,,18,benchmark; occlusion,2026-06-12T18:57:17Z,16.822,18.822
doi:10.3389/frobt.2024.1172105,Cooperative planning for physically interacting heterogeneous robots,"Heterogeneous multi-agent systems can be deployed to complete a variety of tasks, including some that are impossible using a single generic modality. This paper introduces an approach to solving the problem of cooperative behavior planning in small heterogeneous robot teams where members can both function independently as well as physically interact with each other in ways that give rise to additional functionality. This approach enables, for the first time, the cooperative completion of tasks that are infeasible when using any single modality from those agents comprising the team.",2024,Frontiers in Robotics and AI,Michael A. Sebok; Herbert G. Tanner,10.3389/frobt.2024.1172105,,https://doi.org/10.3389/frobt.2024.1172105,crossref,robot world model failure planning,hostile,failure,,,robot world model; robot world model failure,2026-06-12T15:07:36Z,16.800,20.800
arxiv:2601.14492v2,UNCLE-Grasp: Uncertainty-Aware Grasping of Leaf-Occluded Strawberries,"Robotic strawberry harvesting remains challenging under partial occlusion, where leaf interference introduces significant geometric uncertainty and renders grasp decisions based on a single deterministic shape estimate unreliable. From a single partial observation, multiple incompatible 3D shape completions may be plausible, such that grasps deemed feasible on one completion can fail on another. This paper presents an uncertainty-aware grasping pipeline for partially occluded strawberries that explicitly models geometric uncertainty arising from both occlusion and learned shape completion. The proposed approach employs point cloud completion with Monte Carlo dropout to sample multiple shape hypotheses, generates candidate grasps for each completion, and evaluates grasp feasibility using physically grounded force-closure metrics. Rather than selecting a grasp from a single shape estimate,",2026,arXiv,Malak Mansour; Ali Abouzeid; Zezhou Sun; Qinbo Sun; Dezhen Song; Abdalla Swikir,,2601.14492v2,http://arxiv.org/abs/2601.14492v2,arxiv,analytical grasping,anti_myopia,anti_thesis,,,occlusion; analytical grasping,2026-06-12T15:07:36Z,16.800,20.800
doi:10.1016/j.mechmachtheory.2022.104966,Parameters uncertainty analysis of posture control of a four-wheel-legged robot with series slow active suspension system,,2022,Mechanism and Machine Theory,Liwei Ni; Liang Wu; Hongsong Zhang,10.1016/j.mechmachtheory.2022.104966,,https://doi.org/10.1016/j.mechmachtheory.2022.104966,crossref,Gaussian splatting robot perception legged manipulation,concept,architecture_x_embodiment,,34,Gaussian splatting robot perception; legged manipulation,2026-06-12T15:07:36Z,16.778,17.778
doi:10.1109/icra48891.2023.10161431,Ditto in the House: Building Articulation Models of Indoor Scenes through Interactive Perception,,2023,2023 IEEE International Conference on Robotics and Automation (ICRA),Cheng-Chun Hsu; Zhenyu Jiang; Yuke Zhu,10.1109/icra48891.2023.10161431,,https://doi.org/10.1109/icra48891.2023.10161431,crossref,robotics,concept,crossref_bulk_robotics,,21,active perception; interactive perception,2026-06-12T19:29:26Z,16.746,16.746
doi:10.1109/tro.2017.2721939,Interactive Perception: Leveraging Action in Perception and Perception in Action,,2017,IEEE Transactions on Robotics,Jeannette Bohg; Karol Hausman; Bharath Sankaran; Oliver Brock; Danica Kragic; Stefan Schaal; Gaurav S. Sukhatme,10.1109/tro.2017.2721939,,https://doi.org/10.1109/tro.2017.2721939,crossref,adaptive world action model robot,concept,wam,,214,world action model; adaptive world action model; active perception; interactive perception,2026-06-12T15:07:36Z,16.685,16.685
arxiv:2409.14615v3,Optimizing Active Perception for Learning Simultaneous Viewpoint Selection and Manipulation with Diffusion Policy,"Robotic manipulation tasks often rely on static cameras for perception, which can limit flexibility, particularly in scenarios like robotic surgery and cluttered environments where mounting static cameras is impractical. Ideally, robots could jointly learn a policy for dynamic viewpoint and manipulation. However, dynamic viewpoint control requires additional degrees of freedom and intricate coordination with manipulation, which results in more challenging policy learning than single-arm manipulation. To address this complexity, we propose an integrated learning framework that combines diffusion policy with a novel look-at inverse kinematics solver for active perception. Our framework helps better coordinating between perception and manipulation. It automatically optimizes camera orientation for viewpoint selection, while allowing the policy to focus on essential manipulation and position",2024,arXiv,Xiatao Sun; Francis Fan; Yinxing Chen; Daniel Rakita,,2409.14615v3,http://arxiv.org/abs/2409.14615v3,arxiv,diffusion policy robot manipulation,concept,diffusion,,,diffusion policy; robot manipulation; active perception,2026-06-12T14:45:03Z,16.650,16.650
doi:10.1364/ol.586431,Optical active perception with 3D Gaussian splatting enables autonomous instrument insertion in robotic vitreoretinal surgery,"We present an optical active perception framework that enables autonomous instrument insertion through a trocar using robot-guided multi-view imaging. A low-cost RGB-D camera provides depth-guided viewpoint planning, while 3D Gaussian Splatting (3DGS) reconstructs a high-resolution trocar model from sparse multi-view RGB images with submillimeter fidelity, overcoming the practical limitations of commercial 3D optical sensing systems, such as stereo and structured-light cameras, in this constrained surgical scenario. Integrated with a 6-DOF robotic arm, the system estimates the trocar pose and aligns the instrument for insertion. Experiments on static and motion-simulated ex vivo porcine eyes achieve consistent submillimeter positional accuracy and angular accuracy on the order of a few degrees, sufficient for safe insertion given the narrow trocar clearance. These results establish the p",2026,Optics Letters,Qi Lan; Zheng Li; Haoran Zhang; Jianlong Yang,10.1364/ol.586431,,https://doi.org/10.1364/ol.586431,crossref,Gaussian splatting robot perception,concept,architecture,,,Gaussian splatting robot perception; active perception; limitation,2026-06-12T14:45:03Z,16.650,17.650
doi:10.63282/3050-9262.ijaidsml-v7i1p150,Vision-Based Robotic Manipulation: Grasping in Clutter with Uncertainty-Aware Perception,"Robotic grasp of cluttered scene has remained one of the most basic issues, primarily due to the widespread obstructions, sensor noise and natural deficiency in full view information. Modern vision-based manipulation systems heavily rely on more confident perception pipelines far more often than indeterminate perception pipelines are capable of addressing the uncertainty of object pose recognition and scene understanding, thus leading to fragile grasp execution under operational conditions. In this paper I will introduce an uncertainty conscious and vision based robotic manipulation system explicitly modelling and exploiting perceptual uncertainty when planning grasps in cluttered environments. This method combines a probabilistic visual perception and learning based grasp generation which enables the robot to reason in the face of uncertainty embedded in occlusions, depth ambiguity and ",2026,"International Journal of Artificial Intelligence, Data Science and Machine Learning",Rasool Javeed Mohammad,10.63282/3050-9262.ijaidsml-v7i1p150,,https://doi.org/10.63282/3050-9262.ijaidsml-v7i1p150,crossref,contact rich manipulation learning,concept,contact,,,contact rich manipulation; robustness; partial observability; occlusion,2026-06-12T15:07:36Z,16.650,18.650
doi:10.1088/1748-3190/ae42af,Mosquito-inspired active tactile perception for indoor navigation and escape of a rigid-soft coupling blimp robot,"Abstract For autonomous navigation in indoor environments, aerial robots mostly take cameras, LiDAR, ultrasonic ranging sensors, and other devices for collision avoidance, rarely using tactile sensors. However, cameras are susceptible to lighting conditions, LiDAR requires high computational resources, and ultrasonic sensors have blind zones when measuring at short distances. In contrast, insects and rodents can perceive their surroundings via tactile sensing even in complete darkness. Inspired by the escape strategy of mosquitoes that navigate along boundaries using tactile sensing in confined spaces, this paper proposes an indoor navigation and escape method based on active tactile perception for a blimp robot. The robot comprises a rigid multi-rotor structure and a soft balloon body, with bio-inspired whisker sensors mounted on the soft body surface to enable safe contact with walls. ",2026,Bioinspiration & Biomimetics,Jun Zhang; Kaiqin Cao; Qiucheng Lu; Guangming Song; Aiguo Song,10.1088/1748-3190/ae42af,,https://doi.org/10.1088/1748-3190/ae42af,crossref,Gaussian splatting robot perception,concept,architecture,,,Gaussian splatting robot perception; tactile perception,2026-06-12T15:07:36Z,16.650,16.650
doi:10.7717/peerj-cs.3035,Integrated multi-task feature learning and interactive active optimization for scene retargeting in preschool educational applications,"In artificial intelligence (AI), effective adaptation of educational imagery across diverse screen formats is essential, particularly in preschool education, where visual content must simultaneously engage and instruct young learners. This study introduces a novel scene retargeting model tailored to preserve pedagogically significant visual elements during image resizing. The proposed framework leverages the binarized normed gradients (BING) objectness metric to efficiently identify and prioritize key regions within educational images, such as objects and facial features. A core component of our approach is integrating a locality-preserved and interactive active optimization (LIAO) mechanism, which simulates human visual attention by generating gaze shift paths (GSPs) that guide feature prioritization. These GSPs are further transformed into hierarchical deep features using a multi-layer",2025,PeerJ Computer Science,Suhui Yao; Lan Lv,10.7717/peerj-cs.3035,,https://doi.org/10.7717/peerj-cs.3035,crossref,scene graph robot learning,concept,architecture,,,scene graph robot learning,2026-06-12T15:07:36Z,16.650,16.650
arxiv:2403.05177v2,Interactive Perception for Deformable Object Manipulation,"Interactive perception enables robots to manipulate the environment and objects to bring them into states that benefit the perception process. Deformable objects pose challenges to this due to significant manipulation difficulty and occlusion in vision-based perception. In this work, we address such a problem with a setup involving both an active camera and an object manipulator. Our approach is based on a sequential decision-making framework and explicitly considers the motion regularity and structure in coupling the camera and manipulator. We contribute a method for constructing and computing a subspace, called Dynamic Active Vision Space (DAVS), for effectively utilizing the regularity in motion exploration. The effectiveness of the framework and approach are validated in both a simulation and a real dual-arm robot setup. Our results confirm the necessity of an active camera and coord",2024,arXiv,Zehang Weng; Peng Zhou; Hang Yin; Alexander Kravberg; Anastasiia Varava; David Navarro-Alarcon; Danica Kragic,,2403.05177v2,http://arxiv.org/abs/2403.05177v2,arxiv,deformable object manipulation robot learning,concept,deformable,,,deformable object manipulation; active perception; interactive perception; occlusion,2026-06-12T15:07:36Z,16.650,16.650
doi:10.52783/jisem.v11i2s.14375,Camera-Based Depth Perception for Precision Agriculture: A Software-Defined Approach to 3D Scene Understanding,"Autonomous agricultural systems need strong three-dimensional perception skills to carry out specific tasks such as selective crop intervention, weed detection, and avoidance of obstacles. Existing solutions are based on active depth sensing (LiDAR/radar) that provides accuracy at the cost of significant economic, operational, and environmental factors limiting its use in a variety of farming environments. As this article will show, passive camera-based depth perception can perform equally as well at a fraction of the cost in hardware, power, and environmental sensitivity. The fundamental novelty is the systematic combination of multi-view stereo geometry, learning-based refinement, and confidence-conscious orchestration into a software-based system that is optimized to work in agricultural settings. This identification of passive imaging as the main sensing modality, as opposed to suppo",2026,Journal of Information Systems Engineering and Management,Vedashree Kedar Karandikar,10.52783/jisem.v11i2s.14375,,https://doi.org/10.52783/jisem.v11i2s.14375,crossref,3D scene understanding robot manipulation,concept,scene_understanding,,,robot manipulation; 3D scene understanding; deployment,2026-06-12T15:07:36Z,16.650,17.650
doi:10.1109/icra40945.2020.9197101,Object Finding in Cluttered Scenes Using Interactive Perception,,2020,2020 IEEE International Conference on Robotics and Automation (ICRA),Tonci Novkovic; Remi Pautrat; Fadri Furrer; Michel Breyer; Roland Siegwart; Juan Nieto,10.1109/icra40945.2020.9197101,,https://doi.org/10.1109/icra40945.2020.9197101,crossref,robotics,concept,crossref_bulk_robotics,,47,active perception; interactive perception,2026-06-12T19:29:26Z,16.536,16.536
doi:10.1109/icra.2013.6631022,Perception-driven navigation: Active visual SLAM for robotic area coverage,"This paper reports on an integrated navigation algorithm for the visual simultaneous localization and mapping (SLAM) robotic area coverage problem. In the robotic area coverage problem, the goal is to explore and map a given target area in a reasonable amount of time. This goal necessitates the use of minimally redundant overlap trajectories for coverage efficiency; however, visual SLAM's navigation estimate will inevitably drift over time in the absence of loop-closures. Therefore, efficient area coverage and good SLAM navigation performance represent competing objectives. To solve this decision-making problem, we introduce perception-driven navigation (PDN), an integrated navigation algorithm that automatically balances between exploration and revisitation using a reward framework. This framework accounts for vehicle localization uncertainty, area coverage performance, and the identifi",2013,,Ayoung Kim; Ryan M. Eustice,10.1109/icra.2013.6631022,,https://doi.org/10.1109/icra.2013.6631022,openalex,robotics,concept,openalex_bulk_robotics,,76,SLAM,2026-06-12T18:57:17Z,16.522,17.522
doi:10.1126/scirobotics.aaw6326,Emergence of exploratory look-around behaviors through active observation completion,A robotic agent learns how to look around novel environments intelligently by directing the camera to best complete its observations.,2019,Science Robotics,Santhosh K. Ramakrishnan; Dinesh Jayaraman; Kristen Grauman,10.1126/scirobotics.aaw6326,,https://doi.org/10.1126/scirobotics.aaw6326,crossref,robotics,concept,crossref_bulk_robotics,,31,,2026-06-12T19:29:26Z,16.483,16.483
doi:10.1109/tcds.2017.2787196,An Experimental Study of Embodied Interaction and Human Perception of Social Presence for Interactive Robots in Public Settings,"The human perception of robots as social depends on many factors, including those that do not necessarily pertain to a robot's cognitive functioning. Experience design (ED) offers a useful framework for evaluating when participants interact with robots as products or tools and when they regard them as social actors. This paper describes a between-participants experiment conducted at a science museum, where visitors were invited to play a game of noughts and crosses with a Baxter robot. The goal is to foster meaningful interactions that promote engagement between the human and the robot in a museum context. Using an ED framework, we tested the robot in three different conditions to better understand which factors contribute to the perception of robots as social. The experiment also outlines best practices for conducting human-robot interaction research in museum exhibitions. Results from ",2017,IEEE Transactions on Cognitive and Developmental Systems,Damith Herath; Elizabeth Jochum; Evgenios Vlachos,10.1109/tcds.2017.2787196,,https://doi.org/10.1109/tcds.2017.2787196,openalex,robotics,concept,openalex_bulk_robotics,,29,human robot interaction,2026-06-12T18:57:17Z,16.451,16.451
doi:10.1109/tro.2023.3299533,Robot–Camera Calibration in Tightly Constrained Environment Using Interactive Perception,,2023,IEEE Transactions on Robotics,Fangxun Zhong; Bin Li; Wei Chen; Yun-Hui Liu,10.1109/tro.2023.3299533,,https://doi.org/10.1109/tro.2023.3299533,crossref,Gaussian splatting robot perception,concept,architecture,,11,Gaussian splatting robot perception; active perception; interactive perception,2026-06-12T15:07:36Z,16.442,16.442
doi:10.1109/tro.2025.3531816,Predictive Visuo-Tactile Interactive Perception Framework for Object Properties Inference,,2025,IEEE Transactions on Robotics,Anirvan Dutta; Etienne Burdet; Mohsen Kaboli,10.1109/tro.2025.3531816,,https://doi.org/10.1109/tro.2025.3531816,crossref,tactile language action robotics,concept,tactile,,4,active perception; interactive perception,2026-06-12T15:07:36Z,16.405,16.405
arxiv:2308.15684v2,Interactively Robot Action Planning with Uncertainty Analysis and Active Questioning by Large Language Model,"The application of the Large Language Model (LLM) to robot action planning has been actively studied. The instructions given to the LLM by natural language may include ambiguity and lack of information depending on the task context. It is possible to adjust the output of LLM by making the instruction input more detailed; however, the design cost is high. In this paper, we propose the interactive robot action planning method that allows the LLM to analyze and gather missing information by asking questions to humans. The method can minimize the design cost of generating precise robot instructions. We demonstrated the effectiveness of our method through concrete examples in cooking tasks. However, our experiments also revealed challenges in robot action planning with LLM, such as asking unimportant questions and assuming crucial information without asking. Shedding light on these issues pro",2023,arXiv,Kazuki Hori; Kanata Suzuki; Tetsuya Ogata,,2308.15684v2,http://arxiv.org/abs/2308.15684v2,arxiv,large language model limitation robot planning,anti_myopia,anti_thesis,,,limitation; large language model limitation robot planning,2026-06-12T15:07:36Z,16.350,21.350
title:planning algorithms for multi robot active perception,Planning Algorithms for Multi-Robot Active Perception,"A fundamental task of robotic systems is to use on-board sensors and perception algorithms to understand high-level semantic properties of an environment. These semantic properties may include a map of the environment, the presence of objects, or the parameters of a dynamic field. Observations are highly viewpoint dependent and, thus, the performance of perception algorithms can be improved by planning the motion of the robots to obtain high-value observations. This motivates the problem of active perception, where the goal is to plan the motion of robots to improve perception performance. This fundamental problem is central to many robotics applications, including environmental monitoring, planetary exploration, and precision agriculture. The core contribution of this thesis is a suite of planning algorithms for multi-robot active perception. These algorithms are designed to improve sys",2019,The Sydney eScholarship Repository (The University of Sydney),Graeme Best,,,https://openalex.org/W3021691388,openalex,energy based policy robotics,concept,ebm,,4,active perception; robustness,2026-06-12T18:43:24Z,16.305,17.305
doi:10.1609/aaai.v40i10.37803,SplatSSC: Decoupled Depth-Guided Gaussian Splatting for Semantic Scene Completion,"Monocular 3D Semantic Scene Completion (SSC) is a challenging yet promising task that aims to infer dense geometric and semantic descriptions of a scene from a single image. While recent object-centric paradigms significantly improve efficiency by leveraging flexible 3D Gaussian primitives, they still rely heavily on a large number of randomly initialized primitives, which inevitably leads to 1) inefficient primitive initialization and 2) outlier primitives that introduce erroneous artifacts. In this paper, we propose SplatSSC, a novel framework that resolves these limitations with a depth-guided initialization strategy and a principled Gaussian aggregator. Instead of random initialization, SplatSSC utilizes a dedicated depth branch composed of a Group-wise Multi-scale Fusion (GMF) module, which integrates multi-scale image and depth features to generate a sparse yet representative set o",2026,Proceedings of the AAAI Conference on Artificial Intelligence,Rui Qian; Haozhi Cao; Tianchen Deng; Shenghai Yuan; Lihua Xie,10.1609/aaai.v40i10.37803,,https://doi.org/10.1609/aaai.v40i10.37803,crossref,Gaussian splatting robot perception,concept,architecture,,,Gaussian splatting robot perception; limitation; robustness; latency,2026-06-12T15:07:36Z,16.300,18.300
doi:10.1142/s2301385027410019,AIR-Embodied: Active Interactive Reconstruction for 3D Gaussian Splatting with Embodied Multimodal Agents,"Recent advancements in 3D reconstruction and neural rendering have enhanced the creation of high-quality digital assets, yet existing methods struggle to generalize across varying object shapes, textures, and occlusions. While Next Best View (NBV) planning and Learning-based approaches offer solutions, they are often limited by predefined criteria and fail to manage occlusions with human-like common sense. To address these problems, we present AIR-Embodied, a novel framework that integrates embodied AI agents with large-scale pretrained multi-modal language models to improve active 3DGS reconstruction. AIR-Embodied utilizes a three-stage process: understanding the current reconstruction state via multi-modal prompts, planning tasks with viewpoint selection and interactive actions, and employing closed-loop reasoning to ensure accurate execution. The agent dynamically refines its actions ",2026,Unmanned Systems,Zhenghao Qi; Shenghai Yuan; Jinxin Liu; Fen Liu; Haozhi Cao; Tianchen Deng; Jianfei Yang; Lihua Xie,10.1142/s2301385027410019,,https://doi.org/10.1142/s2301385027410019,crossref,Gaussian splatting robot perception,concept,architecture,,,Gaussian splatting robot perception; occlusion,2026-06-12T15:07:36Z,16.300,16.300
arxiv:2202.07720v2,Active Uncertainty Reduction for Human-Robot Interaction: An Implicit Dual Control Approach,"The ability to accurately predict human behavior is central to the safety and efficiency of robot autonomy in interactive settings. Unfortunately, robots often lack access to key information on which these predictions may hinge, such as people's goals, attention, and willingness to cooperate. Dual control theory addresses this challenge by treating unknown parameters of a predictive model as stochastic hidden states and inferring their values at runtime using information gathered during system operation. While able to optimally and automatically trade off exploration and exploitation, dual control is computationally intractable for general interactive motion planning, mainly due to the fundamental coupling between robot trajectory optimization and human intent inference. In this paper, we present a novel algorithmic approach to enable active uncertainty reduction for interactive motion p",2022,arXiv,Haimin Hu; Jaime F. Fisac,,2202.07720v2,http://arxiv.org/abs/2202.07720v2,arxiv,energy based policy robotics,concept,ebm,,,model predictive control; motion planning; human robot interaction,2026-06-12T14:45:03Z,16.250,19.250
doi:10.1109/lra.2024.3431943,Interactive Perception for Deformable Object Manipulation,,2024,IEEE Robotics and Automation Letters,Zehang Weng; Peng Zhou; Hang Yin; Alexander Kravberg; Anastasiia Varava; David Navarro-Alarcon; Danica Kragic,10.1109/lra.2024.3431943,,https://doi.org/10.1109/lra.2024.3431943,crossref,robot world models manipulation,concept,world_models,,4,robot world model; deformable object manipulation; active perception; interactive perception,2026-06-12T15:07:36Z,16.205,16.205
arxiv:2604.17969v2,E3VS-Bench: A Benchmark for Viewpoint-Dependent Active Perception in 3D Gaussian Splatting Scenes,"Visual search in 3D environments requires embodied agents to actively explore their surroundings and acquire task-relevant evidence. However, existing visual search and embodied AI benchmarks, including EQA, typically rely on static observations or constrained egocentric motion, and thus do not explicitly evaluate fine-grained viewpoint-dependent phenomena that arise under unrestricted 5-DoF viewpoint control in real-world 3D environments, such as visibility changes caused by vertical viewpoint shifts, revealing contents inside containers, and disambiguating object attributes that are only observable from specific angles. To address this limitation, we introduce {E3VS-Bench}, a benchmark for embodied 3D visual search where agents must control their viewpoints in 5-DoF to gather viewpoint-dependent evidence for question answering. E3VS-Bench consists of 99 high-fidelity 3D scenes reconstr",2026,arXiv,Koya Sakamoto; Taiki Miyanishi; Daichi Azuma; Shuhei Kurita; Shu Morikuni; Naoya Chiba; Motoaki Kawanabe; Yusuke Iwasawa; Yutaka Matsuo,,2604.17969v2,http://arxiv.org/abs/2604.17969v2,arxiv,Gaussian splatting robot perception,concept,architecture,,,Gaussian splatting robot perception; embodied agent; active perception; limitation; benchmark,2026-06-12T14:45:03Z,16.150,19.150
doi:10.1109/lra.2021.3061324,Active and Interactive Mapping With Dynamic Gaussian Process Implicit Surfaces for Mobile Manipulators,,2021,IEEE Robotics and Automation Letters,Liyang Liu; Simon Fryc; Lan Wu; Thanh Long Vu; Gavin Paul; Teresa Vidal-Calleja,10.1109/lra.2021.3061324,,https://doi.org/10.1109/lra.2021.3061324,crossref,Gaussian splatting robot perception,concept,architecture,,13,Gaussian splatting robot perception,2026-06-12T15:07:36Z,16.120,16.120
arxiv:2311.09659v1,Enhancing Deformable Object Manipulation By Using Interactive Perception and Assistive Tools,"In the field of robotic manipulation, the proficiency of deformable object manipulation lags behind human capabilities due to the inherent characteristics of deformable objects. These objects have infinite degrees of freedom, resulting in non-trivial perception and state estimation, and complex dynamics, complicating the prediction of future configurations. Although recent research has focused on deformable object manipulation, most approaches rely on static vision and simple manipulation techniques, limiting the performance level. This paper proposes two solutions to enhance the performance: interactive perception and the use of assistive tools. The first solution posits that optimal perspectives exist during deformable object manipulation, facilitating easier state estimation. By exploring the action-perception regularity, interactive perception facilitates better manipulation and perc",2023,arXiv,Peng Zhou,,2311.09659v1,http://arxiv.org/abs/2311.09659v1,arxiv,deformable object manipulation robot learning,concept,deformable,,,deformable object manipulation; active perception; interactive perception; state estimation,2026-06-12T15:07:36Z,16.100,16.100
doi:10.1109/icra57147.2024.10609998,MOSAIC: Learning Unified Multi-Sensory Object Property Representations for Robot Learning via Interactive Perception,,2024,2024 IEEE International Conference on Robotics and Automation (ICRA),Gyan Tatiya; Jonathan Francis; Ho-Hsiang Wu; Yonatan Bisk; Jivko Sinapov,10.1109/icra57147.2024.10609998,,https://doi.org/10.1109/icra57147.2024.10609998,crossref,Gaussian splatting robot perception,concept,architecture,,3,Gaussian splatting robot perception; active perception; interactive perception,2026-06-12T15:07:36Z,16.093,16.093
doi:10.1016/j.robot.2024.104674,Object-aware interactive perception for tabletop scene exploration,,2024,Robotics and Autonomous Systems,Cagatay Koc; Sanem Sariel,10.1016/j.robot.2024.104674,,https://doi.org/10.1016/j.robot.2024.104674,crossref,EBM transformer robotics deformable object manipulation,concept,architecture_x_embodiment,,3,EBM transformer robotics; deformable object manipulation; active perception; interactive perception,2026-06-12T15:07:36Z,16.093,16.093
doi:10.1109/tmech.2022.3215909,A Novel Visible-Depth-Thermal Image Dataset of Salient Object Detection for Robotic Visual Perception,"Visual perception plays an important role in industrial information field, especially in robotic grasping application. In order to detect the object to be grasped quickly and accurately, salient object detection (SOD) is employed to the above task. Although the existing SOD methods have achieved impressive performance, they still have some limitations in the complex interference environment of practical application. To better deal with the complex interference environment, a novel triple-modal images fusion strategy is proposed to implement SOD for robotic visual perception, namely visible-depth-thermal (VDT) SOD. Meanwhile, we build an image acquisition system under variable lighting scene and construct a novel benchmark dataset for VDT SOD (VDT-2048 dataset). Multiple modal images will be introduced to assist each other to highlight the salient regions. But, inevitably, interference wi",2022,IEEE/ASME Transactions on Mechatronics,Kechen Song; Jie Wang; Yanqi Bao; Liming Huang; Yunhui Yan,10.1109/tmech.2022.3215909,,https://doi.org/10.1109/tmech.2022.3215909,openalex,robotics,concept,openalex_bulk_robotics,,100,limitation; benchmark,2026-06-12T18:57:17Z,16.058,18.058
doi:10.1109/icra48891.2023.10160375,Multi-modal Interactive Perception in Human Control of Complex Objects,,2023,2023 IEEE International Conference on Robotics and Automation (ICRA),Rashida Nayeem; Salah Bazzi; Mohsen Sadeghi; Reza Sharif Razavian; Dagmar Sternad,10.1109/icra48891.2023.10160375,,https://doi.org/10.1109/icra48891.2023.10160375,crossref,robotics,concept,crossref_bulk_robotics,,4,active perception; interactive perception,2026-06-12T19:29:26Z,16.005,16.005
doi:10.1177/21695172261451702,Bioinspired Swallowing Soft Gripper with Toroidal Optical Waveguides for Multimodal Interactive Perception,"Multimodal soft grippers can adapt grasping strategies to diverse environments, yet integrating sensors under large, coupled deformations remains challenging. Inspired by the mechanosensation of sea anemones and their ability to swallow, this article presents a soft gripper that integrates eight toroidal optical waveguides to realize three modes—contacting, expansion, and swallowing—with continuous proprioceptive feedback. Deformation-induced optical attenuation, processed by machine-learning pipelines, enables perception of object shape, hardness, and surface texture. Experiments show a 0.04 N detection limit, a 0.006 N resolution, a 55 ms response time, and sensitivity >1.4 dB/N, with machine-learning classification achieving >89% accuracy. Mode-specific experiments demonstrate sensing across the entire soft gripper with integrated optical waveguides. The outer surface localizes contac",2026,Soft Robotics,Sheng Xiang; Muye Niu; Wenjie Fang; Xin Xu; Zhong Wei; Chengcheng Hua; Yang Yang,10.1177/21695172261451702,,https://doi.org/10.1177/21695172261451702,crossref,EBM transformer robotics soft robot manipulation,concept,architecture_x_embodiment,,,EBM transformer robotics; robot manipulation; soft robot manipulation; active perception; interactive perception,2026-06-12T15:07:36Z,15.950,15.950
doi:10.1109/iros58592.2024.10801746,MANIP: A Modular Architecture for Integrating Interactive Perception for Robot Manipulation,,2024,2024 IEEE/RSJ International Conference on Intelligent Robots and Systems (IROS),Justin Yu; Tara Sadjadpour; Abby O’Neill; Mehdi Khfifi; Lawrence Yunliang Chen; Richard Cheng; Muhammad Zubair Irshad; Ashwin Balakrishna; Thomas Kollar; Ken Goldberg,10.1109/iros58592.2024.10801746,,https://doi.org/10.1109/iros58592.2024.10801746,crossref,robot world models manipulation,concept,world_models,,2,robot world model; robot manipulation; active perception; interactive perception,2026-06-12T15:07:36Z,15.949,15.949
doi:10.1609/aaai.v35i3.16311,FCFR-Net: Feature Fusion based Coarse-to-Fine Residual Learning for Depth Completion,"Depth completion aims to recover a dense depth map from a sparse depth map with the corresponding color image as input. Recent approaches mainly formulate the depth completion as a one-stage end-to-end learning task, which outputs dense depth maps directly. However, the feature extraction and supervision in one-stage frameworks are insufficient, limiting the performance of these approaches. To address this problem, we propose a novel end-to-end residual learning framework, which formulates the depth completion as a two-stage learning task, i.e., a sparse-to-coarse stage and a coarse-to-fine stage. First, a coarse dense depth map is obtained by a simple CNN framework. Then, a refined depth map is further obtained using a residual learning strategy in the coarse-to-fine stage with coarse depth map and color image as input. Specially, in the coarse-to-fine stage, a channel shuffle extractio",2021,Proceedings of the AAAI Conference on Artificial Intelligence,Lina Liu; Xibin Song; Xiaoyang Lyu; Junwei Diao; Mengmeng Wang; Yong Liu; Liangjun Zhang,10.1609/aaai.v35i3.16311,,https://doi.org/10.1609/aaai.v35i3.16311,openalex,energy based model robot learning,concept,ebm,,113,benchmark,2026-06-12T18:05:07Z,15.918,16.918
doi:10.1177/0278364917728327,Coupling active depth estimation and visual servoing via a large projection operator,"The goal of this paper is to propose a coupling between the execution of an image-based visual servoing task and an active structure from motion strategy. The core idea is to modify online the camera trajectory in the null-space of the (main) servoing task for rendering the camera motion ‘more informative’ with respect to the estimation of the 3-D structure. Consequently, the structure from motion convergence rate and accuracy is maximized during the servoing transient. The improved structure from motion performance also benefits the servoing execution, since a higher accuracy in the 3-D parameters involved in the interaction matrix improves the image-based visual servoing convergence by significantly mitigating the negative effects (instability, loss of feature visibility) of a poor knowledge of the scene structure. Active maximization of the structure from motion performance results, i",2017,The International Journal of Robotics Research,Riccardo Spica; Paolo Robuffo Giordano; François Chaumette,10.1177/0278364917728327,,https://doi.org/10.1177/0278364917728327,crossref,robotics,concept,crossref_bulk_robotics,,22,active perception; visual servoing,2026-06-12T19:29:26Z,15.918,16.918
doi:10.1109/tsmc.2017.2779474,Enhancing Binocular Depth Estimation Based on Proactive Perception and Action Cyclic Learning for an Autonomous Developmental Robot,,2019,"IEEE Transactions on Systems, Man, and Cybernetics: Systems",Yongsik Jin; Minho Lee,10.1109/tsmc.2017.2779474,,https://doi.org/10.1109/tsmc.2017.2779474,crossref,Gaussian splatting robot perception,concept,architecture,,18,Gaussian splatting robot perception; active perception,2026-06-12T15:07:36Z,15.872,15.872
doi:10.1109/robot.2008.4543220,Manipulating articulated objects with interactive perception,,2008,2008 IEEE International Conference on Robotics and Automation,Dov Katz; Oliver Brock,10.1109/robot.2008.4543220,,https://doi.org/10.1109/robot.2008.4543220,crossref,robotics,concept,crossref_bulk_robotics,,92,active perception; interactive perception,2026-06-12T19:29:26Z,15.866,15.866
arxiv:2003.06734v1,Active Perception and Representation for Robotic Manipulation,"The vast majority of visual animals actively control their eyes, heads, and/or bodies to direct their gaze toward different parts of their environment. In contrast, recent applications of reinforcement learning in robotic manipulation employ cameras as passive sensors. These are carefully placed to view a scene from a fixed pose. Active perception allows animals to gather the most relevant information about the world and focus their computational resources where needed. It also enables them to view objects from different distances and viewpoints, providing a rich visual experience from which to learn abstract representations of the environment. Inspired by the primate visual-motor system, we present a framework that leverages the benefits of active perception to accomplish manipulation tasks. Our agent uses viewpoint changes to localize objects, to learn state representations in a self-s",2020,arXiv,Youssef Zaky; Gaurav Paruthi; Bryan Tripp; James Bergstra,,2003.06734v1,http://arxiv.org/abs/2003.06734v1,arxiv,Gaussian splatting robot perception contact rich manipulation,concept,architecture_x_embodiment,,,Gaussian splatting robot perception; contact rich manipulation; active perception,2026-06-12T15:07:36Z,15.850,15.850
title:monocular depth perception and robotic grasping of novel objects,Monocular depth perception and robotic grasping of novel objects,"The ability to perceive the 3D shape of the environment is a basic ability for a robot. We present an algorithm to convert standard digital pictures into 3D models. This is a challenging problem, since an image is formed by a projection of the 3D scene onto two dimensions, thus losing the depth information. We take a supervised learning approach to this problem, and use a Markov Random Field (MRF) to model the scene depth as a function of the image features. We show that, even on unstructured scenes of a large variety of environments, our algorithm is frequently able to recover accurate 3D models. We then apply our methods to robotics applications: (a) obstacle avoidance for autonomously driving a small electric car, and (b) robot manipulation, where we develop vision-based learning algorithms for grasping novel objects. This enables our robot to perform tasks such as open new doors, cle",2009,,Andrew Y. Ng; Ashutosh Saxena,,,https://openalex.org/W203400132,openalex,robotics,concept,openalex_bulk_robotics,,19,robot manipulation,2026-06-12T18:57:17Z,15.848,15.848
doi:10.1109/access.2022.3214316,SemAttNet: Toward Attention-Based Semantic Aware Guided Depth Completion,"Depth completion involves recovering a dense depth map from a sparse map and an RGB image. Recent approaches focus on utilizing color images as guidance images to recover depth at invalid pixels. However, color images alone are not enough to provide the necessary semantic understanding of the scene. Consequently, the depth completion task suffers from sudden illumination changes in RGB images (e.g., shadows). In this paper, we propose a novel three-branch backbone comprising color-guided, semantic-guided, and depth-guided branches. Specifically, the color-guided branch takes a sparse depth map and RGB image as an input and generates color depth which includes color cues (e.g., object boundaries) of the scene. The predicted dense depth map of color-guided branch along-with semantic image and sparse depth map is passed as input to semantic-guided branch for estimating semantic depth. The d",2022,IEEE Access,Danish Nazir; Alain Pagani; Marcus Liwicki; Didier Stricker; Muhammad Zeshan Afzal,10.1109/access.2022.3214316,,https://doi.org/10.1109/access.2022.3214316,openalex,energy based model robot learning,concept,ebm,,65,benchmark,2026-06-12T18:26:24Z,15.845,16.845
doi:10.1002/oca.3192,Optimal and robust control methodologies for 4DOF active suspension systems: A comparative study with uncertainty considerations,"Abstract Drawing from recent developments in the field, this article explores advanced control methodologies for active suspension systems with the aim of enhancing ride comfort and vehicle handling. The study systematically and comprehensively implements, simulates, and compares five control methods: Proportional‐integral‐derivative (PID), linear quadratic regulator (LQR), , , and synthesis in the context of half‐vehicle active suspension systems. By using a detailed system model that includes parameter uncertainties and performance weights, analysis, and simulations are conducted to evaluate the performance of each control approach. The results provide valuable insights into the strengths and limitations of these methods, offering a comprehensive comparative analysis. Notably, the study reveals that control may not ensure stability for all possible combinations within a broad range of ",2024,Optimal Control Applications and Methods,Yunes Alqudsi; Fevzi Cakmak Bolat; Murat Makaraci,10.1002/oca.3192,,https://doi.org/10.1002/oca.3192,crossref,optimal control robot manipulation,anti_myopia,anti_thesis,,18,robot manipulation; limitation; optimal control robot manipulation,2026-06-12T15:07:36Z,15.822,21.822
doi:10.1109/icra.2011.5980336,Classification of clothing using interactive perception,,2011,2011 IEEE International Conference on Robotics and Automation,Bryan Willimon; Stan Birchfield; Ian Walker,10.1109/icra.2011.5980336,,https://doi.org/10.1109/icra.2011.5980336,crossref,robotics,concept,crossref_bulk_robotics,,72,active perception; interactive perception,2026-06-12T19:29:26Z,15.745,15.745
doi:10.3389/frobt.2022.999308,Collaborating eye to eye: Effects of workplace design on the perception of dominance of collaboration robots,"The concept of Human-Robot Collaboration (HRC) describes innovative industrial work procedures, in which human staff works in close vicinity with robots on a shared task. Current HRC scenarios often deploy hand-guided robots or remote controls operated by the human collaboration partner. As HRC envisions active collaboration between both parties, ongoing research efforts aim to enhance the capabilities of industrial robots not only in the technical dimension but also in the robot’s socio-interactive features. Apart from enabling the robot to autonomously complete the respective shared task in conjunction with a human partner, one essential aspect lifted from the group collaboration among humans is the communication between both entities. State-of-the-art research has identified communication as a significant contributor to successful collaboration between humans and industrial robots. No",2022,Frontiers in Robotics and AI,Alexander Arntz; Carolin Straßmann; Stefanie Völker; Sabrina C. Eimler,10.3389/frobt.2022.999308,,https://doi.org/10.3389/frobt.2022.999308,crossref,Gaussian splatting robot perception,concept,architecture,,3,Gaussian splatting robot perception; industrial robot,2026-06-12T15:07:36Z,15.743,15.743
doi:10.1109/icra48506.2021.9561035,PENet: Towards Precise and Efficient Image Guided Depth Completion,,2021,2021 IEEE International Conference on Robotics and Automation (ICRA),Mu Hu; Shuling Wang; Bin Li; Shiyu Ning; Li Fan; Xiaojin Gong,10.1109/icra48506.2021.9561035,,https://doi.org/10.1109/icra48506.2021.9561035,crossref,robotics,concept,crossref_bulk_robotics,,311,,2026-06-12T19:29:26Z,15.672,15.672
doi:10.1109/icra48891.2023.10160831,Simple-BEV: What Really Matters for Multi-Sensor BEV Perception?,,2023,2023 IEEE International Conference on Robotics and Automation (ICRA),Adam W. Harley; Zhaoyuan Fang; Jie Li; Rares Ambrus; Katerina Fragkiadaki,10.1109/icra48891.2023.10160831,,https://doi.org/10.1109/icra48891.2023.10160831,crossref,robotics,concept,crossref_bulk_robotics,,137,,2026-06-12T19:29:26Z,15.664,15.664
doi:10.1007/s10514-025-10225-4,Planned synchronization for multi-robot systems with active observations,"Abstract An important class of robotic applications involves multiple agents cooperating to provide state observations to plan joint actions. We study planning under uncertainty when more than one participant must proactively plan perception and/or communication acts, and decide whether the cost to obtain a state estimate is justified by the benefits accrued by the information thus obtained. The approach we introduce is suitable for settings where observations are of high quality and they—either alone or along with communication—recover the system’s joint state, but the costs incurred mean this happens only infrequently. We formulate the problem as a type of Markov decision process ( mdp ) to be solved over macro-actions, sidestepping the construction of the full joint belief space, a well-known source of intractability. We then give a suitable Bellman-like recurrence that immediately su",2026,Autonomous Robots,Patrick Zhong; Federico Rossi; Dylan A. Shell,10.1007/s10514-025-10225-4,,https://doi.org/10.1007/s10514-025-10225-4,crossref,Gaussian splatting robot perception multi robot system,concept,architecture_x_embodiment,,,Gaussian splatting robot perception; multi robot system,2026-06-12T15:07:36Z,15.650,16.650
doi:10.3389/fnbot.2024.1341750,Resolving uncertainty on the fly: modeling adaptive driving behavior as active inference,"Understanding adaptive human driving behavior, in particular how drivers manage uncertainty, is of key importance for developing simulated human driver models that can be used in the evaluation and development of autonomous vehicles. However, existing traffic psychology models of adaptive driving behavior either lack computational rigor or only address specific scenarios and/or behavioral phenomena. While models developed in the fields of machine learning and robotics can effectively learn adaptive driving behavior from data, due to their black box nature, they offer little or no explanation of the mechanisms underlying the adaptive behavior. Thus, generalizable, interpretable, computational models of adaptive human driving behavior are still rare. This paper proposes such a model based on active inference, a behavioral modeling framework originating in computational neuroscience. The mo",2024,Frontiers in Neurorobotics,Johan Engström; Ran Wei; Anthony D. McDonald; Alfredo García; Matthew O’Kelly; Leif Johnson,10.3389/fnbot.2024.1341750,,https://doi.org/10.3389/fnbot.2024.1341750,openalex,energy based model robot learning,concept,ebm,,19,,2026-06-12T18:05:07Z,15.648,17.648
doi:10.1109/lra.2022.3187258,A Hybrid Learning and Optimization Framework to Achieve Physically Interactive Tasks With Mobile Manipulators,"This letter proposes a hybrid learning and optimization framework for mobile manipulators for complex and physically interactive tasks. The framework exploits an admittance-type physical interface to obtain intuitive and simplified human demonstrations and Gaussian Mixture Model (GMM)/Gaussian Mixture Regression (GMR) to encode and generate the learned task requirements in terms of position, velocity, and force profiles. Next, using the desired trajectories and force profiles generated by GMM/GMR, the impedance parameters of a Cartesian impedance controller are optimized online through a Quadratic Program augmented with an energy tank to ensure the passivity of the controlled system. Two experiments are conducted to validate the framework, comparing our method with two approaches with constant stiffness (high and low). The results showed that the proposed method outperforms the other two",2022,IEEE Robotics and Automation Letters,Jianzhuang Zhao; Alberto Giammarino; Edoardo Lamon; Juan M. Gandarías; Elena De Momi; Arash Ajoudani,10.1109/lra.2022.3187258,,https://doi.org/10.1109/lra.2022.3187258,openalex,energy based model robot learning,concept,ebm,,40,impedance control; human demonstration,2026-06-12T18:26:24Z,15.607,15.607
doi:10.5204/dtmk1723,In Gradients We Trust : Uncertainty-Aware Depth Supervision for 3D Gaussian Splatting,,2026,QUT Faculty of Engineering – Vacation Research Experience Scheme (VRES) 2025 | 2026,Shangzhe Lin,10.5204/dtmk1723,,https://doi.org/10.5204/dtmk1723,crossref,Gaussian splatting robot perception,concept,architecture,,,Gaussian splatting robot perception,2026-06-12T14:45:03Z,15.600,16.600
doi:10.1109/access.2020.3030190,"Collaborative Multi-Robot Search and Rescue: Planning, Coordination, Perception, and Active Vision",,2020,IEEE Access,Jorge Pena Queralta; Jussi Taipalmaa; Bilge Can Pullinen; Victor Kathan Sarker; Tuan Nguyen Gia; Hannu Tenhunen; Moncef Gabbouj; Jenni Raitoharju; Tomi Westerlund,10.1109/access.2020.3030190,,https://doi.org/10.1109/access.2020.3030190,crossref,Gaussian splatting robot perception,concept,architecture,,465,Gaussian splatting robot perception,2026-06-12T15:07:36Z,15.600,15.600
doi:10.1016/j.robot.2026.105520,An automatic parking decision framework based on interactive perception prediction and multiple strategy planning,,2026,Robotics and Autonomous Systems,Dong Guo; Zhiqin Li; Bin Zhou; Tengfei Ma; Shuai Zhang; Chao Gao; Tongqing Zhang,10.1016/j.robot.2026.105520,,https://doi.org/10.1016/j.robot.2026.105520,crossref,decision transformer robotics,concept,architecture,,,decision transformer robotics; active perception; interactive perception,2026-06-12T15:07:36Z,15.600,15.600
doi:10.1109/tmc.2026.3695518,Visual-Tactile Fusion Semantic Communication for Embodied Interactive Perception Systems,,2026,IEEE Transactions on Mobile Computing,Mingkai Chen; Qinyan Liu; Zhuorui Wang; Zhe Zhang; Lei Wang; Shahid Mumtaz; Shi Jin,10.1109/tmc.2026.3695518,,https://doi.org/10.1109/tmc.2026.3695518,crossref,Gaussian splatting robot perception embodied agent,concept,architecture_x_embodiment,,,Gaussian splatting robot perception; embodied agent; active perception; interactive perception,2026-06-12T15:07:36Z,15.600,15.600
doi:10.1177/0278364918755924,Dec-MCTS: Decentralized planning for multi-robot active perception,"We propose a decentralized variant of Monte Carlo tree search (MCTS) that is suitable for a variety of tasks in multi-robot active perception. Our algorithm allows each robot to optimize its own actions by maintaining a probability distribution over plans in the joint-action space. Robots periodically communicate a compressed form of their search trees, which are used to update the joint distribution using a distributed optimization approach inspired by variational methods. Our method admits any objective function defined over robot action sequences, assumes intermittent communication, is anytime, and is suitable for online replanning. Our algorithm features a new MCTS tree expansion policy that is designed for our planning scenario. We extend the theoretical analysis of standard MCTS to provide guarantees for convergence rates to the optimal payoff sequence. We evaluate the performance ",2019,The International Journal of Robotics Research,Graeme Best; Oliver M Cliff; Timothy Patten; Ramgopal R Mettu; Robert Fitch,10.1177/0278364918755924,,https://doi.org/10.1177/0278364918755924,crossref,Gaussian splatting robot perception,concept,architecture,,146,Gaussian splatting robot perception; active perception,2026-06-12T15:07:36Z,15.595,15.595
arxiv:2603.12193v1,SaPaVe: Towards Active Perception and Manipulation in Vision-Language-Action Models for Robotics,"Active perception and manipulation are crucial for robots to interact with complex scenes. Existing methods struggle to unify semantic-driven active perception with robust, viewpoint-invariant execution. We propose SaPaVe, an end-to-end framework that jointly learns these capabilities in a data-efficient manner. Our approach decouples camera and manipulation actions rather than placing them in a shared action space, and follows a bottom-up training strategy: we first train semantic camera control on a large-scale dataset, then jointly optimize both action types using hybrid data. To support this framework, we introduce ActiveViewPose-200K, a dataset of 200k image-language-camera movement pairs for semantic camera movement learning, and a 3D geometry-aware module that improves execution robustness under dynamic viewpoints. We also present ActiveManip-Bench, the first benchmark for evaluat",2026,arXiv,Mengzhen Liu; Enshen Zhou; Cheng Chi; Yi Han; Shanyu Rong; Liming Chen; Pengwei Wang; Zhongyuan Wang; Shanghang Zhang,,2603.12193v1,http://arxiv.org/abs/2603.12193v1,arxiv,vision language action model limitation robotics,hostile,failure,,,vision language action model; active perception; limitation; benchmark; robustness,2026-06-12T14:45:03Z,15.500,22.500
doi:10.1162/neco_a_01627,"Active Predictive Coding: A Unifying Neural Model for Active Perception, Compositional Learning, and Hierarchical Planning","There is growing interest in predictive coding as a model of how the brain learns through predictions and prediction errors. Predictive coding models have traditionally focused on sensory coding and perception. Here we introduce active predictive coding (APC) as a unifying model for perception, action, and cognition. The APC model addresses important open problems in cognitive science and AI, including (1) how we learn compositional representations (e.g., part-whole hierarchies for equivariant vision) and (2) how we solve large-scale planning problems, which are hard for traditional reinforcement learning, by composing complex state dynamics and abstract actions from simpler dynamics and primitive actions. By using hypernetworks, self-supervised learning, and reinforcement learning, APC learns hierarchical world models by combining task-invariant state transition networks and task-depend",2023,Neural Computation,Rajesh P. N. Rao; Dimitrios C. Gklezakos; Vishwas Sathish,10.1162/neco_a_01627,,https://doi.org/10.1162/neco_a_01627,openalex,energy based transformer robot policy,concept,ebm_transformer,,21,energy based transformer robot policy; active perception; self supervised learning,2026-06-12T18:05:07Z,15.496,15.496
doi:10.1109/roman.2017.8172499,Skin vibration and contact force in active perception for roughness ratings,,2017,2017 26th IEEE International Symposium on Robot and Human Interactive Communication (RO-MAN),Makiko Natsume; Yoshihiro Tanaka; Wouter M. Bergmann Tiest; Astrid M. L. Kappers,10.1109/roman.2017.8172499,,https://doi.org/10.1109/roman.2017.8172499,crossref,contact dynamics robot learning,concept,contact,,18,contact dynamics; active perception,2026-06-12T15:07:36Z,15.472,15.472
doi:10.1109/tcst.2019.2916753,Robust Model Predictive Control of Irrigation Systems With Active Uncertainty Learning and Data Analytics,,2020,IEEE Transactions on Control Systems Technology,Chao Shang; Wei-Han Chen; Abraham Duncan Stroock; Fengqi You,10.1109/tcst.2019.2916753,,https://doi.org/10.1109/tcst.2019.2916753,crossref,model predictive control robot learning,anti_myopia,control,,88,model predictive control,2026-06-12T15:07:36Z,15.444,20.444
doi:10.1007/s00466-023-02279-x,A thermodynamics-informed active learning approach to perception and reasoning about fluids,"Abstract Learning and reasoning about physical phenomena is still a challenge in robotics development, and computational sciences play a capital role in the search for accurate methods able to provide explanations for past events and rigorous forecasts of future situations. We propose a thermodynamics-informed active learning strategy for fluid perception and reasoning from observations. As a model problem, we take the sloshing phenomena of different fluids contained in a glass. Starting from full-field and high-resolution synthetic data for a particular fluid, we develop a method for the tracking (perception) and simulation (reasoning) of any previously unseen liquid whose free surface is observed with a commodity camera. This approach demonstrates the importance of physics and knowledge not only in data-driven (gray-box) modeling but also in real-physics adaptation in low-data regimes ",2023,Computational Mechanics,Beatriz Moya; Alberto Badías; David González; Francisco Chinesta; Elías Cueto,10.1007/s00466-023-02279-x,,https://doi.org/10.1007/s00466-023-02279-x,openalex,energy based model robot learning,concept,ebm,,18,,2026-06-12T18:26:24Z,15.422,15.422
doi:10.1109/lra.2022.3183256,TransCG: A Large-Scale Real-World Dataset for Transparent Object Depth Completion and a Grasping Baseline,,2022,IEEE Robotics and Automation Letters,Hongjie Fang; Hao-Shu Fang; Sheng Xu; Cewu Lu,10.1109/lra.2022.3183256,,https://doi.org/10.1109/lra.2022.3183256,crossref,real world robot learning deployment,concept,deployment,,125,deployment,2026-06-12T15:07:36Z,15.418,17.418
doi:10.1109/lra.2022.3189821,View Planning for Object Pose Estimation Using Point Clouds: An Active Robot Perception Approach,,2022,IEEE Robotics and Automation Letters,Jie Hu; Prabhakar R. Pagilla,10.1109/lra.2022.3189821,,https://doi.org/10.1109/lra.2022.3189821,crossref,robot world model failure planning,hostile,failure,,16,robot world model; robot world model failure,2026-06-12T15:07:36Z,15.417,19.417
doi:10.1115/dscc2019-9062,Completing Complex Contact Tasks Using Integrated Active and Passive Compliant Control Methodologies,"Abstract In this paper we introduce the Generalized Contact Control Framework (GCCF) implemented on a compliant robotic manipulator. We demonstrate that the combined joint compliance and GCCF-based compliance control enable the completion of complex contact tasks in uncertain environments, where complex refers to the need to meet different contact force requirements involving multiple steps and output axes. Operating in uncertain environments means limited knowledge of the location or material properties of contact objects. The demonstrated tasks include opening a pill bottle and rigidly connecting to a purely mechanical tool changer. The GCCF simplifies the definition and modification of contact control parameters and allows for on-the-fly definition and completion of new tasks. Unlike hybrid force/impedance controllers, we do not need to define large damping and stiffness matrices, and",2019,"Volume 3, Rapid Fire Interactive Presentations: Advances in Control Systems; Advances in Robotics and Mechatronics; Automotive and Transportation Systems; Motion Planning and Trajectory Tracking; Soft Mechatronic Actuators and Sensors; Unmanned Ground and Aerial Vehicles",Adam Pettinger; Mitch Pryor,10.1115/dscc2019-9062,,https://doi.org/10.1115/dscc2019-9062,crossref,task and motion planning robotics,anti_myopia,classic,,3,impedance control; motion planning; task and motion planning,2026-06-12T15:07:36Z,15.393,19.393
doi:10.1016/j.arcontrol.2017.11.001,Stochastic model predictive control with active uncertainty learning: A Survey on dual control,,2018,Annual Reviews in Control,Ali Mesbah,10.1016/j.arcontrol.2017.11.001,,https://doi.org/10.1016/j.arcontrol.2017.11.001,crossref,model predictive control robot learning,anti_myopia,control,,169,model predictive control,2026-06-12T15:07:36Z,15.368,20.368
doi:10.1142/s0219843622400084,Adoption of Artificial Intelligence Along with Gesture Interactive Robot in Musical Perception Education Based on Deep Learning Method,"The present work aims to improve students’ interest in music teaching and promote modern teaching. A distributed application system of artificial intelligence gesture interactive robot is designed through deep learning technology and applied to music perception education. First, the user’s gesture instruction data is collected through the double channel convolution neural network (DCCNN). It uses the double-size convolution kernel to extract feature information in the image and collect the video frame’s gesture instruction. Secondly, a two-stream convolutional neural network (two-stream CNN) recognizes the collected gesture instruction data. The spatial and temporal information is extracted from RGB color mode (RGB) images and optical flow images and input into the two-stream CNN to fuse the prediction results of each network as the final detection result. Then, the distributed system us",2022,International Journal of Humanoid Robotics,Chao Zhang; Huizi Li,10.1142/s0219843622400084,,https://doi.org/10.1142/s0219843622400084,crossref,energy based model robot learning,concept,ebm,,27,,2026-06-12T15:07:36Z,15.366,15.366
doi:10.1109/icra.2016.7487399,Recognising the clothing categories from free-configuration using Gaussian-Process-based interactive perception,,2016,2016 IEEE International Conference on Robotics and Automation (ICRA),Li Sun; Simon Rogers; Gerardo Aragon-Camarasa; J. Paul Siebert,10.1109/icra.2016.7487399,,https://doi.org/10.1109/icra.2016.7487399,crossref,Gaussian splatting robot perception,concept,architecture,,21,Gaussian splatting robot perception; active perception; interactive perception,2026-06-12T15:07:36Z,15.346,15.346
doi:10.1109/icra.2019.8793637,Self-Supervised Sparse-to-Dense: Self-Supervised Depth Completion from LiDAR and Monocular Camera,,2019,2019 International Conference on Robotics and Automation (ICRA),Fangchang Ma; Guilherme Venturelli Cavalheiro; Sertac Karaman,10.1109/icra.2019.8793637,,https://doi.org/10.1109/icra.2019.8793637,crossref,robotics,concept,crossref_bulk_robotics,,355,,2026-06-12T19:29:26Z,15.337,15.337
doi:10.1109/tro.2023.3339543,Active Learning of Discrete-Time Dynamics for Uncertainty-Aware Model Predictive Control,,2024,IEEE Transactions on Robotics,Alessandro Saviolo; Jonathan Frey; Abhishek Rathod; Moritz Diehl; Giuseppe Loianno,10.1109/tro.2023.3339543,,https://doi.org/10.1109/tro.2023.3339543,crossref,contact dynamics robot learning,concept,contact,,46,contact dynamics; model predictive control,2026-06-12T14:45:03Z,15.325,17.325
doi:10.1038/s41598-025-12358-z,Robust techno-economic optimization of energy hubs under uncertainty using active learning with artificial neural networks,"Energy hubs (EHs) are considered a promising solution for multi-energy resources, providing advanced system efficiency and resilience. However, their operation is often challenged by the need for techno-economic trade-offs and the uncertainties related to supply and demand. This research presents a multi-objective optimizing framework for EH operations tackling these techno-economic aspects under uncertainty. Utilizing artificial neural networks (ANN)-based active learning (AL), the proposed approach dynamically enhances the model's capability to achieve optimal scheduling and planning while considering complex, fluctuating energy demands and system constraints. The optimization approach under uncertainty provides robust predictive abilities across various scenarios, allowing the system to optimize energy management effectively, enhancing operational efficiency while minimizing overall e",2025,Scientific Reports,Aya M.A. Heikal; Shady H. E. Abdel Aleem; Ragab A. El‐Sehiemy; Almoataz Y. Abdelaziz,10.1038/s41598-025-12358-z,,https://doi.org/10.1038/s41598-025-12358-z,openalex,energy based model robot learning,concept,ebm,,6,,2026-06-12T18:26:24Z,15.323,16.323
doi:10.1080/01691864.2015.1028999,Building object models through interactive perception and foveated vision,,2015,Advanced Robotics,Robert Bevec; Aleš Ude,10.1080/01691864.2015.1028999,,https://doi.org/10.1080/01691864.2015.1028999,crossref,vision language action model limitation robotics,hostile,failure,,3,vision language action model; active perception; interactive perception; limitation,2026-06-12T15:07:36Z,15.293,20.293
doi:10.3390/s20123560,Robust Parking Path Planning with Error-Adaptive Sampling under Perception Uncertainty,"In automated parking systems, a path planner generates a path to reach the vacant parking space detected by a perception system. To generate a safe parking path, accurate detection performance is required. However, the perception system always includes perception uncertainty, such as detection errors due to sensor noise and imperfect algorithms. If the parking path planner generates the parking path under uncertainty, problems may arise that cause the vehicle to collide due to the automated parking system. To avoid these problems, it is a challenging problem to generate the parking path from the erroneous parking space. To solve this conundrum, it is important to estimate the perception uncertainty and adapt the detection error in the planning process. This paper proposes a robust parking path planning that combines an error-adaptive sampling of generating possible path candidates with a",2020,Sensors,Seongjin Lee; Wonteak Lim; Myoungho Sunwoo,10.3390/s20123560,,https://doi.org/10.3390/s20123560,crossref,sampling based motion planning,anti_myopia,anti_thesis,,14,motion planning; sampling based motion planning,2026-06-12T15:07:36Z,15.254,20.254
doi:10.1109/lra.2022.3212668,Uncertainty Guided Policy for Active Robotic 3D Reconstruction Using Neural Radiance Fields,,2022,IEEE Robotics and Automation Letters,Soomin Lee; Le Chen; Jiahao Wang; Alexander Liniger; Suryansh Kumar; Fisher Yu,10.1109/lra.2022.3212668,,https://doi.org/10.1109/lra.2022.3212668,crossref,neural radiance field robotics,concept,architecture,,89,neural radiance field robotics,2026-06-12T14:45:03Z,15.250,16.250
doi:10.1109/icra.2018.8460596,Physics-Based Selection of Informative Actions for Interactive Perception,,2018,2018 IEEE International Conference on Robotics and Automation (ICRA),Clemens Eppner; Roberto Martin-Martin; Oliver Brock,10.1109/icra.2018.8460596,,https://doi.org/10.1109/icra.2018.8460596,crossref,robotics,concept,crossref_bulk_robotics,,7,active perception; interactive perception,2026-06-12T19:29:26Z,15.240,15.240
doi:10.1109/tro.2022.3208503,ASRO-DIO: Active Subspace Random Optimization Based Depth Inertial Odometry,,2023,IEEE Transactions on Robotics,Jiazhao Zhang; Yijie Tang; He Wang; Kai Xu,10.1109/tro.2022.3208503,,https://doi.org/10.1109/tro.2022.3208503,crossref,robotics,concept,crossref_bulk_robotics,,56,,2026-06-12T19:29:26Z,15.222,15.222
doi:10.3389/frai.2020.00030,An Integrated World Modeling Theory (IWMT) of Consciousness: Combining Integrated Information and Global Neuronal Workspace Theories With the Free Energy Principle and Active Inference Framework; Toward Solving the Hard Problem and Characterizing Agentic Causation,"The Free Energy Principle and Active Inference Framework (FEP-AI) begins with the understanding that persisting systems must regulate environmental exchanges and prevent entropic accumulation. In FEP-AI, minds and brains are predictive controllers for autonomous systems, where action-driven perception is realized as probabilistic inference. Integrated Information Theory (IIT) begins with considering the preconditions for a system to intrinsically exist, as well as axioms regarding the nature of consciousness. IIT has produced controversy because of its surprising entailments: quasi-panpsychism; subjectivity without referents or dynamics; and the possibility of fully-intelligent-yet-unconscious brain simulations. Here, I describe how these controversies might be resolved by integrating IIT with FEP-AI, where integrated information only entails consciousness for systems with perspectival r",2020,Frontiers in Artificial Intelligence,Adam Safron,10.3389/frai.2020.00030,,https://doi.org/10.3389/frai.2020.00030,openalex,energy based model robot learning,concept,ebm,,142,,2026-06-12T18:05:07Z,15.181,15.181
doi:10.1177/02783640022067922,Probabilistic Algorithms and the Interactive Museum Tour-Guide Robot Minerva,"This paper describes Minerva, an interactive tour-guide robot that was successfully deployed in a Smithsonian museum. Minerva’s software is pervasively probabilistic, relying on explicit representations of uncertainty in perception and control. During 2 weeks of operation, the robot interacted with thousands of people, both in the museum and through the Web, traversing more than 44 km at speeds of up to 163 cm/sec in the unmodified museum.",2000,The International Journal of Robotics Research,S. Thrun; M. Beetz; M. Bennewitz; W. Burgard; A. B. Cremers; F. Dellaert; D. Fox; D. Hähnel; C. Rosenberg; N. Roy; J. Schulte; D. Schulz,10.1177/02783640022067922,,https://doi.org/10.1177/02783640022067922,crossref,probabilistic robotics,anti_myopia,anti_thesis,,345,probabilistic robotics,2026-06-12T15:07:36Z,15.173,19.173
doi:10.3390/agronomy13041084,Deep-Learning-Based Trunk Perception with Depth Estimation and DWA for Robust Navigation of Robotics in Orchards,"Agricultural robotics is a complex, challenging, and exciting research topic nowadays. However, orchard environments present harsh conditions for robotics operability, such as terrain irregularities, illumination, and inaccuracies in GPS signals. To overcome these challenges, reliable landmarks must be extracted from the environment. This study addresses the challenge of accurate, low-cost, and efficient landmark identification in orchards to enable robot row-following. First, deep learning, integrated with depth information, is used for real-time trunk detection and location. The in-house dataset used to train the models includes a total of 2453 manually annotated trunks. The results show that the trunk detection achieves an overall mAP of 81.6%, an inference time of 60 ms, and a location accuracy error of 9 mm at 2.8 m. Secondly, the environmental features obtained in the first step ar",2023,Agronomy,Peichen Huang; Peikui Huang; Zihong Wang; Xiao Bing Wu; Jie Liu; Lixue Zhu,10.3390/agronomy13041084,,https://doi.org/10.3390/agronomy13041084,openalex,robotics,concept,openalex_bulk_robotics,,21,limitation,2026-06-12T18:57:17Z,15.146,16.146
doi:10.3390/s22020414,Interactive Deep Learning for Shelf Life Prediction of Muskmelons Based on an Active Learning Approach,"A pivotal topic in agriculture and food monitoring is the assessment of the quality and ripeness of agricultural products by using non-destructive testing techniques. Acoustic testing offers a rapid in situ analysis of the state of the agricultural good, obtaining global information of its interior. While deep learning (DL) methods have outperformed state-of-the-art benchmarks in various applications, the reason for lacking adaptation of DL algorithms such as convolutional neural networks (CNNs) can be traced back to its high data inefficiency and the absence of annotated data. Active learning is a framework that has been heavily used in machine learning when the labelled instances are scarce or cumbersome to obtain. This is specifically of interest when the DL algorithm is highly uncertain about the label of an instance. By allowing the human-in-the-loop for guidance, a continuous impro",2022,Sensors,Dominique Albert-Weiss; Ahmad Osman,10.3390/s22020414,,https://doi.org/10.3390/s22020414,openalex,energy based model robot learning,concept,ebm,,31,benchmark,2026-06-12T18:05:07Z,15.133,16.133
doi:10.1109/icra.2013.6630570,Clearing a pile of unknown objects using interactive perception,,2013,2013 IEEE International Conference on Robotics and Automation,Dov Katz; Moslem Kazemi; J. Andrew Bagnell; Anthony Stentz,10.1109/icra.2013.6630570,,https://doi.org/10.1109/icra.2013.6630570,crossref,robotics,concept,crossref_bulk_robotics,,20,active perception; interactive perception,2026-06-12T19:29:26Z,15.122,15.122
doi:10.3389/frobt.2024.1491907,Adaptive formation learning control for cooperative AUVs under complete uncertainty,"Introduction This paper addresses the critical need for adaptive formation control in Autonomous Underwater Vehicles (AUVs) without requiring knowledge of system dynamics or environmental data. Current methods, often assuming partial knowledge like known mass matrices, limit adaptability in varied settings. Methods We proposed two-layer framework treats all system dynamics, including the mass matrix, as entirely unknown, achieving configuration-agnostic control applicable to multiple underwater scenarios. The first layer features a cooperative estimator for inter-agent communication independent of global data, while the second employs a decentralized deterministic learning (DDL) controller using local feedback for precise trajectory control. The framework's radial basis function neural networks (RBFNN) store dynamic information, eliminating the need for relearning after system restarts. ",2025,Frontiers in Robotics and AI,Emadodin Jandaghi; Mingxi Zhou; Paolo Stegagno; Chengzhi Yuan,10.3389/frobt.2024.1491907,,https://doi.org/10.3389/frobt.2024.1491907,crossref,control barrier functions robot learning,anti_myopia,control,,5,control barrier function,2026-06-12T15:07:36Z,15.096,19.096
doi:10.1109/lra.2021.3068706,Probabilistic Multi-View Fusion of Active Stereo Depth Maps for Robotic Bin-Picking,,2021,IEEE Robotics and Automation Letters,Jun Yang; Dong Li; Steven L. Waslander,10.1109/lra.2021.3068706,,https://doi.org/10.1109/lra.2021.3068706,crossref,probabilistic robotics,anti_myopia,anti_thesis,,28,probabilistic robotics,2026-06-12T15:07:36Z,15.084,18.084
doi:10.3389/fpsyg.2022.762701,The Use of Deep Learning-Based Gesture Interactive Robot in the Treatment of Autistic Children Under Music Perception Education,"The purpose of this study was to apply deep learning to music perception education. Music perception therapy for autistic children using gesture interactive robots based on the concept of educational psychology and deep learning technology is proposed. First, the experimental problems are defined and explained based on the relevant theories of pedagogy. Next, gesture interactive robots and music perception education classrooms are studied based on recurrent neural networks (RNNs). Then, autistic children are treated by music perception, and an electroencephalogram (EEG) is used to collect the music perception effect and disease diagnosis results of children. Due to significant advantages of signal feature extraction and classification, RNN is used to analyze the EEG of autistic children receiving different music perception treatments to improve classification accuracy. The experimental r",2022,Frontiers in Psychology,Yiyao Zhang; Chao Zhang; Lei Cheng; Mingwei Qi,10.3389/fpsyg.2022.762701,,https://doi.org/10.3389/fpsyg.2022.762701,crossref,Gaussian splatting robot perception,concept,architecture,,14,Gaussian splatting robot perception,2026-06-12T15:07:36Z,15.054,15.054
doi:10.1109/cvpr52733.2024.01379,PaSCo: Urban 3D Panoptic Scene Completion with Uncertainty Awareness,,2024,2024 IEEE/CVF Conference on Computer Vision and Pattern Recognition (CVPR),Anh-Quan Cao; Angela Dai; Raoul De Charette,10.1109/cvpr52733.2024.01379,,https://doi.org/10.1109/cvpr52733.2024.01379,crossref,3D scene understanding robot manipulation,concept,scene_understanding,,26,robot manipulation; 3D scene understanding,2026-06-12T15:07:36Z,15.048,16.048
doi:10.1016/j.apenergy.2023.122133,Physically consistent deep learning-based day-ahead energy dispatching and thermal comfort control for grid-interactive communities,,2024,Applied Energy,Tianqi Xiao; Fengqi You,10.1016/j.apenergy.2023.122133,,https://doi.org/10.1016/j.apenergy.2023.122133,crossref,energy based model robot learning,concept,ebm,,25,,2026-06-12T15:07:36Z,15.029,15.029
doi:10.1126/scirobotics.adp6419,Robotic locomotion through active and passive morphological adaptation in extreme outdoor environments,"Robotic locomotion has shown substantial advancements, yet robots still lack the versatility and agility shown by animals navigating complex terrains. This limits their applicability in complex environments where they could be highly beneficial. Unlike existing robots that rely on intricate perception systems to construct models of both themselves and their surroundings, a more bioinspired approach leverages reconfiguration to adapt a robot’s morphology to its environment. Although interest in such multimodal, terrain-adaptive robots is increasing, their capacity for morphological reconfiguration often remains confined to specific body parts or comes at the expense of increased system complexity and reduced locomotion efficiency. Our study seeks to enhance robotic locomotion by developing robots that can actively reconfigure their morphology, altering their physical properties and levera",2025,Science Robotics,Max Polzin; Qinghua Guan; Josie Hughes,10.1126/scirobotics.adp6419,,https://doi.org/10.1126/scirobotics.adp6419,crossref,online adaptation robot learning,concept,adaptation,,30,online adaptation; robustness,2026-06-12T15:07:36Z,15.017,16.017
doi:10.1007/978-3-642-28572-1_21,Interactive Perception of Articulated Objects,,2014,Springer Tracts in Advanced Robotics Experimental Robotics,Dov Katz; Andreas Orthey; Oliver Brock,10.1007/978-3-642-28572-1_21,,https://doi.org/10.1007/978-3-642-28572-1_21,crossref,EBM transformer robotics tool use robotics,concept,architecture_x_embodiment,,16,EBM transformer robotics; tool use robotics; active perception; interactive perception,2026-06-12T15:07:36Z,15.017,15.017
doi:10.1109/tnnls.2023.3243091,Repetitive Impedance Learning-Based Physically Human–Robot Interactive Control,,2024,IEEE Transactions on Neural Networks and Learning Systems,Tairen Sun; Jiantao Yang; Yongping Pan; Hongliu Yu,10.1109/tnnls.2023.3243091,,https://doi.org/10.1109/tnnls.2023.3243091,crossref,energy based model robot learning,concept,ebm,,24,,2026-06-12T15:07:36Z,15.009,15.009
doi:10.1126/scirobotics.aaw6736,Learning sensorimotor control with neuromorphic sensors: Toward hyperdimensional active perception,The theory of hyperdimensional computation facilitates integration of action and perception by using a neuromorphic sensor.,2019,Science Robotics,A. Mitrokhin; P. Sutor; C. Fermüller; Y. Aloimonos,10.1126/scirobotics.aaw6736,,https://doi.org/10.1126/scirobotics.aaw6736,crossref,Gaussian splatting robot perception,concept,architecture,,90,Gaussian splatting robot perception; active perception,2026-06-12T15:07:36Z,15.005,15.005
doi:10.1016/j.visres.2010.09.001,Teach to reach: The effects of active vs. passive reaching experiences on action and perception,,2010,Vision Research,Klaus Libertus; Amy Needham,10.1016/j.visres.2010.09.001,,https://doi.org/10.1016/j.visres.2010.09.001,crossref,vision language action model limitation robotics,hostile,failure,,121,vision language action model; limitation,2026-06-12T15:07:36Z,15.002,20.002
doi:10.1145/3571599,Perception-Motion Coupling in Active Telepresence: Human Behavior and Teleoperation Interface Design,"Teleoperation enables complex robot platforms to perform tasks beyond the scope of the current state-of-the-art robot autonomy by imparting human intelligence and critical thinking to these operations. For seamless control of robot platforms, it is essential to facilitate optimal situational awareness of the workspace for the operator through active telepresence cameras. However, the control of these active telepresence cameras adds an additional degree of complexity to the task of teleoperation. In this paper we present our results from the user study that investigates: (1) how the teleoperator learns or adapts to performing the tasks via active cameras modeled after camera placements on the TRINA humanoid robot; (2) the perception-action coupling operators implement to control active telepresence cameras, and (3) the camera preferences for performing the tasks. These findings from the ",2023,ACM Transactions on Human-Robot Interaction,Tsung-Chi Lin; Achyuthan Unni Krishnan; Zhi Li,10.1145/3571599,,https://doi.org/10.1145/3571599,crossref,teleoperation data robot foundation model,concept,human_data,,8,robot foundation model; humanoid robot; teleoperation,2026-06-12T14:45:03Z,14.999,14.999
doi:10.1109/lra.2020.2969938,Unsupervised Depth Completion From Visual Inertial Odometry,,2020,IEEE Robotics and Automation Letters,Alex Wong; Xiaohan Fei; Stephanie Tsuei; Stefano Soatto,10.1109/lra.2020.2969938,,https://doi.org/10.1109/lra.2020.2969938,crossref,robotics,concept,crossref_bulk_robotics,,116,,2026-06-12T19:29:26Z,14.981,14.981
doi:10.1007/s10514-017-9615-3,Revisiting active perception,,2018,Autonomous Robots,Ruzena Bajcsy; Yiannis Aloimonos; John K. Tsotsos,10.1007/s10514-017-9615-3,,https://doi.org/10.1007/s10514-017-9615-3,crossref,Gaussian splatting robot perception,concept,architecture,,250,Gaussian splatting robot perception; active perception,2026-06-12T15:07:36Z,14.963,14.963
doi:10.1109/roman.2016.7745175,Incorporating perception uncertainty in human-aware navigation: A comparative study,,2016,2016 25th IEEE International Symposium on Robot and Human Interactive Communication (RO-MAN),Zeynab Talebpour; Deepak Viswanathan; Rodrigo Ventura; Gwenn Englebienne; Alcherio Martinoli,10.1109/roman.2016.7745175,,https://doi.org/10.1109/roman.2016.7745175,crossref,Gaussian splatting robot perception,concept,architecture,,9,Gaussian splatting robot perception,2026-06-12T15:07:36Z,14.951,15.951
doi:10.1115/detc99/movic-8434,Adaptive Motion and Force Control of Robots Performing a Complete Task,"Abstract In this work, we consider adaptive motion and force control of a robot performing a complete task. By a complete task we mean that the robot desired task contains both free motion and constrained motion. Further, we also consider transition from free motion to constrained motion. We divide the motion of the robot into three phases: (i) inactive phase, where the robot is in free motion, (ii) transition phase, where the transition from free motion to constrained motion takes place, and (iii) active phase, where the robot is in constrained motion with simultaneous force and position control. Uncertainty of the constraint results in the impact of robot with the constraint surface when transition from free motion to constrained motion. We design stable control laws for the three phases that results in an efficient algorithm for robots performing a complete task. Extensive experiments",1999,Volume 6: International Symposium on Motion and Vibration Control,Prabhakar R. Pagilla; Biao Yu,10.1115/detc99/movic-8434,,https://doi.org/10.1115/detc99/movic-8434,crossref,task and motion planning robotics,anti_myopia,classic,,1,force control; motion planning; task and motion planning,2026-06-12T15:07:36Z,14.947,19.947
doi:10.1109/lra.2021.3070308,Volumetric Occupancy Mapping With Probabilistic Depth Completion for Robotic Navigation,,2021,IEEE Robotics and Automation Letters,Marija Popovic; Florian Thomas; Sotiris Papatheodorou; Nils Funk; Teresa Vidal-Calleja; Stefan Leutenegger,10.1109/lra.2021.3070308,,https://doi.org/10.1109/lra.2021.3070308,crossref,probabilistic robotics,anti_myopia,anti_thesis,,21,probabilistic robotics,2026-06-12T15:07:36Z,14.946,17.946
doi:10.1109/tie.2018.2878157,Robotic Material Perception Using Active Multimodal Fusion,"Robotic material perception is an extremely important but challenging problem for industrial intelligence. The main difficulties come from the fact that the material properties are difficult to be comprehensibly evaluated by single visual, auditory, or tactile modality. Conventional multimodal fusion methods require collecting all of the multimodal information for a testing sample before the recognition. This is expensive, redundant, and may incur large latency. To tackle this problem, a new active fusion framework for the multimodal material recognition is proposed in this paper. We first adopt the adversarial learning method to obtain the modal-invariant representations to effectively bridge the gap between different modalities and then develop a reinforcement learning method for active modality selection. The developed framework and algorithms are evaluated on a publicly available dat",2018,IEEE Transactions on Industrial Electronics,Huaping Liu; Fuchun Sun; Xinyu Zhang,10.1109/tie.2018.2878157,,https://doi.org/10.1109/tie.2018.2878157,openalex,robotics,concept,openalex_bulk_robotics,,51,latency,2026-06-12T18:57:17Z,14.926,14.926
doi:10.1109/tii.2023.3256369,Tactile Perception-Based Depth and Angle Control During Robot-Assisted Bent Bone Grinding,,2024,IEEE Transactions on Industrial Informatics,Guangming Xia; Jinggang Wang; Bin Yao; Yu Dai; Yuan Xue; Jianxun Zhang,10.1109/tii.2023.3256369,,https://doi.org/10.1109/tii.2023.3256369,crossref,Gaussian splatting robot perception,concept,architecture,,20,Gaussian splatting robot perception; tactile perception,2026-06-12T15:07:36Z,14.922,14.922
doi:10.48550/arxiv.2112.01871,Active Inference in Robotics and Artificial Agents: Survey and Challenges,"Active inference is a mathematical framework which originated in computational neuroscience as a theory of how the brain implements action, perception and learning. Recently, it has been shown to be a promising approach to the problems of state-estimation and control under uncertainty, as well as a foundation for the construction of goal-driven behaviours in robotics and artificial agents in general. Here, we review the state-of-the-art theory and implementations of active inference for state-estimation, control, planning and learning; describing current achievements with a particular focus on robotics. We showcase relevant experiments that illustrate its potential in terms of adaptation, generalization and robustness. Furthermore, we connect this approach with other frameworks and discuss its expected benefits and challenges: a unified framework with functional biological plausibility u",2021,arXiv (Cornell University),Pablo Lanillos; Cristian Meo; Corrado Pezzato; Ajith Anil Meera; Mohamed Baioumy; Wataru Ohata; Alexander Tschantz; Beren Millidge; Martijn Wisse; Christopher L. Buckley; Jun Tani,10.48550/arxiv.2112.01871,,https://doi.org/10.48550/arxiv.2112.01871,openalex,robotics,concept,openalex_bulk_robotics,,56,state estimation; generalization; robustness,2026-06-12T18:57:17Z,14.922,17.922
doi:10.1109/lra.2023.3300544,FDCT: Fast Depth Completion for Transparent Objects,,2023,IEEE Robotics and Automation Letters,Tianan Li; Zhehan Chen; Huan Liu; Chen Wang,10.1109/lra.2023.3300544,,https://doi.org/10.1109/lra.2023.3300544,crossref,robotics,concept,crossref_bulk_robotics,,30,,2026-06-12T19:29:26Z,14.917,14.917
doi:10.3390/act15060280,ADDFNet: A Robotic Grasping Depth Map Completion Network Integrating Differential Enhancement Convolution and Hybrid Attention,"In the field of industrial robotic vision, accurate recognition and localization of transparent objects pose significant challenges. Unlike opaque objects, transparent objects are difficult to distinguish in RGB images, and due to refraction and reflection, their depth information often suffers from large-area missing or erroneous values, leading to failed grasp pose prediction. Therefore, depth completion is crucial for transparent object grasping tasks. However, existing depth completion methods still exhibit obvious limitations. Multi-stage optimization methods, while achieving high accuracy, involve complex pipelines and high computational costs. Single-stage end-to-end networks, when processing sparse edge features of transparent objects that are also contaminated by background interference, are constrained by the receptive field and smoothing effect of conventional convolutions, of",2026,Actuators,Nan Liu; Yi-Horng Lai; Yue Wu; Jiaen Wang; Xian Yu,10.3390/act15060280,,https://doi.org/10.3390/act15060280,crossref,analytical grasping,anti_myopia,anti_thesis,,,industrial robot; limitation; robustness; analytical grasping,2026-06-12T15:07:36Z,14.900,19.900
doi:10.1109/tte.2025.3614254,Uncertainty-Driven Active Reinforcement Learning for Energy Management Strategy in Electrified Vehicles,"Reinforcement learning (RL), as a data-driven optimization method, enables electrified vehicles to train optimal energy management strategy (EMS) in complex and dynamic environments. However, traditional RL methods often face inefficiency during the exploration process, particularly in high-dimensional continuous state spaces, leading to slow convergence or a tendency to fall into local optima. To address these issues, this paper proposes an uncertainty-driven active RL (UaRL) for EMS, which is built upon the soft actor-critic algorithm, using the dual Q-values difference as a measure of uncertainty. When the uncertainty increases significantly, the active learning mechanism is activated, allowing the UaRL system to select more reliable actions through rule-based methods and guide the improvement of the RL policy. Experimental results show that the novel UaRL approach has significant adv",2025,IEEE Transactions on Transportation Electrification,Dong Hu; Cheng Tian; Anh‐Tu Nguyen; Chao Huang,10.1109/tte.2025.3614254,,https://doi.org/10.1109/tte.2025.3614254,openalex,energy based transformer robot policy,concept,ebm_transformer,,2,energy based transformer robot policy,2026-06-12T18:05:07Z,14.899,15.899
doi:10.1109/cvpr52733.2024.01543,MP5: A Multi-modal Open-ended Embodied System in Minecraft via Active Perception,,2024,2024 IEEE/CVF Conference on Computer Vision and Pattern Recognition (CVPR),Yiran Qin; Enshen Zhou; Qichang Liu; Zhenfei Yin; Lu Sheng; Ruimao Zhang; Yu Qiao; Jing Shao,10.1109/cvpr52733.2024.01543,,https://doi.org/10.1109/cvpr52733.2024.01543,crossref,Gaussian splatting robot perception embodied agent,concept,architecture_x_embodiment,,19,Gaussian splatting robot perception; embodied agent; active perception,2026-06-12T15:07:36Z,14.898,14.898
doi:10.3390/ijgi12090381,A Comprehensive Evaluation of Machine Learning and Classical Approaches for Spaceborne Active-Passive Fusion Bathymetry of Coral Reefs,"Satellite-derived bathymetry (SDB) techniques are increasingly valuable for deriving high-quality bathymetric maps of coral reefs. Investigating the performance of the related SDB algorithms in purely spaceborne active–passive fusion bathymetry contributes to formulating reliable bathymetric strategies, particularly for areas such as the Spratly Islands, where in situ observations are exceptionally scarce. In this study, we took Anda Reef as a case study and evaluated the performance of eight common SDB approaches by integrating Sentinel-2 images with Ice, Cloud, and Land Elevation Satellite-2 (ICESat-2). The bathymetric maps were generated using two classical and six machine-learning algorithms, which were then validated with measured sonar data. The results illustrated that all models accurately estimated the depth of coral reefs in the 0–20 m range. The classical algorithms (Lyzenga a",2023,ISPRS International Journal of Geo-Information,Jian Cheng; Liang Cheng; Sensen Chu; Jizhe Li; Qixin Hu; Ye Li; Zhiyong Wang; Hui Chen,10.3390/ijgi12090381,,https://doi.org/10.3390/ijgi12090381,openalex,energy based model robot learning,concept,ebm,,22,,2026-06-12T18:26:24Z,14.868,16.868
doi:10.1109/lra.2021.3058072,Learning Topology From Synthetic Data for Unsupervised Depth Completion,,2021,IEEE Robotics and Automation Letters,Alex Wong; Safa Cicek; Stefano Soatto,10.1109/lra.2021.3058072,,https://doi.org/10.1109/lra.2021.3058072,crossref,robotics,concept,crossref_bulk_robotics,,59,,2026-06-12T19:29:26Z,14.847,14.847
doi:10.1109/cvpr52733.2024.01939,Test- Time Adaptation for Depth Completion,,2024,2024 IEEE/CVF Conference on Computer Vision and Pattern Recognition (CVPR),Hyoungseob Park; Anjali Gupta; Alex Wong,10.1109/cvpr52733.2024.01939,,https://doi.org/10.1109/cvpr52733.2024.01939,crossref,test time adaptation robot policy,concept,adaptation,,17,test time adaptation,2026-06-12T14:45:03Z,14.845,14.845
doi:10.1109/roman.2015.7333665,Perception matters! Engagement in task orientated social robotics,,2015,2015 24th IEEE International Symposium on Robot and Human Interactive Communication (RO-MAN),Lee J. Corrigan; Christina Basedow; Dennis Kuster; Arvid Kappas; Christopher Peters; Ginevra Castellano,10.1109/roman.2015.7333665,,https://doi.org/10.1109/roman.2015.7333665,crossref,Gaussian splatting robot perception,concept,architecture,,11,Gaussian splatting robot perception,2026-06-12T15:07:36Z,14.842,14.842
doi:10.1007/978-3-642-23968-7_16,Scene Understanding through Autonomous Interactive Perception,,2011,Lecture Notes in Computer Science Computer Vision Systems,Niklas Bergström; Carl Henrik Ek; Mårten Björkman; Danica Kragic,10.1007/978-3-642-23968-7_16,,https://doi.org/10.1007/978-3-642-23968-7_16,crossref,3D scene understanding robot manipulation,concept,scene_understanding,,11,robot manipulation; 3D scene understanding; active perception; interactive perception,2026-06-12T15:07:36Z,14.842,14.842
doi:10.1021/acs.jctc.9b01297,Automation of Active Space Selection for Multireference Methods via Machine Learning on Chemical Bond Dissociation,"Predicting and understanding the chemical bond is one of the major challenges of computational quantum chemistry. Kohn-Sham density functional theory (KS-DFT) is the most common method, but approximate density functionals may not be able to describe systems where multiple electronic configurations are equally important. Multiconfigurational wave functions, on the other hand, can provide a detailed understanding of the electronic structures and chemical bonds of such systems. In the complete active space self-consistent field (CASSCF) method, one performs a full configuration interaction calculation in an active space consisting of active electrons and active orbitals. However, CASSCF and its variants require the selection of these active spaces. This choice is not black box; it requires significant experience and testing by the user, and thus active space methods are not considered parti",2020,Journal of Chemical Theory and Computation,WooSeok Jeong; Samuel J. Stoneburner; Daniel S. King; Ruye Li; Andrew Walker; Roland Lindh; Laura Gagliardi,10.1021/acs.jctc.9b01297,,https://doi.org/10.1021/acs.jctc.9b01297,openalex,energy based model robot learning,concept,ebm,,71,,2026-06-12T18:26:24Z,14.838,14.838
doi:10.1207/s15516709cog2302_3,Are Theories of Imagery Theories of Imagination? An Active Perception Approach to Conscious Mental Content,"Can theories of mental imagery, conscious mental contents, developed within cognitive science throw light on the obscure (but culturally very significant) concept of imagination? Three extant views of mental imagery are considered: quasi‐pictorial, description, and perceptual activity theories. The first two face serious theoretical and empirical difficulties. The third is (for historically contingent reasons) little known, theoretically underdeveloped, and empirically untried, but has real explanatory potential. It rejects the “traditional” symbolic computational view of mental contents, but is compatible with recent situated cognition and active vision approaches in robotics. This theory is developed and elucidated. Three related key aspects of imagination (non‐discursiveness, creativity, and seeing as) raise difficulties for the other theories. Perceptual activity theory presents imag",1999,Cognitive Science,Nigel J. T. Thomas,10.1207/s15516709cog2302_3,,https://doi.org/10.1207/s15516709cog2302_3,openalex,energy based model robot learning,concept,ebm,,285,active perception,2026-06-12T18:26:24Z,14.828,14.828
doi:10.3390/robotics13100143,Virtual Hand Deformation-Based Pseudo-Haptic Feedback for Enhanced Force Perception and Task Performance in Physically Constrained Teleoperation,"Force-feedback devices enhance task performance in most robot teleoperations. However, their increased size with additional degrees of freedom can limit the robot’s applicability. To address this, an interface that visually presents force feedback is proposed, eliminating the need for bulky physical devices. Our telepresence system renders robotic hands transparent in the camera image while displaying virtual hands. The forces applied to the robot deform these virtual hands. The deformation creates an illusion that the operator’s hands are deforming, thus providing pseudo-haptic feedback. We conducted a weight comparison experiment in a virtual reality environment to evaluate force sensitivity. In addition, we conducted an object touch experiment to assess the speed of contact detection in a robot teleoperation setting. The results demonstrate that our method significantly surpasses conv",2024,Robotics,Kento Yamamoto; Yaonan Zhu; Tadayoshi Aoyama; Yasuhisa Hasegawa,10.3390/robotics13100143,,https://doi.org/10.3390/robotics13100143,crossref,task and motion planning robotics,anti_myopia,classic,,4,motion planning; task and motion planning; teleoperation,2026-06-12T15:07:36Z,14.805,18.805
doi:10.1109/lra.2024.3494663,An Improved Motion Strategy With Uncertainty Perception for the Underwater Robot Based on Thrust Allocation Model,,2025,IEEE Robotics and Automation Letters,Ao Li; Shuxiang Guo; Chunying Li,10.1109/lra.2024.3494663,,https://doi.org/10.1109/lra.2024.3494663,crossref,energy based model robot learning,concept,ebm,,10,,2026-06-12T15:07:36Z,14.799,15.799
doi:10.1016/j.autcon.2021.103939,Robotic binding of rebar based on active perception and planning,,2021,Automation in Construction,Jiahao Jin; Weimin Zhang; Fangxing Li; Mingzhu Li; Yongliang Shi; Ziyuan Guo; Qiang Huang,10.1016/j.autcon.2021.103939,,https://doi.org/10.1016/j.autcon.2021.103939,openalex,robotics,concept,openalex_bulk_robotics,,48,active perception,2026-06-12T18:57:17Z,14.796,14.796
doi:10.15607/rss.2021.xvii.066,Safe Occlusion-Aware Autonomous Driving via Game-Theoretic Active Perception,,2021,Robotics: Science and Systems XVII,Zixu Zhang; Jaime Fisac,10.15607/rss.2021.xvii.066,,https://doi.org/10.15607/rss.2021.xvii.066,crossref,robotics,concept,crossref_bulk_robotics,,53,active perception; occlusion,2026-06-12T19:29:26Z,14.794,14.794
doi:10.3390/s24196270,A Transformer-Based Image-Guided Depth-Completion Model with Dual-Attention Fusion Module,"Depth information is crucial for perceiving three-dimensional scenes. However, depth maps captured directly by depth sensors are often incomplete and noisy, our objective in the depth-completion task is to generate dense and accurate depth maps from sparse depth inputs by fusing guidance information from corresponding color images obtained from camera sensors. To address these challenges, we introduce transformer models, which have shown great promise in the field of vision, into the task of image-guided depth completion. By leveraging the self-attention mechanism, we propose a novel network architecture that effectively meets these requirements of high accuracy and resolution in depth data. To be more specific, we design a dual-branch model with a transformer-based encoder that serializes image features into tokens step by step and extracts multi-scale pyramid features suitable for pixe",2024,Sensors,Shuling Wang; Fengze Jiang; Xiaojin Gong,10.3390/s24196270,,https://doi.org/10.3390/s24196270,crossref,transformer energy based model robotics,concept,ebm_transformer,,3,energy based model robotics; ablation,2026-06-12T15:07:36Z,14.793,15.793
doi:10.7717/peerj.11760,Neural correlates of tactile hardness intensity perception during active grasping,"While tactile sensation plays an essential role in interactions with the surroundings, relatively little is known about the neural processes involved in the perception of tactile information. In particular, it remains unclear how different intensities of tactile hardness are represented in the human brain during object manipulation. This study aims to investigate neural responses to various levels of tactile hardness using functional magnetic resonance imaging while people grasp objects to perceive hardness intensity. We used four items with different hardness levels but otherwise identical in shape and texture. A total of Twenty-five healthy volunteers participated in this study. Before scanning, participants performed a behavioral task in which they received a pair of stimuli and they were to report the perceived difference of hardness between them. During scanning, without any visual ",2021,PeerJ,Ji-Hyun Kim; Junsuk Kim; Jiwon Yeon; Jang-Yeon Park; Dongil Chung; Sung-Phil Kim,10.7717/peerj.11760,,https://doi.org/10.7717/peerj.11760,crossref,analytical grasping,anti_myopia,anti_thesis,,7,analytical grasping,2026-06-12T15:07:36Z,14.790,17.790
doi:10.1007/s10846-022-01595-3,Active Perception Fruit Harvesting Robots — A Systematic Review,,2022,Journal of Intelligent & Robotic Systems,Sandro Augusto Magalhães; António Paulo Moreira; Filipe Neves dos Santos; Jorge Dias,10.1007/s10846-022-01595-3,,https://doi.org/10.1007/s10846-022-01595-3,crossref,Gaussian splatting robot perception,concept,architecture,,33,Gaussian splatting robot perception; active perception,2026-06-12T15:07:36Z,14.763,14.763
doi:10.1007/s11423-022-10081-4,Learner-centric MOOC model: a pedagogical design model towards active learner participation and higher completion rates,,2022,Educational technology research and development,Veenita Shah; Sahana Murthy; Jayakrishnan Warriem; Sameer Sahasrabudhe; Gargi Banerjee; Sridhar Iyer,10.1007/s11423-022-10081-4,,https://doi.org/10.1007/s11423-022-10081-4,crossref,object centric world model,concept,architecture,,33,object centric world model,2026-06-12T15:07:36Z,14.763,14.763
doi:10.1109/tim.2024.3427782,Transparent Object Depth Perception Network for Robotic Manipulation Based on Orientation-Aware Guidance and Texture Enhancement,,2024,IEEE Transactions on Instrumentation and Measurement,Yunhui Yan; Hongkun Tian; Kechen Song; Yuntian Li; Yi Man; Ling Tong,10.1109/tim.2024.3427782,,https://doi.org/10.1109/tim.2024.3427782,crossref,Gaussian splatting robot perception deformable object manipulation,concept,architecture_x_embodiment,,14,Gaussian splatting robot perception; deformable object manipulation,2026-06-12T15:07:36Z,14.754,14.754
doi:10.1109/cvpr52734.2025.02073,Distilling Monocular Foundation Model for Fine-grained Depth Completion,,2025,2025 IEEE/CVF Conference on Computer Vision and Pattern Recognition (CVPR),Yingping Liang; Yutao Hu; Wenqi Shao; Ying Fu,10.1109/cvpr52734.2025.02073,,https://doi.org/10.1109/cvpr52734.2025.02073,crossref,robot foundation model vision language action,concept,vla,,9,robot foundation model,2026-06-12T15:07:36Z,14.751,14.751
doi:10.1109/lra.2021.3062004,How to Select and Use Tools? : Active Perception of Target Objects Using Multimodal Deep Learning,,2021,IEEE Robotics and Automation Letters,Namiko Saito; Tetsuya Ogata; Satoshi Funabashi; Hiroki Mori; Shigeki Sugano,10.1109/lra.2021.3062004,,https://doi.org/10.1109/lra.2021.3062004,crossref,Gaussian splatting robot perception,concept,architecture,,46,Gaussian splatting robot perception; active perception,2026-06-12T15:07:36Z,14.725,14.725
doi:10.3390/electronics14010153,"Autonomous Forklifts: State of the Art—Exploring Perception, Scanning Technologies and Functional Systems—A Comprehensive Review","This paper presents a comprehensive overview of cutting-edge autonomous forklifts, with a strong emphasis on sensors, object detection and system functionality. It aims to explore how this technology is evolving and where it is likely headed in both the near and long-term future, while also highlighting the latest developments in both academic research and industrial applications. Given the critical importance of object detection and recognition in machine vision and autonomous vehicles, this area receives particular attention. The article provides an in-depth summary of both commercial and prototype forklifts, discussing key aspects such as design features, capabilities and benefits, and offers a detailed technical comparison. Specifically, it clarifies that all available data pertains to commercially available forklifts. To obtain a better understanding of the current state-of-the-art ",2025,Electronics,Muftah Fraifer; Joseph Coleman; James Maguire; Petar Trslić; Gerard Dooly; Daniel Toal,10.3390/electronics14010153,,https://doi.org/10.3390/electronics14010153,openalex,energy based transformer robot policy,concept,ebm_transformer,,14,energy based transformer robot policy; limitation,2026-06-12T18:05:07Z,14.704,15.704
doi:10.1109/lra.2021.3117254,ABCD: Attentive Bilateral Convolutional Network for Robust Depth Completion,,2022,IEEE Robotics and Automation Letters,Yurim Jeon; Hwichang Kim; Seung-Woo Seo,10.1109/lra.2021.3117254,,https://doi.org/10.1109/lra.2021.3117254,crossref,robotics,concept,crossref_bulk_robotics,,29,,2026-06-12T19:29:26Z,14.701,14.701
doi:10.1109/icra48891.2023.10161505,Autonomous Intelligent Navigation for Flexible Endoscopy Using Monocular Depth Guidance and 3-D Shape Planning,"Recent advancements toward perception and decision-making of flexible endoscopes have shown great potential in computer-aided surgical interventions. However, owing to modeling uncertainty and inter-patient anatomical variation in flexible endoscopy, the challenge remains for efficient and safe navigation in patient-specific scenarios. This paper presents a novel data-driven framework with self-contained visual-shape fusion for autonomous intelligent navigation of flexible endoscopes requiring no priori knowledge of system models and global environments. A learning-based adaptive visual servoing controller is proposed to online update the eye-in-hand vision-motor configuration and steer the endoscope, which is guided by monocular depth estimation via a vision transformer (ViT). To prevent unnecessary and excessive interactions with surrounding anatomy, an energy-motivated shape planning ",2023,,Yiang Lu; Ruofeng Wei; Bin Li; Wei Chen; Jianshu Zhou; Qi Dou; Dong Sun; Yunhui Liu,10.1109/icra48891.2023.10161505,,https://doi.org/10.1109/icra48891.2023.10161505,openalex,energy based policy robotics,concept,ebm,,15,proprioception; model predictive control; visual servoing,2026-06-12T18:05:07Z,14.686,16.686
doi:10.1109/lra.2019.2953639,Depth Based Semantic Scene Completion With Position Importance Aware Loss,,2020,IEEE Robotics and Automation Letters,Jie Li; Yu Liu; Xia Yuan; Chunxia Zhao; Roland Siegwart; Ian Reid; Cesar Cadena,10.1109/lra.2019.2953639,,https://doi.org/10.1109/lra.2019.2953639,crossref,scene graph robot learning,concept,architecture,,62,scene graph robot learning,2026-06-12T15:07:36Z,14.672,14.672
doi:10.1109/lra.2021.3068885,A Surface Geometry Model for LiDAR Depth Completion,,2021,IEEE Robotics and Automation Letters,Yiming Zhao; Lin Bai; Ziming Zhang; Xinming Huang,10.1109/lra.2021.3068885,,https://doi.org/10.1109/lra.2021.3068885,crossref,robotics,concept,crossref_bulk_robotics,,40,,2026-06-12T19:29:26Z,14.657,14.657
doi:10.3390/s21113941,An Ensemble Learning Method for Robot Electronic Nose with Active Perception,"The electronic nose is the olfactory organ of the robot, which is composed of a large number of sensors to perceive the smell of objects through free diffusion. Traditionally, it is difficult to realize the active perception function, and it is difficult to meet the requirements of small size, low cost, and quick response that robots require. In order to address these issues, a novel electronic nose with active perception was designed and an ensemble learning method was proposed to distinguish the smell of different objects. An array of three MQ303 semiconductor gas sensors and an electrochemical sensor DART-2-Fe5 were used to construct the novel electronic nose, and the proposed ensemble learning method with four algorithms realized the active odor perception function. The experiment results verified that the accuracy of the active odor perception can reach more than 90%, even though it",2021,Sensors,Shengming Li; Lin Feng; Yunfei Ge; Li Zhu; Liang Zhao,10.3390/s21113941,,https://doi.org/10.3390/s21113941,crossref,Gaussian splatting robot perception,concept,architecture,,9,Gaussian splatting robot perception; active perception,2026-06-12T15:07:36Z,14.651,14.651
doi:10.20944/preprints202312.1467.v1,Enhancing View Synthesis with Depth-Guided Neural Radiance Fields and Improved Depth Completion,"Neural radiance fields (NeRF) leverage a neural representation to encode scenes, obtaining photo-realistic rendering of novel views. However, NeRF has notable limitations. A significant drawback is that it does not capture surface geometry and only renders the object surface colors. Furthermore, the training of NeRF is exceedingly time-consuming. We propose Depth-NeRF as a solution to these issues. Specifically, our approach employs a fast depth completion algorithm to denoise and complete the depth maps generated by RGB-D cameras. These improved depth maps guide the sampling points of NeRF to be distributed closer to the scene&#039;s surface, benefiting from dense depth information. Furthermore, we have optimized the network structure of NeRF and integrated depth information to constrain the optimization process, ensuring that the termination distribution of the ray is consistent with t",,,Bojun Wang; Danhong Zhang; Yixin Su; Huajun Zhang,10.20944/preprints202312.1467.v1,,https://doi.org/10.20944/preprints202312.1467.v1,crossref,neural radiance field robotics,concept,architecture,,,neural radiance field robotics; limitation,2026-06-12T15:07:36Z,14.650,15.650
doi:10.1068/v96l1103,Depth and Motion in Object Completion,"Models of illusory and occluded contour and surface completion have focused on static spatial relations in planar surfaces. We consider several findings indicating that depth and motion play important roles in object completion. In one set of studies, effects of depth separation were studied in a speeded classification paradigm in which surface pieces were oriented in parallel or convergent (intersecting) planes. Subjects' task was to respond “parallel” or “convergent” on each trial. It was hypothesised that object completion would facilitate performance, and that depth separation of the two visible areas would disrupt completion. Speed and accuracy were reliably reduced when object parts were separated in depth via stereoscopic information. In a second series of studies a speeded classification paradigm was used to test perception of illusory figures from edges specified solely by motio",1996,Perception,P J Kellman; T F Shipley,10.1068/v96l1103,,https://doi.org/10.1068/v96l1103,crossref,Gaussian splatting robot perception deformable object manipulation,concept,architecture_x_embodiment,,,Gaussian splatting robot perception; deformable object manipulation,2026-06-12T15:07:36Z,14.650,14.650
doi:10.1038/s41598-024-57283-9,Depth perception of stereoscopic transparent stimuli with frame manipulation,"Abstract Depth perception is crucial in human vision, allowing us to move and interact with our 3-D surroundings. We used a stereoscopic transparent stimulus comprising parallel overlapping transparent stereoscopic surfaces (POTS) to understand depth perception better. The study focused on exploring the effect of a surrounding frame on the perceived depth of a POTS configuration. The research was based on a proposed idea that explains an ""off-frame"" effect: a frame at a different depth from a 2-D photograph depicting a 3-D scene increases its apparent depth qualitatively. The idea assumes that processing the disparity between a frame and a photo reduces the reliability of the photograph's flatness cues and increases depth magnitude in depth cue integration. We examined whether the idea can be applied to a 3-D POTS with the flatness cue as the constant accommodation. Through three experim",2024,Scientific Reports,Saori Aida; Shunta Fukamachi; Koichi Shimono,10.1038/s41598-024-57283-9,,https://doi.org/10.1038/s41598-024-57283-9,crossref,Gaussian splatting robot perception bimanual manipulation,concept,architecture_x_embodiment,,2,Gaussian splatting robot perception; bimanual manipulation,2026-06-12T15:07:36Z,14.649,14.649
doi:10.3390/biomimetics9120769,Analyzing the Impact of Responding to Joint Attention on the User Perception of the Robot in Human-Robot Interaction,"The concept of joint attention holds significant importance in human interaction and is pivotal in establishing rapport, understanding, and effective communication. Within social robotics, enhancing user perception of the robot and promoting a sense of natural interaction with robots becomes a central element. In this sense, emulating human-centric qualities in social robots, such as joint attention, defined as the ability of two or more individuals to focus on a common event simultaneously, can increase their acceptability. This study analyses the impact on user perception of a responsive joint attention system integrated into a social robot within an interactive scenario. The experimental setup involves playing against the robot in the “Odds and Evens” game under two conditions: whether the joint attention system is active or inactive. Additionally, auditory and visual distractors are ",2024,Biomimetics,Jesús García-Martínez; Juan José Gamboa-Montero; José Carlos Castillo; Álvaro Castro-González,10.3390/biomimetics9120769,,https://doi.org/10.3390/biomimetics9120769,crossref,Gaussian splatting robot perception,concept,architecture,,10,Gaussian splatting robot perception; human robot interaction,2026-06-12T15:07:36Z,14.649,14.649
doi:10.1109/icra46639.2022.9811556,Depth Completion Using Geometry-Aware Embedding,,2022,2022 International Conference on Robotics and Automation (ICRA),Wenchao du; Hu Chen; Hongyu Yang; Yi Zhang,10.1109/icra46639.2022.9811556,,https://doi.org/10.1109/icra46639.2022.9811556,crossref,robotics,concept,crossref_bulk_robotics,,26,,2026-06-12T19:29:26Z,14.648,14.648
doi:10.1177/02783649241264577,Active perception network for non-myopic online exploration and visual surface coverage,"This work addresses the problem of online exploration and visual sensor coverage of unknown environments. We introduce a novel perception roadmap we refer to as the Active Perception Network (APN) that serves as a hierarchical topological graph describing how to traverse and perceive an incrementally built spatial map of the environment. The APN state is incrementally updated to expand a connected configuration space that extends throughout as much of the known space as possible, using efficient difference-awareness techniques that track the discrete changes of the spatial map to inform the updates. A frontier-guided approach is presented for efficient evaluation of information gain and covisible information, which guides view sampling and refinement to ensure maximum coverage of the unmapped space is maintained within the APN. The updated roadmap is hierarchically decomposed into subgra",2025,The International Journal of Robotics Research,David Vutetakis; Jing Xiao,10.1177/02783649241264577,,https://doi.org/10.1177/02783649241264577,crossref,robotics,concept,crossref_bulk_robotics,,1,active perception,2026-06-12T19:29:26Z,14.647,15.647
doi:10.1609/aaai.v35i7.16752,A Continual Learning Framework for Uncertainty-Aware Interactive Image Segmentation,"Deep learning models have achieved state-of-the-art performance in semantic image segmentation, but the results provided by fully automatic algorithms are not always guaranteed satisfactory to users. Interactive segmentation offers a solution by accepting user annotations on selective areas of the images to refine the segmentation results. However, most existing models only focus on correcting the current image's misclassified pixels, with no knowledge carried over to other images. In this work, we formulate interactive image segmentation as a continual learning problem and propose a framework to effectively learn from user annotations, aiming to improve the segmentation on both the current image and unseen images in future tasks while avoiding deteriorated performance on previously-seen images. It employs a probabilistic mask to control the neural network's kernel activation and extract",2021,Proceedings of the AAAI Conference on Artificial Intelligence,Ervine Zheng; Qi Yu; Rui Li; Pengcheng Shi; Anne R. Haake,10.1609/aaai.v35i7.16752,,https://doi.org/10.1609/aaai.v35i7.16752,openalex,energy based model robot learning,concept,ebm,,17,continual learning,2026-06-12T18:26:24Z,14.645,15.645
doi:10.1109/sii58957.2024.10417267,Interactively Robot Action Planning with Uncertainty Analysis and Active Questioning by Large Language Model,,2024,2024 IEEE/SICE International Symposium on System Integration (SII),Kazuki Hori; Kanata Suzuki; Tetsuya Ogata,10.1109/sii58957.2024.10417267,,https://doi.org/10.1109/sii58957.2024.10417267,crossref,adaptive world action model robot,concept,wam,,11,world action model; adaptive world action model,2026-06-12T14:45:03Z,14.642,15.642
doi:10.1109/cvpr52733.2024.01547,Evidential Active Recognition: Intelligent and Prudent Open-World Embodied Perception,,2024,2024 IEEE/CVF Conference on Computer Vision and Pattern Recognition (CVPR),Lei Fan; Mingfu Liang; Yunxuan Li; Gang Hua; Ying Wu,10.1109/cvpr52733.2024.01547,,https://doi.org/10.1109/cvpr52733.2024.01547,crossref,Gaussian splatting robot perception embodied agent,concept,architecture_x_embodiment,,11,Gaussian splatting robot perception; embodied agent,2026-06-12T15:07:36Z,14.642,14.642
doi:10.1016/j.image.2024.117244,Transformer-based multiview spatiotemporal feature interactive fusion for human action recognition in depth videos,,2025,Signal Processing: Image Communication,Hanbo Wu; Xin Ma; Yibin Li,10.1016/j.image.2024.117244,,https://doi.org/10.1016/j.image.2024.117244,crossref,action transformer,concept,architecture,,7,action transformer,2026-06-12T14:45:03Z,14.640,14.640
doi:10.1109/lra.2022.3152975,Active Visuo-Haptic Object Shape Completion,,2022,IEEE Robotics and Automation Letters,Lukas Rustler; Jens Lundell; Jan Kristof Behrens; Ville Kyrki; Matej Hoffmann,10.1109/lra.2022.3152975,,https://doi.org/10.1109/lra.2022.3152975,crossref,object centric robot world model,concept,object_centric,,25,robot world model,2026-06-12T15:07:36Z,14.629,14.629
doi:10.1007/978-3-031-21090-7_23,Active Uncertainty Reduction for Human-Robot Interaction: An Implicit Dual Control Approach,,2022,Springer proceedings in advanced robotics,Haimin Hu; Jaime F. Fisac,10.1007/978-3-031-21090-7_23,,https://doi.org/10.1007/978-3-031-21090-7_23,openalex,robotics,concept,openalex_bulk_robotics,,22,human robot interaction,2026-06-12T18:57:17Z,14.618,15.618
doi:10.1016/j.rcim.2022.102345,A two-step machining and active learning approach for right-first-time robotic countersinking through in-process error compensation and prediction of depth of cuts,,2022,Robotics and Computer-Integrated Manufacturing,Mateo Leco; Thomas McLeay; Visakan Kadirkamanathan,10.1016/j.rcim.2022.102345,,https://doi.org/10.1016/j.rcim.2022.102345,crossref,robotics,concept,crossref_bulk_robotics,,24,,2026-06-12T19:29:26Z,14.609,14.609
doi:10.1109/icorr66766.2025.11063053,Egocentric Perception of Walking Environments Using an Interactive Vision-Language System,,2025,2025 International Conference On Rehabilitation Robotics (ICORR),Haining Tan; Alex Mihailidis; Brokoslaw Laschowski,10.1109/icorr66766.2025.11063053,,https://doi.org/10.1109/icorr66766.2025.11063053,crossref,vision language action model limitation robotics,hostile,failure,,,vision language action model; limitation,2026-06-12T14:45:03Z,14.600,19.600
doi:10.1109/rcar65431.2025.11139480,RoboFlamingo-Plus: Fusion of Depth and RGB Perception with Vision-Language Models for Enhanced Robotic Manipulation,,2025,2025 IEEE International Conference on Real-time Computing and Robotics (RCAR),Xiaojian Li; Sheng Wang; Chao Chen; Hailong Wei; Yudong Shi; Hangjie Mo,10.1109/rcar65431.2025.11139480,,https://doi.org/10.1109/rcar65431.2025.11139480,crossref,vision language action model limitation robotics,hostile,failure,,,vision language action model; limitation,2026-06-12T15:07:36Z,14.600,19.600
doi:10.1109/lra.2024.3387139,State Estimation and Belief Space Planning Under Epistemic Uncertainty for Learning-Based Perception Systems,,2024,IEEE Robotics and Automation Letters,Keiko Nagami; Mac Schwager,10.1109/lra.2024.3387139,,https://doi.org/10.1109/lra.2024.3387139,crossref,Gaussian splatting robot perception,concept,architecture,,10,Gaussian splatting robot perception; state estimation,2026-06-12T15:07:36Z,14.599,15.599
doi:10.1177/20416695231159182,An interactive motion perception tool for kindergarteners (and vision scientists),"We implement Adelson and Bergen's spatiotemporal energy model with extension to three-dimensional (x–y–t) in an interactive tool. It helps gain an easy understanding of early (first-order) visual motion perception. We demonstrate its usefulness in explaining an assortment of phenomena, including some that are typically not associated with the spatiotemporal energy model.",2023,i-Perception,Aravind Battaje; Oliver Brock; Martin Rolfs,10.1177/20416695231159182,,https://doi.org/10.1177/20416695231159182,crossref,Gaussian splatting robot perception tool use robotics,concept,architecture_x_embodiment,,3,Gaussian splatting robot perception; tool use robotics,2026-06-12T15:07:36Z,14.593,14.593
doi:10.1109/lra.2021.3062602,An Adaptive Framework for Learning Unsupervised Depth Completion,,2021,IEEE Robotics and Automation Letters,Alex Wong; Xiaohan Fei; Byung-Woo Hong; Stefano Soatto,10.1109/lra.2021.3062602,,https://doi.org/10.1109/lra.2021.3062602,crossref,robotics,concept,crossref_bulk_robotics,,35,,2026-06-12T19:29:26Z,14.592,14.592
doi:10.1007/978-0-387-75523-6_2,Extracting Planar Kinematic Models Using Interactive Perception,,2008,Lecture Notes in Electrical Engineering Unifying Perspectives in Computational and Robot Vision,Dov Katz; Oliver Brock,10.1007/978-0-387-75523-6_2,,https://doi.org/10.1007/978-0-387-75523-6_2,crossref,Gaussian splatting robot perception,concept,architecture,,6,Gaussian splatting robot perception; active perception; interactive perception,2026-06-12T15:07:36Z,14.573,14.573
doi:10.1109/icra.2018.8461164,Active Clothing Material Perception Using Tactile Sensing and Deep Learning,,2018,2018 IEEE International Conference on Robotics and Automation (ICRA),Wenzhen Yuan; Yuchen Mo; Shaoxiong Wang; Edward H. Adelson,10.1109/icra.2018.8461164,,https://doi.org/10.1109/icra.2018.8461164,crossref,tactile language action robotics,concept,tactile,,114,,2026-06-12T15:07:36Z,14.572,14.572
doi:10.3389/fnhum.2014.00825,Uncertainty in perception and the Hierarchical Gaussian Filter,,2014,Frontiers in Human Neuroscience,Christoph D. Mathys; Ekaterina I. Lomakina; Jean Daunizeau; Sandra Iglesias; Kay H. Brodersen; Karl J. Friston; Klaas E. Stephan,10.3389/fnhum.2014.00825,,https://doi.org/10.3389/fnhum.2014.00825,crossref,Gaussian splatting robot perception,concept,architecture,,378,Gaussian splatting robot perception,2026-06-12T15:07:36Z,14.569,15.569
doi:10.1007/s11432-024-4550-8,Uncertainty-aware large language model response length perception,,2025,Science China Information Sciences,Bin Shi; Bo Dong; Qinghua Zheng,10.1007/s11432-024-4550-8,,https://doi.org/10.1007/s11432-024-4550-8,crossref,large language model limitation robot planning,anti_myopia,anti_thesis,,1,limitation; large language model limitation robot planning,2026-06-12T15:07:36Z,14.547,19.547
doi:10.1109/iros55552.2023.10342067,Panoptic Mapping with Fruit Completion and Pose Estimation for Horticultural Robots,"Monitoring plants and fruits at high resolution play a key role in the future of agriculture. Accurate 3D information can pave the way to a diverse number of robotic applications in agriculture ranging from autonomous harvesting to precise yield estimation. Obtaining such 3D information is non-trivial as agricultural environments are often repetitive and cluttered, and one has to account for the partial observability of fruit and plants. In this paper, we address the problem of jointly estimating complete 3D shapes of fruit and their pose in a 3D multi-resolution map built by a mobile robot. To this end, we propose an online multi-resolution panoptic mapping system where regions of interest are represented with a higher resolution. We exploit data to learn a general fruit shape representation that we use at inference time together with an occlusion-aware differentiable rendering pipeline",2023,,Yue Pan; Federico Magistri; Thomas Läbe; Elias Marks; Claus Smitt; Chris McCool; Jens Behley; Cyrill Stachniss,10.1109/iros55552.2023.10342067,,https://doi.org/10.1109/iros55552.2023.10342067,openalex,robotics,concept,openalex_bulk_robotics,,23,partial observability; occlusion,2026-06-12T18:57:17Z,14.539,14.539
doi:10.1109/tmrb.2021.3097132,Satisfying Task Completion and Assist-as-Needed Performance in Robotic Exoskeletons,"Assist-as-needed (AAN) control approaches aim to minimize the intervention of robots in robot-aided rehabilitation therapy when patients are able to perform the task. The existing approaches generally contain a forgiving controller which fails to satisfactorily complete the task when patients stay passive or apply resistive/opposing forces. Task completion in such situations is important since it efficiently trains and guides users on how to perform the exercise during active participation. In this study, we have developed an AAN control scheme that provides significant freedom to users when they can perform the exercise while it provides sufficient support for the precise completion of the task when users are not able to do so. These features have been achieved by modulating the impedance of the robot and designing the controller in the velocity domain. A new velocity tracking controlle",2021,IEEE Transactions on Medical Robotics and Bionics,Hamed Jabbari Asl; Kota Katagiri; Tatsuo Narikiyo; Masashi Yamashita; Michihiro Kawanishi,10.1109/tmrb.2021.3097132,,https://doi.org/10.1109/tmrb.2021.3097132,openalex,robotics,concept,openalex_bulk_robotics,,25,,2026-06-12T18:57:17Z,14.529,14.529
doi:10.1016/j.jmsy.2014.04.004,Depth camera based collision avoidance via active robot control,,2014,Journal of Manufacturing Systems,Bernard Schmidt; Lihui Wang,10.1016/j.jmsy.2014.04.004,,https://doi.org/10.1016/j.jmsy.2014.04.004,crossref,hybrid systems robot control manipulation,anti_myopia,control,,104,hybrid systems,2026-06-12T15:07:36Z,14.527,17.527
doi:10.1080/01691864.2021.1928548,The realisation of an avatar-symbiotic society where everyone can perform active roles without constraint,,2021,Advanced Robotics,Hiroshi Ishiguro,10.1080/01691864.2021.1928548,,https://doi.org/10.1080/01691864.2021.1928548,crossref,robotics,concept,crossref_bulk_robotics,,29,,2026-06-12T19:29:26Z,14.501,14.501
arxiv:2603.01765v4,Efficient Test-Time Optimization for Depth Completion via Low-Rank Decoder Adaptation,"Zero-shot depth completion has gained attention for its ability to generalize across environments without sensor-specific datasets or retraining. However, most existing approaches rely on diffusion-based test-time optimization, which is computationally expensive due to iterative denoising. Recent visual-prompt-based methods reduce training cost but still require repeated forward--backward passes through the full frozen network to optimize input-level prompts, resulting in slow inference. In this work, we show that adapting only the decoder is sufficient for effective test-time optimization, as depth foundation models concentrate depth-relevant information within a low-dimensional decoder subspace. Based on this insight, we propose a lightweight test-time adaptation method that updates only this low-dimensional subspace using sparse depth supervision. Our approach achieves state-of-the-ar",2026,arXiv,Minseok Seo; Wonjun Lee; Jaehyuk Jang; Changick Kim,,2603.01765v4,http://arxiv.org/abs/2603.01765v4,arxiv,test time adaptation robot policy,concept,adaptation,,,test time adaptation,2026-06-12T14:45:03Z,14.500,14.500
arxiv:2603.04329v1,Gaussian Mixture-Based Inverse Perception Contract for Uncertainty-Aware Robot Navigation,"Reliable navigation in cluttered environments requires perception outputs that are not only accurate but also equipped with uncertainty sets suitable for safe control. An inverse perception contract (IPC) provides such a connection by mapping perceptual estimates to sets that contain the ground truth with high confidence. Existing IPC formulations, however, instantiate uncertainty as a single ellipsoidal set and rely on deterministic trust scores to guide robot motion. Such a representation cannot capture the multi-modal and irregular structure of fine-grained perception errors, often resulting in over-conservative sets and degraded navigation performance. In this work, we introduce Gaussian Mixture-based Inverse Perception Contract (GM-IPC), which extends IPC to represent uncertainty with unions of ellipsoidal confidence sets derived from Gaussian mixture models. This design moves beyon",2026,arXiv,Bingyao Du; Joonkyung Kim; Yiwei Lyu,,2603.04329v1,http://arxiv.org/abs/2603.04329v1,arxiv,Gaussian splatting robot perception,concept,architecture,,,Gaussian splatting robot perception,2026-06-12T14:45:03Z,14.500,15.500
arxiv:2511.14533v1,A Neuro-Symbolic Framework for Reasoning under Perceptual Uncertainty: Bridging Continuous Perception and Discrete Symbolic Planning,"Bridging continuous perceptual signals and discrete symbolic reasoning is a fundamental challenge in AI systems that must operate under uncertainty. We present a neuro-symbolic framework that explicitly models and propagates uncertainty from perception to planning, providing a principled connection between these two abstraction levels. Our approach couples a transformer-based perceptual front-end with graph neural network (GNN) relational reasoning to extract probabilistic symbolic states from visual observations, and an uncertainty-aware symbolic planner that actively gathers information when confidence is low. We demonstrate the framework's effectiveness on tabletop robotic manipulation as a concrete application: the translator processes 10,047 PyBullet-generated scenes (3--10 objects) and outputs probabilistic predicates with calibrated confidences (overall F1=0.68). When embedded in ",2025,arXiv,Jiahao Wu; Shengwen Yu,,2511.14533v1,http://arxiv.org/abs/2511.14533v1,arxiv,neuro symbolic robot planning,concept,architecture,,,neuro symbolic robot planning; benchmark,2026-06-12T14:45:03Z,14.500,16.500
arxiv:2510.01607v1,ActiveUMI: Robotic Manipulation with Active Perception from Robot-Free Human Demonstrations,"We present ActiveUMI, a framework for a data collection system that transfers in-the-wild human demonstrations to robots capable of complex bimanual manipulation. ActiveUMI couples a portable VR teleoperation kit with sensorized controllers that mirror the robot's end-effectors, bridging human-robot kinematics via precise pose alignment. To ensure mobility and data quality, we introduce several key techniques, including immersive 3D model rendering, a self-contained wearable computer, and efficient calibration methods. ActiveUMI's defining feature is its capture of active, egocentric perception. By recording an operator's deliberate head movements via a head-mounted display, our system learns the crucial link between visual attention and manipulation. We evaluate ActiveUMI on six challenging bimanual tasks. Policies trained exclusively on ActiveUMI data achieve an average success rate of",2025,arXiv,Qiyuan Zeng; Chengmeng Li; Jude St. John; Zhongyi Zhou; Junjie Wen; Guorui Feng; Yichen Zhu; Yi Xu,,2510.01607v1,http://arxiv.org/abs/2510.01607v1,arxiv,Gaussian splatting robot perception bimanual manipulation,concept,architecture_x_embodiment,,,Gaussian splatting robot perception; bimanual manipulation; active perception; human demonstration; teleoperation; generalization,2026-06-12T15:07:36Z,14.500,15.500
arxiv:2601.08325v1,ActiveVLA: Injecting Active Perception into Vision-Language-Action Models for Precise 3D Robotic Manipulation,"Recent advances in robot manipulation have leveraged pre-trained vision-language models (VLMs) and explored integrating 3D spatial signals into these models for effective action prediction, giving rise to the promising vision-language-action (VLA) paradigm. However, most existing approaches overlook the importance of active perception: they typically rely on static, wrist-mounted cameras that provide an end-effector-centric viewpoint. As a result, these models are unable to adaptively select optimal viewpoints or resolutions during task execution, which significantly limits their performance in long-horizon tasks and fine-grained manipulation scenarios. To address these limitations, we propose ActiveVLA, a novel vision-language-action framework that empowers robots with active perception capabilities for high-precision, fine-grained manipulation. ActiveVLA adopts a coarse-to-fine paradig",2026,arXiv,Zhenyang Liu; Yongchong Gu; Yikai Wang; Xiangyang Xue; Yanwei Fu,,2601.08325v1,http://arxiv.org/abs/2601.08325v1,arxiv,Gaussian splatting robot perception contact rich manipulation,concept,architecture_x_embodiment,,,vision language action model; Gaussian splatting robot perception; robot manipulation; contact rich manipulation; active perception; limitation; benchmark; occlusion; long horizon,2026-06-12T15:07:36Z,14.500,16.500
doi:10.1609/aaai.v39i4.32379,FatesGS: Fast and Accurate Sparse-View Surface Reconstruction Using Gaussian Splatting with Depth-Feature Consistency,"Recently, Gaussian Splatting has sparked a new trend in the field of computer vision. Apart from novel view synthesis, it has also been extended to the area of multi-view reconstruction. The latest methods facilitate complete, detailed surface reconstruction while ensuring fast training speed. However, these methods still require dense input views, and their output quality significantly degrades with sparse views. We observed that the Gaussian primitives tend to overfit the few training views, leading to noisy floaters and incomplete reconstruction surfaces. In this paper, we present an innovative sparse-view reconstruction framework that leverages intra-view depth and multi-view feature consistency to achieve remarkably accurate surface reconstruction. Specifically, we utilize monocular depth ranking information to supervise the consistency of depth distribution within patches and emplo",2025,Proceedings of the AAAI Conference on Artificial Intelligence,Han Huang; Yulun Wu; Chao Deng; Ge Gao; Ming Gu; Yu-Shen Liu,10.1609/aaai.v39i4.32379,,https://doi.org/10.1609/aaai.v39i4.32379,crossref,Gaussian splatting robot perception,concept,architecture,,10,Gaussian splatting robot perception,2026-06-12T15:07:36Z,14.499,14.499
doi:10.1109/lra.2024.3455893,ResiVis: A Holistic Underwater Motion Planning Approach for Robust Active Perception Under Uncertainties,,2024,IEEE Robotics and Automation Letters,Marios Xanthidis; Martin Skaldebø; Bent Haugaløkken; Linn Evjemo; Kostas Alexis; Eleni Kelasidi,10.1109/lra.2024.3455893,,https://doi.org/10.1109/lra.2024.3455893,crossref,Gaussian splatting robot perception,concept,architecture,,8,Gaussian splatting robot perception; active perception; motion planning,2026-06-12T15:07:36Z,14.499,15.499
doi:10.1016/j.solener.2025.113353,Solar irradiance separation with deep learning: An interpretable multi-task and physically constrained model based on individual–interactive features,,2025,Solar Energy,Mengmeng Song; Dazhi Yang; Bai Liu; Disong Fu; Hongrong Shi; Xiang’ao Xia; Martin János Mayer,10.1016/j.solener.2025.113353,,https://doi.org/10.1016/j.solener.2025.113353,crossref,energy based model robot learning,concept,ebm,,5,,2026-06-12T15:07:36Z,14.496,14.496
doi:10.1109/robio.2016.7866470,Interactive perception based on Gaussian Process classification for house-hold objects recognition & sorting,,2016,2016 IEEE International Conference on Robotics and Biomimetics (ROBIO),Aamir Khan; Li Sun; Gerardo Aragon-Camarasa; J. Paul Siebert,10.1109/robio.2016.7866470,,https://doi.org/10.1109/robio.2016.7866470,crossref,Gaussian splatting robot perception,concept,architecture,,3,Gaussian splatting robot perception; active perception; interactive perception,2026-06-12T15:07:36Z,14.493,14.493
doi:10.1145/3643458,Human Understanding and Perception of Unanticipated Robot Action in the Context of Physical Interaction,"Anticipating a future scenario where the robot initiates its own actions and behaves voluntarily when collaborating with humans, our research focuses on human understanding and perception of unanticipated robot actions during physical human-robot interaction. While the current literature searches for key factors that make the human-robot collaboration successful, the question of how people experience the robot’s unanticipated action as cooperative or uncooperative seems to remain open. We designed a game-based experiment (N = 35) where the participant played a “catch-falling-coins” game by moving a robotic arm. Our experiment introduced unanticipated robot actions in an “active session” where the robot targeted higher-valued coins without first informing the participants. Through semi-structured interviews and statistical analysis of questionnaires (Big Five Personality Test, SAM, NARS a",2024,ACM Transactions on Human-Robot Interaction,Naoko Abe; Yue Hu; Mehdi Benallegue; Natsuki Yamanobe; Gentiane Venture; Eiichi Yoshida,10.1145/3643458,,https://doi.org/10.1145/3643458,crossref,adaptive world action model robot,concept,wam,,7,world action model; adaptive world action model; human robot interaction,2026-06-12T15:07:36Z,14.490,14.490
doi:10.1016/j.visres.2020.11.009,A unified model for binocular fusion and depth perception,,2021,Vision Research,Jian Ding; Dennis M. Levi,10.1016/j.visres.2020.11.009,,https://doi.org/10.1016/j.visres.2020.11.009,crossref,vision language action model,concept,architecture,,28,vision language action model,2026-06-12T15:07:36Z,14.484,14.484
doi:10.1177/1059712303114001,The Dynamics of Active Categorical Perception in an Evolved Model Agent,"Notions of embodiment, situatedness, and dynamics are increasingly being debated in cognitive sci ence. However, these debates are often carried out in the absence of concrete examples. In order to build intuition, this paper explores a model agent to illustrate how the perspective and tools of dynam ical systems theory can be applied to the analysis of situated, embodied agents capable of minimally cognitive behavior. Specifically, we study a model agent whose “nervous system” was evolved using a genetic algorithm to catch circular objects and to avoid diamond-shaped ones. After characterizing the performance, behavioral strategy and psychophysics of the best-evolved agent, its dynamics are analyzed in some detail at three different levels: (1) the entire coupled brain/body/environment sys tem; (2) the interaction between agent and environment that generates the observed coupled dynam i",2003,Adaptive Behavior,Randall D. Beer,10.1177/1059712303114001,,https://doi.org/10.1177/1059712303114001,crossref,adaptive world action model,concept,architecture,,318,world action model; adaptive world action model; embodied agent,2026-06-12T15:07:36Z,14.483,14.483
doi:10.15607/rss.2023.xix.086,Bridging Active Exploration and Uncertainty-Aware Deployment Using Probabilistic Ensemble Neural Network Dynamics,,2023,Robotics: Science and Systems XIX,Taekyung Kim; Jungwi Mun; Junwon Seo; Beomsu Kim; Seongil Hong,10.15607/rss.2023.xix.086,,https://doi.org/10.15607/rss.2023.xix.086,crossref,latent dynamics model robotics,concept,architecture,,12,latent dynamics model robotics; deployment,2026-06-12T15:07:36Z,14.482,16.482
doi:10.1002/rcs.1657,An effective visualization technique for depth perception in augmented reality‐based surgical navigation,"Abstract Background Depth perception is a major issue in augmented reality (AR)‐based surgical navigation. We propose an AR and virtual reality (VR) switchable visualization system with distance information, and evaluate its performance in a surgical navigation set‐up. Methods To improve depth perception, seamless switching from AR to VR was implemented. In addition, the minimum distance between the tip of the surgical tool and the nearest organ was provided in real time. To evaluate the proposed techniques, five physicians and 20 non‐medical volunteers participated in experiments. Results Targeting error, time taken, and numbers of collisions were measured in simulation experiments. There was a statistically significant difference between a simple AR technique and the proposed technique. Conclusions We confirmed that depth perception in AR could be improved by the proposed seamless swit",2016,The International Journal of Medical Robotics and Computer Assisted Surgery,Hyunseok Choi; Byunghyun Cho; Ken Masamune; Makoto Hashizume; Jaesung Hong,10.1002/rcs.1657,,https://doi.org/10.1002/rcs.1657,crossref,robotics,concept,crossref_bulk_robotics,,51,,2026-06-12T19:29:26Z,14.476,14.476
doi:10.3390/robotics7010004,"An Improved Indoor Robot Human-Following Navigation Model Using Depth Camera, Active IR Marker and Proximity Sensors Fusion","Creating a navigation system for autonomous companion robots has always been a difficult process, which must contend with a dynamically changing environment, which is populated by a myriad of obstructions and an unspecific number of people, other than the intended person, to follow. This study documents the implementation of an indoor autonomous robot navigation model, based on multi-sensor fusion, using Microsoft Robotics Developer Studio 4 (MRDS). The model relies on a depth camera, a limited array of proximity sensors and an active IR marker tracking system. This allows the robot to lock onto the correct target for human-following, while approximating the best starting direction to begin maneuvering around obstacles for minimum required motion. The system is implemented according to a navigation algorithm that transforms the data from all three types of sensors into tendency arrays an",2018,Robotics,Mark Tee Kit Tsun; Bee Theng Lau; Hudyjaya Siswoyo Jo,10.3390/robotics7010004,,https://doi.org/10.3390/robotics7010004,crossref,world action model robotics,concept,wam,,22,world action model; benchmark,2026-06-12T15:07:36Z,14.468,15.468
doi:10.1017/jfm.2026.11193,Conditional flow matching for generative modelling of near-wall turbulence with quantified uncertainty,"Reconstructing near-wall turbulence from wall-based measurements is a critical yet inherently ill-posed problem in wall-bounded flows, where limited sensing and spatially heterogeneous flow–wall coupling challenge deterministic estimation strategies. To address this, we introduce a novel generative modelling framework based on conditional flow matching for synthesising instantaneous velocity fluctuation fields from wall observations, with explicit quantification of predictive uncertainty. Our method integrates continuous-time flow matching with a probabilistic forward operator trained using stochastic weight-averaging Gaussian, enabling zero-shot conditional generation without model re-training. We demonstrate that the proposed approach not only recovers physically realistic, statistically consistent turbulence structures across the near-wall region but also effectively adapts to various",2026,Journal of Fluid Mechanics,Meet Hemant Parikh; Xiantao Fan; Jian-Xun Wang,10.1017/jfm.2026.11193,,https://doi.org/10.1017/jfm.2026.11193,crossref,flow matching policy,concept,architecture,,4,flow matching policy,2026-06-12T15:07:36Z,14.455,15.455
arxiv:2504.01861v1,Corner-Grasp: Multi-Action Grasp Detection and Active Gripper Adaptation for Grasping in Cluttered Environments,"Robotic grasping is an essential capability, playing a critical role in enabling robots to physically interact with their surroundings. Despite extensive research, challenges remain due to the diverse shapes and properties of target objects, inaccuracies in sensing, and potential collisions with the environment. In this work, we propose a method for effectively grasping in cluttered bin-picking environments where these challenges intersect. We utilize a multi-functional gripper that combines both suction and finger grasping to handle a wide range of objects. We also present an active gripper adaptation strategy to minimize collisions between the gripper hardware and the surrounding environment by actively leveraging the reciprocating suction cup and reconfigurable finger motion. To fully utilize the gripper's capabilities, we built a neural network that detects suction and finger grasp p",2025,arXiv,Yeong Gwang Son; Seunghwan Um; Juyong Hong; Tat Hieu Bui; Hyouk Ryeol Choi,,2504.01861v1,http://arxiv.org/abs/2504.01861v1,arxiv,analytical grasping,anti_myopia,anti_thesis,,,analytical grasping,2026-06-12T15:07:36Z,14.450,17.450
doi:10.1109/tsmc.2025.3628946,PCF-Grasp: Converting Point Completion to Geometry Feature to Enhance 6-DoF Grasp,"The 6-Degree of Freedom (DoF) grasp method based on point clouds has shown significant potential in enabling robots to grasp target objects. However, most existing methods are based on the point clouds (2.5D points) generated from single-view depth images. These point clouds only have one surface side of the object providing incomplete geometry information, which mislead the grasping algorithm to judge the shape of the target object, resulting in low grasping accuracy. Humans can accurately grasp objects from a single view by leveraging their geometry experience to estimate object shapes. Inspired by humans, we propose a novel 6-DoF grasping framework that converts the point completion results as object shape features to train the 6-DoF grasp network. Here, point completion can generate approximate complete points from the 2.5D points similar to the human geometry experience, and convert",2025,arXiv,Yaofeng Cheng; Fusheng Zha; Wei Guo; Pengfei Wang; Chao Zeng; Lining Sun; Chenguang Yang,10.1109/tsmc.2025.3628946,2504.16320v2,http://arxiv.org/abs/2504.16320v2,arxiv,analytical grasping,anti_myopia,anti_thesis,,,analytical grasping,2026-06-12T15:07:36Z,14.450,17.450
doi:10.1109/icdl-epirob48136.2020.9278105,End-to-End Pixel-Based Deep Active Inference for Body Perception and Action,,2020,2020 Joint IEEE 10th International Conference on Development and Learning and Epigenetic Robotics (ICDL-EpiRob),Cansu Sancaktar; Marcel A. J. van Gerven; Pablo Lanillos,10.1109/icdl-epirob48136.2020.9278105,,https://doi.org/10.1109/icdl-epirob48136.2020.9278105,crossref,action transformer robotics,concept,transformers,,39,action transformer,2026-06-12T15:07:36Z,14.444,14.444
doi:10.1109/icra57147.2024.10610997,ActFormer: Scalable Collaborative Perception via Active Queries,,2024,2024 IEEE International Conference on Robotics and Automation (ICRA),Suozhi Huang; Juexiao Zhang; Yiming Li; Chen Feng,10.1109/icra57147.2024.10610997,,https://doi.org/10.1109/icra57147.2024.10610997,crossref,robotics,concept,crossref_bulk_robotics,,7,,2026-06-12T19:29:26Z,14.440,14.440
doi:10.1109/lra.2019.2932570,Active Perception Based Formation Control for Multiple Aerial Vehicles,,2019,IEEE Robotics and Automation Letters,Rahul Tallamraju; Eric Price; Roman Ludwig; Kamalakar Karlapalem; Heinrich H. Bulthoff; Michael J. Black; Aamir Ahmad,10.1109/lra.2019.2932570,,https://doi.org/10.1109/lra.2019.2932570,crossref,Gaussian splatting robot perception,concept,architecture,,57,Gaussian splatting robot perception; active perception,2026-06-12T15:07:36Z,14.430,14.430
doi:10.1109/lra.2021.3096741,Direct Near-Infrared-Depth Visual SLAM With Active Lighting,,2021,IEEE Robotics and Automation Letters,Da Kong; Yu Zhang; Weichen Dai,10.1109/lra.2021.3096741,,https://doi.org/10.1109/lra.2021.3096741,crossref,robotics,concept,crossref_bulk_robotics,,25,SLAM,2026-06-12T19:29:26Z,14.429,14.429
doi:10.48550/arxiv.2210.04137,Few-Shot Continual Active Learning by a Robot,"In this paper, we consider a challenging but realistic continual learning (CL) problem, Few-Shot Continual Active Learning (FoCAL), where a CL agent is provided with unlabeled data for a new or a previously learned task in each increment and the agent only has limited labeling budget available. Towards this, we build on the continual learning and active learning literature and develop a framework that can allow a CL agent to continually learn new object classes from a few labeled training examples. Our framework represents each object class using a uniform Gaussian mixture model (GMM) and uses pseudo-rehearsal to mitigate catastrophic forgetting. The framework also uses uncertainty measures on the Gaussian representations of the previously learned classes to find the most informative samples to be labeled in an increment. We evaluate our approach on the CORe-50 dataset and on a real huma",2022,arXiv (Cornell University),Ali Ayub; Carter Fendley,10.48550/arxiv.2210.04137,,https://doi.org/10.48550/arxiv.2210.04137,openalex,robotics,concept,openalex_bulk_robotics,,13,humanoid robot; continual learning,2026-06-12T18:57:17Z,14.420,15.420
doi:10.1109/aero47225.2020.9172808,Autonomous UAV Navigation for Active Perception of Targets in Uncertain and Cluttered Environments,"The use of Small Unmanned Aerial Vehicles (sUAVs) has grown exponentially owing to an increasing number of autonomous capabilities. Automated functions include the return to home at critical energy levels, collision avoidance, take-off and landing, and target tracking. However, sUAVs applications in real-world and time-critical scenarios, such as Search and Rescue (SAR) is still limited. In SAR applications, the overarching aim of autonomous sUAV navigation is the quick localisation, identification and quantification of victims to prioritise emergency response in affected zones. Traditionally, sUAV pilots are exposed to prolonged use of visual systems to interact with the environment, which causes fatigue and sensory overloads. Nevertheless, the search for victims onboard a sUAV is challenging because of noise in the data, low image resolution, illumination conditions, and partial (or fu",2020,,Juan Sandino; Fernando Vanegas; Felipé Gonzalez; Frédéric Maire,10.1109/aero47225.2020.9172808,,https://doi.org/10.1109/aero47225.2020.9172808,openalex,energy based model robot learning,concept,ebm,,33,active perception; occlusion,2026-06-12T18:26:24Z,14.413,15.413
doi:10.1109/hri61500.2025.10974001,"Enabling Safe, Active and Interactive Human-Robot Collaboration via Smooth Distance Fields",,2025,2025 20th ACM/IEEE International Conference on Human-Robot Interaction (HRI),Usama Ali; Fouad Sukkar; Adrian Mueller; Lan Wu; Cedric Le Gentil; Tobias Kaupp; Teresa Vidal Calleja,10.1109/hri61500.2025.10974001,,https://doi.org/10.1109/hri61500.2025.10974001,crossref,interactive robot learning human feedback,concept,hri,,4,,2026-06-12T15:07:36Z,14.405,14.405
doi:10.1145/3366194.3366300,The interactive ability design of artificial intelligence based on the attention allocation mechanism of interactive perception,,2019,"Proceedings of the 2019 International Conference on Robotics, Intelligent Control and Artificial Intelligence",He Xuejiao,10.1145/3366194.3366300,,https://doi.org/10.1145/3366194.3366300,crossref,robotics,concept,crossref_bulk_robotics,,,active perception; interactive perception,2026-06-12T19:29:26Z,14.400,14.400
doi:10.1109/lra.2022.3231827,CPA-Planner: Motion Planner With Complete Perception Awareness for Sensing- Limited Quadrotors,,2023,IEEE Robotics and Automation Letters,Qiuyu Yu; Chao Qin; Lingkun Luo; Hugh H.-T. Liu; Shiqiang Hu,10.1109/lra.2022.3231827,,https://doi.org/10.1109/lra.2022.3231827,crossref,Gaussian splatting robot perception,concept,architecture,,10,Gaussian splatting robot perception,2026-06-12T15:07:36Z,14.399,14.399
doi:10.1109/icra48891.2023.10160619,Learning Depth Completion of Transparent Objects using Augmented Unpaired Data,,2023,2023 IEEE International Conference on Robotics and Automation (ICRA),Floris Erich; Bruno Leme; Noriaki Ando; Ryo Hanai; Yukiyasu Domae,10.1109/icra48891.2023.10160619,,https://doi.org/10.1109/icra48891.2023.10160619,crossref,robotics,concept,crossref_bulk_robotics,,10,,2026-06-12T19:29:26Z,14.399,14.399
doi:10.1007/s10846-025-02275-8,Efficient Multi-robot Active SLAM,"Abstract Autonomous exploration in unknown environments remains a fundamental challenge in robotics, particularly for applications such as search and rescue, industrial inspection, and planetary exploration. Multi-robot active SLAM presents a promising solution by enabling collaborative mapping and exploration while actively reducing uncertainty. However, existing approaches often suffer from high computational costs and inefficient frontier management, making them computationally expensive for real-time applications. In this paper, we introduce an efficient multi-robot active SLAM framework that incorporates a frontier-sharing strategy to enhance robot distribution in unexplored environments. Our approach integrates a utility function that considers both pose graph uncertainty and path entropy, achieving an optimal balance between exploration coverage and computational efficiency. By fi",2025,Journal of Intelligent & Robotic Systems,Muhammad Farhan Ahmed; Matteo Maragliano; Vincent Frémont; Carmine Tommaso Recchiuto,10.1007/s10846-025-02275-8,,https://doi.org/10.1007/s10846-025-02275-8,crossref,Gaussian splatting robot perception multi robot system,concept,architecture_x_embodiment,,8,Gaussian splatting robot perception; multi robot system; SLAM,2026-06-12T15:07:36Z,14.399,15.399
doi:10.24059/olj.v22i2.1369,"Exploring Best Practices for Online STEM Courses: Active Learning, Interaction & Assessment Design","The purpose of this study was to examine effective design practices for online courses in the science, technology, engineering, and mathematics (STEM) fields at a large four-year public university in southeastern United States. Our research questions addressed the influence of online design practices on students’ perception of learning and learning satisfaction. An online survey was completed by 537 students from 15 online STEM courses in spring 2016. The survey results indicated that effective online STEM courses integrated active learning activities, interactive engagement strategies, and robust assessments. In particular, assessment design significantly impacted students’ self-perceived learning and learning satisfaction for students of all populations. The findings inform instructors and instructional designers on how to design effective, inclusive, and engaging online STEM curriculu",2018,Online Learning,Baiyun Chen; Kathleen Bastedo; Wendy Howard,10.24059/olj.v22i2.1369,,https://doi.org/10.24059/olj.v22i2.1369,crossref,online adaptation robot learning,concept,adaptation,,71,online adaptation,2026-06-12T15:07:36Z,14.388,14.388
doi:10.3390/e19060266,Model-Based Approaches to Active Perception and Control,"There is an on-going debate in cognitive (neuro) science and philosophy between classical cognitive theory and embodied, embedded, extended, and enactive (“4-Es”) views of cognition—a family of theories that emphasize the role of the body in cognition and the importance of brain-body-environment interaction over and above internal representation. This debate touches foundational issues, such as whether the brain internally represents the external environment, and “infers” or “computes” something. Here we focus on two (4-Es-based) criticisms to traditional cognitive theories—to the notions of passive perception and of serial information processing—and discuss alternative ways to address them, by appealing to frameworks that use, or do not use, notions of internal modelling and inference. Our analysis illustrates that: an explicitly inferential framework can capture some key aspects of emb",2017,Entropy,Giovanni Pezzulo; Francesco Donnarumma; Pierpaolo Iodice; Domenico Maisto; Ivilin Peev Stoianov,10.3390/e19060266,,https://doi.org/10.3390/e19060266,openalex,energy based model robot learning,concept,ebm,,51,active perception,2026-06-12T18:05:07Z,14.376,15.376
doi:10.1109/icra57147.2024.10610274,What Matters for Active Texture Recognition With Vision-Based Tactile Sensors,,2024,2024 IEEE International Conference on Robotics and Automation (ICRA),Alina Böhm; Tim Schneider; Boris Belousov; Alap Kshirsagar; Lisa Lin; Katja Doerschner; Knut Drewing; Constantin A. Rothkopf; Jan Peters,10.1109/icra57147.2024.10610274,,https://doi.org/10.1109/icra57147.2024.10610274,crossref,tactile language action robotics,concept,tactile,,6,,2026-06-12T15:07:36Z,14.373,14.373
doi:10.1109/icra57147.2024.10611380,Perceptual Factors for Environmental Modeling in Robotic Active Perception,,2024,2024 IEEE International Conference on Robotics and Automation (ICRA),David Morilla-Cabello; Jonas Westheider; Marija Popović; Eduardo Montijano,10.1109/icra57147.2024.10611380,,https://doi.org/10.1109/icra57147.2024.10611380,crossref,robotics,concept,crossref_bulk_robotics,,6,active perception,2026-06-12T19:29:26Z,14.373,14.373
doi:10.1109/icra48506.2021.9560831,SelfDeco: Self-Supervised Monocular Depth Completion in Challenging Indoor Environments,,2021,2021 IEEE International Conference on Robotics and Automation (ICRA),Jaehoon Choi; Dongki Jung; Yonghan Lee; Deokhwa Kim; Dinesh Manocha; Donghwan Lee,10.1109/icra48506.2021.9560831,,https://doi.org/10.1109/icra48506.2021.9560831,crossref,robotics,concept,crossref_bulk_robotics,,22,,2026-06-12T19:29:26Z,14.368,14.368
doi:10.3389/frobt.2018.00021,The Active Inference Approach to Ecological Perception: General Information Dynamics for Natural and Artificial Embodied Cognition,,2018,Frontiers in Robotics and AI,Adam Linson; Andy Clark; Subramanian Ramamoorthy; Karl Friston,10.3389/frobt.2018.00021,,https://doi.org/10.3389/frobt.2018.00021,crossref,Gaussian splatting robot perception,concept,architecture,,74,Gaussian splatting robot perception,2026-06-12T15:07:36Z,14.359,14.359
doi:10.1016/j.compchemeng.2019.05.012,Model predictive control with active learning for stochastic systems with structural model uncertainty: Online model discrimination,,2019,Computers & Chemical Engineering,Tor Aksel N. Heirung; Tito L.M. Santos; Ali Mesbah,10.1016/j.compchemeng.2019.05.012,,https://doi.org/10.1016/j.compchemeng.2019.05.012,crossref,model predictive control robot learning,anti_myopia,control,,14,model predictive control,2026-06-12T15:07:36Z,14.354,19.354
title:uncertainty guided inference time depth adaptation for transformer based visual tracking,Uncertainty-Guided Inference-Time Depth Adaptation for Transformer-Based Visual Tracking,"Transformer-based single-object trackers achieve state-of-the-art accuracy but rely on fixed-depth inference, executing the full encoder--decoder stack for every frame regardless of visual complexity, thereby incurring unnecessary computational cost in long video sequences dominated by temporally coherent frames. We propose UncL-STARK, an architecture-preserving approach that enables dynamic, uncertainty-aware depth adaptation in transformer-based trackers without modifying the underlying network or adding auxiliary heads. The model is fine-tuned to retain predictive robustness at multiple intermediate depths using random-depth training with knowledge distillation, thus enabling safe inference-time truncation. At runtime, we derive a lightweight uncertainty estimate directly from the model's corner localization heatmaps and use it in a feedback-driven policy that selects the encoder and ",2026,arXiv (Cornell University),Patrick Poggi; Divake Kumar; Theja Tulabandhula; Amit Ranjan Trivedi,,,https://openalex.org/W7130617505,openalex,energy based transformer robot policy,concept,ebm_transformer,,,energy based transformer robot policy; robustness; latency,2026-06-12T18:05:07Z,14.350,16.350
doi:10.3389/frobt.2024.1281060,Active learning strategies for robotic tactile texture recognition tasks,"Accurate texture classification empowers robots to improve their perception and comprehension of the environment, enabling informed decision-making and appropriate responses to diverse materials and surfaces. Still, there are challenges for texture classification regarding the vast amount of time series data generated from robots’ sensors. For instance, robots are anticipated to leverage human feedback during interactions with the environment, particularly in cases of misclassification or uncertainty. With the diversity of objects and textures in daily activities, Active Learning (AL) can be employed to minimize the number of samples the robot needs to request from humans, streamlining the learning process. In the present work, we use AL to select the most informative samples for annotation, thus reducing the human labeling effort required to achieve high performance for classifying text",2024,Frontiers in Robotics and AI,Shemonto Das; Vinicius Prado da Fonseca; Amilcar Soares,10.3389/frobt.2024.1281060,,https://doi.org/10.3389/frobt.2024.1281060,crossref,tactile language action robotics,concept,tactile,,5,,2026-06-12T15:07:36Z,14.346,15.346
doi:10.1007/s44223-025-00085-4,Enhanced interactive AR bricklaying: elevating human–robot collaboration in augmented reality assisted masonry design and construction,"Abstract Enhanced interactive AR bricklaying aims to combine human intelligence with robotic precision, enhancing creativity while addressing the inherent situation that the conventional robotic construction process are not well adapted to uncertainty. In conventional interactive brick-laying workflows, the design and construction phases are separate. Augmented Reality (AR) assists humans in completing parametric form designs, after which robots precisely execute the bricklaying process. However, this method demonstrates a low level of human–robot interaction, failing to fully harness the potential of AR in enhancing interactivity. This study first conducts a comparative experiment to evaluate a more interactive workflow, where design and construction phases alternate, against the conventional workflow. It examines the impact, limitations, and potential of human involvement in a linear r",2025,Architectural Intelligence,Weichen Zhang; Pierpaolo Ruttico,10.1007/s44223-025-00085-4,,https://doi.org/10.1007/s44223-025-00085-4,crossref,retrieval augmented robot policy,concept,architecture,,3,retrieval augmented robot policy; human robot interaction; limitation,2026-06-12T15:07:36Z,14.343,16.343
doi:10.3390/app11031070,"Abel: Integrating Humanoid Body, Emotions, and Time Perception to Investigate Social Interaction and Human Cognition","Humanoids have been created for assisting or replacing humans in many applications, providing encouraging results in contexts where social and emotional interaction is required, such as healthcare, education, and therapy. Bioinspiration, that has often guided the design of their bodies and minds, made them also become excellent research tools, probably the best platform by which we can model, test, and understand the human mind and behavior. Driven by the aim of creating a believable robot for interactive applications, as well as a research platform for investigating human cognition and emotion, we are constructing a new humanoid social robot: Abel. In this paper, we discussed three of the fundamental principles that motivated the design of Abel and its cognitive and emotional system: hyper-realistic humanoid aesthetics, human-inspired emotion processing, and human-like perception of tim",2021,Applied Sciences,Lorenzo Cominelli; Gustav Hoegen; Danilo De Rossi,10.3390/app11031070,,https://doi.org/10.3390/app11031070,crossref,whole body manipulation humanoid,concept,humanoid,,18,,2026-06-12T15:07:36Z,14.322,14.322
doi:10.1109/lra.2021.3140062,Mobile Robot Localization Considering Uncertainty of Depth Regression From Camera Images,,2022,IEEE Robotics and Automation Letters,Naoki Akai,10.1109/lra.2021.3140062,,https://doi.org/10.1109/lra.2021.3140062,crossref,EBM transformer robotics surgical robot,concept,architecture_x_embodiment,,13,EBM transformer robotics; surgical robot,2026-06-12T15:07:36Z,14.320,15.320
doi:10.2139/ssrn.6795459,Gaussian Splatting Confidence Supervision for SPN-based Depth Completion,"Depth completion aims to recover dense depth maps from sparse depth measurements and synchronized RGB images. Existing methods commonly employ Spatial Propagation Networks (SPNs) to refine coarse depth predictions through learned affinities and confidence weights. However, while affinity estimation has been extensively studied, the confidence used in spatial propagation is usually predicted without dense and explicit supervision, which may cause unreliable depth hypotheses to be over-confidently propagated. To address this problem, we propose Gaussian Splatting Confidence Supervision (GSCS), a training-time confidence supervision framework for SPN-based depth completion. Specifically, GSCS constructs a feed-forward monocular 3D Gaussian representation from the predicted depth and confidence, and introduces a confidence–opacity coupling mechanism that links the reliability of intermediate",,,HaiPeng Guo; Junbao Li; Huanyu Liu,10.2139/ssrn.6795459,,https://doi.org/10.2139/ssrn.6795459,crossref,Gaussian splatting robot perception,concept,architecture,,,Gaussian splatting robot perception; benchmark,2026-06-12T14:45:03Z,14.300,15.300
doi:10.2139/ssrn.6174379,Monocular Gaussian Splatting SLAM with Foundation Model Depth Priors and Explicit Depth Uncertainty Modeling,"Monocular SLAM suffers from scale ambiguity and depth uncertainty, leading to geometric distortions. We propose a monocular Gaussian splatting SLAM framework that integrates metric depth priors from a foundation model with explicit depth uncertainty modeling. Depth Anything V2 provides frozen depth priors, the Gaussian rasterizer outputs expected and mode depth to define zero-cost uncertainty, and an adaptive depth loss down-weights supervision in uncertain regions. Experiments on TUM RGB-D show a 67% reduction in mean absolute trajectory error and a 1.9 dB PSNR gain, maintaining real-time performance above 20 FPS.",,,Da Qi; Liling Wang; Haibao Wang; Weilong Chang,10.2139/ssrn.6174379,,https://doi.org/10.2139/ssrn.6174379,crossref,Gaussian splatting robot perception,concept,architecture,,,Gaussian splatting robot perception; SLAM,2026-06-12T14:45:03Z,14.300,15.300
doi:10.20919/azbk3827/43,"Chapter: Active Learning Online: Exploring Challenges and Misconceptions to Offer Strategies for Active, Interactive and Social Online Learning","This chapter explores the opportunities and challenges of developing active, online learning. In recent years, the demand for online learning has increased; however, it often fails to live up to its full potential as an active, interactive and social experience. Teachers often struggle to apply their classroom practice effectively as online learning environments offer different affordances, opportunities and challenges than physical on-campus learning environments.",2026,Making Active Learning Happen for All,Joanne Elliott; Thomas Hinks; Jorge Freire; Johnny Lee; Chie Adachi,10.20919/azbk3827/43,,https://doi.org/10.20919/azbk3827/43,crossref,online adaptation robot learning,concept,adaptation,,,online adaptation,2026-06-12T15:07:36Z,14.300,14.300
doi:10.1002/mde.70076,Perception of Economic Policy Uncertainty and Corporate Leverage Manipulation: Microlevel Evidence From Listed Firms in China,"ABSTRACT Leverage manipulation refers to firms' discretionary adjustments of reported leverage to influence financing conditions. Using data from A‐share listed companies in China from 2010 to 2023, this study employs text mining techniques to extract relevant textual content from corporate annual reports and construct firms' perception of economic policy uncertainty (FEPU), examining its impact on corporate leverage manipulation. We find that firms significantly increase their leverage manipulation in response to heightened FEPU. Mechanism analyses suggest that firms' debt service burden positively moderates the relationship between FEPU and leverage manipulation. Further heterogeneity analyses reveal stronger effects for state‐owned enterprises, firms with weaker internal controls, those experiencing greater financing constraints, firms in highly competitive industries, and companies l",2026,Managerial and Decision Economics,Wang Chan; Wei Xin; Nie Puyan,10.1002/mde.70076,,https://doi.org/10.1002/mde.70076,crossref,diffusion policy robot manipulation,concept,diffusion,,,diffusion policy; robot manipulation,2026-06-12T15:07:36Z,14.300,15.300
doi:10.3390/act15040209,Hierarchical Active Perception and Stability Control for Multi-Robot Collaborative Search in Unknown Environments,"Multi-robot systems (MRS) have attracted a lot of attention from researchers due to their widespread application in various environments. However, in multi-robot collaborative search tasks, two problems often arise: sparse rewards for capturing targets and control oscillations. To address these issues, this paper proposes the hierarchical active perception multi-agent deep deterministic policy gradient (HAP-MADDPG) framework. This framework guides robots to efficiently explore maps and discover targets through global utility planning based on global exploration rate and local information aggregation based on local exploration rate. A stability control mechanism, which includes hysteresis logic and reward decay, is introduced to suppress control oscillations. Experimental results show that the HAP-MADDPG framework achieves a success rate of 96.25% and an average search time of 216.3 steps",2026,Actuators,Zeyu Xu; Kai Xue; Ping Wang; Decheng Kong,10.3390/act15040209,,https://doi.org/10.3390/act15040209,crossref,Gaussian splatting robot perception,concept,architecture,,,Gaussian splatting robot perception; multi robot system; active perception; hysteresis,2026-06-12T15:07:36Z,14.300,14.300
doi:10.1007/s10846-026-02393-x,Active Perception for Grapevine Information Acquisition Using Information-Theoretic Viewpoint Selection,"Abstract Accurate acquisition of grapevine morphological information is a critical prerequisite for autonomous robotic pruning, yet remains challenging due to complex geometry, severe self-occlusion, and partial observability. Existing grapevine perception systems largely rely on passive sensing strategies and fixed acquisition trajectories, which often result in incomplete or uncertain reconstructions. This paper presents an information-theoretic active perception framework for robotic grapevine morphological reconstruction, in which camera viewpoints are selected to maximise expected information gain with respect to a probabilistic belief over vine structure. Grapevine morphology is modelled as a hybrid discrete–continuous state capturing both the existence of structural elements and their geometric attributes. An RGB-D perception pipeline is developed to detect vine components, infer ",2026,Journal of Intelligent & Robotic Systems,Shen Hin Lim; Joshua Lenin; Mike Duke; Benjamin Mcguinness; Chi Kit Au,10.1007/s10846-026-02393-x,,https://doi.org/10.1007/s10846-026-02393-x,crossref,Gaussian splatting robot perception,concept,architecture,,,Gaussian splatting robot perception; active perception; partial observability; occlusion,2026-06-12T15:07:36Z,14.300,14.300
doi:10.31234/osf.io/swe5v,It matters to me if you are human: Categorical perception in human and nonhuman agent spectra,"Humanlike but not perfectly human agents frequently evoke feelings of eeriness, a phenomenon termed the Uncanny Valley (UV). The Categorical Perception Hypothesis proposes that effects associated with the UV are due to uncertainty as to whether to categorize agents falling into the valley as “human” or “nonhuman”. However, since UV studies have traditionally looked at agents of varying human-likeness, it remains unclear whether UV-related effects are due to categorical uncertainty in general or are specifically evoked by categorizations that require decisions regarding an agent’s human-likeness. Here, we used mouse tracking to determine whether agent spectra with (i.e., robot-human) and without (i.e., robot-animal and robot-stuffed animal) a human endpoint cause phenomena related to categorical perception to comparable extents. Specifically, we compared human and nonhuman agent spectra w",,,Eva Wiese; Patrick P. Weis,10.31234/osf.io/swe5v,,https://doi.org/10.31234/osf.io/swe5v,crossref,Gaussian splatting robot perception embodied agent,concept,architecture_x_embodiment,,,Gaussian splatting robot perception; embodied agent,2026-06-12T15:07:36Z,14.300,15.300
doi:10.3390/robotics15040078,Dual-Arm Robotic Textile Unfolding with Depth-Corrected Perception and Fold Resolution,"Reliable textile recycling requires automated unfolding to expose hidden hard components such as zippers, buttons, and metal fasteners, which otherwise risk damaging machinery and compromising downstream processes. This paper presents the design and implementation of an automated textile unfolding system based on a dual-arm robotic manipulation framework. The system uses two Interbotix WidowX 250s 6-DoF robotic arms and an Intel RealSense L515 LiDAR camera for visual perception. The unfolding process consists of three stages: initial dual-arm stretching to reduce major folds, refinement through a second stretch targeting the lower region, and a machine-learning stage that employs a YOLOv11 framework trained on depth-encoded textile images, followed by a depth-gradient-based estimator for fold direction. The system applies an extremity-based grasping strategy that selects leftmost and rig",2026,Robotics,Tilla Egerhei Båserud; Joakim Johansen; Ajit Jha; Ilya Tyapin,10.3390/robotics15040078,,https://doi.org/10.3390/robotics15040078,crossref,robotics,concept,crossref_bulk_robotics,,,,2026-06-12T19:29:26Z,14.300,14.300
doi:10.1109/thms.2023.3308614,Human–Machine Interactive Learning Method Based on Active Learning for Smart Workshop Dynamic Scheduling,,2023,IEEE Transactions on Human-Machine Systems,Dongyuan Wang; Liuen Guan; Juan Liu; Chen Ding; Fei Qiao,10.1109/thms.2023.3308614,,https://doi.org/10.1109/thms.2023.3308614,crossref,interactive robot learning human feedback,concept,hri,,8,,2026-06-12T15:07:36Z,14.299,14.299
doi:10.1109/icra48891.2023.10160455,Learning Continuous Control Policies for Information-Theoretic Active Perception,,2023,2023 IEEE International Conference on Robotics and Automation (ICRA),Pengzhi Yang; Yuhan Liu; Shumon Koga; Arash Asgharivaskasi; Nikolay Atanasov,10.1109/icra48891.2023.10160455,,https://doi.org/10.1109/icra48891.2023.10160455,crossref,robotics,concept,crossref_bulk_robotics,,8,active perception,2026-06-12T19:29:26Z,14.299,14.299
doi:10.1145/3610978.3640679,"Meet or Call my Robotic Tutor? - The Effect of a Physically vs. Virtually Present Social Robot on Learning Outcomes, Engagement and Perception",,2024,Companion of the 2024 ACM/IEEE International Conference on Human-Robot Interaction,Melissa Donnermann; Pauline Heinzmann; Birgit Lugrin,10.1145/3610978.3640679,,https://doi.org/10.1145/3610978.3640679,crossref,learning robot manipulation from human video,concept,human_data,,5,robot manipulation,2026-06-12T15:07:36Z,14.296,14.296
doi:10.23919/acc60939.2024.10645027,Active Perception using Neural Radiance Fields,,2024,2024 American Control Conference (ACC),H. Siming; Christopher D. Hsu; Dexter Ong; Yifei Simon Shao; Pratik Chaudhari,10.23919/acc60939.2024.10645027,,https://doi.org/10.23919/acc60939.2024.10645027,crossref,neural radiance field robotics,concept,architecture,,5,neural radiance field robotics; active perception,2026-06-12T15:07:36Z,14.296,14.296
doi:10.1016/j.visres.2020.09.007,Persistent grasping errors produce depth cue reweighting in perception,,2021,Vision Research,Evan Cesanek; Jordan A. Taylor; Fulvio Domini,10.1016/j.visres.2020.09.007,,https://doi.org/10.1016/j.visres.2020.09.007,crossref,analytical grasping,anti_myopia,anti_thesis,,5,analytical grasping,2026-06-12T15:07:36Z,14.296,17.296
doi:10.1109/iccv51701.2025.00567,ETA: Energy-Based Test-Time Adaptation for Depth Completion,,2025,2025 IEEE/CVF International Conference on Computer Vision (ICCV),Younjoon Chung; Hyoungseob Park; Patrick Rim; Xiaoran Zhang; Jihe He; Ziyao Zeng; Safa Cicek; Byung-Woo Hong; James S. Duncan; Alex Wong,10.1109/iccv51701.2025.00567,,https://doi.org/10.1109/iccv51701.2025.00567,crossref,test time adaptation robot policy,concept,adaptation,,3,test time adaptation,2026-06-12T15:07:36Z,14.293,14.293
doi:10.1109/marss65887.2025.11072739,A Dataset and Benchmarks for Deep Learning-Based Optical Microrobot Pose and Depth Perception,,2025,"2025 International Conference on Manipulation, Automation and Robotics at Small Scales (MARSS)",Lan Wei; Dandan Zhang,10.1109/marss65887.2025.11072739,,https://doi.org/10.1109/marss65887.2025.11072739,crossref,contact rich manipulation learning,concept,contact,,3,contact rich manipulation; benchmark,2026-06-12T15:07:36Z,14.293,15.293
doi:10.1109/lra.2022.3143218,Motor-Level N-MPC for Cooperative Active Perception With Multiple Heterogeneous UAVs,,2022,IEEE Robotics and Automation Letters,Martin Jacquet; Max Kivits; Hemjyoti Das; Antonio Franchi,10.1109/lra.2022.3143218,,https://doi.org/10.1109/lra.2022.3143218,crossref,Gaussian splatting robot perception,concept,architecture,,12,Gaussian splatting robot perception; active perception,2026-06-12T15:07:36Z,14.282,14.282
doi:10.1109/robot.2007.363898,Adaptive Vision based Tracking Control of Robots with Uncertainty in Depth Information,"In this paper, a vision based tracking controller with adaptation to uncertainty in depth information is presented. Depth uncertainty plays a special role in visual tracking as it appears nonlinearly in the overall Jacobian matrix and hence cannot be adapted together with other uncertain kinematic parameters. We propose a novel parameter update law to update the uncertain parameters of the depth. It is proved that system stability can be guaranteed for the visual tracking task in presence of uncertainties in depth information, robot kinematics and dynamics. Simulation results are presented to illustrate the performance of the proposed controller.",2007,Proceedings - IEEE International Conference on Robotics and Automation/Proceedings,Chien Chern Cheah; Chao Liu; J.-J.E. Slotine,10.1109/robot.2007.363898,,https://doi.org/10.1109/robot.2007.363898,openalex,robotics,concept,openalex_bulk_robotics,,46,,2026-06-12T18:57:17Z,14.275,15.275
doi:10.1109/tro.2018.2808902,On the Importance of Uncertainty Representation in Active SLAM,,2018,IEEE Transactions on Robotics,Maria L. Rodriguez-Arevalo; Jose Neira; Jose A. Castellanos,10.1109/tro.2018.2808902,,https://doi.org/10.1109/tro.2018.2808902,crossref,robotics,concept,crossref_bulk_robotics,,60,SLAM,2026-06-12T19:29:26Z,14.255,15.255
doi:10.1088/1757-899x/1292/1/012007,Embodied Active Tactile Perception,"Abstract Tactile perception plays an important role in an agent safely interacting with the environment while acquiring information about it. Bio-inspired robotics opens up possibilities for a new paradigm leveraging the morphology of the body, which filters the tactile information in physical interactions and enables investigations of new designs for embodied active tactile perception. The subjects of morphology embodied active perception and motor embodied active perception is defined and discussed in this chapter. In the scope of morphology embodied active perception, sensor optimization and sensor adaptation are further defined to describe the change of sensor morphology in the design phase and the interacting phase, respectively. More specifically, the concept of online and offline sensor adjustment is presented. Sensor optimization is solely considered in the offline process for op",2023,IOP Conference Series: Materials Science and Engineering,Liang He; Perla Maiolino,10.1088/1757-899x/1292/1/012007,,https://doi.org/10.1088/1757-899x/1292/1/012007,crossref,Gaussian splatting robot perception embodied agent,concept,architecture_x_embodiment,,1,Gaussian splatting robot perception; embodied agent; tactile perception; active perception,2026-06-12T15:07:36Z,14.247,14.247
doi:10.1177/0278364918772024,Active sensing for motion planning in uncertain environments via mutual information policies,"This paper addresses path planning with real-time reaction to environmental uncertainty. The environment is represented as a robotic roadmap, or graph, and is uncertain in that the edges of the graph are unknown to the robot a priori. Instead, the robot’s prior information consists of a distribution over candidate edge sets, modeling the likelihood of certain obstacles in the environment. The robot can locally sense the environment, and at a vertex, can determine the presence or absence of some subset of edges. Within this model, the reactive planning problem provides the robot with a start location and a goal location and asks it to compute a policy that minimizes the expected travel and observation cost. In contrast to computing paths that maximize the probability of success, we focus on complete policies (i.e., policies that are guaranteed to navigate the robot to the goal or determin",2019,The International Journal of Robotics Research,Ryan A MacDonald; Stephen L Smith,10.1177/0278364918772024,,https://doi.org/10.1177/0278364918772024,crossref,task and motion planning robotics,anti_myopia,classic,,21,motion planning; task and motion planning,2026-06-12T15:07:36Z,14.246,19.246
doi:10.1109/lra.2021.3095269,Uncertainty-Aware Self-Supervised Learning of Spatial Perception Tasks,,2021,IEEE Robotics and Automation Letters,Mirko Nava; Antonio Paolillo; Jerome Guzzi; Luca Maria Gambardella; Alessandro Giusti,10.1109/lra.2021.3095269,,https://doi.org/10.1109/lra.2021.3095269,crossref,Gaussian splatting robot perception,concept,architecture,,17,Gaussian splatting robot perception; self supervised learning,2026-06-12T15:07:36Z,14.245,15.245
doi:10.1007/s10514-019-09836-5,Multi-modal active perception for information gathering in science missions,,2019,Autonomous Robots,Akash Arora; P. Michael Furlong; Robert Fitch; Salah Sukkarieh; Terrence Fong,10.1007/s10514-019-09836-5,,https://doi.org/10.1007/s10514-019-09836-5,crossref,Gaussian splatting robot perception,concept,architecture,,39,Gaussian splatting robot perception; active perception,2026-06-12T15:07:36Z,14.244,14.244
doi:10.1109/lra.2019.2895826,Real-Time Wide-Baseline Place Recognition Using Depth Completion,,2019,IEEE Robotics and Automation Letters,Fabiola Maffra; Lucas Teixeira; Zetao Chen; Margarita Chli,10.1109/lra.2019.2895826,,https://doi.org/10.1109/lra.2019.2895826,crossref,robotics,concept,crossref_bulk_robotics,,39,,2026-06-12T19:29:26Z,14.244,14.244
doi:10.1109/lra.2023.3300282,Multi-Hypothesis Tracking in a Graph-Based World Model for Knowledge-Driven Active Perception,,2023,IEEE Robotics and Automation Letters,Jordy Senden; Kevin Hollands; David Rapado-Rincon; Akshay Kumar Burusa; Bas Herremans; Herman Bruyninckx; René van de Molengraft,10.1109/lra.2023.3300282,,https://doi.org/10.1109/lra.2023.3300282,crossref,world action model robotics,concept,wam,,7,world action model; active perception,2026-06-12T15:07:36Z,14.240,14.240
doi:10.1109/jsyst.2023.3317328,An Active Strategy for Safe Human–Robot Interaction Based on Visual–Tactile Perception,,2023,IEEE Systems Journal,Caiyue Xu; Yanmin Zhou; Bin He; Zhipeng Wang; Changming Zhang; Hongrui Sang; Hao Liu,10.1109/jsyst.2023.3317328,,https://doi.org/10.1109/jsyst.2023.3317328,crossref,Gaussian splatting robot perception,concept,architecture,,7,Gaussian splatting robot perception; tactile perception; human robot interaction,2026-06-12T15:07:36Z,14.240,14.240
doi:10.1145/3585277,Probing Aesthetics Strategies for Robot Sound: Complexity and Materiality in Movement Sonification,"This article presents three studies where we probe aesthetics strategies of sound produced by movement sonification of a Pepper robot by mapping its movements to sound models. We developed two sets of sound models. The first set was made by two sound models, a sawtooth-based one and another based on feedback chains, for investigating how the perception of synthesized robot sounds would depend on their design complexity. We implemented the second set of sound models for probing the “materiality” of sound made by a robot in motion. This set consisted of a sound synthesis based on an engine highlighting the robot’s internal mechanisms, a metallic sound synthesis highlighting the robot’s typical appearance, and a whoosh sound synthesis highlighting the movement. We conducted three studies. The first study explores how the first set of sound models can influence the perception of expressive g",2023,ACM Transactions on Human-Robot Interaction,Adrian B. Latupeirissa; Claudio Panariello; Roberto Bresin,10.1145/3585277,,https://doi.org/10.1145/3585277,crossref,recurrent robot policy,concept,architecture,,6,recurrent robot policy,2026-06-12T15:07:36Z,14.223,14.223
doi:10.2514/1.g005130,Active Sampling Based Polynomial-Chaos–Kriging Model for Orbital Uncertainty Propagation,,2021,"Journal of Guidance, Control, and Dynamics",Bin Jia; Ming Xin,10.2514/1.g005130,,https://doi.org/10.2514/1.g005130,crossref,latent dynamics model robot control,concept,latent_dynamics,,16,,2026-06-12T15:07:36Z,14.217,15.217
doi:10.1109/icra57147.2024.10610390,Perception-and-Energy-aware Motion Planning for UAV using Learning-based Model under Heteroscedastic Uncertainty,,2024,2024 IEEE International Conference on Robotics and Automation (ICRA),Reiya Takemura; Genya Ishigami,10.1109/icra57147.2024.10610390,,https://doi.org/10.1109/icra57147.2024.10610390,crossref,transformer energy based model robotics,concept,ebm_transformer,,4,energy based model robotics; motion planning,2026-06-12T14:45:03Z,14.205,16.205
doi:10.1109/lra.2024.3483037,ViTract: Robust Object Shape Perception via Active Visuo-Tactile Interaction,,2024,IEEE Robotics and Automation Letters,Anirvan Dutta; Etienne Burdet; Mohsen Kaboli,10.1109/lra.2024.3483037,,https://doi.org/10.1109/lra.2024.3483037,crossref,tactile language action robotics,concept,tactile,,4,,2026-06-12T15:07:36Z,14.205,14.205
doi:10.1109/lra.2024.3418269,An Object-Driven Navigation Strategy Based on Active Perception and Semantic Association,,2024,IEEE Robotics and Automation Letters,Yu Guo; Jinsheng Sun; Ruiheng Zhang; Zhiqi Jiang; Zhenqiang Mi; Chao Yao; Xiaojuan Ban; Mohammad S. Obaidat,10.1109/lra.2024.3418269,,https://doi.org/10.1109/lra.2024.3418269,crossref,Gaussian splatting robot perception,concept,architecture,,4,Gaussian splatting robot perception; active perception,2026-06-12T15:07:36Z,14.205,14.205
doi:10.1109/icip51287.2024.10647579,3D Semantic Scene Completion From A Depth Map With Unsupervised Learning For Semantics Prioritisation,,2024,2024 IEEE International Conference on Image Processing (ICIP),Mona Alawadh; Mahesan Niranjan; Hansung Kim,10.1109/icip51287.2024.10647579,,https://doi.org/10.1109/icip51287.2024.10647579,crossref,3D scene understanding robot manipulation,concept,scene_understanding,,4,robot manipulation; 3D scene understanding,2026-06-12T15:07:36Z,14.205,14.205
doi:10.1109/icra57147.2024.10610075,Self-Supervised Learning of Monocular Visual Odometry and Depth with Uncertainty-Aware Scale Consistency,,2024,2024 IEEE International Conference on Robotics and Automation (ICRA),Changhao Wang; Guanwen Zhang; Wei Zhou,10.1109/icra57147.2024.10610075,,https://doi.org/10.1109/icra57147.2024.10610075,crossref,robotics,concept,crossref_bulk_robotics,,4,self supervised learning,2026-06-12T19:29:26Z,14.205,15.205
doi:10.3390/s22176470,Model-Based 3D Contact Geometry Perception for Visual Tactile Sensor,"Tactile sensing plays an important role for robots’ perception, but the existing tactile technologies have multiple limitations. Visual-tactile sensor (VTS) is a newly developed tactile detector; it perceives the contacting surface shape, or even more refined texture, by way of the contact deformation image captured by a camera. A conventional visual perception is usually formulated as a data processing. It suffers issues of cumbersome training set and complicated calibration procedures. A novel model-based depth perceptual scheme is proposed where a mapping from the image intensity to the contact geometry is mathematically formulated with an associated tailored fast solver. The hardware calibration requires single image only, leading to an outstanding algorithmic robustness. The non-uniformity of the illumination condition is embodied by the stereo model, resulting in a robust depth per",2022,Sensors,Jingjing Ji; Yuting Liu; Huan Ma,10.3390/s22176470,,https://doi.org/10.3390/s22176470,crossref,Gaussian splatting robot perception contact rich manipulation,concept,architecture_x_embodiment,,9,Gaussian splatting robot perception; contact rich manipulation; limitation; robustness,2026-06-12T15:07:36Z,14.201,16.201
doi:10.1109/icra55743.2025.11127651,Uncertainty-Guided Enhancement on Driving Perception System Via Foundation Models,,2025,2025 IEEE International Conference on Robotics and Automation (ICRA),Yunhao Yang; Yuxin Hu; Mao Ye; Zaiwei Zhang; Zhichao Lu; Yi Xu; Ufuk Topcu; Ben Snyder,10.1109/icra55743.2025.11127651,,https://doi.org/10.1109/icra55743.2025.11127651,crossref,foundation model limitation robotics,anti_myopia,anti_thesis,,,limitation; foundation model limitation robotics,2026-06-12T15:07:36Z,14.200,19.200
doi:10.1109/access.2026.3679602,Reaction-Uncertainty-Aware Motion Planning for Interactive Driving via Conditional Multi-Modal Motion Prediction,,2026,IEEE Access,Hanbin Jang; Joonhee Lim; Abi Rahman Syamil; Dongsuk Kum,10.1109/access.2026.3679602,,https://doi.org/10.1109/access.2026.3679602,crossref,sampling based motion planning,anti_myopia,anti_thesis,,,motion planning; sampling based motion planning,2026-06-12T15:07:36Z,14.200,19.200
doi:10.1111/j.1934-6093.2002.tb00364.x,Observability of Depth Estimation for a Hand‐Eye Robot System,"ABSTRACT This paper deals with the depth observability problem of a hand‐eye robot system. In contrast to earlier works, this paper presents a complete study of this observability problem. The velocity of the active camera in the hand‐eye robot system is considered as the input. The observability of depth estimation is then related to the velocity of the camera. A necessary and sufficient condition for the types of camera velocities necessary to ensure observability is found. This compensates for the results of earlier works, in which the velocity of camera was estimated. The theory is also verified by both simulations and experiments in this paper. Furthermore, a modified LQ visual servo control law is proposed to vary the weighting matrices so that depth estimation is improved while the level of control performance is still retained.",2002,Asian Journal of Control,Chang‐Jia Fang; Shir‐Kuan Lin,10.1111/j.1934-6093.2002.tb00364.x,,https://doi.org/10.1111/j.1934-6093.2002.tb00364.x,crossref,Gaussian splatting robot perception robot hand,concept,architecture_x_embodiment,,2,Gaussian splatting robot perception; robot hand,2026-06-12T15:07:36Z,14.199,14.199
doi:10.1177/02783649251411922,Active 6D pose estimation for textureless objects using multi-view RGB frames,"Estimating the 6D pose of textureless objects from RGB images is an important problem in robotics. Due to appearance ambiguities, rotational symmetries, and severe occlusions, single-view based 6D pose estimators are still unable to handle a wide range of objects, motivating research towards multi-view pose estimation and next-best-view prediction that addresses these limitations. In this work, we propose a comprehensive active perception framework for estimating the 6D poses of textureless objects using only RGB images. Our approach is built upon a key idea: decoupling the 6D pose estimation into a two-step sequential process can greatly improve both accuracy and efficiency. First, we estimate the 3D translation of each object, resolving scale and depth ambiguities inherent to RGB images. These estimates are then used to simplify the subsequent task of determining the 3D orientation, wh",2026,The International Journal of Robotics Research,Jun Yang; Wenjie Xue; Sahar Ghavidel; Steven L. Waslander,10.1177/02783649251411922,,https://doi.org/10.1177/02783649251411922,crossref,robotics,concept,crossref_bulk_robotics,,2,active perception; limitation; occlusion,2026-06-12T19:29:26Z,14.199,15.199
doi:10.1109/lra.2021.3116293,Uncertainty-Aware Self-Improving Framework for Depth Estimation,,2022,IEEE Robotics and Automation Letters,Xinyu Nie; Dianxi Shi; Ruihao Li; Zhe Liu; Xucan Chen,10.1109/lra.2021.3116293,,https://doi.org/10.1109/lra.2021.3116293,crossref,robotics,concept,crossref_bulk_robotics,,10,,2026-06-12T19:29:26Z,14.199,15.199
doi:10.1002/aisy.202400404,Interactive Prompt‐Guided Robotic Grasping for Arbitrary Objects Based on Promptable Segment Anything Model and Force‐Closure Analysis,"Grasp generation methods based on force‐closure analysis can calculate the optimal grasps for objects through their appearances. However, the limited visual perception ability makes robots difficult to directly detect the complete appearance of objects. Building predefined models is also a costly procedure. These reasons constrain the application of force‐closure analysis in the real world. To solve it, this article proposes an interactive robotic grasping method based on promptable segment anything model and force‐closure analysis. A human operator can mark a prompt on any object using a laser pointer. Then, the robot extracts the edge of the marked object and calculates the optimal grasp through the edge. To validate feasibility and generalizability, the grasping generation method is tested on the Cornell and Jacquard datasets and a novel benchmark test set of 36 diverse objects is con",2024,Advanced Intelligent Systems,Yan Liu; Yaxin Liu; Ruiqing Han; Kai Zheng; Yufeng Yao; Ming Zhong,10.1002/aisy.202400404,,https://doi.org/10.1002/aisy.202400404,openalex,energy based model robot learning,concept,ebm,,3,benchmark; occlusion; ablation,2026-06-12T18:26:24Z,14.193,17.193
doi:10.1093/oso/9780192898197.003.0008,Perception and Reality: Sketch of an Interactive Realism,"Abstract Naturalistic and constructivist theories of cognition conceive of experienced reality as an internal simulation of the external world, which is generated from sensory data in the brain. In this way, they ascribe to perception a fundamentally illusory character compared to physical reality. The chapter contrasts this with an enactive conception of human experience on two levels, which is able to substantiate an interactive realism. On the first level, the objectivity of perception results from the sensorimotor interaction of living beings with their environment. On the second, specifically human level, perception transcends the subjective perspective through an implicit intersubjectivity: we always see, hear, touch, and handle things with the eyes, ears, and hands of others, as it were. This double interactive structure of perception makes it possible to reject the neuro-construc",2021,In Defence of the Human Being,Thomas Fuchs,10.1093/oso/9780192898197.003.0008,,https://doi.org/10.1093/oso/9780192898197.003.0008,crossref,Gaussian splatting robot perception embodied agent,concept,architecture_x_embodiment,,3,Gaussian splatting robot perception; embodied agent,2026-06-12T15:07:36Z,14.193,14.193
doi:10.1109/icra48506.2021.9561598,Multi-Agent Active Search using Realistic Depth-Aware Noise Model,,2021,2021 IEEE International Conference on Robotics and Automation (ICRA),Ramina Ghods; William J. Durkin; Jeff Schneider,10.1109/icra48506.2021.9561598,,https://doi.org/10.1109/icra48506.2021.9561598,crossref,EBM transformer robotics embodied agent,concept,architecture_x_embodiment,,15,EBM transformer robotics; embodied agent,2026-06-12T15:07:36Z,14.186,14.186
doi:10.1109/icra48506.2021.9560873,Deep Multi-view Depth Estimation with Predicted Uncertainty,,2021,2021 IEEE International Conference on Robotics and Automation (ICRA),Tong Ke; Tien Do; Khiem Vuong; Kourosh Sartipi; Stergios I. Roumeliotis,10.1109/icra48506.2021.9560873,,https://doi.org/10.1109/icra48506.2021.9560873,crossref,robotics,concept,crossref_bulk_robotics,,15,,2026-06-12T19:29:26Z,14.186,15.186
doi:10.1109/icra48506.2021.9561490,MDANet: Multi-Modal Deep Aggregation Network for Depth Completion,,2021,2021 IEEE International Conference on Robotics and Automation (ICRA),Yanjie Ke; Kun Li; Wei Yang; Zhenbo Xu; Dayang Hao; Liusheng Huang; Gang Wang,10.1109/icra48506.2021.9561490,,https://doi.org/10.1109/icra48506.2021.9561490,crossref,robotics,concept,crossref_bulk_robotics,,15,,2026-06-12T19:29:26Z,14.186,14.186
doi:10.1080/0951192x.2016.1268269,Active collision avoidance for human–robot collaboration driven by vision sensors,"Establishing safe human–robot collaboration is an essential factor for improving efficiency and flexibility in today’s manufacturing environment. Targeting safety in human–robot collaboration, this paper reports a novel approach for effective online collision avoidance in an augmented environment, where virtual three-dimensional (3D) models of robots and real images of human operators from depth cameras are used for monitoring and collision detection. A prototype system is developed and linked to industrial robot controllers for adaptive robot control, without the need of programming by the operators. The result of collision detection reveals four safety strategies: the system can alert an operator, stop a robot, move away the robot, or modify the robot’s trajectory away from an approaching operator. These strategies can be activated based on the operator’s existence and location with re",2016,International Journal of Computer Integrated Manufacturing,Abdullah Mohammed; Bernard Schmidt; Lihui Wang,10.1080/0951192x.2016.1268269,,https://doi.org/10.1080/0951192x.2016.1268269,openalex,robotics,concept,openalex_bulk_robotics,,193,industrial robot,2026-06-12T18:57:17Z,14.184,14.184
doi:10.15607/rss.2023.xix.079,Tactile-Filter: Interactive Tactile Perception for Part Mating,,2023,Robotics: Science and Systems XIX,Kei Ota; Devesh Jha; Hsiao-Yu Tung; Joshua Tenenbaum,10.15607/rss.2023.xix.079,,https://doi.org/10.15607/rss.2023.xix.079,crossref,tactile language action robotics,concept,tactile,,6,tactile perception,2026-06-12T14:45:03Z,14.173,14.173
doi:10.1109/icra40945.2020.9197034,Informative Path Planning for Active Field Mapping under Localization Uncertainty,,2020,2020 IEEE International Conference on Robotics and Automation (ICRA),Marija Popovic; Teresa Vidal-Calleja; Jen Jen Chung; Juan Nieto; Roland Siegwart,10.1109/icra40945.2020.9197034,,https://doi.org/10.1109/icra40945.2020.9197034,crossref,robotics,concept,crossref_bulk_robotics,,22,,2026-06-12T19:29:26Z,14.168,15.168
doi:10.1177/0278364908096706,Feature Depth Observation for Image-based Visual Servoing: Theory and Experiments,"In the classical image-based visual servoing framework, error signals are directly computed from image feature parameters, allowing, in principle, control schemes to be obtained that need neither a complete three-dimensional (3D) model of the scene nor a perfect camera calibration. However, when the computation of control signals involves the interaction matrix, the current value of some 3D parameters is requiredfor each considered feature, and typically a rough approximation of this value is used. With reference to the case of a point feature, for which the relevant 3D parameter is the depth Z, we propose a visual servoing approach where Z is observed and made available for servoing. This is achieved by interpreting depth as an unmeasurable state with known dynamics, and by building a non-linear observer that asymptotically recovers the actual value of Z for the selected feature. A bypr",2008,The International Journal of Robotics Research,Alessandro De Luca; Giuseppe Oriolo; Paolo Robuffo Giordano,10.1177/0278364908096706,,https://doi.org/10.1177/0278364908096706,crossref,robotics,concept,crossref_bulk_robotics,,152,visual servoing,2026-06-12T19:29:26Z,14.165,15.165
arxiv:2601.14128v1,SandWorm: Event-based Visuotactile Perception with Active Vibration for Screw-Actuated Robot in Granular Media,"Perception in granular media remains challenging due to unpredictable particle dynamics. To address this challenge, we present SandWorm, a biomimetic screw-actuated robot augmented by peristaltic motion to enhance locomotion, and SWTac, a novel event-based visuotactile sensor with an actively vibrated elastomer. The event camera is mechanically decoupled from vibrations by a spring isolation mechanism, enabling high-quality tactile imaging of both dynamic and stationary objects. For algorithm design, we propose an IMU-guided temporal filter to enhance imaging consistency, improving MSNR by 24%. Moreover, we systematically optimize SWTac with vibration parameters, event camera settings and elastomer properties. Motivated by asymmetric edge features, we also implement contact surface estimation by U-Net. Experimental validation demonstrates SWTac's 0.2 mm texture resolution, 98% stone clas",2026,arXiv,Shoujie Li; Changqing Guo; Junhao Gong; Chenxin Liang; Wenhua Ding; Wenbo Ding,,2601.14128v1,http://arxiv.org/abs/2601.14128v1,arxiv,visuotactile robot manipulation,concept,tactile,,,robot manipulation; tactile perception,2026-06-12T14:45:03Z,14.150,14.150
doi:10.1109/lra.2025.3541432,See-Touch-Predict: Active Exploration and Online Perception of Terrain Physics With Legged Robots,,2025,IEEE Robotics and Automation Letters,Huangxuan Lin; Haoyang Li; Yue Gao,10.1109/lra.2025.3541432,,https://doi.org/10.1109/lra.2025.3541432,crossref,Gaussian splatting robot perception,concept,architecture,,2,Gaussian splatting robot perception,2026-06-12T15:07:36Z,14.149,14.149
doi:10.1016/j.robot.2025.105059,Optimizing exploration with a new uncertainty framework for active SLAM systems,,2025,Robotics and Autonomous Systems,Sebastian Sansoni; Javier Gimenez; Gastón Castro; Santiago Tosetti; Flavio Capraro,10.1016/j.robot.2025.105059,,https://doi.org/10.1016/j.robot.2025.105059,crossref,robotics,concept,crossref_bulk_robotics,,2,SLAM,2026-06-12T19:29:26Z,14.149,15.149
doi:10.1109/icra55743.2025.11128449,SteeredMarigold: Steering Diffusion Towards Depth Completion of Largely Incomplete Depth Maps,,2025,2025 IEEE International Conference on Robotics and Automation (ICRA),Jakub Gregorek; Lazaros Nalpantidis,10.1109/icra55743.2025.11128449,,https://doi.org/10.1109/icra55743.2025.11128449,crossref,robotics,concept,crossref_bulk_robotics,,2,,2026-06-12T19:29:26Z,14.149,14.149
doi:10.1109/icra55743.2025.11127496,PhysPart: Physically Plausible Part Completion for Interactable Objects,,2025,2025 IEEE International Conference on Robotics and Automation (ICRA),Rundong Luo; Haoran Geng; Congyue Deng; Puhao Li; Zan Wang; Baoxiong Jia; Leonidas Guibas; Siyuan Huang,10.1109/icra55743.2025.11127496,,https://doi.org/10.1109/icra55743.2025.11127496,crossref,robotics,concept,crossref_bulk_robotics,,2,,2026-06-12T19:29:26Z,14.149,14.149
doi:10.1162/neco_a_01637,Object-Centric Scene Representations Using Active Inference,"Abstract Representing a scene and its constituent objects from raw sensory data is a core ability for enabling robots to interact with their environment. In this letter, we propose a novel approach for scene understanding, leveraging an object-centric generative model that enables an agent to infer object category and pose in an allocentric reference frame using active inference, a neuro-inspired framework for action and perception. For evaluating the behavior of an active vision agent, we also propose a new benchmark where, given a target viewpoint of a particular object, the agent needs to find the best matching viewpoint given a workspace with randomly positioned objects in 3D. We demonstrate that our active inference agent is able to balance epistemic foraging and goal-driven behavior, and quantitatively outperforms both supervised and reinforcement learning baselines by more than a ",2024,Neural Computation,Toon Van de Maele; Tim Verbelen; Pietro Mazzaglia; Stefano Ferraro; Bart Dhoedt,10.1162/neco_a_01637,,https://doi.org/10.1162/neco_a_01637,crossref,object centric world model,concept,architecture,,3,object centric world model; benchmark,2026-06-12T14:45:03Z,14.143,15.143
doi:10.1038/s41598-024-75607-7,HAVEN: Haptic And Visual Environment Navigation by a Shape-Changing Mobile Robot with Multimodal Perception,"Abstract Many animals exhibit agile mobility in obstructed environments due to their ability to tune their bodies to negotiate and manipulate obstacles and apertures. Most mobile robots are rigid structures and avoid obstacles where possible. In this work, we introduce a new framework named Haptic And Visual Environment Navigation (HAVEN) Architecture to combine vision and proprioception for a deformable mobile robot to be more agile in obstructed environments. The algorithms enable the robot to be autonomously (a) predictive by analysing visual feedback from the environment and preparing its body accordingly, (b) reactive by responding to proprioceptive feedback, and (c) active by manipulating obstacles and gap sizes using its deformable body. The robot was tested approaching differently sized apertures in obstructed environments ranging from greater than its shape to smaller than its n",2024,Scientific Reports,Barry W. Mulvey; Thrishantha Nanayakkara,10.1038/s41598-024-75607-7,,https://doi.org/10.1038/s41598-024-75607-7,crossref,Gaussian splatting robot perception,concept,architecture,,7,Gaussian splatting robot perception; proprioception,2026-06-12T15:07:36Z,14.140,14.140
doi:10.1007/s10514-017-9691-4,Online planning for multi-robot active perception with self-organising maps,,2018,Autonomous Robots,Graeme Best; Jan Faigl; Robert Fitch,10.1007/s10514-017-9691-4,,https://doi.org/10.1007/s10514-017-9691-4,crossref,online adaptation robot learning,concept,adaptation,,47,active perception; online adaptation,2026-06-12T15:07:36Z,14.136,14.136
doi:10.1109/icra.2019.8794161,Depth Completion with Deep Geometry and Context Guidance,,2019,2019 International Conference on Robotics and Automation (ICRA),Byeong-Uk Lee; Hae-Gon Jeon; Sunghoon Im; In So Kweon,10.1109/icra.2019.8794161,,https://doi.org/10.1109/icra.2019.8794161,crossref,robotics,concept,crossref_bulk_robotics,,31,,2026-06-12T19:29:26Z,14.133,14.133
doi:10.1080/17483107.2017.1413145,Satisfaction and perceptions of long-term manual wheelchair users with a spinal cord injury upon completion of a locomotor training program with an overground robotic exoskeleton,"AIM: The main objectives of this study were to quantify clients' satisfaction and perception upon completion of a locomotor training program with an overground robotic exoskeleton. METHODS: A group of 14 wheelchair users with a spinal cord injury, who finished a 6-8-week locomotor training program with the robotic exoskeleton (18 training sessions), were invited to complete a web-based electronic questionnaire. This questionnaire encompassed 41 statements organized around seven key domains: overall satisfaction related to the training program, satisfaction related to the overground robotic exoskeleton, satisfaction related to the program attributes, perceived learnability, perceived health benefits and risks and perceived motivation to engage in physical activity. Each statement was rated using a visual analogue scale ranging from ""0 = totally disagree"" to ""100 = completely agree"". RESUL",2017,Disability and Rehabilitation Assistive Technology,Dany H. Gagnon; Martin Vermette; Cyril Duclos; Mylène Aubertin‐Leheudre; Sara Ahmed; Dahlia Kairy,10.1080/17483107.2017.1413145,,https://doi.org/10.1080/17483107.2017.1413145,openalex,robotics,concept,openalex_bulk_robotics,,57,,2026-06-12T18:57:17Z,14.130,14.130
doi:10.1109/tevc.2010.2046174,Active Categorical Perception of Object Shapes in a Simulated Anthropomorphic Robotic Arm,"Active perception refers to a theoretical approach to the study of perception grounded on the idea that perceiving is a way of acting, rather than a process whereby the brain constructs an internal representation of the world. The operational principles of active perception can be effectively tested by building robot-based models in which the relationship between perceptual categories and the body-environment interactions can be experimentally manipulated. In this paper, we study the mechanisms of tactile perception in a task in which a neuro-controlled anthropomorphic robotic arm, equipped with coarse-grained tactile sensors, is required to perceptually categorize spherical and ellipsoid objects. We show that best individuals, synthesized by artificial evolution techniques, develop a close to optimal ability to discriminate the shape of the objects as well as an ability to generalize th",2010,IEEE Transactions on Evolutionary Computation,Elio Tuci; Gianluca Massera; Stefano Nolfi,10.1109/tevc.2010.2046174,,https://doi.org/10.1109/tevc.2010.2046174,openalex,robotics,concept,openalex_bulk_robotics,,33,tactile perception; active perception,2026-06-12T18:57:17Z,14.113,14.113
doi:10.3389/frobt.2024.1384609,Heuristic satisficing inferential decision making in human and robot active perception,"Inferential decision-making algorithms typically assume that an underlying probabilistic model of decision alternatives and outcomes may be learned a priori or online. Furthermore, when applied to robots in real-world settings they often perform unsatisfactorily or fail to accomplish the necessary tasks because this assumption is violated and/or because they experience unanticipated external pressures and constraints. Cognitive studies presented in this and other papers show that humans cope with complex and unknown settings by modulating between near-optimal and satisficing solutions, including heuristics, by leveraging information value of available environmental cues that are possibly redundant. Using the benchmark inferential decision problem known as “treasure hunt”, this paper develops a general approach for investigating and modeling active perception solutions under pressure. By ",2024,Frontiers in Robotics and AI,Yucheng Chen; Pingping Zhu; Anthony Alers; Tobias Egner; Marc A. Sommer; Silvia Ferrari,10.3389/frobt.2024.1384609,,https://doi.org/10.3389/frobt.2024.1384609,crossref,Gaussian splatting robot perception,concept,architecture,,,Gaussian splatting robot perception; active perception; benchmark,2026-06-12T15:07:36Z,14.100,16.100
doi:10.1109/iros47612.2022.9982175,Bayesian Active Learning for Sim-to-Real Robotic Perception,,2022,2022 IEEE/RSJ International Conference on Intelligent Robots and Systems (IROS),Jianxiang Feng; Jongseok Lee; Maximilian Durner; Rudolph Triebel,10.1109/iros47612.2022.9982175,,https://doi.org/10.1109/iros47612.2022.9982175,crossref,sim to real robot manipulation,concept,sim2real,,8,robot manipulation,2026-06-12T15:07:36Z,14.099,15.099
doi:10.1007/s10514-021-10009-6,Correspondence identification for collaborative multi-robot perception under uncertainty,,2022,Autonomous Robots,Peng Gao; Rui Guo; Hongsheng Lu; Hao Zhang,10.1007/s10514-021-10009-6,,https://doi.org/10.1007/s10514-021-10009-6,crossref,Gaussian splatting robot perception,concept,architecture,,8,Gaussian splatting robot perception,2026-06-12T15:07:36Z,14.099,15.099
doi:10.1109/itsc55140.2022.9922273,CASwin Transformer: A Hierarchical Cross Attention Transformer for Depth Completion,,2022,2022 IEEE 25th International Conference on Intelligent Transportation Systems (ITSC),Chunyu Feng; Xiaonian Wang; Yangyang Zhang; Chengfeng Zhao; Mengxuan Song,10.1109/itsc55140.2022.9922273,,https://doi.org/10.1109/itsc55140.2022.9922273,crossref,action transformer,concept,architecture,,8,action transformer,2026-06-12T15:07:36Z,14.099,14.099
doi:10.1109/lra.2020.3005890,Discontinuous and Smooth Depth Completion With Binary Anisotropic Diffusion Tensor,,2020,IEEE Robotics and Automation Letters,Yasuhiro Yao; Menandro Roxas; Ryoichi Ishikawa; Shingo Ando; Jun Shimamura; Takeshi Oishi,10.1109/lra.2020.3005890,,https://doi.org/10.1109/lra.2020.3005890,crossref,diffusion policy robot manipulation,concept,diffusion,,19,diffusion policy; robot manipulation,2026-06-12T15:07:36Z,14.098,14.098
doi:10.1109/icra48891.2023.10160686,Uncertainty-Guided Active Reinforcement Learning with Bayesian Neural Networks,,2023,2023 IEEE International Conference on Robotics and Automation (ICRA),Xinyang Wu; Mohamed El-Shamouty; Christof Nitsche; Marco F. Huber,10.1109/icra48891.2023.10160686,,https://doi.org/10.1109/icra48891.2023.10160686,crossref,model based reinforcement learning robotics,concept,architecture,,5,model based reinforcement learning robotics,2026-06-12T15:07:36Z,14.096,15.096
doi:10.1109/icra57147.2024.10610753,Coupled Active Perception and Manipulation Planning for a Mobile Manipulator in Precision Agriculture Applications,,2024,2024 IEEE International Conference on Robotics and Automation (ICRA),Shuangyu Xie; Chengsong Hu; Di Wang; Joe Johnson; Muthukumar Bagavathiannan; Dezhen Song,10.1109/icra57147.2024.10610753,,https://doi.org/10.1109/icra57147.2024.10610753,crossref,physical reasoning robotics manipulation,concept,physical_reasoning,,3,active perception,2026-06-12T15:07:36Z,14.093,14.093
doi:10.1109/iros58592.2024.10801563,Enhanced Language-guided Robot Navigation with Panoramic Semantic Depth Perception and Cross-modal Fusion,,2024,2024 IEEE/RSJ International Conference on Intelligent Robots and Systems (IROS),Liuyi Wang; Jiagui Tang; Zongtao He; Ronghao Dang; Chengju Liu; Qijun Chen,10.1109/iros58592.2024.10801563,,https://doi.org/10.1109/iros58592.2024.10801563,crossref,Gaussian splatting robot perception,concept,architecture,,3,Gaussian splatting robot perception,2026-06-12T15:07:36Z,14.093,14.093
title:designing a robot cognitive architecture with concurrency and active perception,Designing a Robot Cognitive Architecture with Concurrency and Active Perception.,"We are implementing ADAPT, a cognitive architecture for a Pioneer mobile robot, to give the robot the full range of cognitive abilities including perception, use of natural language, learning and the ability to solve complex problems. Our perspective is that an architecture based on a unified theory of robot cognition has the best chance of attaining human-level performance. Existing work in cognitive modeling has accomplished much in the construction of such unified cognitive architectures in areas other than robotics; however, there are major respects in which these architectures are inadequate for robot cognition. This paper examines two major inadequacies of current cognitive architectures for robotics: the absence of support for true concurrency and for active",2004,National Conference on Artificial Intelligence,D. Paul Benjamin; Deryle Lonsdale; Damian M. Lyons,,,https://openalex.org/W116180645,openalex,robotics,concept,openalex_bulk_robotics,,31,active perception,2026-06-12T18:57:17Z,14.083,14.083
doi:10.1109/lra.2020.3043172,Sequential Depth Completion With Confidence Estimation for 3D Model Reconstruction,,2021,IEEE Robotics and Automation Letters,Khang Truong Giang; Soohwan Song; Daekyum Kim; Sunghee Choi,10.1109/lra.2020.3043172,,https://doi.org/10.1109/lra.2020.3043172,crossref,robotics,concept,crossref_bulk_robotics,,12,,2026-06-12T19:29:26Z,14.082,14.082
doi:10.1109/tsmc.2017.2732952,Feeling the Shape: Active Exploration Behaviors for Object Recognition With a Robotic Hand,"Autonomous exploration in robotics is a crucial feature to achieve robust and safe systems capable to interact with and recognize their surrounding environment. In this paper, we present a method for object recognition using a three-fingered robotic hand actively exploring interesting object locations to reduce uncertainty. We present a novel probabilistic perception approach with a Bayesian formulation to iteratively accumulate evidence from robot touch. Exploration of better locations for perception is performed by familiarity and novelty exploration behaviors, which intelligently control the robot hand to move toward locations with low and high levels of interestingness, respectively. These are active behaviors that, similar to the exploratory procedures observed in humans, allow robots to autonomously explore locations they believe that contain interesting information for recognition",2017,IEEE Transactions on Systems Man and Cybernetics Systems,Uriel Martínez-Hernández; Tony J. Dodd; Tony J. Prescott,10.1109/tsmc.2017.2732952,,https://doi.org/10.1109/tsmc.2017.2732952,openalex,robotics,concept,openalex_bulk_robotics,,51,robot hand,2026-06-12T18:57:17Z,14.076,15.076
doi:10.1109/iros45743.2020.9341297,Realistic and Interactive Robot Gaze,"This paper describes the development of a system for lifelike gaze in human-robot interactions using a humanoid Audio-Animatronics ® bust. Previous work examining mutual gaze between robots and humans has focused on technical implementation. We present a general architecture that seeks not only to create gaze interactions from a technological standpoint, but also through the lens of character animation where the fidelity and believability of motion is paramount; that is, we seek to create an interaction which demonstrates the illusion of life. A complete system is described that perceives persons in the environment, identifies persons-of-interest based on salient actions, selects an appropriate gaze behavior, and executes high fidelity motions to respond to the stimuli. We use mechanisms that mimic motor and attention behaviors analogous to those observed in biological systems including ",2020,,Matthew K. X. J. Pan; Sungjoon Choi; James Kennedy; Kyna McIntosh; Daniel Campos Zamora; Günter Niemeyer; Joohyung Kim; Alexis P. Wieland; David Johan Christensen,10.1109/iros45743.2020.9341297,,https://doi.org/10.1109/iros45743.2020.9341297,openalex,robotics,concept,openalex_bulk_robotics,,30,human robot interaction,2026-06-12T18:57:17Z,14.067,14.067
doi:10.1177/0278364919891773,Unifying bilateral teleoperation and tele-impedance for enhanced user experience,"Usability is one of the most important aspects of teleoperation. Ideally, the operator’s experience should be one of complete command over the remote environment, but also be as close as possible to what they would have if physically present at the remote end, i.e., transparency in terms of both action and perception. These two aspects may coincide in favorable conditions, where classic approaches such as the four-channel architecture ensures transparency of the control framework. In the presence of substantial delays between the user and the slave, however, the stability–performance trade-off inherent to bilateral teleoperation deteriorates not only transparency, but also command. An alternative, unilateral approach is given by tele-impedance, which controls the slave–environment interaction by measuring and remotely replicating the user’s limb endpoint position and impedance. Not inclu",2020,The International Journal of Robotics Research,Marco Laghi; Arash Ajoudani; Manuel G. Catalano; Antonio Bicchi,10.1177/0278364919891773,,https://doi.org/10.1177/0278364919891773,crossref,robotics,concept,crossref_bulk_robotics,,59,teleoperation,2026-06-12T19:29:26Z,14.047,14.047
doi:10.1364/3d.2022.3f3a.8,Manipulation of the Parallax Values for Depth Perception Flexibility from Multifocus Stacks,The proposed method allows to set convergence at different depths from a multifocus stack by means of modifying the zero parallax plane and hence changing the depth-perception of a 3D scene.,2022,"Imaging and Applied Optics Congress 2022 (3D, AOA, COSI, ISA, pcAOP)",Julia R. Alonso,10.1364/3d.2022.3f3a.8,,https://doi.org/10.1364/3d.2022.3f3a.8,crossref,3D scene understanding robot manipulation,concept,scene_understanding,,1,robot manipulation; 3D scene understanding,2026-06-12T15:07:36Z,14.047,14.047
title:information theoretic active perception for multi robot teams,Information-Theoretic Active Perception for Multi-Robot Teams,"Multi-robot teams that intelligently gather information have the potential to transform industries as diverse as agriculture, space exploration, mining, environmental monitoring, search and rescue, and construction. Despite large amounts of research effort on active perception problems, there still remain significant challenges. In this thesis, we present a variety of information-theoretic control policies that enable teams of robots to efficiently estimate different quantities of interest. Although these policies are intractable in general, we develop a series of approximations that make them suitable for real time use.\nWe begin by presenting a unified estimation and control scheme based on Shannon's mutual information that lets small teams of robots equipped with range-only sensors track a single static target. By creating approximate representations, we substantially reduce the compl",2015,ScholarlyCommons (University of Pennsylvania),Benjamin Charrow,,,https://openalex.org/W2172844656,openalex,robotics,concept,openalex_bulk_robotics,,28,active perception,2026-06-12T18:57:17Z,14.034,14.034
doi:10.1109/whc56415.2023.10224431,Active Haptic Exploration based on Dual-Stage Perception for Object Recognition,,2023,2023 IEEE World Haptics Conference (WHC),Pakorn Uttayopas; Xiaoxiao Cheng; Etienne Burdet,10.1109/whc56415.2023.10224431,,https://doi.org/10.1109/whc56415.2023.10224431,crossref,object centric world model,concept,architecture,,4,object centric world model,2026-06-12T15:07:36Z,14.005,14.005
doi:10.1109/access.2023.3280413,Decentralized Coordination of Multi-Agent Systems based on POMDPs and Consensus for Active Perception,,2023,IEEE Access,Marijana Peti; Frano Petric; Stjepan Bogdan,10.1109/access.2023.3280413,,https://doi.org/10.1109/access.2023.3280413,crossref,Gaussian splatting robot perception embodied agent,concept,architecture_x_embodiment,,4,Gaussian splatting robot perception; embodied agent; active perception,2026-06-12T15:07:36Z,14.005,14.005
doi:10.1109/icra48891.2023.10161238,Active Probing and Influencing Human Behaviors Via Autonomous Agents,,2023,2023 IEEE International Conference on Robotics and Automation (ICRA),Shuangge Wang; Yiwei Lyu; John M. Dolan,10.1109/icra48891.2023.10161238,,https://doi.org/10.1109/icra48891.2023.10161238,crossref,robotics,concept,crossref_bulk_robotics,,4,,2026-06-12T19:29:26Z,14.005,14.005
doi:10.31224/7048,"Beyond RGB-D: Perception of Glass, Mirrors, and See-Through Scenes for Robotics","Perception of transparent and reflective objects remains one of the most challenging problems in robotics because such materials often violate the assumptions used by conventional vision and depth sensing systems. Reflections, refractions, and missing depth information frequently lead to unreliable scene understanding, affecting important robotic tasks such as navigation, mapping, obstacle avoidance, and manipulation. This paper presents a survey of perception techniques designed for transparent, reflective, and see-through environments, with a focus on robotics-oriented perception and decision-making. The survey reviews recent developments in transparent object segmentation, depth completion, multimodal sensing, polarization-based geometry recovery, neural rendering, event-based vision, foundation-model-based depth estimation, uncertainty estimation, sim-to-real transfer, and embodied r",,,Salem Ameen; Hari Sunmukeswar Baskaran,10.31224/7048,,https://doi.org/10.31224/7048,crossref,robotics,concept,crossref_bulk_robotics,,,sim to real transfer,2026-06-12T19:29:26Z,14.000,16.000
doi:10.1007/s10846-021-01489-w,End-to-End Probabilistic Depth Perception and 3D Obstacle Avoidance using POMDP,,2021,Journal of Intelligent & Robotic Systems,Shakeeb Ahmad; Zachary N. Sunberg; J. Sean Humbert,10.1007/s10846-021-01489-w,,https://doi.org/10.1007/s10846-021-01489-w,crossref,Gaussian splatting robot perception,concept,architecture,,10,Gaussian splatting robot perception,2026-06-12T15:07:36Z,13.999,13.999
doi:10.1109/lra.2021.3101869,Autonomous Quadrotor Landing on Inclined Surfaces Using Perception-Guided Active Asymmetric Skids,,2021,IEEE Robotics and Automation Letters,Jinho Kim; Mark C. Lesak; Dylan Taylor; Daniel J. Gonzalez; Christopher M. Korpela,10.1109/lra.2021.3101869,,https://doi.org/10.1109/lra.2021.3101869,crossref,Gaussian splatting robot perception,concept,architecture,,10,Gaussian splatting robot perception,2026-06-12T15:07:36Z,13.999,13.999
doi:10.1109/icra48506.2021.9561174,Robust Monocular Visual-Inertial Depth Completion for Embedded Systems,,2021,2021 IEEE International Conference on Robotics and Automation (ICRA),Nathaniel Merrill; Patrick Geneva; Guoquan Huang,10.1109/icra48506.2021.9561174,,https://doi.org/10.1109/icra48506.2021.9561174,crossref,robotics,concept,crossref_bulk_robotics,,10,,2026-06-12T19:29:26Z,13.999,13.999
doi:10.1177/02783649251414426,Electro-SLAM: Distributed underwater multi-robot SLAM via bio-inspired active and passive electro-sensing,"This paper presents Electro-SLAM, a novel and fully distributed SLAM system for underwater single- and multi-robot applications, inspired by the electroreception capabilities of weakly electric fish. Departing from conventional vision- or sonar-based methods, Electro-SLAM employs a compact, custom-designed sensing module that supports both active and passive electro-sensing, enabling perception of geometric boundaries and material properties even in visually degraded, dark, or turbid environments, without relying on external infrastructure. At the foundational level, we develop a complete electro-sensing solution, including a compact hardware unit, theoretical electric field models under representative underwater boundary conditions, and estimation methods for localization. Building on this, for single-robot scenarios, we propose an active electro-sensing SLAM pipeline that integrates bo",2026,The International Journal of Robotics Research,Qiye Yang; Junzheng Zheng; Chen Wang; Minglei Xiong; Guangming Xie,10.1177/02783649251414426,,https://doi.org/10.1177/02783649251414426,crossref,EBM transformer robotics multi robot system,concept,architecture_x_embodiment,,1,EBM transformer robotics; multi robot system; SLAM,2026-06-12T15:07:36Z,13.997,13.997
doi:10.1109/tro.2010.2040202,Human-Intent Detection and Physically Interactive Control of a Robot Without Force Sensors,,2010,IEEE Transactions on Robotics,M.S. Erden; T. Tomiyama,10.1109/tro.2010.2040202,,https://doi.org/10.1109/tro.2010.2040202,crossref,interactive robot learning human feedback,concept,hri,,117,,2026-06-12T15:07:36Z,13.985,13.985
doi:10.1109/iarce57187.2022.00021,SDformer: Efficient End-to-End Transformer for Depth Completion,,2022,"2022 International Conference on Industrial Automation, Robotics and Control Engineering (IARCE)",Jian Qian; Miao Sun; Ashley Lee; Jie Li; Shenglong Zhuo; Patrick Yin Chiang,10.1109/iarce57187.2022.00021,,https://doi.org/10.1109/iarce57187.2022.00021,crossref,EBM transformer robotics,concept,architecture,,6,EBM transformer robotics,2026-06-12T14:45:03Z,13.973,13.973
doi:10.1109/lra.2022.3196459,Recognition Beyond Perception: Environmental Model Completion by Reasoning for Occluded Vehicles,,2022,IEEE Robotics and Automation Letters,Martin Krueger; Patrick Palmer; Christopher Diehl; Timo Osterburg; Torsten Bertram,10.1109/lra.2022.3196459,,https://doi.org/10.1109/lra.2022.3196459,crossref,physical reasoning robotics manipulation,concept,physical_reasoning,,6,,2026-06-12T15:07:36Z,13.973,13.973
doi:10.15607/rss.2020.xvi.012,Regularized Graph Matching for Correspondence Identification under Uncertainty in Collaborative Perception,,2020,Robotics: Science and Systems XVI,Peng Gao; Rui Guo; Hongsheng Lu; Hao Zhang,10.15607/rss.2020.xvi.012,,https://doi.org/10.15607/rss.2020.xvi.012,crossref,robotics,concept,crossref_bulk_robotics,,14,,2026-06-12T19:29:26Z,13.954,14.954
doi:10.1109/icra48506.2021.9561557,Stereo-augmented Depth Completion from a Single RGB-LiDAR image,,2021,2021 IEEE International Conference on Robotics and Automation (ICRA),Keunhoon Choi; Somi Jeong; Youngjung Kim; Kwanghoon Sohn,10.1109/icra48506.2021.9561557,,https://doi.org/10.1109/icra48506.2021.9561557,crossref,robotics,concept,crossref_bulk_robotics,,9,,2026-06-12T19:29:26Z,13.951,13.951
doi:10.1109/icra.2012.6224890,On the comparison of uncertainty criteria for active SLAM,,2012,2012 IEEE International Conference on Robotics and Automation,Henry Carrillo; Ian Reid; Jose A. Castellanos,10.1109/icra.2012.6224890,,https://doi.org/10.1109/icra.2012.6224890,crossref,robotics,concept,crossref_bulk_robotics,,109,SLAM,2026-06-12T19:29:26Z,13.950,14.950
arxiv:2403.11396v2,Beyond Uncertainty: Risk-Aware Active View Acquisition for Safe Robot Navigation and 3D Scene Understanding with FisherRF,"The active view acquisition problem has been extensively studied in the context of robot navigation using NeRF and 3D Gaussian Splatting. To enhance scene reconstruction efficiency and ensure robot safety, we propose the Risk-aware Environment Masking (RaEM) framework. RaEM leverages coherent risk measures to dynamically prioritize safety-critical regions of the unknown environment, guiding active view acquisition algorithms toward identifying the next-best-view (NBV). Integrated with FisherRF, which selects the NBV by maximizing expected information gain, our framework achieves a dual objective: improving robot safety and increasing efficiency in risk-aware 3D scene reconstruction and understanding. Extensive high-fidelity experiments validate the effectiveness of our approach, demonstrating its ability to establish a robust and safety-focused framework for active robot exploration and ",2024,arXiv,Guangyi Liu; Wen Jiang; Boshu Lei; Vivek Pandey; Kostas Daniilidis; Nader Motee,,2403.11396v2,http://arxiv.org/abs/2403.11396v2,arxiv,3D scene understanding robot manipulation,concept,scene_understanding,,,robot manipulation; 3D scene understanding,2026-06-12T15:07:36Z,13.950,14.950
doi:10.1145/3586183.3606763,Generative Agents: Interactive Simulacra of Human Behavior,"Believable proxies of human behavior can empower interactive applications ranging from immersive environments to rehearsal spaces for interpersonal communication to prototyping tools. In this paper, we introduce generative agents: computational software agents that simulate believable human behavior. Generative agents wake up, cook breakfast, and head to work; artists paint, while authors write; they form opinions, notice each other, and initiate conversations; they remember and reflect on days past as they plan the next day. To enable generative agents, we describe an architecture that extends a large language model to store a complete record of the agent’s experiences using natural language, synthesize those memories over time into higher-level reflections, and retrieve them dynamically to plan behavior. We instantiate generative agents to populate an interactive sandbox environment in",2023,,Joon Sung Park; Joseph O’Brien; Carrie J. Cai; Meredith Ringel Morris; Percy Liang; Michael S. Bernstein,10.1145/3586183.3606763,,https://doi.org/10.1145/3586183.3606763,openalex,energy based model robot learning,concept,ebm,,1419,ablation,2026-06-12T18:05:07Z,13.950,14.950
doi:10.1109/icsai65059.2024.10893835,DiffDRNet: A Latent Diffusion Model-Based Method for Depth Completion,,2024,2024 10th International Conference on Systems and Informatics (ICSAI),Yibo Chen; Lingxin Yu; Zhifeng Wang; Guangwei Li; Jinping Li,10.1109/icsai65059.2024.10893835,,https://doi.org/10.1109/icsai65059.2024.10893835,crossref,latent dynamics model robotics,concept,architecture,,2,latent dynamics model robotics,2026-06-12T15:07:36Z,13.949,13.949
doi:10.1109/iros58592.2024.10801767,ActNeRF: Uncertainty-aware Active Learning of NeRF-based Object Models for Robot Manipulators using Visual and Re-orientation Actions,,2024,2024 IEEE/RSJ International Conference on Intelligent Robots and Systems (IROS),Saptarshi Dasgupta; Akshat Gupta; Shreshth Tuli; Rohan Paul,10.1109/iros58592.2024.10801767,,https://doi.org/10.1109/iros58592.2024.10801767,crossref,deformable object manipulation robot learning,concept,deformable,,2,deformable object manipulation,2026-06-12T15:07:36Z,13.949,14.949
doi:10.1109/icra48506.2021.9561154,Attention-Based Probabilistic Planning with Active Perception,,2021,2021 IEEE International Conference on Robotics and Automation (ICRA),Haoxiang Ma; Jie Fu,10.1109/icra48506.2021.9561154,,https://doi.org/10.1109/icra48506.2021.9561154,crossref,probabilistic robotics,anti_myopia,anti_thesis,,2,active perception; probabilistic robotics,2026-06-12T15:07:36Z,13.949,16.949
doi:10.1109/icccr61138.2024.10585422,Multi-scale Spatial Propagation Network for Depth Completion,,2024,"2024 4th International Conference on Computer, Control and Robotics (ICCCR)",Zhenyu Wu; Haiyang Wang; Xiangyu Deng,10.1109/icccr61138.2024.10585422,,https://doi.org/10.1109/icccr61138.2024.10585422,crossref,robotics,concept,crossref_bulk_robotics,,2,,2026-06-12T19:29:26Z,13.949,13.949
doi:10.1016/j.robot.2018.02.018,"Probabilistic RGB-D odometry based on points, lines and planes under depth uncertainty",,2018,Robotics and Autonomous Systems,Pedro F. Proença; Yang Gao,10.1016/j.robot.2018.02.018,,https://doi.org/10.1016/j.robot.2018.02.018,crossref,score based policy robotics,concept,diffusion,,32,,2026-06-12T15:07:36Z,13.948,14.948
doi:10.1109/tro.2026.3658294,SandWorm: Event-Based Visuotactile Perception With Active Vibration for Screw-Actuated Robot in Granular Media,,2026,IEEE Transactions on Robotics,Shoujie Li; Changqing Guo; Junhao Gong; Chenxin Liang; Wenhua Ding; Wenbo Ding,10.1109/tro.2026.3658294,,https://doi.org/10.1109/tro.2026.3658294,crossref,visuotactile robot manipulation,concept,tactile,,1,robot manipulation; tactile perception,2026-06-12T14:45:03Z,13.947,13.947
doi:10.1109/lra.2026.3656771,HERE: Hierarchical Active Exploration of Radiance Field With Epistemic Uncertainty Minimization,,2026,IEEE Robotics and Automation Letters,Taekbeom Lee; Dabin Kim; Youngseok Jang; H. Jin Kim,10.1109/lra.2026.3656771,,https://doi.org/10.1109/lra.2026.3656771,crossref,neural radiance field robotics,concept,architecture,,1,neural radiance field robotics,2026-06-12T14:45:03Z,13.947,14.947
doi:10.1109/lra.2025.3588387,CLEVER: Stream-Based Active Learning for Robust Semantic Perception From Human Instructions,,2025,IEEE Robotics and Automation Letters,Jongseok Lee; Timo Birr; Rudolph Triebel; Tamim Asfour,10.1109/lra.2025.3588387,,https://doi.org/10.1109/lra.2025.3588387,crossref,learning robot manipulation from human video,concept,human_data,,1,robot manipulation,2026-06-12T15:07:36Z,13.947,13.947
doi:10.1109/icra55743.2025.11128114,Whisker-Based Active Tactile Perception for Contour Reconstruction,,2025,2025 IEEE International Conference on Robotics and Automation (ICRA),Yixuan Dang; Qinyang Xu; Yu Zhang; Xiangtong Yao; Liding Zhang; Zhenshan Bing; Florian Roehrbein; Alois Knoll,10.1109/icra55743.2025.11128114,,https://doi.org/10.1109/icra55743.2025.11128114,crossref,tactile language action robotics,concept,tactile,,1,tactile perception,2026-06-12T15:07:36Z,13.947,13.947
doi:10.1109/lra.2026.3656789,DGFusion: Depth-Guided Sensor Fusion for Robust Semantic Perception,,2026,IEEE Robotics and Automation Letters,Tim Brödermannn; Christos Sakaridis; Luigi Piccinelli; Wim Abbeloos; Luc Van Gool,10.1109/lra.2026.3656789,,https://doi.org/10.1109/lra.2026.3656789,crossref,Gaussian splatting robot perception,concept,architecture,,1,Gaussian splatting robot perception,2026-06-12T15:07:36Z,13.947,13.947
doi:10.1109/lra.2025.3562789,Emperror: A Flexible Generative Perception Error Model for Probing Self-Driving Planners,,2025,IEEE Robotics and Automation Letters,Niklas Hanselmann; Simon Doll; Marius Cordts; Hendrik P.A. Lensch; Andreas Geiger,10.1109/lra.2025.3562789,,https://doi.org/10.1109/lra.2025.3562789,crossref,Gaussian splatting robot perception,concept,architecture,,1,Gaussian splatting robot perception,2026-06-12T15:07:36Z,13.947,13.947
doi:10.1109/lra.2025.3595036,A-SEE2.0: Active-Sensing End-Effector for Robotic Ultrasound Systems with Dense Contact Surface Perception Enabled Probe Orientation Adjustment,,2025,IEEE Robotics and Automation Letters,Yernar Zhetpissov; Xihan Ma; Kehan Yang; Haichong K. Zhang,10.1109/lra.2025.3595036,,https://doi.org/10.1109/lra.2025.3595036,crossref,Gaussian splatting robot perception,concept,architecture,,1,Gaussian splatting robot perception,2026-06-12T15:07:36Z,13.947,13.947
doi:10.1080/10494820.2025.2610112,Ethics matters: roles and responsibilities at Interactive Learning Environments,,2026,Interactive Learning Environments,Pericles Asher Rospigliosi,10.1080/10494820.2025.2610112,,https://doi.org/10.1080/10494820.2025.2610112,crossref,interactive robot learning human feedback,concept,hri,,1,,2026-06-12T15:07:36Z,13.947,13.947
doi:10.1109/rcar65431.2025.11139744,DiffusionDC: Depth Completion Using Deformable Diffusion Model,,2025,2025 IEEE International Conference on Real-time Computing and Robotics (RCAR),Zehang Shen; Jiuming Liu; Haidong Hu; Yong Wang; Fan Xu,10.1109/rcar65431.2025.11139744,,https://doi.org/10.1109/rcar65431.2025.11139744,crossref,EBM transformer robotics deformable object manipulation,concept,architecture_x_embodiment,,1,EBM transformer robotics; deformable object manipulation,2026-06-12T15:07:36Z,13.947,13.947
doi:10.1109/tce.2026.3679325,EUPA: Embodied Uncertainty-Aware Multimodal Affect Perception for Consumer Electronic Systems,,2026,IEEE Transactions on Consumer Electronics,Xianxun Zhu; Rui Wang; Lucia Cascone; E Xiaosong; Hui Chen,10.1109/tce.2026.3679325,,https://doi.org/10.1109/tce.2026.3679325,crossref,Gaussian splatting robot perception embodied agent,concept,architecture_x_embodiment,,1,Gaussian splatting robot perception; embodied agent,2026-06-12T15:07:36Z,13.947,14.947
doi:10.1109/tcds.2025.3539665,Where To Learn: Embodied Perception Learning Planned by Vision-Language Models,,2025,IEEE Transactions on Cognitive and Developmental Systems,Juan Wang; Di Guo; Huaping Liu,10.1109/tcds.2025.3539665,,https://doi.org/10.1109/tcds.2025.3539665,crossref,Gaussian splatting robot perception embodied agent,concept,architecture_x_embodiment,,1,Gaussian splatting robot perception; embodied agent,2026-06-12T15:07:36Z,13.947,13.947
doi:10.1109/iv64158.2025.11097795,Learning Occlusion-aware Decision-making from Agent Interaction via Active Perception,,2025,2025 IEEE Intelligent Vehicles Symposium (IV),Jie Jia; Yiming Shu; Zhongxue Gan; Wenchao Ding,10.1109/iv64158.2025.11097795,,https://doi.org/10.1109/iv64158.2025.11097795,crossref,Gaussian splatting robot perception embodied agent,concept,architecture_x_embodiment,,1,Gaussian splatting robot perception; embodied agent; active perception; occlusion,2026-06-12T15:07:36Z,13.947,13.947
doi:10.1109/icra55743.2025.11127532,Enhancing Agricultural Environment Perception via Active Vision and Zero-Shot Learning,,2025,2025 IEEE International Conference on Robotics and Automation (ICRA),Michele Carlo La Greca; Mirko Usuelli; Matteo Matteucci,10.1109/icra55743.2025.11127532,,https://doi.org/10.1109/icra55743.2025.11127532,crossref,robotics,concept,crossref_bulk_robotics,,1,,2026-06-12T19:29:26Z,13.947,13.947
doi:10.52783/tjjpt.v44.i3.230,"Exploring the Use of AI in Autonomous Vehicles, Drones, and Robotics for Perception, Navigation and Decision-Making","The advancement of artificial intelligence (AI) has ushered in a new era of automation and autonomy in various industries. Among the most prominent beneficiaries of AI are autonomous vehicles, drones, and robotics, where AI plays a pivotal role in enhancing perception, navigation, and decision-making capabilities. This paper explores the application of AI in these domains and its transformative impact on their functionalities. This research paper delves into the rapidly evolving field of artificial intelligence (AI) applied to autonomous vehicles, drones, and robotics. The integration of AI technologies in these domains has revolutionized perception, navigation, and decision-making processes, making them more efficient, safe, and adaptable. This paper provides an in-depth analysis of the current state of AI in these sectors, including the key technologies, challenges, and future prospect",2023,Tuijin Jishu/Journal of Propulsion Technology,Nand Kumar Et al.,10.52783/tjjpt.v44.i3.230,,https://doi.org/10.52783/tjjpt.v44.i3.230,crossref,decision transformer robotics,concept,architecture,,3,decision transformer robotics,2026-06-12T15:07:36Z,13.943,13.943
doi:10.1186/s10033-023-00897-3,A Closed-Loop Dynamic Controller for Active Vibration Isolation Working on A Parallel Wheel-Legged Robot,"Abstract Serving the Stewart mechanism as a wheel-legged structure, the most outstanding superiority of the proposed wheel-legged hybrid robot (WLHR) is the active vibration isolation function during rolling on rugged terrain. However, it is difficult to obtain its precise dynamic model, because of the nonlinearity and uncertainty of the heavy robot. This paper presents a dynamic control framework with a decentralized structure for single wheel-leg, position tracking based on model predictive control (MPC) and adaptive impedance module from inside to outside. Through the Newton-Euler dynamic model of the Stewart mechanism, the controller first creates a predictive model by combining Newton-Raphson iteration of forward kinematic and inverse kinematic calculation of Stewart. The actuating force naturally enables each strut to stretch and retract, thereby realizing six degrees-of-freedom (6",2023,Chinese Journal of Mechanical Engineering,Fei Guo; Shoukun Wang; Daohe Liu; Junzheng Wang,10.1186/s10033-023-00897-3,,https://doi.org/10.1186/s10033-023-00897-3,crossref,Gaussian splatting robot perception legged manipulation,concept,architecture_x_embodiment,,7,Gaussian splatting robot perception; legged manipulation; impedance control; model predictive control,2026-06-12T15:07:36Z,13.940,15.940
arxiv:2209.08409v1,Uncertainty Guided Policy for Active Robotic 3D Reconstruction using Neural Radiance Fields,"In this paper, we tackle the problem of active robotic 3D reconstruction of an object. In particular, we study how a mobile robot with an arm-held camera can select a favorable number of views to recover an object's 3D shape efficiently. Contrary to the existing solution to this problem, we leverage the popular neural radiance fields-based object representation, which has recently shown impressive results for various computer vision tasks. However, it is not straightforward to directly reason about an object's explicit 3D geometric details using such a representation, making the next-best-view selection problem for dense 3D reconstruction challenging. This paper introduces a ray-based volumetric uncertainty estimator, which computes the entropy of the weight distribution of the color samples along each ray of the object's implicit neural representation. We show that it is possible to inf",2022,arXiv,Soomin Lee; Le Chen; Jiahao Wang; Alexander Liniger; Suryansh Kumar; Fisher Yu,,2209.08409v1,http://arxiv.org/abs/2209.08409v1,arxiv,neural radiance field robotics,concept,architecture,,,neural radiance field robotics,2026-06-12T14:45:03Z,13.900,14.900
doi:10.3389/frobt.2022.784249,“Sequencing Matters”: Investigating Suitable Action Sequences in Robot-Assisted Autism Therapy,"Social robots have been shown to be promising tools for delivering therapeutic tasks for children with Autism Spectrum Disorder (ASD). However, their efficacy is currently limited by a lack of flexibility of the robot’s social behavior to successfully meet therapeutic and interaction goals. Robot-assisted interventions are often based on structured tasks where the robot sequentially guides the child towards the task goal. Motivated by a need for personalization to accommodate a diverse set of children profiles, this paper investigates the effect of different robot action sequences in structured socially interactive tasks targeting attention skills in children with different ASD profiles. Based on an autism diagnostic tool, we devised a robotic prompting scheme on a NAO humanoid robot, aimed at eliciting goal behaviors from the child, and integrated it in a novel interactive storytelling ",2022,Frontiers in Robotics and AI,Kim Baraka; Marta Couto; Francisco S. Melo; Ana Paiva; Manuela Veloso,10.3389/frobt.2022.784249,,https://doi.org/10.3389/frobt.2022.784249,crossref,adaptive world action model robot,concept,wam,,10,world action model; adaptive world action model; humanoid robot; limitation,2026-06-12T15:07:36Z,13.899,14.899
doi:10.3389/frobt.2022.699573,The Long-Term Efficacy of “Social Buffering” in Artificial Social Agents: Contextual Affective Perception Matters,"In dynamic (social) environments, an affective state of “stress” can be adaptive and promote agent wellbeing, but maladaptive if not appropriately regulated. The presence of (and interactions with) affect-based social support has been hypothesised to provide mechanisms to regulate stress (the “social buffering” hypothesis), though the precise, underlying mechanisms are still unclear. However, the hormone oxytocin has been implicated in mediating these effects in at least two ways: by improving social appraisals and reducing the short-term release of stress hormones (i.e., cortisol), and adapting an agent’s long-term stress tolerance. These effects likely facilitate an agent’s long-term adaptive ability by grounding their physiological and behavioural adaptation in the (affective) social environment, though these effects also appear to be context-dependent. In this paper, we investigate w",2022,Frontiers in Robotics and AI,Imran Khan; Lola Cañamero,10.3389/frobt.2022.699573,,https://doi.org/10.3389/frobt.2022.699573,crossref,Gaussian splatting robot perception,concept,architecture,,5,Gaussian splatting robot perception,2026-06-12T15:07:36Z,13.896,13.896
doi:10.1109/lra.2022.3221665,Guided Spatial Propagation Network for Depth Completion,,2022,IEEE Robotics and Automation Letters,Long Chen; Qing Li,10.1109/lra.2022.3221665,,https://doi.org/10.1109/lra.2022.3221665,crossref,robotics,concept,crossref_bulk_robotics,,5,,2026-06-12T19:29:26Z,13.896,13.896
doi:10.1109/icra46639.2022.9811840,SEHLNet: Separate Estimation of High- and Low-Frequency components for Depth Completion,,2022,2022 International Conference on Robotics and Automation (ICRA),Qiang Liu; Haosong Yue; Zhanggang Lyu; Wei Wang; Zhong Liu; Weihai Chen,10.1109/icra46639.2022.9811840,,https://doi.org/10.1109/icra46639.2022.9811840,crossref,robotics,concept,crossref_bulk_robotics,,5,,2026-06-12T19:29:26Z,13.896,13.896
doi:10.1109/lra.2023.3264166,Non-Contact Tactile Perception for Hybrid-Active Gripper,,2023,IEEE Robotics and Automation Letters,Jonathas H. M. Pereira; Carlos F. Joventino; João A. Fabro; André S. de Oliveira,10.1109/lra.2023.3264166,,https://doi.org/10.1109/lra.2023.3264166,crossref,tactile language action robotics,concept,tactile,,3,tactile perception,2026-06-12T15:07:36Z,13.893,13.893
doi:10.1007/s10514-022-10065-6,Active object perception using Bayesian classifiers and haptic exploration,,2023,Autonomous Robots,Teng Sun; Hongbin Liu; Zhonghua Miao,10.1007/s10514-022-10065-6,,https://doi.org/10.1007/s10514-022-10065-6,crossref,Gaussian splatting robot perception,concept,architecture,,3,Gaussian splatting robot perception,2026-06-12T15:07:36Z,13.893,13.893
doi:10.1109/iros55552.2023.10341465,Active Electric Perception-Based Haptic Modality with Applications to Robotics,,2023,2023 IEEE/RSJ International Conference on Intelligent Robots and Systems (IROS),Michael Zechmair; Yannick Morel,10.1109/iros55552.2023.10341465,,https://doi.org/10.1109/iros55552.2023.10341465,crossref,robotics,concept,crossref_bulk_robotics,,3,,2026-06-12T19:29:26Z,13.893,13.893
doi:10.1109/lra.2023.3318188,Self-Supervised Single-Line LiDAR Depth Completion,,2023,IEEE Robotics and Automation Letters,Junjie Hu; Chenyou Fan; Xiyue Guo; Liguang Zhou; Tin Lun Lam,10.1109/lra.2023.3318188,,https://doi.org/10.1109/lra.2023.3318188,crossref,robotics,concept,crossref_bulk_robotics,,3,,2026-06-12T19:29:26Z,13.893,13.893
doi:10.1177/0278364919891776,Placing and scheduling many depth sensors for wide coverage and efficient mapping in versatile legged robots,"This article tackles the problem of designing 3D perception systems for robots with high visual requirements, such as versatile legged robots capable of different locomotion styles. In order to guarantee high visual coverage in varied conditions (e.g., biped walking, quadruped walking, ladder climbing), such robots need to be equipped with a large number of sensors, while at the same time managing the computational requirements that arise from such a system. We tackle this problem at both levels: sensor placement (how many sensors to install on the robot and where) and run-time acquisition scheduling under computational constraints (not all sensors can be acquired and processed at the same time). Our first contribution is a methodology for designing perception systems with a large number of depth sensors scattered throughout the links of a robot, using multi-objective optimization for op",2020,The International Journal of Robotics Research,Martim Brandão; Rui Figueiredo; Kazuki Takagi; Alexandre Bernardino; Kenji Hashimoto; Atsuo Takanishi,10.1177/0278364919891776,,https://doi.org/10.1177/0278364919891776,crossref,EBM transformer robotics legged manipulation,concept,architecture_x_embodiment,,11,EBM transformer robotics; legged manipulation; occlusion,2026-06-12T15:07:36Z,13.892,13.892
doi:10.1109/smc.2019.8914519,A Multimodal Perception System for Detection of Human Operators in Robotic Work Cells,"Workspace monitoring is a critical hw/sw component of modern industrial work cells or in service robotics scenarios, where human operators share their workspace with robots. Reliability of human detection is a major requirement not only for safety purposes but also to avoid unnecessary robot stops or slowdowns in case of false positives. The present paper introduces a novel multimodal perception system for human tracking in shared workspaces based on the fusion of depth and thermal images. A machine learning approach is pursued to achieve reliable detection performance in multi-robot collaborative systems. Robust experimental results are finally demonstrated on a real robotic work cell.",2019,,Marco Costanzo; Giuseppe De Maria; Gaetano Lettera; Ciro Natale; Dario Perrone,10.1109/smc.2019.8914519,,https://doi.org/10.1109/smc.2019.8914519,openalex,robotics,concept,openalex_bulk_robotics,,15,,2026-06-12T18:57:17Z,13.886,13.886
doi:10.1109/lra.2020.2965876,A Dynamic Weighted Area Assignment Based on a Particle Filter for Active Cooperative Perception,,2020,IEEE Robotics and Automation Letters,Jose J. Acevedo; Joao Messias; Jesus Capitan; Rodrigo Ventura; Luis Merino; Pedro U. Lima,10.1109/lra.2020.2965876,,https://doi.org/10.1109/lra.2020.2965876,crossref,Gaussian splatting robot perception tool use robotics,concept,architecture_x_embodiment,,12,Gaussian splatting robot perception; tool use robotics,2026-06-12T15:07:36Z,13.882,13.882
doi:10.1109/icra.2017.7989227,Depth from stereo polarization in specular scenes for urban robotics,"3-D perception of scenes with specular surfaces is still challenging for robotics applications in urban areas, for both active and passive range sensors; there is a need for improved solutions that work without artificial illumination over a wide range of distances. The advent of cameras with microgrid polarization filter arrays, which allow acquiring four orientations of linearly polarized images simultaneously, has potential to make the use of polarization information in 3-D perception more practical. It is well-known that polarization can provide information about the orientation of specular surfaces; however, prior work with polarization for 3-D perception has had several limitations. We present the first unified formulation of depth perception with stereo and polarization by extending previous energy minimization formulations to include surface orientation constraints computed from ",2017,,Kai Berger; Randolph C. Voorhies; Larry Matthies,10.1109/icra.2017.7989227,,https://doi.org/10.1109/icra.2017.7989227,openalex,robotics,concept,openalex_bulk_robotics,,34,limitation,2026-06-12T18:57:17Z,13.878,14.878
doi:10.1162/pres_a_00329,Depth Perception and Manipulation in Projection-Based Spatial Augmented Reality,"Abstract Spatial augmented reality (SAR) technology allows one to change the appearance of objects by projecting directly onto their surface without the requirement of wearing glasses, and therefore can be used in many practical applications. In this article, we present a human–subject study, which investigates the research question whether it is possible to use SAR to change one's perception of depth and spatial relationships among objects and humans in a real-world environment. Such projected illusions could open up new possibilities, for example, supporting people who suffer from poor depth perception by compensating distance and size misperceptions. We present three monoscopic projection-based techniques that we adapted from visual arts: (i) color temperature, (ii) luminance contrast, and (iii) blur, and show that each of them can significantly change depth perception, even in a real",2018,PRESENCE: Virtual and Augmented Reality,Susanne Schmidt; Gerd Bruder; Frank Steinicke,10.1162/pres_a_00329,,https://doi.org/10.1162/pres_a_00329,crossref,Gaussian splatting robot perception bimanual manipulation,concept,architecture_x_embodiment,,6,Gaussian splatting robot perception; bimanual manipulation,2026-06-12T15:07:36Z,13.873,14.873
doi:10.1108/ir-10-2021-0222,Adaptive enhanced admittance force-tracking controller design for highly dynamic interactive tasks,"Purpose As more and more robots are used in industry, it is necessary for robots to interact with high dynamic environments. For this reason, the purpose of this research is to form an excellent force controller by considering the transient contact force response, overshoot and steady-state force-tracking accuracy. Design/methodology/approach Combining the active disturbance rejection control (ADRC) and the adaptive fuzzy PD controller, an enhanced admittance force-tracking controller framework and a well-designed control scheme are proposed. Tracking differentiator balances the contradiction between inertia and jump control signal of the control object. Kalman filter and extended state observer are introduced to obtain purer feedback force signal and uncertainty compensation. Adaptive fuzzy PD controller is introduced to account for transient and steady state performance of the system. ",2022,Industrial Robot: the international journal of robotics research and application,Chengguo Liu; Ye He; Xiaoan Chen; Hongli Cao,10.1108/ir-10-2021-0222,,https://doi.org/10.1108/ir-10-2021-0222,crossref,EBM transformer robotics industrial robot,concept,architecture_x_embodiment,,9,EBM transformer robotics; industrial robot; force control,2026-06-12T15:07:36Z,13.851,14.851
arxiv:2507.10991v1,Uncertainty Aware Mapping for Vision-Based Underwater Robots,"Vision-based underwater robots can be useful in inspecting and exploring confined spaces where traditional sensors and preplanned paths cannot be followed. Sensor noise and situational change can cause significant uncertainty in environmental representation. Thus, this paper explores how to represent mapping inconsistency in vision-based sensing and incorporate depth estimation confidence into the mapping framework. The scene depth and the confidence are estimated using the RAFT-Stereo model and are integrated into a voxel-based mapping framework, Voxblox. Improvements in the existing Voxblox weight calculation and update mechanism are also proposed. Finally, a qualitative analysis of the proposed method is performed in a confined pool and in a pier in the Trondheim fjord. Experiments using an underwater robot demonstrated the change in uncertainty in the visualization.",2025,arXiv,Abhimanyu Bhowmik; Mohit Singh; Madhushree Sannigrahi; Martin Ludvigsen; Kostas Alexis,,2507.10991v1,http://arxiv.org/abs/2507.10991v1,arxiv,transformer energy based model robotics,concept,ebm_transformer,,,energy based model robotics,2026-06-12T14:45:03Z,13.850,14.850
arxiv:2510.02526v1,"U-LAG: Uncertainty-Aware, Lag-Adaptive Goal Retargeting for Robotic Manipulation","Robots manipulating in changing environments must act on percepts that are late, noisy, or stale. We present U-LAG, a mid-execution goal-retargeting layer that leaves the low-level controller unchanged while re-aiming task goals (pre-contact, contact, post) as new observations arrive. Unlike motion retargeting or generic visual servoing, U-LAG treats in-flight goal re-aiming as a first-class, pluggable module between perception and control. Our main technical contribution is UAR-PF, an uncertainty-aware retargeter that maintains a distribution over object pose under sensing lag and selects goals that maximize expected progress. We instantiate a reproducible Shift x Lag stress test in PyBullet/PandaGym for pick, push, stacking, and peg insertion, where the object undergoes abrupt in-plane shifts while synthetic perception lag is injected during approach. Across 0-10 cm shifts and 0-400 ms",2025,arXiv,Anamika J H; Anujith Muraleedharan,,2510.02526v1,http://arxiv.org/abs/2510.02526v1,arxiv,visuotactile robot manipulation,concept,tactile,,,robot manipulation; visual servoing; benchmark,2026-06-12T14:45:03Z,13.850,15.850
arxiv:2605.14461v1,ClickRemoval: An Interactive Open-Source Tool for Object Removal in Diffusion Models,"Existing object removal tools often rely on manual masks or text prompts, making precise removal difficult for non-expert users in complex scenes and often leading to incomplete removal or unnatural background completion. To address this issue, we present ClickRemoval, an open-source interactive object removal tool built on pretrained Stable Diffusion models and driven solely by user clicks. Without additional training, hand-drawn masks, or text descriptions, ClickRemoval localizes target objects and restores the background through self-attention modulation during denoising. Experiments show that ClickRemoval achieves competitive results across quantitative metrics and user studies. We release a complete software package at https://github.com/zld-make/ClickRemoval under the Apache-2.0 license.",2026,arXiv,Ledun Zhang; Yatu Ji; Xufei Zhuang; Xinying Yao,,2605.14461v1,http://arxiv.org/abs/2605.14461v1,arxiv,open source robot data collection,concept,open_data,,,,2026-06-12T15:07:36Z,13.850,13.850
arxiv:2512.10481v2,Contact SLAM: An Active Tactile Exploration Policy Based on Physical Reasoning Utilized in Robotic Fine Blind Manipulation Tasks,"Contact-rich manipulation is difficult for robots to execute and requires accurate perception of the environment. In some scenarios, vision is occluded. The robot can then no longer obtain real-time scene state information through visual feedback. This is called ``blind manipulation"". In this manuscript, a novel physically-driven contact cognition method, called ``Contact SLAM"", is proposed. It estimates the state of the environment and achieves manipulation using only tactile sensing and prior knowledge of the scene. To maximize exploration efficiency, this manuscript also designs an active exploration policy. The policy gradually reduces uncertainties in the manipulation scene. The experimental results demonstrated the effectiveness and accuracy of the proposed method in several contact-rich tasks, including the difficult and delicate socket assembly task and block-pushing task.",2025,arXiv,Gaozhao Wang; Xing Liu; Zhenduo Ye; Zhengxiong Liu; Panfeng Huang,,2512.10481v2,http://arxiv.org/abs/2512.10481v2,arxiv,Gaussian splatting robot perception contact rich manipulation,concept,architecture_x_embodiment,,,Gaussian splatting robot perception; contact rich manipulation; SLAM,2026-06-12T15:07:36Z,13.850,13.850
arxiv:2511.15279v2,"Look, Zoom, Understand: The Robotic Eyeball for Embodied Perception","In embodied AI, visual perception should be active rather than passive: the system must decide where to look and at what scale to sense to acquire maximally informative data under pixel and spatial budget constraints. Existing vision models coupled with fixed RGB-D cameras fundamentally fail to reconcile wide-area coverage with fine-grained detail acquisition, severely limiting their efficacy in open-world robotic applications. We study the task of language-guided active visual perception: given a single RGB image and a natural language instruction, the agent must output pan, tilt, and zoom adjustments of a real PTZ (pan-tilt-zoom) camera to acquire the most informative view for the specified task. We propose EyeVLA, a unified framework that addresses this task by integrating visual perception, language understanding, and physical camera control within a single autoregressive vision-lang",2025,arXiv,Jiashu Yang; Yifan Han; Yucheng Xie; Ning Guo; Wenzhao Lian,,2511.15279v2,http://arxiv.org/abs/2511.15279v2,arxiv,Gaussian splatting robot perception embodied agent,concept,architecture_x_embodiment,,,vision language action model; Gaussian splatting robot perception; embodied agent; active perception,2026-06-12T15:07:36Z,13.850,13.850
doi:10.1115/dscc2017-5097,System Identification and Optimal Control of Half-Car Active Suspension System Using a Single Noisy IMU With Position Uncertainty,"An active suspension based on Linear Quadratic Gaussian (LQG) optimal controller is an effective system for enhancing the ride comfort and handling characteristics of a vehicle. LQG requires a good plant model for success, and this may be difficult to extract using a single inertial measurement device in the presence of noise. This paper presents a method for estimating the vehicle states by measuring both the vehicle bounce and pitch accelerations using an Inertial Measurement Unit (IMU) with position uncertainty relative to the sprung mass center of gravity. Frequency domain methods are used for System Identification (SysId). The state estimation is based on channel-by-channel model estimation using uncorrelated random excitation which is applied to the front wheels, rear wheels, front actuator, and rear actuator. An anti-aliasing filter eliminates false response harmonics and a Kalman",2017,"Volume 2: Mechatronics; Estimation and Identification; Uncertain Systems and Robustness; Path Planning and Motion Control; Tracking Control Systems; Multi-Agent and Networked Systems; Manufacturing; Intelligent Transportation and Vehicles; Sensors and Actuators; Diagnostics and Detection; Unmanned, Ground and Surface Robotics; Motion and Vibration Control Applications",Tamer Attia; Kevin Kochersberger; John Bird; Steve C. Southward,10.1115/dscc2017-5097,,https://doi.org/10.1115/dscc2017-5097,crossref,task and motion planning robotics,anti_myopia,classic,,2,system identification; state estimation; motion planning; task and motion planning,2026-06-12T15:07:36Z,13.849,20.849
doi:10.48550/arxiv.2302.13219,Autonomous Intelligent Navigation for Flexible Endoscopy Using Monocular Depth Guidance and 3-D Shape Planning,"Recent advancements toward perception and decision-making of flexible endoscopes have shown great potential in computer-aided surgical interventions. However, owing to modeling uncertainty and inter-patient anatomical variation in flexible endoscopy, the challenge remains for efficient and safe navigation in patient-specific scenarios. This paper presents a novel data-driven framework with self-contained visual-shape fusion for autonomous intelligent navigation of flexible endoscopes requiring no priori knowledge of system models and global environments. A learning-based adaptive visual servoing controller is proposed to online update the eye-in-hand vision-motor configuration and steer the endoscope, which is guided by monocular depth estimation via a vision transformer (ViT). To prevent unnecessary and excessive interactions with surrounding anatomy, an energy-motivated shape planning ",2023,arXiv (Cornell University),Yiang Lu; Ruofeng Wei; Bin Li; Wei Chen; Jianshu Zhou; Qi Dou; Dong Sun; Yunhui Liu,10.48550/arxiv.2302.13219,,https://doi.org/10.48550/arxiv.2302.13219,openalex,energy based transformer robot policy,concept,ebm_transformer,,2,energy based transformer robot policy; proprioception; model predictive control; visual servoing,2026-06-12T18:05:07Z,13.849,15.849
doi:10.1109/lra.2017.2777526,Where to Look? Predictive Perception With Applications to Planetary Exploration,,2018,IEEE Robotics and Automation Letters,Kyohei Otsu; Ali-Akbar Agha-Mohammadi; Michael Paton,10.1109/lra.2017.2777526,,https://doi.org/10.1109/lra.2017.2777526,crossref,Gaussian splatting robot perception,concept,architecture,,25,Gaussian splatting robot perception,2026-06-12T15:07:36Z,13.829,13.829
doi:10.1177/0278364914547893,Active visual SLAM for robotic area coverage: Theory and experiment,"This paper reports on an integrated navigation algorithm for the visual simultaneous localization and mapping (SLAM) robotic area coverage problem. In the robotic area coverage problem, the goal is to explore and map a given target area within a reasonable amount of time. This goal necessitates the use of minimally redundant overlap trajectories for coverage efficiency; however, visual SLAM’s navigation estimate will inevitably drift over time in the absence of loop closures. Therefore, efficient area coverage and good SLAM navigation performance represent competing objectives. To solve this decision-making problem, we introduce perception-driven navigation, an integrated navigation algorithm that automatically balances between exploration and revisitation using a reward framework. This framework accounts for SLAM localization uncertainty, area coverage performance, and the identificatio",2014,The International Journal of Robotics Research,Ayoung Kim; Ryan M. Eustice,10.1177/0278364914547893,,https://doi.org/10.1177/0278364914547893,openalex,robotics,concept,openalex_bulk_robotics,,139,SLAM,2026-06-12T18:57:17Z,13.821,14.821
doi:10.1109/icra.2019.8793612,A Depth Camera-Based Soft Fingertip Device for Contact Region Estimation and Perception-Action Coupling,,2019,2019 International Conference on Robotics and Automation (ICRA),Isabella Huang; Jingjun Liu; Ruzena Bajcsy,10.1109/icra.2019.8793612,,https://doi.org/10.1109/icra.2019.8793612,crossref,world action model robotics,concept,wam,,16,world action model,2026-06-12T15:07:36Z,13.817,13.817
doi:10.1145/1409060.1409116,Real-time control of physically based simulations using gentle forces,"Recent advances have brought real-time physically based simulation within reach, but simulations are still difficult to control in real time. We present interactive simulations of passive systems such as deformable solids or fluids that are not only fast, but also directable: they follow given input trajectories while simultaneously reacting to user input and other unexpected disturbances. We achieve such directability using a real-time controller that runs in tandem with a real-time physically based simulation. To avoid stiff and over-controlled systems where the natural dynamics are overpowered, the injection of control forces has to be minimized. This search for gentle forces can be made tractable in real-time by linearizing the system dynamics around the input trajectory, and then using a time-varying linear quadratic regulator to build the controller. We show examples of controlled ",2008,ACM Transactions on Graphics,Jernej Barbič; Jovan Popović,10.1145/1409060.1409116,,https://doi.org/10.1145/1409060.1409116,openalex,energy based policy robotics,concept,ebm,,67,,2026-06-12T18:05:07Z,13.810,13.810
doi:10.1109/3dv.2018.00056,Adversarial Semantic Scene Completion from a Single Depth Image,,2018,2018 International Conference on 3D Vision (3DV),Yida Wang; David Joseph Tan; Nassir Navab; Federico Tombari,10.1109/3dv.2018.00056,,https://doi.org/10.1109/3dv.2018.00056,crossref,3D scene understanding robot manipulation,concept,scene_understanding,,24,robot manipulation; 3D scene understanding,2026-06-12T15:07:36Z,13.809,13.809
doi:10.3389/fnbot.2022.848065,Editorial: Active Vision and Perception in Human-Robot Collaboration,,2022,Frontiers in Neurorobotics,Dimitri Ognibene; Tom Foulsham; Letizia Marchegiani; Giovanni Maria Farinella,10.3389/fnbot.2022.848065,,https://doi.org/10.3389/fnbot.2022.848065,crossref,Gaussian splatting robot perception,concept,architecture,,4,Gaussian splatting robot perception,2026-06-12T15:07:36Z,13.805,13.805
doi:10.1109/lars/sbr/wre56824.2022.9995830,Active Perception Applied To Unmanned Aerial Vehicles Through Deep Reinforcement Learning,,2022,"2022 Latin American Robotics Symposium (LARS), 2022 Brazilian Symposium on Robotics (SBR), and 2022 Workshop on Robotics in Education (WRE)",Matheus G. Mateus; Ricardo B. Grando; Paulo L. J. Drews,10.1109/lars/sbr/wre56824.2022.9995830,,https://doi.org/10.1109/lars/sbr/wre56824.2022.9995830,crossref,model based reinforcement learning robotics,concept,architecture,,4,model based reinforcement learning robotics; active perception,2026-06-12T15:07:36Z,13.805,13.805
doi:10.1109/icra46639.2022.9812392,Unsupervised Depth Completion and Denoising for RGB-D Sensors,,2022,2022 International Conference on Robotics and Automation (ICRA),Lei Fan; Yunxuan Li; Chen Jiang; Ying Wu,10.1109/icra46639.2022.9812392,,https://doi.org/10.1109/icra46639.2022.9812392,crossref,robotics,concept,crossref_bulk_robotics,,4,,2026-06-12T19:29:26Z,13.805,13.805
doi:10.1007/978-3-030-43089-4_55,Decentralised Monte Carlo Tree Search for Active Perception,,2020,Springer Proceedings in Advanced Robotics Algorithmic Foundations of Robotics XII,Graeme Best; Oliver M. Cliff; Timothy Patten; Ramgopal R. Mettu; Robert Fitch,10.1007/978-3-030-43089-4_55,,https://doi.org/10.1007/978-3-030-43089-4_55,crossref,robotics,concept,crossref_bulk_robotics,,10,active perception,2026-06-12T19:29:26Z,13.799,13.799
doi:10.1080/09540090802364769,Place cognition and active perception: a study with evolved robots,"A study of place cognition and ‘place units’ in robots produced via artificial evolution is described. Previous studies have investigated the possible role of place cells as building blocks for ‘cognitive maps’ representing place, distance and direction. Studies also show, however, that when animals are restrained, the spatial selectivity of place cells is partially or completely lost. This suggests that the role of place cells in spatial cognition depends not only on the place cells themselves, but also on representations of the animal's physical interactions with its environment. This hypothesis is tested in a population of evolved robots. The results suggest that successful place cognition requires not only the ability to process spatial information, but also the ability to select the environmental stimuli to which the agent is exposed. If this is so, theories of active perception can",2008,Connection Science,Orazio Miglino; Michela Ponticorvo; Paolo Bartolomeo,10.1080/09540090802364769,,https://doi.org/10.1080/09540090802364769,openalex,robotics,concept,openalex_bulk_robotics,,17,active perception,2026-06-12T18:57:17Z,13.795,13.795
doi:10.1109/icra.2015.7140033,Gesture based human - Multi-robot swarm interaction and its application to an interactive display,"A taxonomy for gesture-based interaction between a human and a group (swarm) of robots is described. Methods are classified into two categories. First, free-form interaction, where the robots are unconstrained in position and motion and the user can use deictic gestures to select subsets of robots and assign target goals and trajectories. Second, shape-constrained interaction, where the robots are in a configuration shape that can be modified by the user. In the later, the user controls a subset of meaningful degrees of freedom defining the overall shape instead of each robot directly. A multi-robot interactive display is described where a depth sensor is used to recognize human gesture, determining the commands sent to a group comprising tens of robots. Experimental results with a preliminary user study show the usability of the system.",2015,,Javier Alonso–Mora; S. H. Lohaus; Philipp Leemann; Roland Siegwart; Paul Beardsley,10.1109/icra.2015.7140033,,https://doi.org/10.1109/icra.2015.7140033,openalex,robotics,concept,openalex_bulk_robotics,,63,,2026-06-12T18:57:17Z,13.779,13.779
doi:10.1109/ro-man50785.2021.9515352,Validation of Robot Interactive Behaviors Through Users Emotional Perception and Their Effects on Trust,,2021,2021 30th IEEE International Conference on Robot & Human Interactive Communication (RO-MAN),Ilenia Cucciniello; Sara Sangiovanni; Gianpaolo Maggi; Silvia Rossi,10.1109/ro-man50785.2021.9515352,,https://doi.org/10.1109/ro-man50785.2021.9515352,crossref,Gaussian splatting robot perception,concept,architecture,,6,Gaussian splatting robot perception,2026-06-12T15:07:36Z,13.773,13.773
doi:10.1109/icip.2019.8803174,3D Semantic Scene Completion from a Single Depth Image Using Adversarial Training,,2019,2019 IEEE International Conference on Image Processing (ICIP),Yueh-Tung Chen; Martin Garbade; Juergen Gall,10.1109/icip.2019.8803174,,https://doi.org/10.1109/icip.2019.8803174,crossref,3D scene understanding robot manipulation,concept,scene_understanding,,14,robot manipulation; 3D scene understanding,2026-06-12T15:07:36Z,13.754,13.754
doi:10.1109/icra40945.2020.9197201,Human-Centric Active Perception for Autonomous Observation,,2020,2020 IEEE International Conference on Robotics and Automation (ICRA),David Kent; Sonia Chernova,10.1109/icra40945.2020.9197201,,https://doi.org/10.1109/icra40945.2020.9197201,crossref,robotics,concept,crossref_bulk_robotics,,9,active perception,2026-06-12T19:29:26Z,13.751,13.751
doi:10.1007/s10514-023-10086-9,Uncertainty-aware correspondence identification for collaborative perception,,2023,Autonomous Robots,Peng Gao; Qingzhao Zhu; Hao Zhang,10.1007/s10514-023-10086-9,,https://doi.org/10.1007/s10514-023-10086-9,crossref,Gaussian splatting robot perception,concept,architecture,,2,Gaussian splatting robot perception,2026-06-12T15:07:36Z,13.749,14.749
doi:10.1109/icra48891.2023.10161017,Multi-Agent Active Search using Detection and Location Uncertainty,,2023,2023 IEEE International Conference on Robotics and Automation (ICRA),Arundhati Banerjee; Ramina Ghods; Jeff Schneider,10.1109/icra48891.2023.10161017,,https://doi.org/10.1109/icra48891.2023.10161017,crossref,EBM transformer robotics embodied agent,concept,architecture_x_embodiment,,2,EBM transformer robotics; embodied agent,2026-06-12T15:07:36Z,13.749,14.749
doi:10.1109/icra48891.2023.10160597,GUTS: Generalized Uncertainty-Aware Thompson Sampling for Multi-Agent Active Search,,2023,2023 IEEE International Conference on Robotics and Automation (ICRA),Nikhil Angad Bakshi; Tejus Gupta; Ramina Ghods; Jeff Schneider,10.1109/icra48891.2023.10160597,,https://doi.org/10.1109/icra48891.2023.10160597,crossref,EBM transformer robotics embodied agent,concept,architecture_x_embodiment,,2,EBM transformer robotics; embodied agent,2026-06-12T15:07:36Z,13.749,14.749
doi:10.1109/iros.2008.4651203,Mapping and planning under uncertainty in mobile robots with long-range perception,"Recent advances in self-supervised learning have enabled very long-range visual detection of obstacles and pathways (to 100 meters or more). Unfortunately, the category and range of regions at such large distances come with a considerable amount of uncertainty. We present a mapping and planning system that accurately represents range and category uncertainties, and accumulates the evidence from multiple frames in a principled way. The system relies on a hyperbolicpolar map centered on the robot with a 200 m radius. Map cells are histograms that accumulate evidence obtained from a self-supervised object classifier operating on image windows. The performance of the system is demonstrated on the LAGR off-road robot platform.",2008,,Pierre Sermanet; Raia Hadsell; Marco Scoffier; Urs Müller; Yann LeCun,10.1109/iros.2008.4651203,,https://doi.org/10.1109/iros.2008.4651203,openalex,robotics,concept,openalex_bulk_robotics,,32,self supervised learning,2026-06-12T18:57:17Z,13.748,14.748
doi:10.1007/978-3-031-55015-7_4,3D Multimodal Socially Interactive Robot with ChatGPT Active Listening,,2024,Lecture Notes in Computer Science RoboCup 2023: Robot World Cup XXVI,Katarzyna Pasternak; Christopher Duarte; Julio Ojalvo; Christine Lisetti; Ubbo Visser,10.1007/978-3-031-55015-7_4,,https://doi.org/10.1007/978-3-031-55015-7_4,crossref,robot world models manipulation,concept,world_models,,1,robot world model,2026-06-12T15:07:36Z,13.747,13.747
doi:10.1109/icsip61881.2024.10671401,An Active Visual Perception Methodology for the Safety of Human-Robot Collaborations,,2024,2024 9th International Conference on Signal and Image Processing (ICSIP),Siyuan Cheng; Pengfei Yi; Mengmeng Chen; Jing Dong; Rui Liu; Ling Wang,10.1109/icsip61881.2024.10671401,,https://doi.org/10.1109/icsip61881.2024.10671401,crossref,Gaussian splatting robot perception,concept,architecture,,1,Gaussian splatting robot perception,2026-06-12T15:07:36Z,13.747,13.747
doi:10.1109/icra57147.2024.10611617,A Track-based Colon Endoscopic Robot with Depth Perception Stereo Cameras for Haustral Fold Detection during Colonic Navigation,,2024,2024 IEEE International Conference on Robotics and Automation (ICRA),Shujing He; Yujie Zhang; Baoyi Huang; Jie Lin; Chaoyang Shi; Chengzhi Hu,10.1109/icra57147.2024.10611617,,https://doi.org/10.1109/icra57147.2024.10611617,crossref,Gaussian splatting robot perception,concept,architecture,,1,Gaussian splatting robot perception,2026-06-12T15:07:36Z,13.747,13.747
doi:10.52202/079017-1205,Active Perception for Grasp Detection via Neural Graspness Field,,2024,Advances in Neural Information Processing Systems 37,Boyang Gao; Di Huang; Haoxiang Ma; Modi Shi,10.52202/079017-1205,,https://doi.org/10.52202/079017-1205,crossref,neural radiance field robotics,concept,architecture,,1,neural radiance field robotics; active perception,2026-06-12T15:07:36Z,13.747,13.747
doi:10.1007/978-3-031-63596-0_24,Improving the Perception of Visual Fiducial Markers in the Field Using Adaptive Active Exposure Control,,2024,Springer Proceedings in Advanced Robotics Experimental Robotics,Ziang Ren; Samuel Lensgraf; Alberto Quattrini Li,10.1007/978-3-031-63596-0_24,,https://doi.org/10.1007/978-3-031-63596-0_24,crossref,robotics,concept,crossref_bulk_robotics,,1,,2026-06-12T19:29:26Z,13.747,13.747
doi:10.1109/icra57147.2024.10610965,Learning When to Ask for Help: Efficient Interactive Navigation via Implicit Uncertainty Estimation,,2024,2024 IEEE International Conference on Robotics and Automation (ICRA),Ifueko Igbinedion; Sertac Karaman,10.1109/icra57147.2024.10610965,,https://doi.org/10.1109/icra57147.2024.10610965,crossref,robotics,concept,crossref_bulk_robotics,,1,,2026-06-12T19:29:26Z,13.747,14.747
doi:10.1109/melecon56669.2024.10608647,Just Noticeable Difference in Depth Perception for Biomedical Robotics Applications,,2024,2024 IEEE 22nd Mediterranean Electrotechnical Conference (MELECON),Arda Gok; Gokce Nur Yilmaz; Kutluk Bilge Arikan; Yucel Cimtay,10.1109/melecon56669.2024.10608647,,https://doi.org/10.1109/melecon56669.2024.10608647,crossref,robotics,concept,crossref_bulk_robotics,,1,,2026-06-12T19:29:26Z,13.747,13.747
doi:10.1109/icra57147.2024.10610495,Uncertainty-bounded Active Monitoring of Unknown Dynamic Targets in Road-networks with Minimum Fleet,,2024,2024 IEEE International Conference on Robotics and Automation (ICRA),Shuaikang Wang; Yiannis Kantaros; Meng Guo,10.1109/icra57147.2024.10610495,,https://doi.org/10.1109/icra57147.2024.10610495,crossref,robotics,concept,crossref_bulk_robotics,,1,,2026-06-12T19:29:26Z,13.747,14.747
doi:10.1109/icarm62033.2024.10715749,TCG: Transparent Object Grasping Method Based on Depth Completion in Dense Clutter,,2024,2024 International Conference on Advanced Robotics and Mechatronics (ICARM),Chaojian Guo; Hui Zhang; Yiming Jiang; Bo Chen; Weili Chen; Lian Yang,10.1109/icarm62033.2024.10715749,,https://doi.org/10.1109/icarm62033.2024.10715749,crossref,robotics,concept,crossref_bulk_robotics,,1,,2026-06-12T19:29:26Z,13.747,13.747
doi:10.1016/j.robot.2017.01.014,Active tactile exploration with uncertainty and travel cost for fast shape estimation of unknown objects,,2017,Robotics and Autonomous Systems,Takamitsu Matsubara; Kotaro Shibata,10.1016/j.robot.2017.01.014,,https://doi.org/10.1016/j.robot.2017.01.014,crossref,tactile language action robotics,concept,tactile,,31,,2026-06-12T14:45:03Z,13.733,14.733
doi:10.1109/tie.2015.2403798,Active Persistent Localization of a Three-Dimensional Moving Target Under Set-Membership Uncertainty Description Through Cooperation of Multiple Mobile Robots,"The persistent localization of moving targets is one of the most important applications of mobile robot systems. However, the sensors on each individual robot are often not sufficiently accurate for this task, presenting a severe limitation on the application of robots to many situations. To overcome this problem, systems of multiple robots have been established. These systems improve the localization accuracy of mobile targets by fusing together multiple sensing data. Numerous studies have demonstrated that the relative motion (or specifically, the relative pose) between the robot and the target, as well as that among different robots, strongly influences the final localization accuracy of the data fusion algorithm. In other words, the regulation of motion in a multiple-robot system will lead to better localization results. Thus, in this paper, a new active persistent localization (APL)",2015,IEEE Transactions on Industrial Electronics,Feng Gu; Yuqing He; Jianda Han,10.1109/tie.2015.2403798,,https://doi.org/10.1109/tie.2015.2403798,openalex,robotics,concept,openalex_bulk_robotics,,31,motion planning; limitation,2026-06-12T18:57:17Z,13.733,16.733
doi:10.1109/icra.2011.5980121,Choosing where to go: Complete 3D exploration with stereo,,2011,2011 IEEE International Conference on Robotics and Automation,Robbie Shade; Paul Newman,10.1109/icra.2011.5980121,,https://doi.org/10.1109/icra.2011.5980121,crossref,robotics,concept,crossref_bulk_robotics,,70,,2026-06-12T19:29:26Z,13.731,13.731
doi:10.1109/icra.2014.6907452,Bayesian optimisation for active perception and smooth navigation,,2014,2014 IEEE International Conference on Robotics and Automation (ICRA),Jefferson R. Souza; Roman Marchant; Lionel Ott; Denis F. Wolf; Fabio Ramos,10.1109/icra.2014.6907452,,https://doi.org/10.1109/icra.2014.6907452,crossref,non smooth mechanics robotics,anti_myopia,anti_thesis,,20,active perception; non smooth mechanics robotics,2026-06-12T15:07:36Z,13.722,16.722
doi:10.1186/s12984-020-0642-5,Exercising with Baxter: preliminary support for assistive social-physical human-robot interaction,"Abstract Background The worldwide population of older adults will soon exceed the capacity of assisted living facilities. Accordingly, we aim to understand whether appropriately designed robots could help older adults stay active at home. Methods Building on related literature as well as guidance from experts in game design, rehabilitation, and physical and occupational therapy, we developed eight human-robot exercise games for the Baxter Research Robot, six of which involve physical human-robot contact. After extensive iteration, these games were tested in an exploratory user study including 20 younger adult and 20 older adult users. Results Only socially and physically interactive games fell in the highest ranges for pleasantness, enjoyment, engagement, cognitive challenge, and energy level. Our games successfully spanned three different physical, cognitive, and temporal challenge leve",2020,Journal of NeuroEngineering and Rehabilitation,Naomi T. Fitter; Mayumi Mohan; Katherine J. Kuchenbecker; Michelle J. Johnson,10.1186/s12984-020-0642-5,,https://doi.org/10.1186/s12984-020-0642-5,crossref,Gaussian splatting robot perception assistive robot,concept,architecture_x_embodiment,,62,Gaussian splatting robot perception; assistive robot; human robot interaction,2026-06-12T15:07:36Z,13.722,13.722
doi:10.1016/j.rcim.2016.05.002,Addressing perception uncertainty induced failure modes in robotic bin-picking,,2016,Robotics and Computer-Integrated Manufacturing,Krishnanand N. Kaipa; Akshaya S. Kankanhalli-Nagendra; Nithyananda B. Kumbla; Shaurya Shriyam; Srudeep Somnaath Thevendria-Karthic; Jeremy A. Marvel; Satyandra K. Gupta,10.1016/j.rcim.2016.05.002,,https://doi.org/10.1016/j.rcim.2016.05.002,openalex,robotics,concept,openalex_bulk_robotics,,40,failure mode,2026-06-12T18:57:17Z,13.707,15.707
arxiv:2308.00640v1,VL-Grasp: a 6-Dof Interactive Grasp Policy for Language-Oriented Objects in Cluttered Indoor Scenes,"Robotic grasping faces new challenges in human-robot-interaction scenarios. We consider the task that the robot grasps a target object designated by human's language directives. The robot not only needs to locate a target based on vision-and-language information, but also needs to predict the reasonable grasp pose candidate at various views and postures. In this work, we propose a novel interactive grasp policy, named Visual-Lingual-Grasp (VL-Grasp), to grasp the target specified by human language. First, we build a new challenging visual grounding dataset to provide functional training data for robotic interactive perception in indoor environments. Second, we propose a 6-Dof interactive grasp policy combined with visual grounding and 6-Dof grasp pose detection to extend the universality of interactive grasping. Third, we design a grasp pose filter module to enhance the performance of th",2023,arXiv,Yuhao Lu; Yixuan Fan; Beixing Deng; Fangfu Liu; Yali Li; Shengjin Wang,,2308.00640v1,http://arxiv.org/abs/2308.00640v1,arxiv,analytical grasping,anti_myopia,anti_thesis,,,active perception; interactive perception; human robot interaction; analytical grasping,2026-06-12T15:07:36Z,13.700,16.700
title:look zoom understand the robotic eyeball for embodied perception,"Look, Zoom, Understand: The Robotic Eyeball for Embodied Perception","In embodied AI, visual perception should be active rather than passive: the system must decide where to look and at what scale to sense to acquire maximally informative data under pixel and spatial budget constraints. Existing vision models coupled with fixed RGB-D cameras fundamentally fail to reconcile wide-area coverage with fine-grained detail acquisition, severely limiting their efficacy in open-world robotic applications. We study the task of language-guided active visual perception: given a single RGB image and a natural language instruction, the agent must output pan, tilt, and zoom adjustments of a real PTZ (pan-tilt-zoom) camera to acquire the most informative view for the specified task. We propose EyeVLA, a unified framework that addresses this task by integrating visual perception, language understanding, and physical camera control within a single autoregressive vision-lang",2025,ArXiv.org,"Yang, Jiashu; Han, Yifan; Xie, Yucheng; Guo, Ning; Lian, Wenzhao",,,https://openalex.org/W7106475635,openalex,energy based transformer robot policy,concept,ebm_transformer,,,energy based transformer robot policy; vision language action model; active perception,2026-06-12T18:05:07Z,13.700,13.700
doi:10.1109/icra40945.2020.9196670,Active Depth Estimation: Stability Analysis and its Applications,,2020,2020 IEEE International Conference on Robotics and Automation (ICRA),Romulo T. Rodrigues; Pedro Miraldo; Dimos V. Dimarogonas; A. Pedro Aguiar,10.1109/icra40945.2020.9196670,,https://doi.org/10.1109/icra40945.2020.9196670,crossref,robotics,concept,crossref_bulk_robotics,,8,,2026-06-12T19:29:26Z,13.699,13.699
doi:10.1109/icra48506.2021.9561865,Energy-optimal Path Planning with Active Flow Perception for Autonomous Underwater Vehicles,,2021,2021 IEEE International Conference on Robotics and Automation (ICRA),Niankai Yang; Dongsik Chang; Matthew Johnson-Roberson; Jing Sun,10.1109/icra48506.2021.9561865,,https://doi.org/10.1109/icra48506.2021.9561865,crossref,robotics,concept,crossref_bulk_robotics,,5,,2026-06-12T19:29:26Z,13.696,13.696
doi:10.15607/rss.2007.iii.041,Active Policy Learning for Robot Planning and Exploration under Uncertainty,,2007,Robotics: Science and Systems III,R. Martinez-Cantin; N. de Freitas; A. Doucet; J. Castellanos,10.15607/rss.2007.iii.041,,https://doi.org/10.15607/rss.2007.iii.041,crossref,test time adaptation robot policy,concept,adaptation,,65,test time adaptation,2026-06-12T15:07:36Z,13.695,14.695
doi:10.48550/arxiv.2008.12610,Collaborative Multi-Robot Systems for Search and Rescue: Coordination and Perception,"Autonomous or teleoperated robots have been playing increasingly important roles in civil applications in recent years. Across the different civil domains where robots can support human operators, one of the areas where they can have more impact is in search and rescue (SAR) operations. In particular, multi-robot systems have the potential to significantly improve the efficiency of SAR personnel with faster search of victims, initial assessment and mapping of the environment, real-time monitoring and surveillance of SAR operations, or establishing emergency communication networks, among other possibilities. SAR operations encompass a wide variety of environments and situations, and therefore heterogeneous and collaborative multi-robot systems can provide the most advantages. In this paper, we review and analyze the existing approaches to multi-robot SAR support, from an algorithmic persp",2020,arXiv (Cornell University),Jorge Peña Queralta; Jussi Taipalmaa; Bilge Can Pullinen; Victor Kathan Sarker; Tuan Nguyen Gia; Hannu Tenhunen; Moncef Gabbouj; Jenni Raitoharju; Tomi Westerlund,10.48550/arxiv.2008.12610,,https://doi.org/10.48550/arxiv.2008.12610,openalex,robotics,concept,openalex_bulk_robotics,,28,multi robot system; active perception,2026-06-12T18:57:17Z,13.684,13.684
doi:10.1016/j.cagd.2008.09.009,Interactive physically-based shape editing,,2009,Computer Aided Geometric Design,Johannes Mezger; Bernhard Thomaszewski; Simon Pabst; Wolfgang Straßer,10.1016/j.cagd.2008.09.009,,https://doi.org/10.1016/j.cagd.2008.09.009,crossref,geometric robotics,anti_myopia,anti_thesis,,18,geometric robotics,2026-06-12T15:07:36Z,13.672,16.672
doi:10.1016/s0165-0114(97)00321-7,"Uncertainty representation for mobile robots: Perception, modeling and navigation in unknown environments",,1999,Fuzzy Sets and Systems,Jorge Gasós; Ailson Rosetti,10.1016/s0165-0114(97)00321-7,,https://doi.org/10.1016/s0165-0114(97)00321-7,openalex,robotics,concept,openalex_bulk_robotics,,54,,2026-06-12T18:57:17Z,13.654,14.654
doi:10.1145/3736424,Can I Trust You?—Handling Unreliable Human Action Advice in Interactive Reinforcement Learning,"Interactive Reinforcement Learning (IntRL) with human advice has shown great potential for human-guided self-improvement of robots and can accelerate learning compared to traditional Reinforcement Learning. However, most existing approaches assume perfectly correct advice or partially incorrect advice is only accounted for by assessing trustworthiness of human advice equally across all states. This can lead to problems in practical scenarios, where human advice might be inaccurate in some states but still useful in others. We propose a novel IntRL algorithm that handles state-dependent unreliable action advice by computing a trust estimate for both human advice and the robot’s own policy. We use three indicators to assess trustworthiness of human advice, namely consistency of advice, retrospective optimality, and a multi-modal human uncertainty classifier based on behavioral cues. For es",2025,ACM Transactions on Human-Robot Interaction,Lisa Kempf; Christian Maurer; Cigdem Turan-Schwiewager; Dorothea Koert,10.1145/3736424,,https://doi.org/10.1145/3736424,crossref,adaptive world action model robot,concept,wam,,,world action model; adaptive world action model,2026-06-12T15:07:36Z,13.650,14.650
doi:10.1115/detc2025-169070,Analyzing Uncertainty in Ground Robot Navigation: A Stochastic Digital Twin Approach Based on Real-World Data,"Abstract This paper presents a systematic investigation of uncertainty in robot navigation systems through both empirical data collection and stochastic modeling. We identify and categorize sources of uncertainty across the complete navigation stack, including perception, path planning and tracking, control actuation, and environmental interaction. These uncertainties arise from sensor noise, actuator imperfections, dynamic obstacles, and unpredictable environmental conditions, all of which can significantly impact navigation performance. To support the quantitative analysis of these uncertainties, we introduce the TurtleBot dataset, a comprehensive public dataset specifically designed for studying motion control uncertainty in ground robots. Building on this empirical foundation, we develop a stochastic digital twin model for a two-wheel differential drive robot that accounts for wheel ",2025,Volume 3B: 51st Design Automation Conference (DAC),Lichuan Ren; Noah Xi,10.1115/detc2025-169070,,https://doi.org/10.1115/detc2025-169070,crossref,sim to real robot manipulation,concept,sim2real,,,robot manipulation,2026-06-12T15:07:36Z,13.650,16.650
doi:10.1007/s10846-026-02383-z,Human-Centered Evaluation of Control and Perception Interface Factors in a Teleoperational Cutting Task,"Abstract Despite significant advances in teleoperated systems, optimal human performance remains a challenging task due to one key aspect, i.e. reduced situational awareness . Active telepresence is one of the major contributing factors affecting operator’s situational awareness. Providing the user with multiple perspectives of the remote environment can be very beneficial, although it may also introduce challenges in maintaining effective control. Prior work has largely examined discrete manipulation tasks using single-modality assessments, whereas this study applies a multimodal neuroergonomic approach to a continuous precision-cutting task, providing first insights into control–view alignment and multi-camera perception effects. In this work, we focus on two interaction and interface design factors: (a) control interaction factor , where we compare the effects of fixed and camera view",2026,Journal of Intelligent & Robotic Systems,Inês F. Ramos; Keerthi Sagar; Philip Long; Maria Chiara Leva; Ernesto Damiani; Gabriele Gianini,10.1007/s10846-026-02383-z,,https://doi.org/10.1007/s10846-026-02383-z,crossref,Gaussian splatting robot perception,concept,architecture,,,Gaussian splatting robot perception; teleoperation,2026-06-12T15:07:36Z,13.650,14.650
arxiv:2409.08926v3,ClearDepth: Enhanced Stereo Perception of Transparent Objects for Robotic Manipulation,"Transparent object depth perception poses a challenge in everyday life and logistics, primarily due to the inability of standard 3D sensors to accurately capture depth on transparent or reflective surfaces. This limitation significantly affects depth map and point cloud-reliant applications, especially in robotic manipulation. We developed a vision transformer-based algorithm for stereo depth recovery of transparent objects. This approach is complemented by an innovative feature post-fusion module, which enhances the accuracy of depth recovery by structural features in images. To address the high costs associated with dataset collection for stereo camera-based perception of transparent objects, our method incorporates a parameter-aligned, domain-adaptive, and physically realistic Sim2Real simulation for efficient data generation, accelerated by AI algorithm. Our experimental results demo",2024,arXiv,Kaixin Bai; Huajian Zeng; Lei Zhang; Yiwen Liu; Hongli Xu; Zhaopeng Chen; Jianwei Zhang,,2409.08926v3,http://arxiv.org/abs/2409.08926v3,arxiv,Gaussian splatting robot perception deformable object manipulation,concept,architecture_x_embodiment,,,Gaussian splatting robot perception; deformable object manipulation; limitation,2026-06-12T15:07:36Z,13.650,14.650
doi:10.1177/02783649251378151,Perceive with confidence: Statistical safety assurances for navigation with learning-based perception,"Rapid advances in perception have enabled large pre-trained models to be used out of the box for transforming high-dimensional, noisy, and partial observations of the world into rich occupancy representations. However, the reliability of these models and consequently their safe integration onto robots remains unknown, particularly when deployed in environments unseen during training. To provide safety guarantees, we rigorously quantify the uncertainty of pre-trained perception systems for object detection and scene completion via a novel calibration technique based on conformal prediction. Crucially, this procedure guarantees robustness to distribution shifts in states when perception outputs are used in conjunction with a planner. As a result, the calibrated perception system can be used in combination with any safe planner to provide an end-to-end statistical assurance on safety in uns",2026,The International Journal of Robotics Research,Zhiting Mei; Anushri Dixit; Meghan Booker; Emily Zhou; Mariko Storey-Matsutani; Allen Z. Ren; Ola Shorinwa; Anirudha Majumdar,10.1177/02783649251378151,,https://doi.org/10.1177/02783649251378151,crossref,robotics,concept,crossref_bulk_robotics,,,robustness; distribution shift,2026-06-12T19:29:26Z,13.650,15.650
doi:10.3390/digital6010020,Obstacle Avoidance in Mobile Robotics: A CNN-Based Approach Using CMYD Fusion of RGB and Depth Images,"Over the last few years, deep neural networks have achieved outstanding results in computer vision, and have been widely integrated into mobile robot obstacle avoidance systems, where perception-driven classification supports navigation decisions. Most existing approaches rely on either color images (RGB) or depth images (D) as the primary source of information, which limits their ability to jointly exploit appearance and geometric cues. This paper proposes a deep learning-based classification approach that simultaneously exploits RGB and depth information for mobile robot obstacle avoidance. The method adopts an early-stage fusion strategy in which RGB images are first converted into the CMYK color space, after which the K (black) channel is replaced by a normalized depth map to form a four-channel CMYD representation. This representation preserves chromatic information while embedding ",2026,Digital,Chaymae El Mechal; Mostefa Mesbah; Najiba El Amrani El Idrissi,10.3390/digital6010020,,https://doi.org/10.3390/digital6010020,crossref,robotics,concept,crossref_bulk_robotics,,,,2026-06-12T19:29:26Z,13.650,13.650
doi:10.1002/9780470034989.ch11,The Inferior Parietal Lobule: Where Action Becomes Perception,,2006,"Novartis Foundation Symposia Percept, Decision, Action: Bridging the Gaps",Giacomo Rizzolatti; Pier Francesco Ferrari; Stefano Rozzi; Leonardo Fogassi,10.1002/9780470034989.ch11,,https://doi.org/10.1002/9780470034989.ch11,crossref,robot foundation model vision language action,concept,vla,,59,robot foundation model,2026-06-12T15:07:36Z,13.647,13.647
doi:10.48550/arxiv.2302.03288,Object-Centric Scene Representations using Active Inference,"Representing a scene and its constituent objects from raw sensory data is a core ability for enabling robots to interact with their environment. In this paper, we propose a novel approach for scene understanding, leveraging a hierarchical object-centric generative model that enables an agent to infer object category and pose in an allocentric reference frame using active inference, a neuro-inspired framework for action and perception. For evaluating the behavior of an active vision agent, we also propose a new benchmark where, given a target viewpoint of a particular object, the agent needs to find the best matching viewpoint given a workspace with randomly positioned objects in 3D. We demonstrate that our active inference agent is able to balance epistemic foraging and goal-driven behavior, and outperforms both supervised and reinforcement learning baselines by a large margin.",2023,arXiv (Cornell University),Toon Van de Maele; Tim Verbelen; Pietro Mazzaglia; Stefano Ferraro; Bart Dhoedt,10.48550/arxiv.2302.03288,,https://doi.org/10.48550/arxiv.2302.03288,openalex,energy based transformer robot policy,concept,ebm_transformer,,1,energy based transformer robot policy; benchmark,2026-06-12T18:05:07Z,13.647,14.647
doi:10.18196/jrc.v6i2.24754,Synthesis of Active Disturbance Rejection Controller via Extended State Observer Combined with LQR Controller for Two-Wheeled Line Tracking Robot,"This paper presents a method of synthesizing control laws based on the LQR controller and ADRC method for a two-wheel differential line-following robot when the robot dynamics have uncertain factors. First, the mathematical model includes line-following kinematic and dynamic models. LQR controller is designed based on the linear model of the robot when coincident with the line. When the robot has uncertain factors such as model parameter uncertainty and impact noise, the LQR controller will not ensure the control quality of the system. To overcome this, two observers are designed to observe the linear velocity and angular velocity states of the robot. This ensures more complete and accurate information of the model states in the LQR control law. The effectiveness of the control law is demonstrated through numerical simulation results and compared with the LQR controller.",2025,Journal of Robotics and Control (JRC),Nguyen Xuan Chiem; Nguyen Hoai Nam; Le Tran Thang,10.18196/jrc.v6i2.24754,,https://doi.org/10.18196/jrc.v6i2.24754,crossref,robotics,concept,crossref_bulk_robotics,,1,,2026-06-12T19:29:26Z,13.647,14.647
doi:10.1002/rob.21522,Motion‐ and Uncertainty‐aware Path Planning for Micro Aerial Vehicles,"Localization and state estimation are reaching a certain maturity in mobile robotics, often providing both a precise robot pose estimate at a point in time and the corresponding uncertainty. In the bid to increase the robots' autonomy, the community now turns to more advanced tasks, such as navigation and path planning. For a realistic path to be computed, neither the uncertainty of the robot's perception nor the vehicle's dynamics can be ignored. In this work, we propose to specifically exploit the information on uncertainty, while also accounting for the physical laws governing the motion of the vehicle. Making use of rapidly exploring random belief trees, here we evaluate offline multiple path hypotheses in a known map to select a path exhibiting the motion required to estimate the robot's state accurately and, inherently, to avoid motion in modes, where otherwise observable states ar",2014,Journal of Field Robotics,Markus W. Achtelik; Simon Lynen; Stephan Weiss; Margarita Chli; Roland Siegwart,10.1002/rob.21522,,https://doi.org/10.1002/rob.21522,crossref,neural radiance field robotics,concept,architecture,,53,neural radiance field robotics; state estimation; limitation,2026-06-12T15:07:36Z,13.644,15.644
doi:10.1109/tcyb.2013.2275291,Real-Time Multiple Human Perception With Color-Depth Cameras on a Mobile Robot,,2013,IEEE Transactions on Cybernetics,Hao Zhang; Christopher Reardon; Lynne E. Parker,10.1109/tcyb.2013.2275291,,https://doi.org/10.1109/tcyb.2013.2275291,crossref,Gaussian splatting robot perception,concept,architecture,,57,Gaussian splatting robot perception,2026-06-12T15:07:36Z,13.630,13.630
doi:10.1109/lra.2016.2637444,Learning Depth-Aware Deep Representations for Robotic Perception,,2017,IEEE Robotics and Automation Letters,Lorenzo Porzi; Samuel Rota Bulo; Adrian Penate-Sanchez; Elisa Ricci; Francesc Moreno-Noguer,10.1109/lra.2016.2637444,,https://doi.org/10.1109/lra.2016.2637444,crossref,Gaussian splatting robot perception,concept,architecture,,25,Gaussian splatting robot perception,2026-06-12T15:07:36Z,13.629,13.629
doi:10.1109/tro.2013.2273846,Physically Based Grasp Quality Evaluation Under Pose Uncertainty,,2013,IEEE Transactions on Robotics,Junggon Kim; Kunihiro Iwamoto; James J. Kuffner; Yasuhiro Ota; Nancy S. Pollard,10.1109/tro.2013.2273846,,https://doi.org/10.1109/tro.2013.2273846,crossref,robotics,concept,crossref_bulk_robotics,,56,,2026-06-12T19:29:26Z,13.622,15.622
doi:10.21105/joss.03635,"AstronomicAL: an interactive dashboard for visualisation, integration and classification of data with Active Learning",,2021,Journal of Open Source Software,Grant Stevens; Sotiria Fotopoulou; Malcolm Bremer; Oliver Ray,10.21105/joss.03635,,https://doi.org/10.21105/joss.03635,crossref,open source robot data collection,concept,open_data,,4,,2026-06-12T15:07:36Z,13.605,13.605
doi:10.1109/icra48506.2021.9560733,Representation Matters: Improving Perception and Exploration for Robotics,,2021,2021 IEEE International Conference on Robotics and Automation (ICRA),Markus Wulfmeier; Arunkumar Byravan; Tim Hertweck; Irina Higgins; Ankush Gupta; Tejas Kulkarni; Malcolm Reynolds; Denis Teplyashin; Roland Hafner; Thomas Lampe; Martin Riedmiller,10.1109/icra48506.2021.9560733,,https://doi.org/10.1109/icra48506.2021.9560733,crossref,robotics,concept,crossref_bulk_robotics,,4,,2026-06-12T19:29:26Z,13.605,13.605
doi:10.1109/icra48506.2021.9560813,Linear Inverse Problem for Depth Completion with RGB Image and Sparse LIDAR Fusion,,2021,2021 IEEE International Conference on Robotics and Automation (ICRA),Chen Fu; Christoph Mertz; John M. Dolan,10.1109/icra48506.2021.9560813,,https://doi.org/10.1109/icra48506.2021.9560813,crossref,robotics,concept,crossref_bulk_robotics,,4,,2026-06-12T19:29:26Z,13.605,13.605
doi:10.1109/icra.2016.7487472,Essential considerations for design and control of human-interactive robots,"Managing the trade-off between performance and stability is a crucial issue in physical human-robot interaction, and this has become more important than ever apace with growing needs for physically human-interactive robots in many fields, such as assistive robotics and rehabilitation robotics. In this paper, we present two essential considerations for design and control of robots physically interacting with humans: energetic passivity and mechanical impedance. Characterization of passive, dissipative, and active behavior of the human neuromuscular system is essential to ensure and control coupled stability in physical human-robot interaction. In addition, characterization of human mechanical impedance at the interaction port provides detailed quantitative information to describe interactive dynamics. The importance of these characterizations is demonstrated by simple examples and the aut",2016,,Hyunglae Lee; Neville Hogan,10.1109/icra.2016.7487472,,https://doi.org/10.1109/icra.2016.7487472,openalex,robotics,concept,openalex_bulk_robotics,,29,assistive robot; human robot interaction,2026-06-12T18:57:17Z,13.601,13.601
doi:10.1016/j.birob.2026.100326,Multi-modal vision-based deformable perception for in-finger manipulation with soft active surfaces,,2026,Biomimetic Intelligence and Robotics,Sen Li; Chaoyang Song; Fang Wan,10.1016/j.birob.2026.100326,,https://doi.org/10.1016/j.birob.2026.100326,crossref,physical reasoning robotics manipulation,concept,physical_reasoning,,,,2026-06-12T14:45:03Z,13.600,13.600
doi:10.2139/ssrn.6079475,Confidence-Aware Depth Completion through Feed-Forward 3D Gaussian Splatting,,,,HaiPeng Guo; Junbao Li; Huanyu Liu,10.2139/ssrn.6079475,,https://doi.org/10.2139/ssrn.6079475,crossref,Gaussian splatting robot perception,concept,architecture,,,Gaussian splatting robot perception,2026-06-12T14:45:03Z,13.600,13.600
doi:10.1109/apsipaasc65261.2025.11249362,DP-GS: Depth-prior & Perception-guided Gaussian Splatting for Sparse-view Novel View Synthesis,,2025,2025 Asia Pacific Signal and Information Processing Association Annual Summit and Conference (APSIPA ASC),Bowen Gao; Zhicheng Lu; Mingyi He; Yuchao Dai,10.1109/apsipaasc65261.2025.11249362,,https://doi.org/10.1109/apsipaasc65261.2025.11249362,crossref,Gaussian splatting robot perception,concept,architecture,,,Gaussian splatting robot perception,2026-06-12T14:45:03Z,13.600,13.600
doi:10.2139/ssrn.6038500,Monocular Gaussian Splatting SLAM with Foundation Model Depth Priors and Explicit Depth Uncertainty Modeling,,,,Da Qi; Liling Wang; Haibao Wang; Weilong Chang,10.2139/ssrn.6038500,,https://doi.org/10.2139/ssrn.6038500,crossref,Gaussian splatting robot perception,concept,architecture,,,Gaussian splatting robot perception; SLAM,2026-06-12T14:45:03Z,13.600,14.600
doi:10.1109/cac67268.2025.11487461,NeDC: Neural Radiance Fields for Dense Depth Completion,,2025,2025 China Automation Congress (CAC),Zhiyuan Zhang; Jun Liang,10.1109/cac67268.2025.11487461,,https://doi.org/10.1109/cac67268.2025.11487461,crossref,neural radiance field robotics,concept,architecture,,,neural radiance field robotics,2026-06-12T14:45:03Z,13.600,13.600
doi:10.1016/j.entcom.2024.100808,Entertainment gesture robot based on wireless sensor network for singing learning perception and interactive experience simulation,,2025,Entertainment Computing,Meiji Huo; Tongjia Sun,10.1016/j.entcom.2024.100808,,https://doi.org/10.1016/j.entcom.2024.100808,crossref,energy based model robot learning,concept,ebm,,,,2026-06-12T15:07:36Z,13.600,13.600
doi:10.1109/iotais67227.2025.11282134,"An Intelligent Autonomous Robot with Recognition, Depth-Aware Perception, and Manipulation",,2025,2025 IEEE International Conference on Internet of Things and Intelligence Systems (IoTaIS),Alex Eayrs; Chris Gerhardson; Trygve Eggen; Hyeun Jeong Min; Cheol-Hong Min; Hassan Salamy,10.1109/iotais67227.2025.11282134,,https://doi.org/10.1109/iotais67227.2025.11282134,crossref,robot world models manipulation,concept,world_models,,,robot world model,2026-06-12T15:07:36Z,13.600,13.600
doi:10.1109/robio66223.2025.11377161,Robotic Yarn Splicing in Warping: Uncertainty-Aware Perception and Manipulation,,2025,2025 IEEE International Conference on Robotics and Biomimetics (ROBIO),Wei Shuai; Yang Gao; Peichen Wu; Guowei Cui,10.1109/robio66223.2025.11377161,,https://doi.org/10.1109/robio66223.2025.11377161,crossref,physical reasoning robotics manipulation,concept,physical_reasoning,,,,2026-06-12T15:07:36Z,13.600,14.600
doi:10.1109/icra55743.2025.11127425,Learning Active Tactile Perception Through Belief-Space Control,,2025,2025 IEEE International Conference on Robotics and Automation (ICRA),Jean-François Tremblay; David Meger; Francois R. Hogan; Gregory Dudek,10.1109/icra55743.2025.11127425,,https://doi.org/10.1109/icra55743.2025.11127425,crossref,tactile language action robotics,concept,tactile,,,tactile perception,2026-06-12T15:07:36Z,13.600,13.600
doi:10.1109/lra.2026.3664644,Active Perception Driven Tactile Modeling of Deformable Objects for Robots,,2026,IEEE Robotics and Automation Letters,Xuewen Yang; Le Wang; Fengchang Fang; Nan Wang; Guoyu Wang; Aiguo Song,10.1109/lra.2026.3664644,,https://doi.org/10.1109/lra.2026.3664644,crossref,tactile language action robotics,concept,tactile,,,active perception,2026-06-12T15:07:36Z,13.600,13.600
doi:10.1109/iros60139.2025.11246834,Interactive Object Detection by Mitigating Uncertainty of Robot Task Plans using Large Language Model,,2025,2025 IEEE/RSJ International Conference on Intelligent Robots and Systems (IROS),Kanata Suzuki; Akane Ushizaka; Kazuki Hori; Tetsuya Ogata,10.1109/iros60139.2025.11246834,,https://doi.org/10.1109/iros60139.2025.11246834,crossref,robot foundation model vision language action,concept,vla,,,robot foundation model,2026-06-12T15:07:36Z,13.600,14.600
doi:10.1109/cac67268.2025.11487656,TNT-Depth: A Transformer-in-Transformer Architecture for Robust Depth Completion,,2025,2025 China Automation Congress (CAC),Zhiyuan Zhang; Jun Liang,10.1109/cac67268.2025.11487656,,https://doi.org/10.1109/cac67268.2025.11487656,crossref,EBM transformer robotics,concept,architecture,,,EBM transformer robotics,2026-06-12T15:07:36Z,13.600,13.600
doi:10.1061/9780784486443.066,Active Robot Vision with Perception-Aware Navigation for Worker Monitoring,,2026,Computing in Civil Engineering 2025,Chaewon Yang; Jinsik Park; Moonseo Park; Changbum R. Ahn,10.1061/9780784486443.066,,https://doi.org/10.1061/9780784486443.066,crossref,Gaussian splatting robot perception,concept,architecture,,,Gaussian splatting robot perception,2026-06-12T15:07:36Z,13.600,13.600
doi:10.1109/iccste65902.2025.11138438,A Sound Source Localization Method Based on the Active Perception of Mobile Robot,,2025,"2025 International Conference on Computer Science, Technology and Engineering (ICCSTE)",Weiye Cheng; Guoliang Chen,10.1109/iccste65902.2025.11138438,,https://doi.org/10.1109/iccste65902.2025.11138438,crossref,Gaussian splatting robot perception,concept,architecture,,,Gaussian splatting robot perception; active perception,2026-06-12T15:07:36Z,13.600,13.600
doi:10.1109/roman.2010.5598612,Active perception based on Hough transform and evolutionary computation using 3D range sensor,,2010,19th International Symposium in Robot and Human Interactive Communication,Eriko Hiwada; Hiroyuki Masuta; Naoyuki Kubota,10.1109/roman.2010.5598612,,https://doi.org/10.1109/roman.2010.5598612,crossref,Gaussian splatting robot perception,concept,architecture,,,Gaussian splatting robot perception; active perception,2026-06-12T15:07:36Z,13.600,13.600
doi:10.1109/etai68332.2026.11485458,Chance-Constrained Convex Optimization for Mobile Robot Trajectory Planning in Multi-Obstacle Environments Under Perception Uncertainty,,2026,2026 5th International Conference on Electronics Technology and Artificial Intelligence (ETAI),Shuo Xu,10.1109/etai68332.2026.11485458,,https://doi.org/10.1109/etai68332.2026.11485458,crossref,Gaussian splatting robot perception,concept,architecture,,,Gaussian splatting robot perception,2026-06-12T15:07:36Z,13.600,14.600
doi:10.1186/s12893-025-03198-9,Enhancing spatial perception in robot-assisted minimally invasive surgery with edge-preserving depth estimation and pose tracking,,2025,BMC Surgery,Bo Guan; Jianchang Zhao; Bo Yi; Jianmin Li,10.1186/s12893-025-03198-9,,https://doi.org/10.1186/s12893-025-03198-9,crossref,Gaussian splatting robot perception,concept,architecture,,,Gaussian splatting robot perception,2026-06-12T15:07:36Z,13.600,13.600
doi:10.1109/lra.2026.3653331,HEAPGrasp: Hand-Eye Active Perception to Grasp Objects With Diverse Optical Properties,,2026,IEEE Robotics and Automation Letters,Ginga Kennis; Shogo Arai,10.1109/lra.2026.3653331,,https://doi.org/10.1109/lra.2026.3653331,crossref,Gaussian splatting robot perception,concept,architecture,,,Gaussian splatting robot perception; active perception,2026-06-12T15:07:36Z,13.600,13.600
doi:10.1016/j.patrec.2026.04.015,Integrated depth perception and control for an aerial-surface-aquatic robot,,2026,Pattern Recognition Letters,Yue Cao; Shiyou Zhao; Wenshuai Wang; Zhenlin Peng; Hui Peng; Junhao Xiao,10.1016/j.patrec.2026.04.015,,https://doi.org/10.1016/j.patrec.2026.04.015,crossref,Gaussian splatting robot perception,concept,architecture,,,Gaussian splatting robot perception,2026-06-12T15:07:36Z,13.600,13.600
doi:10.1117/12.3079482,Unsupervised depth perception from fiber bundle endoscopy for in-situ intraluminal robot navigation,,2026,Endoscopic Microscopy XXI,Xipeng Shen; Weiyi Zhang; Qi Lan; Haoran Zhang; Jianlong Yang,10.1117/12.3079482,,https://doi.org/10.1117/12.3079482,crossref,Gaussian splatting robot perception,concept,architecture,,,Gaussian splatting robot perception,2026-06-12T15:07:36Z,13.600,13.600
doi:10.1109/lra.2025.3583626,EASE: Embodied Active Event Perception via Self-Supervised Energy Minimization,,2025,IEEE Robotics and Automation Letters,Zhou Chen; Sanjoy Kundu; Harsimran S. Baweja; Sathyanarayanan N. Aakur,10.1109/lra.2025.3583626,,https://doi.org/10.1109/lra.2025.3583626,crossref,Gaussian splatting robot perception,concept,architecture,,,Gaussian splatting robot perception,2026-06-12T15:07:36Z,13.600,13.600
doi:10.1007/978-981-95-5021-0_27,A Gaussian Mixture Model-Based Point Cloud Completion and Its Application in Distance Perception,,2026,Lecture Notes in Electrical Engineering Proceedings of 2025 13th China Conference on Command and Control,Kai Jiang; Yanfeng Jia; Yanyi Hou; Beichen Mi; Kun Hu,10.1007/978-981-95-5021-0_27,,https://doi.org/10.1007/978-981-95-5021-0_27,crossref,Gaussian splatting robot perception,concept,architecture,,,Gaussian splatting robot perception,2026-06-12T15:07:36Z,13.600,13.600
doi:10.1109/tim.2026.3680180,Point Cloud Perception in Human-to-Robot Handover Based on Semantic Segmentation and Shape Completion,,2026,IEEE Transactions on Instrumentation and Measurement,Yifei Wang; Baoguo Xu; Linhu Wei; Weifeng Peng; Jiajin Wang; Aiguo Song,10.1109/tim.2026.3680180,,https://doi.org/10.1109/tim.2026.3680180,crossref,Gaussian splatting robot perception,concept,architecture,,,Gaussian splatting robot perception; robot hand,2026-06-12T15:07:36Z,13.600,13.600
doi:10.1016/j.eswa.2026.131311,Perception balance with uncertainty-guided fusion and proposal-wise mixture-of-experts for robust multi-agent 3D object detection,,2026,Expert Systems with Applications,Peizhou Ni; Wenkai Zhu; Feng Jiang; Benwu Wang; Yue Hu,10.1016/j.eswa.2026.131311,,https://doi.org/10.1016/j.eswa.2026.131311,crossref,mixture of experts robot policy,concept,architecture,,,mixture of experts robot policy,2026-06-12T15:07:36Z,13.600,14.600
doi:10.1109/icassp55912.2026.11462749,Navigating Modality Uncertainty: Modality-Interaction Enhanced Mixture-of-Experts for Multi-Modal Knowledge Graph Completion,,2026,"ICASSP 2026 - 2026 IEEE International Conference on Acoustics, Speech and Signal Processing (ICASSP)",Hanting Shen; Bin Chen; Zhangtao Cheng; Kaiju Li; Jia Chen; Ting Zhong; Fan Zhou,10.1109/icassp55912.2026.11462749,,https://doi.org/10.1109/icassp55912.2026.11462749,crossref,mixture of experts robot policy,concept,architecture,,,mixture of experts robot policy,2026-06-12T15:07:36Z,13.600,14.600
doi:10.1145/3774904.3792926,Active Retrieval-Augmented Generation with Conflict-Fused Uncertainty Quantification,,2026,Proceedings of the ACM Web Conference 2026,Tao Tang; Xiaodong Yue; Yufei Chen; Jie Shi; Shijie Ding,10.1145/3774904.3792926,,https://doi.org/10.1145/3774904.3792926,crossref,retrieval augmented robot policy,concept,architecture,,,retrieval augmented robot policy,2026-06-12T15:07:36Z,13.600,14.600
doi:10.51202/9783181024553-173,Building a Foundation Model Database for Generic Perception Tasks in Autonomous Driving - Lessons Learned and why Close Collaboration Matters,,2025,ELIV 2025,F. Nobis; M. Reuther,10.51202/9783181024553-173,,https://doi.org/10.51202/9783181024553-173,crossref,robot foundation model,concept,architecture,,,robot foundation model,2026-06-12T15:07:36Z,13.600,13.600
doi:10.1109/lra.2025.3634907,Semantic Decoupling Based Semantic Scene Completion From a Single Depth Image,,2026,IEEE Robotics and Automation Letters,Qiongli Xu; Shuo Gu; Yigong Zhang; Chenyang Zhang; Hui Kong; Jian Yang,10.1109/lra.2025.3634907,,https://doi.org/10.1109/lra.2025.3634907,crossref,scene graph robot learning,concept,architecture,,,scene graph robot learning,2026-06-12T15:07:36Z,13.600,13.600
doi:10.1007/s10846-026-02380-2,Adaptive Active Learning with Dynamic Uncertainty-Diversity Balancing for Object Detection,,2026,Journal of Intelligent & Robotic Systems,Joonsun Auh; Changsik Cho; Seon-tae Kim,10.1007/s10846-026-02380-2,,https://doi.org/10.1007/s10846-026-02380-2,crossref,deformable object manipulation robot learning,concept,deformable,,,deformable object manipulation,2026-06-12T15:07:36Z,13.600,14.600
doi:10.1109/lra.2026.3671561,Interactive Learning via Physical Human Feedback Using Uncertainty-Aware Energy Tanks,,2026,IEEE Robotics and Automation Letters,Edoardo Fiorini; Markus Knauer; Thomas Eiband; Maged Iskandar; João Silvério,10.1109/lra.2026.3671561,,https://doi.org/10.1109/lra.2026.3671561,crossref,interactive robot learning human feedback,concept,hri,,,,2026-06-12T15:07:36Z,13.600,14.600
doi:10.1109/iros60139.2025.11247003,rt-RISeg: Real-Time Model-Free Robot Interactive Segmentation for Active Instance-Level Object Understanding,,2025,2025 IEEE/RSJ International Conference on Intelligent Robots and Systems (IROS),Howard H. Qian; Yiting Chen; Gaotian Wang; Podshara Chanrungmaneekul; Kaiyu Hang,10.1109/iros60139.2025.11247003,,https://doi.org/10.1109/iros60139.2025.11247003,crossref,object centric robot world model,concept,object_centric,,,robot world model,2026-06-12T15:07:36Z,13.600,13.600
doi:10.1109/lra.2025.3580327,Bimanual Regrasp Planning and Control for Active Reduction of Object Pose Uncertainty,,2025,IEEE Robotics and Automation Letters,Ryuta Nagahama; Weiwei Wan; Zhengtao Hu; Kensuke Harada,10.1109/lra.2025.3580327,,https://doi.org/10.1109/lra.2025.3580327,crossref,EBM transformer robotics bimanual manipulation,concept,architecture_x_embodiment,,,EBM transformer robotics; bimanual manipulation,2026-06-12T15:07:36Z,13.600,14.600
doi:10.1109/eccst68196.2025.11440993,Depth-Aware Vision Transformer for Transparent Object Depth Completion,,2025,"2025 5th International Conference on Electronic Communication, Computer Science and Technology (ECCST)",Jian Huang; Jingjie He; Gongwei Fang,10.1109/eccst68196.2025.11440993,,https://doi.org/10.1109/eccst68196.2025.11440993,crossref,EBM transformer robotics deformable object manipulation,concept,architecture_x_embodiment,,,EBM transformer robotics; deformable object manipulation,2026-06-12T15:07:36Z,13.600,13.600
doi:10.1109/robio66223.2025.11375966,Asymmetric Convolutional Depth Network for Sparse LiDAR Completion in Mobile Robotics,,2025,2025 IEEE International Conference on Robotics and Biomimetics (ROBIO),Zhiyuan Zhang; Jun Liang,10.1109/robio66223.2025.11375966,,https://doi.org/10.1109/robio66223.2025.11375966,crossref,EBM transformer robotics mobile manipulation,concept,architecture_x_embodiment,,,EBM transformer robotics; mobile manipulation,2026-06-12T15:07:36Z,13.600,13.600
doi:10.1007/978-981-95-3044-1_11,A Multisensory Active Perception Approach for Robotic Manipulation,,2026,"Artificial Intelligence: Foundations, Theory, and Algorithms Multi-Modal Robotic Intelligence",Di Guo; Huaping Liu,10.1007/978-981-95-3044-1_11,,https://doi.org/10.1007/978-981-95-3044-1_11,crossref,Gaussian splatting robot perception bimanual manipulation,concept,architecture_x_embodiment,,,Gaussian splatting robot perception; bimanual manipulation; active perception,2026-06-12T15:07:36Z,13.600,13.600
doi:10.1109/roboticcc68732.2025.00012,Eyes on Me: Decoupling Perception from Action in Robotic Manipulation with an Active Observer,,2025,2025 International Conference on Robotic Computing and Communication (RoboticCC),Chen Hu; Hanchi Ren; Xianghua Xie,10.1109/roboticcc68732.2025.00012,,https://doi.org/10.1109/roboticcc68732.2025.00012,crossref,Gaussian splatting robot perception bimanual manipulation,concept,architecture_x_embodiment,,,Gaussian splatting robot perception; bimanual manipulation,2026-06-12T15:07:36Z,13.600,13.600
doi:10.1080/10447318.2026.2651343,Touchscreen-Based 3D Object Manipulation: The Effects of Depth Perception Cues and Visual Feedback,,2026,International Journal of Human–Computer Interaction,Yuhan Zhan; Jiang Shao; Lang Qin; Rouzi Xing; Wenjing Cao; Shangsong Jiang; Zhiyong Chen,10.1080/10447318.2026.2651343,,https://doi.org/10.1080/10447318.2026.2651343,crossref,Gaussian splatting robot perception deformable object manipulation,concept,architecture_x_embodiment,,,Gaussian splatting robot perception; deformable object manipulation,2026-06-12T15:07:36Z,13.600,13.600
doi:10.1007/s10055-026-01383-6,Who is speaking and where: exploring the impact of social identity and environmental cues of VR embodied conversational agents on user perception,"Abstract With the rapid advancement of artificial intelligence and virtual reality, Virtual Reality–Embodied Conversational Agents (VR-ECAs) are increasingly regarded as a promising approach to psychological support. However, existing research has not yet thoroughly examined how the social identity of ECAs and the type of Virtual Reality (VR) environment influence users’ cognitions and behavioral responses. To address this gap, this study employed a 2 × 2 experimental design (N = 33) to investigate the effects of social identity (counselor vs. peer) and environmental type (counseling room vs. park) on self-disclosure intention, cognitive workload, trust, perceived safety, and flow experience. The results indicate that both social identity and environmental type significantly shaped participants’ cognitions and behavioral outcomes. Specifically, the counselor identity, compared to the pee",2026,Virtual Reality,Yilan Jin; Yongkang Chen,10.1007/s10055-026-01383-6,,https://doi.org/10.1007/s10055-026-01383-6,crossref,Gaussian splatting robot perception embodied agent,concept,architecture_x_embodiment,,,Gaussian splatting robot perception; embodied agent,2026-06-12T15:07:36Z,13.600,13.600
doi:10.1108/ir.2000.04927daf.003,Strength where it matters,,2000,Industrial Robot: An International Journal,,10.1108/ir.2000.04927daf.003,,https://doi.org/10.1108/ir.2000.04927daf.003,crossref,Gaussian splatting robot perception industrial robot,concept,architecture_x_embodiment,,,Gaussian splatting robot perception; industrial robot,2026-06-12T15:07:36Z,13.600,13.600
doi:10.1016/j.robot.2025.105268,Prior-Backbone-Prediction cascade depth completion framework for robotic grasp oriented to transparent objects,,2026,Robotics and Autonomous Systems,Hongkun Tian; Shuo Liu; Shuai Liu; Jun Li; Ling Tong; Yi Man,10.1016/j.robot.2025.105268,,https://doi.org/10.1016/j.robot.2025.105268,crossref,robotics,concept,crossref_bulk_robotics,,,,2026-06-12T19:29:26Z,13.600,13.600
doi:10.5220/0014250700004084,Inpainting-Driven Depth Completion for Safe and Adaptive Collaborative Robotics,,2026,Proceedings of the 21st International Conference on Computer Vision Theory and Applications,Ambra Vandone; Andrea Quattrini; Carlotta Pizzolato; Anna Valente,10.5220/0014250700004084,,https://doi.org/10.5220/0014250700004084,crossref,robotics,concept,crossref_bulk_robotics,,,,2026-06-12T19:29:26Z,13.600,13.600
doi:10.1109/icra55743.2025.11128798,An Active Perception Game for Robust Information Gathering,,2025,2025 IEEE International Conference on Robotics and Automation (ICRA),Siming He; Yuezhan Tao; Igor Spasojevic; Vijay Kumar; Pratik Chaudhari,10.1109/icra55743.2025.11128798,,https://doi.org/10.1109/icra55743.2025.11128798,crossref,robotics,concept,crossref_bulk_robotics,,,active perception,2026-06-12T19:29:26Z,13.600,13.600
doi:10.1109/icra55743.2025.11127861,UA-PnP: Uncertainty-Aware End-to-End Bird's Eye View Visual Perception and Prediction for Autonomous Driving,,2025,2025 IEEE International Conference on Robotics and Automation (ICRA),Zijian Huang; Dachuan Li; Qi Hao,10.1109/icra55743.2025.11127861,,https://doi.org/10.1109/icra55743.2025.11127861,crossref,robotics,concept,crossref_bulk_robotics,,,,2026-06-12T19:29:26Z,13.600,14.600
doi:10.1109/icra55743.2025.11127607,Learning to Double Guess: An Active Perception Approach for Estimating the Center of Mass of Arbitrary Objects,,2025,2025 IEEE International Conference on Robotics and Automation (ICRA),Shengmiao Jin; Yuchen Mo; Wenzhen Yuan,10.1109/icra55743.2025.11127607,,https://doi.org/10.1109/icra55743.2025.11127607,crossref,robotics,concept,crossref_bulk_robotics,,,active perception,2026-06-12T19:29:26Z,13.600,13.600
doi:10.1109/icmre69538.2026.11533910,An Empirical Study of MapEx Under Localization Uncertainty: Effects on Ensemble Map Completion and Frontier Selection,,2026,2026 12th International Conference on Mechatronics and Robotics Engineering (ICMRE),Niusha Khosravi; Rodrigo Ventura; Meysam Basiri,10.1109/icmre69538.2026.11533910,,https://doi.org/10.1109/icmre69538.2026.11533910,crossref,robotics,concept,crossref_bulk_robotics,,,,2026-06-12T19:29:26Z,13.600,14.600
doi:10.1109/robio66223.2025.11377275,Transparent Object Depth Completion Network Based on Dual-Branch Cross Feature Fusion,,2025,2025 IEEE International Conference on Robotics and Biomimetics (ROBIO),Qing Fan; Xiaoqiang Zhang; Yang He; Xiaoxia Li; Zhiyuan Chang; Li He,10.1109/robio66223.2025.11377275,,https://doi.org/10.1109/robio66223.2025.11377275,crossref,robotics,concept,crossref_bulk_robotics,,,,2026-06-12T19:29:26Z,13.600,13.600
doi:10.1109/lra.2026.3693984,BurnDC: A Progressive Propagation Framework for Low Coverage Depth Completion,,2026,IEEE Robotics and Automation Letters,Zhengyu Zhu; Cong Zhang; Hongmin Liu; Bin Fan,10.1109/lra.2026.3693984,,https://doi.org/10.1109/lra.2026.3693984,crossref,robotics,concept,crossref_bulk_robotics,,,,2026-06-12T19:29:26Z,13.600,13.600
doi:10.1109/icra.2019.8794389,Active Perception in Adversarial Scenarios using Maximum Entropy Deep Reinforcement Learning,,2019,2019 International Conference on Robotics and Automation (ICRA),Macheng Shen; Jonathan P. How,10.1109/icra.2019.8794389,,https://doi.org/10.1109/icra.2019.8794389,crossref,model based reinforcement learning robotics,concept,architecture,,10,model based reinforcement learning robotics; active perception,2026-06-12T15:07:36Z,13.599,13.599
doi:10.1145/218380.218443,Interactive physically-based manipulation of discrete/continuous models,,1995,Proceedings of the 22nd annual conference on Computer graphics and interactive techniques - SIGGRAPH '95,Mikako Harada; Andrew Witkin; David Baraff,10.1145/218380.218443,,https://doi.org/10.1145/218380.218443,crossref,robot world models manipulation,concept,world_models,,53,robot world model,2026-06-12T15:07:36Z,13.594,13.594
doi:10.1016/j.energy.2016.05.005,Transformer-less 3P3W SAPF (three-phase three-wire shunt active power filter) with line-interactive UPS (uninterruptible power supply) and battery energy storage stage,,2016,Energy,Wajahat Ullah Tareen; Saad Mekhilef,10.1016/j.energy.2016.05.005,,https://doi.org/10.1016/j.energy.2016.05.005,crossref,transformer energy based model robotics,concept,ebm_transformer,,34,energy based model robotics,2026-06-12T17:50:07Z,13.578,13.578
doi:10.1109/icra40945.2020.9197235,Evaluation of Increasing Camera Baseline on Depth Perception in Surgical Robotics,,2020,2020 IEEE International Conference on Robotics and Automation (ICRA),Apeksha Avinash; Alaa Eldin Abdelaal; Septimiu E. Salcudean,10.1109/icra40945.2020.9197235,,https://doi.org/10.1109/icra40945.2020.9197235,crossref,robotics,concept,crossref_bulk_robotics,,6,surgical robot,2026-06-12T19:29:26Z,13.573,14.573
doi:10.3389/fnbot.2018.00022,Multimodal Hierarchical Dirichlet Process-Based Active Perception by a Robot,,2018,Frontiers in Neurorobotics,Tadahiro Taniguchi; Ryo Yoshino; Toshiaki Takano,10.3389/fnbot.2018.00022,,https://doi.org/10.3389/fnbot.2018.00022,crossref,Gaussian splatting robot perception,concept,architecture,,14,Gaussian splatting robot perception; active perception,2026-06-12T15:07:36Z,13.554,13.554
doi:10.1109/icra46639.2022.9811903,f-Cal: Aleatoric uncertainty quantification for robot perception via calibrated neural regression,,2022,2022 International Conference on Robotics and Automation (ICRA),Dhaivat Bhatt; Kaustubh Mani; Dishank Bansal; Krishna Murthy; Hanju Lee; Liam Paull,10.1109/icra46639.2022.9811903,,https://doi.org/10.1109/icra46639.2022.9811903,crossref,Gaussian splatting robot perception,concept,architecture,,2,Gaussian splatting robot perception,2026-06-12T15:07:36Z,13.549,14.549
doi:10.1145/3583788.3583813,Self-supervised Depth Completion with Adaptive Online Adaptation,,2023,2023 The 7th International Conference on Machine Learning and Soft Computing (ICMLSC),Yang Chen; Yang Tan,10.1145/3583788.3583813,,https://doi.org/10.1145/3583788.3583813,crossref,online adaptation robot learning,concept,adaptation,,1,online adaptation,2026-06-12T14:45:03Z,13.547,13.547
doi:10.1145/3595916.3626380,NeRF-SDP: Efficient Generalizable Neural Radiance Field with Scene Depth Perception,,2023,ACM Multimedia Asia 2023,Qiuwen Wang; Shuai Guo; Haoning Wu; Rong Xie; Li Song; Wenjun Zhang,10.1145/3595916.3626380,,https://doi.org/10.1145/3595916.3626380,crossref,neural radiance field robotics,concept,architecture,,1,neural radiance field robotics,2026-06-12T14:45:03Z,13.547,13.547
doi:10.23919/mva57639.2023.10215565,Uncertainty Criteria in Active Transfer Learning for Efficient Video-Specific Human Pose Estimation,,2023,2023 18th International Conference on Machine Vision and Applications (MVA),Hiromu Taketsugu; Norimichi Ukita,10.23919/mva57639.2023.10215565,,https://doi.org/10.23919/mva57639.2023.10215565,crossref,learning robot manipulation from human video,concept,human_data,,1,robot manipulation,2026-06-12T15:07:36Z,13.547,14.547
doi:10.22260/isarc2023/0006,Reducing Uncertainty in Multi-Robot Construction through Perception Modelling and Adaptive Fabrication,,2023,Proceedings of the International Symposium on Automation and Robotics in Construction (IAARC) Proceedings of the 40th International Symposium on Automation and Robotics in Construction,Daniel Ruan; Wes Mcgee; Arash Adel,10.22260/isarc2023/0006,,https://doi.org/10.22260/isarc2023/0006,crossref,Gaussian splatting robot perception,concept,architecture,,1,Gaussian splatting robot perception,2026-06-12T15:07:36Z,13.547,14.547
doi:10.1109/icra48891.2023.10161026,Decentralised Active Perception in Continuous Action Spaces for the Coordinated Escort Problem,,2023,2023 IEEE International Conference on Robotics and Automation (ICRA),Rhett Hull; Ki Myung Brian Lee; Jennifer Wakulicz; Chanyeol Yoo; James McMahon; Bryan Clarke; Stuart Anstee; Jijoong Kim; Robert Fitch,10.1109/icra48891.2023.10161026,,https://doi.org/10.1109/icra48891.2023.10161026,crossref,action transformer robotics,concept,transformers,,1,action transformer; active perception,2026-06-12T15:07:36Z,13.547,13.547
doi:10.1145/3639856.3639877,Model Uncertainty based Active Learning on Tabular Data using Boosted Trees,,2023,The Third International Conference on Artificial Intelligence and Machine Learning Systems,Sharath M Shankaranarayana,10.1145/3639856.3639877,,https://doi.org/10.1145/3639856.3639877,crossref,energy based model robot learning,concept,ebm,,1,,2026-06-12T17:50:07Z,13.547,14.547
doi:10.1016/j.robot.2017.08.013,Needle in a haystack: Interactive surgical instrument recognition through perception and manipulation,,2017,Robotics and Autonomous Systems,Tian Zhou; Juan P. Wachs,10.1016/j.robot.2017.08.013,,https://doi.org/10.1016/j.robot.2017.08.013,crossref,physical reasoning robotics manipulation,concept,physical_reasoning,,21,,2026-06-12T14:45:03Z,13.546,13.546
doi:10.1109/roman.2003.1251842,Active teaching for an interactive learning robot,"We have proposed a fast learning method that enables a mobile robot to acquire autonomous behaviors from interaction between human and robot. In this research we develop a behavior learning method ICS (interactive classifier system) using interactive evolutionary computation considering an operator's teaching cost. As a result, a mobile robot is able to quickly learn rules by directly teaching from an operator. ICS is a novel evolutionary robotics approach using classifier system. In this paper, we investigate teacher's physical and mental load and proposed a teaching method based on timing of instruction using ICS.",2004,,Daisuke Katagami; Seiji Yamada,10.1109/roman.2003.1251842,,https://doi.org/10.1109/roman.2003.1251842,openalex,robotics,concept,openalex_bulk_robotics,,21,,2026-06-12T18:57:17Z,13.546,13.546
arxiv:2209.15376v3,NBV-SC: Next Best View Planning based on Shape Completion for Fruit Mapping and Reconstruction,"Active perception for fruit mapping and harvesting is a difficult task since occlusions occur frequently and the location as well as size of fruits change over time. State-of-the-art viewpoint planning approaches utilize computationally expensive ray casting operations to find good viewpoints aiming at maximizing information gain and covering the fruits in the scene. In this paper, we present a novel viewpoint planning approach that explicitly uses information about the predicted fruit shapes to compute targeted viewpoints that observe as yet unobserved parts of the fruits. Furthermore, we formulate the concept of viewpoint dissimilarity to reduce the sampling space for more efficient selection of useful, dissimilar viewpoints. Our simulation experiments with a UR5e arm equipped with an RGB-D sensor provide a quantitative demonstration of the efficacy of our iterative next best view plan",2022,arXiv,Rohit Menon; Tobias Zaenker; Nils Dengler; Maren Bennewitz,,2209.15376v3,http://arxiv.org/abs/2209.15376v3,arxiv,sampling based motion planning,anti_myopia,anti_thesis,,,active perception; motion planning; occlusion; sampling based motion planning,2026-06-12T15:07:36Z,13.500,17.500
arxiv:2512.05809v1,Probing the effectiveness of World Models for Spatial Reasoning through Test-time Scaling,"Vision-Language Models (VLMs) remain limited in spatial reasoning tasks that require multi-view understanding and embodied perspective shifts. Recent approaches such as MindJourney attempt to mitigate this gap through test-time scaling where a world model imagines action-conditioned trajectories and a heuristic verifier selects helpful views from such trajectories. In this work, we systematically examine how such test-time verifiers behave across benchmarks, uncovering both their promise and their pitfalls. Our uncertainty-based analyses show that MindJourney's verifier provides little meaningful calibration, and that random scoring often reduces answer entropy equally well, thus exposing systematic action biases and unreliable reward signals. To mitigate these, we introduce a Verification through Spatial Assertions (ViSA) framework that grounds the test-time reward in verifiable, frame-",2025,arXiv,Saurav Jha; M. Jehanzeb Mirza; Wei Lin; Shiqi Yang; Sarath Chandar,,2512.05809v1,http://arxiv.org/abs/2512.05809v1,arxiv,adaptive world action model,concept,architecture,,,world action model; adaptive world action model; benchmark,2026-06-12T14:45:03Z,13.500,16.500
doi:10.1109/ismar50242.2020.00026,"The Effects of Object Shape, Fidelity, Color, and Luminance on Depth Perception in Handheld Mobile Augmented Reality","Depth perception of objects can greatly affect a user's experience of an augmented reality (AR) application. Many AR applications require depth matching of real and virtual objects and have the possibility to be influenced by depth cues. Color and luminance are depth cues that have been traditionally studied in two-dimensional (2D) objects. However, there is little research investigating how the properties of three-dimensional (3D) virtual objects interact with color and luminance to affect depth perception, despite the substantial use of 3D objects in visual applications. In this paper, we present the results of a paired comparison experiment that investigates the effects of object shape, fidelity, color, and luminance on depth perception of 3D objects in handheld mobile AR. The results of our study indicate that bright colors are perceived as nearer than dark colors for a high-fidelity",2020,arXiv,Tiffany D. Do; Joseph J. LaViola; Ryan P. McMahan,10.1109/ismar50242.2020.00026,2008.05505v1,http://arxiv.org/abs/2008.05505v1,arxiv,retrieval augmented robot policy,concept,architecture,,,retrieval augmented robot policy,2026-06-12T15:07:36Z,13.500,13.500
arxiv:2511.09958v1,Audio-VLA: Adding Contact Audio Perception to Vision-Language-Action Model for Robotic Manipulation,"The Vision-Language-Action models (VLA) have achieved significant advances in robotic manipulation recently. However, vision-only VLA models create fundamental limitations, particularly in perceiving interactive and manipulation dynamic processes. This paper proposes Audio-VLA, a multimodal manipulation policy that leverages contact audio to perceive contact events and dynamic process feedback. Audio-VLA overcomes the vision-only constraints of VLA models. Additionally, this paper introduces the Task Completion Rate (TCR) metric to systematically evaluate dynamic operational processes. Audio-VLA employs pre-trained DINOv2 and SigLIP as visual encoders, AudioCLIP as the audio encoder, and Llama2 as the large language model backbone. We apply LoRA fine-tuning to these pre-trained modules to achieve robust cross-modal understanding of both visual and acoustic inputs. A multimodal projection",2025,arXiv,Xiangyi Wei; Haotian Zhang; Xinyi Cao; Siyu Xie; Weifeng Ge; Yang Li; Changbo Wang,,2511.09958v1,http://arxiv.org/abs/2511.09958v1,arxiv,Gaussian splatting robot perception contact rich manipulation,concept,architecture_x_embodiment,,,vision language action model; Gaussian splatting robot perception; contact rich manipulation; limitation,2026-06-12T15:07:36Z,13.500,14.500
arxiv:2512.00300v1,TGSFormer: Scalable Temporal Gaussian Splatting for Embodied Semantic Scene Completion,"Embodied 3D Semantic Scene Completion (SSC) infers dense geometry and semantics from continuous egocentric observations. Most existing Gaussian-based methods rely on random initialization of many primitives within predefined spatial bounds, resulting in redundancy and poor scalability to unbounded scenes. Recent depth-guided approach alleviates this issue but remains local, suffering from latency and memory overhead as scale increases. To overcome these challenges, we propose TGSFormer, a scalable Temporal Gaussian Splatting framework for embodied SSC. It maintains a persistent Gaussian memory for temporal prediction, without relying on image coherence or frame caches. For temporal fusion, a Dual Temporal Encoder jointly processes current and historical Gaussian features through confidence-aware cross-attention. Subsequently, a Confidence-aware Voxel Fusion module merges overlapping prim",2025,arXiv,Rui Qian; Haozhi Cao; Tianchen Deng; Tianxin Hu; Weixiang Guo; Shenghai Yuan; Lihua Xie,,2512.00300v1,http://arxiv.org/abs/2512.00300v1,arxiv,Gaussian splatting robot perception embodied agent,concept,architecture_x_embodiment,,,Gaussian splatting robot perception; embodied agent; benchmark; latency,2026-06-12T15:07:36Z,13.500,14.500
doi:10.48550/arxiv.2402.09387,Active Disruption Avoidance and Trajectory Design for Tokamak Ramp-downs with Neural Differential Equations and Reinforcement Learning,"The tokamak offers a promising path to fusion energy, but plasma disruptions pose a major economic risk, motivating considerable advances in disruption avoidance. This work develops a reinforcement learning approach to this problem by training a policy to safely ramp-down the plasma current while avoiding limits on a number of quantities correlated with disruptions. The policy training environment is a hybrid physics and machine learning model trained on simulations of the SPARC primary reference discharge (PRD) ramp-down, an upcoming burning plasma scenario which we use as a testbed. To address physics uncertainty and model inaccuracies, the simulation environment is massively parallelized on GPU with randomized physics parameters during policy training. The trained policy is then successfully transferred to a higher fidelity simulator where it successfully ramps down the plasma while a",2024,arXiv (Cornell University),Allen M. Wang; Oswin So; Charles Dawson; D. Garnier; Cristina Rea; Chuchu Fan,10.48550/arxiv.2402.09387,,https://doi.org/10.48550/arxiv.2402.09387,openalex,energy based transformer robot policy,concept,ebm_transformer,,1,energy based transformer robot policy,2026-06-12T18:05:07Z,13.497,14.497
doi:10.1109/iros.2016.7759489,Multi-robot path planning for budgeted active perception with self-organising maps,,2016,2016 IEEE/RSJ International Conference on Intelligent Robots and Systems (IROS),Graeme Best; Jan Faigl; Robert Fitch,10.1109/iros.2016.7759489,,https://doi.org/10.1109/iros.2016.7759489,crossref,Gaussian splatting robot perception,concept,architecture,,28,Gaussian splatting robot perception; active perception,2026-06-12T15:07:36Z,13.484,13.484
title:active learning for teaching a robot grounded relational symbols,Active Learning for Teaching a Robot Grounded Relational Symbols,"We investigate an interactive teaching scenario, the geometric properties of objects. There are multiple motivations for this scenario: First, state-of-the-art methods for relational reinforcement learning demonstrate that we can learn and employ strongly generalizing abstract models with great success for goal-directed object manipulation. However, these methods rely on given grounded action and state symbols and raise the classical question: Where do the symbols come from? Second, existing research on learning from humanrobot interaction has focused mostly on the motion level (e.g., imitation learning). However, if the goal of teaching is to enable the robot to autonomously solve sequential manipulation tasks in a goal-directed manner, the human should have the possibility to teach the relevant abstractions to describe the task and let the robot eventually leverage powerful relational ",2013,,Johannes Kulick; Marc Toussaint; Tobias Lang; Manuel Lopes,,,https://openalex.org/W1754243990,openalex,robotics,concept,openalex_bulk_robotics,,68,imitation learning,2026-06-12T18:57:17Z,13.467,14.467
doi:10.1177/0278364909346069,"An Active Vision System for Detecting, Fixating and Manipulating Objects in the Real World","The ability to autonomously acquire new knowledge through interaction with the environment is an important research topic in the field of robotics. The knowledge can only be acquired if suitable perception— action capabilities are present: a robotic system has to be able to detect, attend to and manipulate objects in its surrounding. In this paper, we present the results of our long-term work in the area of vision-based sensing and control. The work on finding, attending, recognizing and manipulating objects in domestic environments is studied. We present a stereo-based vision system framework where aspects of top-down and bottom-up attention as well as foveated attention are put into focus and demonstrate how the system can be utilized for robotic object grasping.",2010,The International Journal of Robotics Research,B. Rasolzadeh; M. Björkman; K. Huebner; D. Kragic,10.1177/0278364909346069,,https://doi.org/10.1177/0278364909346069,crossref,world action model robotics,concept,wam,,73,world action model,2026-06-12T15:07:36Z,13.452,14.452
doi:10.2174/9789815256475124020004,Soft Robot Sensing and Perception,"This section introduces the sensing and perception of the soft robots. First, the sensor of the soft robots are classified. Then, the state of the soft robot’s sensing and perception model is introduced, i.e., passive mode, semi-active mode, active mode and interactive perceptive mode. Moreover, according to the sensing and perception mode, several sensing and perception technologies are presented. In the end, several challenges regarding the sensing and perception of the soft robots are summarized.&nbsp;",2024,Introduction to Advanced Soft Robotics,Juntian Qu; Zhenkun Li; Qigao Fan; Hongchao Cui; Yueyue Liu,10.2174/9789815256475124020004,,https://doi.org/10.2174/9789815256475124020004,crossref,Gaussian splatting robot perception,concept,architecture,,,Gaussian splatting robot perception,2026-06-12T15:07:36Z,13.450,13.450
arxiv:2012.06410v1,Learning How to Trade-Off Safety with Agility Using Deep Covariance Estimation for Perception Driven UAV Motion Planning,"We investigate how to utilize predictive models for selecting appropriate motion planning strategies based on perception uncertainty estimation for agile unmanned aerial vehicle (UAV) navigation tasks. Although there are variety of motion planning and perception algorithms for such tasks, the impact of perception uncertainty is not explicitly handled in many of the current motion algorithms, which leads to performance loss in real-life scenarios where the measurement are often noisy due to external disturbances. We develop a novel framework for embedding perception uncertainty to high level motion planning management, in order to select the best available motion planning approach for the currently estimated perception uncertainty. We estimate the uncertainty in visual inputs using a deep neural network (CovNet) that explicitly predicts the covariance of the current measurements. Next, we",2020,arXiv,Onur Akgun; Kamil Canberk Atik; Mustafa Erdem; Mehmetcan Kaymaz; Bugrahan Yamak; N. Kemal Ure,,2012.06410v1,http://arxiv.org/abs/2012.06410v1,arxiv,task and motion planning robotics,anti_myopia,classic,,,motion planning; task and motion planning,2026-06-12T15:07:36Z,13.450,18.450
doi:10.32473/flairs.37.1.135575,Matching-based Coalition Formation for Multi-robot Task Assignment Under Partial Uncertainty,"In this paper, we study the multi-robot coalition formation problem for instantaneous task allocation, where a group of robots needs to be allocated to a set of tasks to execute optimally. One robot might not be enough to complete a given task, so forming teams to complete these tasks becomes necessary. In many real-world scenarios, the robots might have noisy localization. Due to this, cost calculations for robot-to-task assignments become uncertain. However, a small amount of resources might be available to accurately localize a subset of these robots. To this end, we propose a bipartite graph matching-based task allocation strategy (centralized and distributed versions) that gracefully handles the uncertainty arising from cost calculations using an interval-based technique while leveraging the fact that a small number of robots might be localized on demand using an external system suc",2024,The International FLAIRS Conference Proceedings,Brenden Latham; Vladimir Ufimtsev; Ayan Dutta,10.32473/flairs.37.1.135575,,https://doi.org/10.32473/flairs.37.1.135575,crossref,flow matching robot policy,concept,flow,,,,2026-06-12T15:07:36Z,13.450,15.450
doi:10.34190/ecel.23.1.2612,A Probability-Based Model for Course Completion Prediction in Online Asynchronous Learning,"The sheer scale of Massive Open Online Courses (MOOCs), presents a significant challenge in delivering personalized learning experiences and effective student support. With vast participation numbers, it becomes difficult for instructors to track individual progress, pinpoint specific areas where students struggle, and understand the underlying reasons for failure to complete the course. This lack of individualized attention can lead to disengagement and higher dropout rates. A probability-based analysis offers a solution by generating student-specific predictions about their likelihood of completion. This empowers educators to proactively identify those at risk, tailor interventions, optimize resource allocation, and potentially improve the overall learning experience within the MOOC environment. This study focuses on developing a robust predictive framework to accurately estimate the p",2024,European Conference on e-Learning,Pavindya Methsara Kankanamge,10.34190/ecel.23.1.2612,,https://doi.org/10.34190/ecel.23.1.2612,crossref,energy based model robot learning,concept,ebm,,,,2026-06-12T17:50:07Z,13.450,14.450
doi:10.1109/robio.2012.6491047,Real-time dynamic gesture recognition system based on depth perception for robot navigation,,2012,2012 IEEE International Conference on Robotics and Biomimetics (ROBIO),Dan Xu; Yen-Lun Chen; Chuan Lin; Xin Kong; Xinyu Wu,10.1109/robio.2012.6491047,,https://doi.org/10.1109/robio.2012.6491047,crossref,Gaussian splatting robot perception,concept,architecture,,36,Gaussian splatting robot perception,2026-06-12T15:07:36Z,13.405,13.405
doi:10.52202/079017-3684,Towards Flexible 3D Perception: Object-Centric Occupancy Completion Augments 3D Object Detection,,2024,Advances in Neural Information Processing Systems 37,Shuguang Cui; Zhen Li; Feng Wang; Naiyan Wang; Chaoda Zheng,10.52202/079017-3684,,https://doi.org/10.52202/079017-3684,crossref,object centric world model,concept,architecture,,,object centric world model,2026-06-12T14:45:03Z,13.400,13.400
doi:10.1167/jov.24.10.376,"Bayesian inference of perceptual uncertainty, behavioral costs, and prior beliefs for continuous perception-action tasks",,2024,Journal of Vision,Tobias F. Niehues; Dominik Straub; Constantin A. Rothkopf,10.1167/jov.24.10.376,,https://doi.org/10.1167/jov.24.10.376,crossref,vision language action model,concept,architecture,,,vision language action model,2026-06-12T15:07:36Z,13.400,14.400
doi:10.1109/ro-man60168.2024.10731187,To Be or Not to (Physically) Be? A Study on Preferences in Embodied Socially Interactive Agents for Health Monitoring of Older Adults *,,2024,2024 33rd IEEE International Conference on Robot and Human Interactive Communication (ROMAN),Caterina Neef; Katharina Linden; Anja Richert,10.1109/ro-man60168.2024.10731187,,https://doi.org/10.1109/ro-man60168.2024.10731187,crossref,interactive robot learning human feedback,concept,hri,,,,2026-06-12T15:07:36Z,13.400,13.400
doi:10.7287/peerj.11760v0.2/reviews/2,"Peer Review #2 of ""Neural correlates of tactile hardness intensity perception during active grasping (v0.2)""",,2021,,,10.7287/peerj.11760v0.2/reviews/2,,https://doi.org/10.7287/peerj.11760v0.2/reviews/2,crossref,analytical grasping,anti_myopia,anti_thesis,,,analytical grasping,2026-06-12T15:07:36Z,13.400,16.400
doi:10.7287/peerj.11760v0.1/reviews/2,"Peer Review #2 of ""Neural correlates of tactile hardness intensity perception during active grasping (v0.1)""",,2021,,,10.7287/peerj.11760v0.1/reviews/2,,https://doi.org/10.7287/peerj.11760v0.1/reviews/2,crossref,analytical grasping,anti_myopia,anti_thesis,,,analytical grasping,2026-06-12T15:07:36Z,13.400,16.400
doi:10.7287/peerj.11760v0.1/reviews/1,"Peer Review #1 of ""Neural correlates of tactile hardness intensity perception during active grasping (v0.1)""",,2021,,,10.7287/peerj.11760v0.1/reviews/1,,https://doi.org/10.7287/peerj.11760v0.1/reviews/1,crossref,analytical grasping,anti_myopia,anti_thesis,,,analytical grasping,2026-06-12T15:07:36Z,13.400,16.400
doi:10.7287/peerj.11760v0.2/reviews/1,"Peer Review #1 of ""Neural correlates of tactile hardness intensity perception during active grasping (v0.2)""",,2021,,,10.7287/peerj.11760v0.2/reviews/1,,https://doi.org/10.7287/peerj.11760v0.2/reviews/1,crossref,analytical grasping,anti_myopia,anti_thesis,,,analytical grasping,2026-06-12T15:07:36Z,13.400,16.400
doi:10.1109/robio64047.2024.10907687,Stereo-Assisted Monitored Distillation for Accurate Depth Completion,,2024,2024 IEEE International Conference on Robotics and Biomimetics (ROBIO),Jia-Wei GUO; Yi-Ming Zhou; Hung-Chyun Chou,10.1109/robio64047.2024.10907687,,https://doi.org/10.1109/robio64047.2024.10907687,crossref,robotics,concept,crossref_bulk_robotics,,,,2026-06-12T19:29:26Z,13.400,13.400
doi:10.1109/icccr61138.2024.10585528,Enhancing Depth Perception Using Angled Stereo Fisheye Cameras with Egomotion,,2024,"2024 4th International Conference on Computer, Control and Robotics (ICCCR)",Xiao Da Terrence Fu; Sutthiphong Srigrarom,10.1109/icccr61138.2024.10585528,,https://doi.org/10.1109/icccr61138.2024.10585528,crossref,robotics,concept,crossref_bulk_robotics,,,,2026-06-12T19:29:26Z,13.400,13.400
doi:10.1109/ismr63436.2024.10585947,TAJ: A Platform for Integrating Tumor Detection and Depth Perception for Endoscopic Surgery,,2024,2024 International Symposium on Medical Robotics (ISMR),Ali Fakhry; Thaison Le; Junzhe Zhang; Rui Li,10.1109/ismr63436.2024.10585947,,https://doi.org/10.1109/ismr63436.2024.10585947,crossref,robotics,concept,crossref_bulk_robotics,,,,2026-06-12T19:29:26Z,13.400,13.400
doi:10.1109/icairc64177.2024.10900044,DOA-mono: Monocular Depth Estimation Focused On Dynamic Object Perception,,2024,"2024 4th International Conference on Artificial Intelligence, Robotics, and Communication (ICAIRC)",Jun Geng; Hongchao Yin; Wanqing Xiong; Xiaoyun Yi; Siqi Wang; Xiaoyu Li,10.1109/icairc64177.2024.10900044,,https://doi.org/10.1109/icairc64177.2024.10900044,crossref,robotics,concept,crossref_bulk_robotics,,,,2026-06-12T19:29:26Z,13.400,13.400
doi:10.1007/s10514-017-9666-5,Exploiting submodular value functions for scaling up active perception,,2018,Autonomous Robots,Yash Satsangi; Shimon Whiteson; Frans A. Oliehoek; Matthijs T. J. Spaan,10.1007/s10514-017-9666-5,,https://doi.org/10.1007/s10514-017-9666-5,crossref,Gaussian splatting robot perception,concept,architecture,,10,Gaussian splatting robot perception; active perception,2026-06-12T15:07:36Z,13.399,14.399
doi:10.1109/access.2019.2960798,Refining the Fusion of Pepper Robot and Estimated Depth Maps Method for Improved 3D Perception,,2019,IEEE Access,Zuria Bauer; Felix Escalona; Edmanuel Cruz; Miguel Cazorla; Francisco Gomez-Donoso,10.1109/access.2019.2960798,,https://doi.org/10.1109/access.2019.2960798,crossref,Gaussian splatting robot perception,concept,architecture,,6,Gaussian splatting robot perception,2026-06-12T15:07:36Z,13.373,13.373
doi:10.1109/hri.2019.8673067,Demonstrating a Framework for Rapid Development of Physically Situated Interactive Systems,,2019,2019 14th ACM/IEEE International Conference on Human-Robot Interaction (HRI),Sean Andrist; Dan Bohus; Ashley Feniello,10.1109/hri.2019.8673067,,https://doi.org/10.1109/hri.2019.8673067,crossref,interactive robot learning human feedback,concept,hri,,6,,2026-06-12T15:07:36Z,13.373,13.373
doi:10.1177/0278364908100326,"Sensing, Acquisition, and Interactive Playback of Data-based Models for Elastic Deformable Objects","In this paper we describe the design and implementation of an automated system to build models of elastic deformable objects and to render these models in an interactive virtual environment. By automating model creation, a greater number of models and models that are more realistic can be included in these interactive simulations. Model geometry is acquired by a novel range sensor. Techniques for contact detection, slip detection on deformable surfaces, and enhanced open-loop force control enable haptic model acquisition through active probing with a haptic device. For model rendering, the force field is approximated from these measured samples.",2009,The International Journal of Robotics Research,Philip Fong,10.1177/0278364908100326,,https://doi.org/10.1177/0278364908100326,crossref,score based policy robotics,concept,diffusion,,30,force control,2026-06-12T15:07:36Z,13.367,13.367
doi:10.1016/j.biopsycho.2023.108741,Active inference as a theory of sentient behavior,"This review paper offers an overview of the history and future of active inference-a unifying perspective on action and perception. Active inference is based upon the idea that sentient behavior depends upon our brains' implicit use of internal models to predict, infer, and direct action. Our focus is upon the conceptual roots and development of this theory of (basic) sentience and does not follow a rigid chronological narrative. We trace the evolution from Helmholtzian ideas on unconscious inference, through to a contemporary understanding of action and perception. In doing so, we touch upon related perspectives, the neural underpinnings of active inference, and the opportunities for future development. Key steps in this development include the formulation of predictive coding models and related theories of neuronal message passing, the use of sequential models for planning and policy o",2024,Biological Psychology,Giovanni Pezzulo; Thomas Parr; Karl Friston,10.1016/j.biopsycho.2023.108741,,https://doi.org/10.1016/j.biopsycho.2023.108741,openalex,energy based policy robotics,concept,ebm,,83,,2026-06-12T18:05:07Z,13.365,13.365
doi:10.1109/ichr.2009.5379597,Perception for mobile manipulation and grasping using active stereo,,2009,2009 9th IEEE-RAS International Conference on Humanoid Robots,Radu Bogdan Rusu; Andreas Holzbach; Rosen Diankov; Gary Bradski; Michael Beetz,10.1109/ichr.2009.5379597,,https://doi.org/10.1109/ichr.2009.5379597,crossref,whole body manipulation humanoid,concept,humanoid,,33,mobile manipulation,2026-06-12T15:07:36Z,13.363,13.363
doi:10.1109/roman.2012.6343887,A field study with primary school children on perception of social presence and interactive behavior with a pet robot,,2012,2012 IEEE RO-MAN: The 21st IEEE International Symposium on Robot and Human Interactive Communication,Marcel Heerink; Marta Diaz; Jordi Albo-Canals; Cecilio Angulo; Alex Barco; Judit Casacuberta; Carles Garriga,10.1109/roman.2012.6343887,,https://doi.org/10.1109/roman.2012.6343887,crossref,Gaussian splatting robot perception,concept,architecture,,33,Gaussian splatting robot perception,2026-06-12T15:07:36Z,13.363,13.363
arxiv:2111.06162v2,Clicking Matters:Towards Interactive Human Parsing,"In this work, we focus on Interactive Human Parsing (IHP), which aims to segment a human image into multiple human body parts with guidance from users' interactions. This new task inherits the class-aware property of human parsing, which cannot be well solved by traditional interactive image segmentation approaches that are generally class-agnostic. To tackle this new task, we first exploit user clicks to identify different human parts in the given image. These clicks are subsequently transformed into semantic-aware localization maps, which are concatenated with the RGB image to form the input of the segmentation network and generate the initial parsing result. To enable the network to better perceive user's purpose during the correction process, we investigate several principal ways for the refinement, and reveal that random-sampling-based click augmentation is the best way for promotin",2021,arXiv,Yutong Gao; Liqian Liang; Congyan Lang; Songhe Feng; Yidong Li; Yunchao Wei,,2111.06162v2,http://arxiv.org/abs/2111.06162v2,arxiv,interactive robot learning human feedback,concept,hri,,,benchmark,2026-06-12T15:07:36Z,13.350,14.350
doi:10.1016/j.robot.2018.08.009,A self-trainable depth perception method from eye pursuit and motion parallax,,2018,Robotics and Autonomous Systems,Tanapol Prucksakorn; Sungmoon Jeong; Nak Young Chong,10.1016/j.robot.2018.08.009,,https://doi.org/10.1016/j.robot.2018.08.009,crossref,task and motion planning robotics,anti_myopia,classic,,2,motion planning; task and motion planning,2026-06-12T15:07:36Z,13.349,17.349
doi:10.1109/robio54168.2021.9739363,Enhanced Epidural Tissue Perception for Pediatric Patients by An Interactive Lumbar Puncture Simulator,,2021,2021 IEEE International Conference on Robotics and Biomimetics (ROBIO),Yuling Li; Jing Zhang; Dingkun Gui; Hongbing Li,10.1109/robio54168.2021.9739363,,https://doi.org/10.1109/robio54168.2021.9739363,crossref,neural simulator robotics,concept,architecture,,2,neural simulator robotics,2026-06-12T14:45:03Z,13.349,13.349
doi:10.1109/icra48506.2021.9561523,Self-Guided Instance-Aware Network for Depth Completion and Enhancement,,2021,2021 IEEE International Conference on Robotics and Automation (ICRA),Zhongzhen Luo; Fengjia Zhang; Guoyi Fu; Jiajie Xu,10.1109/icra48506.2021.9561523,,https://doi.org/10.1109/icra48506.2021.9561523,crossref,robotics,concept,crossref_bulk_robotics,,2,,2026-06-12T19:29:26Z,13.349,13.349
doi:10.3390/engproc2021012083,Active Binaural Auditory Perceptual System for a Socially Interactive Humanoid Robot,,2022,"The 1st International Conference on Energy, Power and Environment",Sohaib Siddique Butt; Mahnoor Fatima; Ali Asghar; Wasif Muhammad,10.3390/engproc2021012083,,https://doi.org/10.3390/engproc2021012083,crossref,humanoid robot foundation model,concept,humanoid,,1,robot foundation model; humanoid robot,2026-06-12T15:07:36Z,13.347,13.347
doi:10.1109/icra46639.2022.9812222,Uncertainty from Motion for DNN Monocular Depth Estimation,,2022,2022 International Conference on Robotics and Automation (ICRA),Soumya Sudhakar; Vivienne Sze; Sertac Karaman,10.1109/icra46639.2022.9812222,,https://doi.org/10.1109/icra46639.2022.9812222,crossref,robotics,concept,crossref_bulk_robotics,,1,,2026-06-12T19:29:26Z,13.347,14.347
doi:10.1038/s41467-020-19597-w,On-the-fly closed-loop materials discovery via Bayesian active learning,"Active learning-the field of machine learning (ML) dedicated to optimal experiment design-has played a part in science as far back as the 18th century when Laplace used it to guide his discovery of celestial mechanics. In this work, we focus a closed-loop, active learning-driven autonomous system on another major challenge, the discovery of advanced materials against the exceedingly complex synthesis-processes-structure-property landscape. We demonstrate an autonomous materials discovery methodology for functional inorganic compounds which allow scientists to fail smarter, learn faster, and spend less resources in their studies, while simultaneously improving trust in scientific results and machine learning tools. This robot science enables science-over-the-network, reducing the economic impact of scientists being physically separated from their labs. The real-time closed-loop, autonomou",2020,Nature Communications,A. Gilad Kusne; Heshan Yu; Changming Wu; Huairuo Zhang; Jason Hattrick-Simpers; Brian DeCost; Suchismita Sarker; Corey Oses; Cormac Toher; Stefano Curtarolo; Albert V. Davydov; Ritesh Agarwal; Leonid A. Bendersky; Mo Li; Apurva Mehta; Ichiro Takeuchi,10.1038/s41467-020-19597-w,,https://doi.org/10.1038/s41467-020-19597-w,openalex,energy based model robot learning,concept,ebm,,390,,2026-06-12T18:05:07Z,13.334,13.334
doi:10.1016/b978-0-444-53355-5.00004-x,Physically interactive robotic technology for neuromotor rehabilitation,,2011,Progress in brain research,Neville Hogan; Hermano Igo Krebs,10.1016/b978-0-444-53355-5.00004-x,,https://doi.org/10.1016/b978-0-444-53355-5.00004-x,openalex,robotics,concept,openalex_bulk_robotics,,28,,2026-06-12T18:57:17Z,13.334,13.334
doi:10.1007/s11053-022-10051-w,A Novel Approach to Uncertainty Quantification in Groundwater Table Modeling by Automated Predictive Deep Learning,"Abstract Uncertainty quantification ( UQ ) is an important benchmark to assess the performance of artificial intelligence ( AI ) and particularly deep learning ensembled-based models. However, the ability for UQ using current AI -based methods is not only limited in terms of computational resources but it also requires changes to topology and optimization processes, as well as multiple performances to monitor model instabilities. From both geo-engineering and societal perspectives, a predictive groundwater table ( GWT ) model presents an important challenge, where a lack of UQ limits the validity of findings and may undermine science-based decisions. To overcome and address these limitations, a novel ensemble, an automated random deactivating connective weights approach ( ARDCW ), is presented and applied to retrieved geographical locations of GWT data from a geo-engineering project in S",2022,Natural Resources Research,Abbas Abbaszadeh Shahri; Chunling Shan; S. Larsson,10.1007/s11053-022-10051-w,,https://doi.org/10.1007/s11053-022-10051-w,openalex,energy based model robot learning,concept,ebm,,170,limitation; benchmark,2026-06-12T18:05:07Z,13.321,16.321
doi:10.1155/2012/389523,Interactive Language Learning through Speech-Enabled Virtual Scenarios,"This paper describes the evaluation of an educational game designed to give learners of foreign languages the opportunity to practice their spoken language skills. Within the speech interactive Computer-Assisted Language Learning (CALL) program, scenarios are presented in which learners interact with virtual characters in the target language using speech recognition technology. Two types of interactive scenarios with virtual characters are presented as part of the game: the one-to-one scenarios which take the form of practice question and answer scenarios where the learner interacts with one virtual character and the interactive scenario which is an immersive contextualised scenario where the learner interacts with two or more virtual characters within the scene to complete a (task-based) communicative goal. The study presented here compares learners’ subjective attitudes towards the dif",2012,Advances in Human-Computer Interaction,Hazel Morton; Nancie Gunson; Mervyn Jack,10.1155/2012/389523,,https://doi.org/10.1155/2012/389523,crossref,interactive robot learning human feedback,concept,hri,,27,,2026-06-12T15:07:36Z,13.316,14.316
doi:10.1109/lra.2023.3270034,Orbit: A Unified Simulation Framework for Interactive Robot Learning Environments,"We present Orbit , a unified and modular framework for robot learning powered by Nvidia Isaac Sim. It offers a modular design to easily and efficiently create robotic environments with photo-realistic scenes and high-fidelity rigid and deformable body simulation. With Orbit , we provide a suite of benchmark tasks of varying difficulty– from single-stage cabinet opening and cloth folding to multi-stage tasks such as room reorganization. To support working with diverse observations and action spaces, we include fixed-arm and mobile manipulators with different physically-based sensors and motion generators. Orbit allows training reinforcement learning policies and collecting large demonstration datasets from hand-crafted or expert solutions in a matter of minutes by leveraging GPU-based parallelization. In summary, we offer an open-sourced framework that readily comes with 16 robotic platfo",2023,IEEE Robotics and Automation Letters,Mayank Mittal; Calvin Yu; Qinxi Yu; Jingzhou Liu; Nikita Rudin; David Hoeller; Jia Lin Yuan; Ritvik Singh; Yunrong Guo; Hammad Mazhar; Ajay Mandlekar; B. N. Babich; Gavriel State; Marco Hutter; Animesh Garg,10.1109/lra.2023.3270034,,https://doi.org/10.1109/lra.2023.3270034,openalex,robotics,concept,openalex_bulk_robotics,,227,motion planning; task and motion planning; imitation learning; benchmark,2026-06-12T18:57:17Z,13.315,15.315
doi:10.3390/jimaging12030105,Stereo Gaussian Splatting with Adaptive Scene Depth Estimation for Semantic Mapping,"Simultaneous Localization and Mapping (SLAM) is a fundamental capability in robotics and augmented reality. However, achieving accurate geometric reconstruction and consistent semantic understanding in complex environments remains challenging. Although recent neural implicit representations have improved reconstruction quality, they often suffer from high computational cost and the forgetting phenomenon during online mapping. In this paper, we propose StereoGS-SLAM, a stereo semantic SLAM framework based on 3D Gaussian Splatting (3DGS) for explicit scene representation. Unlike existing approaches, StereoGS-SLAM operates on passive RGB stereo inputs without requiring active depth sensors. An adaptive depth estimation strategy is introduced to dynamically refine Gaussian scales based on real-time stereo depth estimates, ensuring robust and scale-consistent reconstruction. In addition, we p",2026,Journal of Imaging,Chenhui Fu; Jiangang Lu,10.3390/jimaging12030105,,https://doi.org/10.3390/jimaging12030105,crossref,Gaussian splatting robot perception,concept,architecture,,,Gaussian splatting robot perception; SLAM,2026-06-12T14:45:03Z,13.300,13.300
doi:10.1364/optcon.587917,Wavelet-guided and depth-aware optimization for high-fidelity 3D Gaussian splatting in computational scene rendering,"High-fidelity rendering of complex scenes remains challenging for 3D Gaussian Splatting (3DGS), particularly under large viewpoint variations and in regions dominated by high-frequency structures, where aliasing and geometric inconsistencies frequently arise. To address these issues, we propose a wavelet-guided and depth-aware optimization framework that enhances frequency preservation and structural consistency in 3DGS-based computational imaging. A multi-scale wavelet decomposition is integrated to extract discriminative frequency components, which explicitly guide the reconstruction of high-frequency details during splat optimization. In parallel, a depth-aware weighting mechanism is incorporated into the rendering pipeline to adaptively modulate the contributions of spatially adjacent Gaussian primitives, improving geometric stability and mitigating artifacts caused by occlusion or r",2026,Optics Continuum,Zhongyue Wei; Chang Liu; Ligen Shi; Di He; Jun Qiu,10.1364/optcon.587917,,https://doi.org/10.1364/optcon.587917,crossref,Gaussian splatting robot perception,concept,architecture,,,Gaussian splatting robot perception; occlusion,2026-06-12T15:07:36Z,13.300,13.300
doi:10.1609/aaai.v40i14.38130,TSPE-GS: Probabilistic Depth Extraction for Semi-Transparent Surface Reconstruction via 3D Gaussian Splatting,"3D Gaussian Splatting-based geometry reconstruction is regarded as an excellent paradigm due to its favorable trade-off between speed and reconstruction quality. However, such 3D Gaussian-based reconstruction pipelines often face challenges when reconstructing semi-transparent surfaces, hindering their broader application in real-world scenes. The primary reason is the assumption in mainstream methods that each pixel corresponds to one specific depth—an assumption that fails under semi-transparent conditions where multiple surfaces are visible, leading to depth ambiguity and ineffective recovery of geometric structures. To address these challenges, we propose TSPE-GS (Transparent Surface Probabilistic Extraction for Gaussian Splatting), a novel probabilistic depth extraction approach that uniformly samples transmittance to model the multi-modal distribution of opacity and depth per pixel",2026,Proceedings of the AAAI Conference on Artificial Intelligence,Zhiyuan Xu; Min Nan; Yuhang Guo; Tong Wei,10.1609/aaai.v40i14.38130,,https://doi.org/10.1609/aaai.v40i14.38130,crossref,Gaussian splatting robot perception,concept,architecture,,,Gaussian splatting robot perception,2026-06-12T15:07:36Z,13.300,14.300
doi:10.1007/s11548-026-03660-w,LumenGSLAM: online physically based rendering with Gaussian Splatting for robust endoscopic reconstruction and tracking,"Abstract Purpose: Realistic online 3D reconstruction from endoscopic video is essential for intraoperative inspection and navigation. However, existing approaches often neglect realistic light modeling, rely on offline optimization, or depend on fragile photometric tracking, thereby limiting physically plausible rendering and stable tracking. This study addresses these limitations through an online framework enabling stable tracking and photorealistic endoscopic rendering. Methods: We propose LumenGSLAM, an online RGB-D Gaussian Splatting framework for highly texturized dense reconstruction of endoscopic scenes. The method leverages dense depth input to enable stable geometry estimation and photorealistic appearance modeling through per-Gaussian physically based rendering (PBR). Surface-aligned Gaussian initialization and per-parameter gradient scaling are introduced to enhance anatomica",2026,International Journal of Computer Assisted Radiology and Surgery,Francesco Leni; Chiara Lena; Zhehua Mao; Sierra Bonilla; Luca Carlini; Danail Stoyanov; Elena De Momi; Sophia Bano,10.1007/s11548-026-03660-w,,https://doi.org/10.1007/s11548-026-03660-w,crossref,Gaussian splatting robot perception,concept,architecture,,,Gaussian splatting robot perception; SLAM; limitation; benchmark; robustness,2026-06-12T15:07:36Z,13.300,17.300
doi:10.1002/rob.70218,Review of Essential Generic Technologies for Visual Perception in Underground Coal Mine Robots,"ABSTRACT Visual perception technology serves as the core support for establishing the “perception‐decision‐control” closed‐loop system of underground coal mine robots (UCMRs). Research on its key generic technologies is crucial to promoting the large‐scale deployment of UCMRs in underground mines. This paper initially reviews the development status of UCMRs and elaborates on the functional roles and application scenarios of five core categories: tunneling, coal mining, auxiliary operations, inspection, and rescue robots, thereby clarifying the fundamental requirements of visual perception across diverse underground scenes. Subsequently, it concentrates on the generic technological system essential for UCMR visual perception, presenting an in‐depth analysis of the principles, research advancements, and application challenges related to four technical modules: environmental adaptability un",2026,Journal of Field Robotics,Yuxin Du; Jianhua Zhang; Liang Liang; Bin Song,10.1002/rob.70218,,https://doi.org/10.1002/rob.70218,crossref,neural radiance field robotics,concept,architecture,,,neural radiance field robotics; active perception; deployment,2026-06-12T15:07:36Z,13.300,14.300
arxiv:2410.23643v5,SceneComplete: Open-World 3D Scene Completion in Cluttered Real World Environments for Robot Manipulation,"Careful robot manipulation in every-day cluttered environments requires an accurate understanding of the 3D scene, in order to grasp and place objects stably and reliably and to avoid colliding with other objects. In general, we must construct such a 3D interpretation of a complex scene based on limited input, such as a single RGB-D image. We describe SceneComplete, a system for constructing a complete, segmented, 3D model of a scene from a single view. SceneComplete is a novel pipeline for composing general-purpose pretrained perception modules (vision-language, segmentation, image-inpainting, image-to-3D, visual-descriptors and pose-estimation) to obtain highly accurate results. We demonstrate its accuracy and effectiveness with respect to ground-truth models in a large benchmark dataset and show that its accurate whole-object reconstruction enables robust grasp proposal generation, in",2024,arXiv,Aditya Agarwal; Gaurav Singh; Bipasha Sen; Tomás Lozano-Pérez; Leslie Pack Kaelbling,,2410.23643v5,http://arxiv.org/abs/2410.23643v5,arxiv,3D scene understanding robot manipulation,concept,scene_understanding,,,robot manipulation; 3D scene understanding; benchmark,2026-06-12T15:07:36Z,13.300,15.300
arxiv:2401.02281v2,PEGASUS: Physically Enhanced Gaussian Splatting Simulation System for 6DoF Object Pose Dataset Generation,"We introduce Physically Enhanced Gaussian Splatting Simulation System (PEGASUS) for 6DOF object pose dataset generation, a versatile dataset generator based on 3D Gaussian Splatting. Environment and object representations can be easily obtained using commodity cameras to reconstruct with Gaussian Splatting. PEGASUS allows the composition of new scenes by merging the respective underlying Gaussian Splatting point cloud of an environment with one or multiple objects. Leveraging a physics engine enables the simulation of natural object placement within a scene through interaction between meshes extracted for the objects and the environment. Consequently, an extensive amount of new scenes - static or dynamic - can be created by combining different environments and objects. By rendering scenes from various perspectives, diverse data points such as RGB images, depth maps, semantic masks, and 6",2024,arXiv,Lukas Meyer; Floris Erich; Yusuke Yoshiyasu; Marc Stamminger; Noriaki Ando; Yukiyasu Domae,,2401.02281v2,http://arxiv.org/abs/2401.02281v2,arxiv,Gaussian splatting robot perception deformable object manipulation,concept,architecture_x_embodiment,,,Gaussian splatting robot perception; deformable object manipulation,2026-06-12T15:07:36Z,13.300,13.300
doi:10.1126/scirobotics.aav1778,From active perception to deep learning,Computer vision diverged from robotics and has focused on contests and data sets; reconnecting the two could solve real-world problems.,2018,Science Robotics,Danica Kragic,10.1126/scirobotics.aav1778,,https://doi.org/10.1126/scirobotics.aav1778,crossref,online adaptation robot learning,concept,adaptation,,8,active perception; online adaptation,2026-06-12T15:07:36Z,13.299,14.299
doi:10.1109/ro-man60168.2024.10731271,Do Mistakes Matter? Comparing Trust Responses of Different Age Groups to Errors Made by Physically Assistive Robots,,2024,2024 33rd IEEE International Conference on Robot and Human Interactive Communication (ROMAN),Sasha Wald; Kavya Puthuveetil; Zackory Erickson,10.1109/ro-man60168.2024.10731271,,https://doi.org/10.1109/ro-man60168.2024.10731271,crossref,Gaussian splatting robot perception assistive robot,concept,architecture_x_embodiment,,5,Gaussian splatting robot perception; assistive robot,2026-06-12T15:07:36Z,13.296,13.296
doi:10.1126/scirobotics.adp0751,Development of compositionality through interactive learning of language and action of robots,"Humans excel at applying learned behavior to unlearned situations. A crucial component of this generalization behavior is our ability to compose/decompose a whole into reusable parts, an attribute known as compositionality. One of the fundamental questions in robotics concerns this characteristic: How can linguistic compositionality be developed concomitantly with sensorimotor skills through associative learning, particularly when individuals only learn partial linguistic compositions and their corresponding sensorimotor patterns? To address this question, we propose a brain-inspired neural network model that integrates vision, proprioception, and language into a framework of predictive coding and active inference on the basis of the free-energy principle. The effectiveness and capabilities of this model were assessed through various simulation experiments conducted with a robot arm. Our",2025,Science Robotics,Prasanna Vijayaraghavan; Jeffrey Frederic Queißer; Sergio Verduzco Flores; Jun Tani,10.1126/scirobotics.adp0751,,https://doi.org/10.1126/scirobotics.adp0751,crossref,vision language action model limitation robotics,hostile,failure,,13,vision language action model; proprioception; limitation; generalization; ablation; compositionality,2026-06-12T14:45:03Z,13.270,20.270
doi:10.3390/wevj15010020,Emerging Trends in Autonomous Vehicle Perception: Multimodal Fusion for 3D Object Detection,"The pursuit of autonomous driving relies on developing perception systems capable of making accurate, robust, and rapid decisions to interpret the driving environment effectively. Object detection is crucial for understanding the environment at these systems’ core. While 2D object detection and classification have advanced significantly with the advent of deep learning (DL) in computer vision (CV) applications, they fall short in providing essential depth information, a key element in comprehending driving environments. Consequently, 3D object detection becomes a cornerstone for autonomous driving and robotics, offering precise estimations of object locations and enhancing environmental comprehension. The CV community’s growing interest in 3D object detection is fueled by the evolution of DL models, including Convolutional Neural Networks (CNNs) and Transformer networks. Despite these ad",2024,World Electric Vehicle Journal,Simegnew Yihunie Alaba; Ali Cafer Gürbüz; John E. Ball,10.3390/wevj15010020,,https://doi.org/10.3390/wevj15010020,openalex,transformer energy based model robotics,concept,ebm_transformer,,68,energy based model robotics; occlusion,2026-06-12T18:05:07Z,13.267,13.267
doi:10.1109/iros.2010.5648856,Active cooperative perception in network robot systems using POMDPs,,2010,2010 IEEE/RSJ International Conference on Intelligent Robots and Systems,M T J Spaan; T S Veiga; P U Lima,10.1109/iros.2010.5648856,,https://doi.org/10.1109/iros.2010.5648856,crossref,Gaussian splatting robot perception,concept,architecture,,27,Gaussian splatting robot perception,2026-06-12T15:07:36Z,13.266,13.266
arxiv:2202.02312v3,A Dataset for Interactive Vision-Language Navigation with Unknown Command Feasibility,"Vision-language navigation (VLN), in which an agent follows language instruction in a visual environment, has been studied under the premise that the input command is fully feasible in the environment. Yet in practice, a request may not be possible due to language ambiguity or environment changes. To study VLN with unknown command feasibility, we introduce a new dataset Mobile app Tasks with Iterative Feedback (MoTIF), where the goal is to complete a natural language command in a mobile app. Mobile apps provide a scalable domain to study real downstream uses of VLN methods. Moreover, mobile app commands provide instruction for interactive navigation, as they result in action sequences with state changes via clicking, typing, or swiping. MoTIF is the first to include feasibility annotations, containing both binary feasibility labels and fine-grained labels for why tasks are unsatisfiable.",2022,arXiv,Andrea Burns; Deniz Arsan; Sanjna Agrawal; Ranjitha Kumar; Kate Saenko; Bryan A. Plummer,,2202.02312v3,http://arxiv.org/abs/2202.02312v3,arxiv,vision language action model,concept,architecture,,,vision language action model; generalization,2026-06-12T15:07:36Z,13.250,14.250
arxiv:2202.08566v1,Efficient and Reliable Probabilistic Interactive Learning with Structured Outputs,"In this position paper, we study interactive learning for structured output spaces, with a focus on active learning, in which labels are unknown and must be acquired, and on skeptical learning, in which the labels are noisy and may need relabeling. These scenarios require expressive models that guarantee reliable and efficient computation of probabilistic quantities to measure uncertainty. We identify conditions under which a class of probabilistic models -- which we denote CRISPs -- meet all of these conditions, thus delivering tractable computation of the above quantities while preserving expressiveness. Building on prior work on tractable probabilistic circuits, we illustrate how CRISPs enable robust and efficient active and skeptical learning in large structured output spaces.",2022,arXiv,Stefano Teso; Antonio Vergari,,2202.08566v1,http://arxiv.org/abs/2202.08566v1,arxiv,interactive robot learning human feedback,concept,hri,,,,2026-06-12T15:07:36Z,13.250,14.250
doi:10.1016/0921-8890(96)00008-5,Interactive task planning under uncertainty and goal changes,,1996,Robotics and Autonomous Systems,Sugato Bagchi; Gautam Biswas; Kazuhiko Kawamura,10.1016/0921-8890(96)00008-5,,https://doi.org/10.1016/0921-8890(96)00008-5,crossref,task and motion planning robotics,anti_myopia,classic,,7,motion planning; task and motion planning,2026-06-12T15:07:36Z,13.240,18.240
doi:10.1109/icarm.2018.8610735,Depth Control of AUV Using Sliding Mode Active Disturbance Rejection Control,,2018,2018 3rd International Conference on Advanced Robotics and Mechatronics (ICARM),Yani Zhang; Heng Deng; Yanzhe Li,10.1109/icarm.2018.8610735,,https://doi.org/10.1109/icarm.2018.8610735,crossref,robotics,concept,crossref_bulk_robotics,,7,,2026-06-12T19:29:26Z,13.240,13.240
doi:10.1177/02783649211056674,Kimera: From SLAM to spatial perception with 3D dynamic scene graphs,"Humans are able to form a complex mental model of the environment they move in. This mental model captures geometric and semantic aspects of the scene, describes the environment at multiple levels of abstractions (e.g., objects, rooms, buildings), includes static and dynamic entities and their relations (e.g., a person is in a room at a given time). In contrast, current robots’ internal representations still provide a partial and fragmented understanding of the environment, either in the form of a sparse or dense set of geometric primitives (e.g., points, lines, planes, and voxels), or as a collection of objects. This article attempts to reduce the gap between robot and human perception by introducing a novel representation, a 3D dynamic scene graph (DSG), that seamlessly captures metric and semantic aspects of a dynamic environment. A DSG is a layered graph where nodes represent spatial",2021,The International Journal of Robotics Research,Antoni Rosinol; Andrew Violette; Marcus Abate; Nathan Hughes; Yun Chang; Jingnan Shi; Arjun Gupta; Luca Carlone,10.1177/02783649211056674,,https://doi.org/10.1177/02783649211056674,crossref,robotics,concept,crossref_bulk_robotics,,237,SLAM,2026-06-12T19:29:26Z,13.236,13.236
doi:10.1007/s10846-014-0045-6,Perception and Grasping of Object Parts from Active Robot Exploration,,2014,Journal of Intelligent & Robotic Systems,Jacopo Aleotti; Dario Lodi Rizzini; Stefano Caselli,10.1007/s10846-014-0045-6,,https://doi.org/10.1007/s10846-014-0045-6,crossref,Gaussian splatting robot perception,concept,architecture,,25,Gaussian splatting robot perception,2026-06-12T15:07:36Z,13.229,13.229
doi:10.15607/rss.2013.ix.019,Active Bayesian Perception for Simultaneous Object Localization and Identification,,2013,Robotics: Science and Systems IX,Nathan Lepora; Uriel Martinez-Hernandez; Tony Prescott,10.15607/rss.2013.ix.019,,https://doi.org/10.15607/rss.2013.ix.019,crossref,EBM transformer robotics deformable object manipulation,concept,architecture_x_embodiment,,25,EBM transformer robotics; deformable object manipulation,2026-06-12T15:07:36Z,13.229,13.229
doi:10.1163/156855308x291863,Probing Virtual Boundaries and the Perception of Delayed Stiffness,,2008,Advanced Robotics,Assaf Pressman; Ilana Nisky; Amir Karniel; Ferdinando A. Mussa-Ivaldi,10.1163/156855308x291863,,https://doi.org/10.1163/156855308x291863,crossref,robotics,concept,crossref_bulk_robotics,,25,,2026-06-12T19:29:26Z,13.229,13.229
doi:10.1007/978-3-030-28619-4_50,Probabilistic Boundary Coverage for Unknown Target Fields with Large Perception Uncertainty and Limited Sensing Range,,2020,Springer Proceedings in Advanced Robotics Robotics Research,Binbin Li; Dezhen Song,10.1007/978-3-030-28619-4_50,,https://doi.org/10.1007/978-3-030-28619-4_50,crossref,probabilistic robotics,anti_myopia,anti_thesis,,,probabilistic robotics,2026-06-12T15:07:36Z,13.200,17.200
doi:10.1109/robio58561.2023.10354869,Force perception -based active breath-following control of a puncture ablation surgery robot end effector,,2023,2023 IEEE International Conference on Robotics and Biomimetics (ROBIO),Tao Yong; Dongming Han; Tianmiao Wang; Yufan Zhang; Lian Duan; Yiru Wang,10.1109/robio58561.2023.10354869,,https://doi.org/10.1109/robio58561.2023.10354869,crossref,Gaussian splatting robot perception,concept,architecture,,,Gaussian splatting robot perception; ablation,2026-06-12T15:07:36Z,13.200,14.200
arxiv:2507.08804v1,Cognitive Dissonance Artificial Intelligence (CD-AI): The Mind at War with Itself. Harnessing Discomfort to Sharpen Critical Thinking,"AI-augmented systems are traditionally designed to streamline human decision-making by minimizing cognitive load, clarifying arguments, and optimizing efficiency. However, in a world where algorithmic certainty risks becoming an Orwellian tool of epistemic control, true intellectual growth demands not passive acceptance but active struggle. Drawing on the dystopian visions of George Orwell and Philip K. Dick - where reality is unstable, perception malleable, and truth contested - this paper introduces Cognitive Dissonance AI (CD-AI): a novel framework that deliberately sustains uncertainty rather than resolving it. CD-AI does not offer closure, but compels users to navigate contradictions, challenge biases, and wrestle with competing truths. By delaying resolution and promoting dialectical engagement, CD-AI enhances reflective reasoning, epistemic humility, critical thinking, and adaptab",2025,arXiv,Delia Deliu,,2507.08804v1,http://arxiv.org/abs/2507.08804v1,arxiv,retrieval augmented robot policy,concept,architecture,,,retrieval augmented robot policy,2026-06-12T15:07:36Z,13.200,14.200
doi:10.1109/irce59430.2023.10255047,Parallel Vision/Force Interactive Control of Parallel Robots with Uncertainty Compensation,,2023,2023 6th International Conference on Intelligent Robotics and Control Engineering (IRCE),Minglei Zhu; Cong Huang; Jun Qi; Yaning Du; Min Xie,10.1109/irce59430.2023.10255047,,https://doi.org/10.1109/irce59430.2023.10255047,crossref,robotics,concept,crossref_bulk_robotics,,,,2026-06-12T19:29:26Z,13.200,14.200
doi:10.1109/biorob.2014.6913811,EEG-based classification of upper-limb ADL using SNN for active robotic rehabilitation,"Repetitive activities of daily living (ADL) and robotic active training are commonly practised in the rehabilitation of paralyzed patients, both of which have been proven rather effective to recover the locomotor function of impaired limbs. ADL classification based on electroencephalogram (EEG) is of great significance to perform active robotic rehabilitation for patients with complete spinal cord injury (SCI) who lose locomotion of affected limbs absolutely, where surface electromyography (sEMG) or active force signal can hardly be detected. It is a challenge to achieve a satisfying result in neuro-rehabilitation robotics using EEG signals due to the high randomness of the EEG data. A classification method is proposed based on spiking neural networks (SNN) to identify the upper-limb ADL of three classes with 14-channel EEG data. The continuous real-number signals are firstly encoded int",2014,,Jin Hu; Zeng‐Guang Hou; Yi-Xiong Chen; Nikola Kasabov; Nathan Scott,10.1109/biorob.2014.6913811,,https://doi.org/10.1109/biorob.2014.6913811,openalex,robotics,concept,openalex_bulk_robotics,,19,,2026-06-12T18:57:17Z,13.198,13.198
doi:10.1109/icsmc.2003.1244500,"Fuzzy perception, emotion and expression for interactive robots","Future robots need transparent interface that regular people can interpret, such as an emotional human-like face. Moreover, such robots must exhibit behaviors that are perceived believable and life-like. In this work we propose the use of fuzzy logic for effectively constructing the whole behavior system of these robots. This not only simplifies the design tasks, but also enriches human-robot interaction. The latter claim is justified by effortlessly generating intermediate and blend of emotions from a few basic emotions. Additionally, fuzzy motor commands yield smooth life-like motions and therefore improve believability.",2004,,Hossein Mobahi; Saba Gholizadeh Ansari,10.1109/icsmc.2003.1244500,,https://doi.org/10.1109/icsmc.2003.1244500,openalex,robotics,concept,openalex_bulk_robotics,,21,human robot interaction,2026-06-12T18:57:17Z,13.196,13.196
title:a bayesian approach to landmark discovery and active perception in mobile robot navigation,A Bayesian Approach to Landmark Discovery and Active Perception in Mobile Robot Navigation,"To operate successfully in indoor environments, mobile robots must be able to localize themselves. Over the past few years, localization based on landmarks has become increasingly popular. Virtually all existing approaches to landmark-based navigation, however, rely on the human designer to decide what constitutes appropriate landmarks. This paper presents an approach that enables mobile robots to select their landmarks by themselves. Landmarks are chosen based on their utility for localization. This is done by training neural network landmark detectors so as to minimize the a posteriori localization error that the robot is expected to make after querying its sensors. An empirical study illustrates that self-selected landmarks are superior to landmarks carefully selected by a human. The Bayesian approach is also applied to control the direction of the robot&apos;s camera, and empirical d",1999,,Sebastian Thrun,,,https://openalex.org/W152394069,openalex,robotics,concept,openalex_bulk_robotics,,21,active perception,2026-06-12T18:57:17Z,13.196,13.196
doi:10.1108/01439919810196964,Passive compliance versus active compliance in robot‐based automated assembly systems,"Industrial robots have found great potential in applications to assembly‐line automation. Programmable robot‐based assembly systems are often needed, in particular for circumstances in which special assembly equipments is not available or well‐trained operators could not be employed economically. Robots with enough compliance can perform not only classic automation tasks, such as spot welding, cargo carrying, etc., but also can operate those tasks which demand the compliant motion capacity of robots. Therefore, the research on robot compliance is especially important for parts assembly by robots, where robot compliant motions and manipulations are essential requirements. This paper presents a number of important issues in robot compliance research, including the specification of robot end‐effector compliance; properties of a robot compliance matrix at its end‐effector; discussions on pas",1998,Industrial Robot: An International Journal,Wei Wang; Robert N.K. Loh; Edward Y. Gu,10.1108/01439919810196964,,https://doi.org/10.1108/01439919810196964,crossref,Gaussian splatting robot perception industrial robot,concept,architecture_x_embodiment,,87,Gaussian splatting robot perception; industrial robot,2026-06-12T15:07:36Z,13.189,13.189
doi:10.1609/aaai.v33i01.33018001,Depth Prediction without the Sensors: Leveraging Structure for Unsupervised Learning from Monocular Videos,"Learning to predict scene depth from RGB inputs is a challenging task both for indoor and outdoor robot navigation. In this work we address unsupervised learning of scene depth and robot ego-motion where supervision is provided by monocular videos, as cameras are the cheapest, least restrictive and most ubiquitous sensor for robotics. Previous work in unsupervised image-to-depth learning has established strong baselines in the domain. We propose a novel approach which produces higher quality results, is able to model moving objects and is shown to transfer across data domains, e.g. from outdoors to indoor scenes. The main idea is to introduce geometric structure in the learning process, by modeling the scene and the individual objects; camera ego-motion and object motions are learned from monocular videos as input. Furthermore an online refinement method is introduced to adapt learning o",2019,,Vincent Casser; Sören Pirk; Reza Mahjourian; Anelia Angelova,10.1609/aaai.v33i01.33018001,,https://doi.org/10.1609/aaai.v33i01.33018001,openalex,robotics,concept,openalex_bulk_robotics,,492,,2026-06-12T18:57:17Z,13.150,13.150
arxiv:2507.02600v1,ArtGS:3D Gaussian Splatting for Interactive Visual-Physical Modeling and Manipulation of Articulated Objects,"Articulated object manipulation remains a critical challenge in robotics due to the complex kinematic constraints and the limited physical reasoning of existing methods. In this work, we introduce ArtGS, a novel framework that extends 3D Gaussian Splatting (3DGS) by integrating visual-physical modeling for articulated object understanding and interaction. ArtGS begins with multi-view RGB-D reconstruction, followed by reasoning with a vision-language model (VLM) to extract semantic and structural information, particularly the articulated bones. Through dynamic, differentiable 3DGS-based rendering, ArtGS optimizes the parameters of the articulated bones, ensuring physically consistent motion constraints and enhancing the manipulation policy. By leveraging dynamic Gaussian splatting, cross-embodiment adaptability, and closed-loop optimization, ArtGS establishes a new framework for efficient",2025,arXiv,Qiaojun Yu; Xibin Yuan; Yu jiang; Junting Chen; Dongzhe Zheng; Ce Hao; Yang You; Yixing Chen; Yao Mu; Liu Liu; Cewu Lu,,2507.02600v1,http://arxiv.org/abs/2507.02600v1,arxiv,Gaussian splatting robot perception bimanual manipulation,concept,architecture_x_embodiment,,,Gaussian splatting robot perception; bimanual manipulation,2026-06-12T15:07:36Z,13.150,13.150
doi:10.1007/s10514-020-09921-0,Spatially-dependent Bayesian semantic perception under model and localization uncertainty,,2020,Autonomous Robots,Yuri Feldman; Vadim Indelman,10.1007/s10514-020-09921-0,,https://doi.org/10.1007/s10514-020-09921-0,crossref,Gaussian splatting robot perception,concept,architecture,,2,Gaussian splatting robot perception,2026-06-12T15:07:36Z,13.149,14.149
doi:10.1109/icpr48806.2021.9412675,Towards Efficient 3D Point Cloud Scene Completion via Novel Depth View Synthesis,,2021,2020 25th International Conference on Pattern Recognition (ICPR),Haiyan Wang; Liang Yang; Xuejian Rong; Yingli Tian,10.1109/icpr48806.2021.9412675,,https://doi.org/10.1109/icpr48806.2021.9412675,crossref,3D scene understanding robot manipulation,concept,scene_understanding,,1,robot manipulation; 3D scene understanding,2026-06-12T15:07:36Z,13.147,13.147
doi:10.1016/j.robot.2013.04.017,Physically Interactive Robogames: Definition and design guidelines,,2013,Robotics and Autonomous Systems,Diego Martinoia; Daniele Calandriello; Andrea Bonarini,10.1016/j.robot.2013.04.017,,https://doi.org/10.1016/j.robot.2013.04.017,crossref,robotics,concept,crossref_bulk_robotics,,21,,2026-06-12T19:29:26Z,13.146,13.146
doi:10.1515/amcs-2016-0006,RGB–D terrain perception and dense mapping for legged robots,"Abstract This paper addresses the issues of unstructured terrain modeling for the purpose of navigation with legged robots. We present an improved elevation grid concept adopted to the specific requirements of a small legged robot with limited perceptual capabilities. We propose an extension of the elevation grid update mechanism by incorporating a formal treatment of the spatial uncertainty. Moreover, this paper presents uncertainty models for a structured light RGB-D sensor and a stereo vision camera used to produce a dense depth map. The model for the uncertainty of the stereo vision camera is based on uncertainty propagation from calibration, through undistortion and rectification algorithms, allowing calculation of the uncertainty of measured 3D point coordinates. The proposed uncertainty models were used for the construction of a terrain elevation map using the Videre Design STOC s",2016,International Journal of Applied Mathematics and Computer Science,Dominik Belter; Przemysław Łabecki; Péter Fankhauser; Roland Siegwart,10.1515/amcs-2016-0006,,https://doi.org/10.1515/amcs-2016-0006,crossref,Gaussian splatting robot perception legged manipulation,concept,architecture_x_embodiment,,24,Gaussian splatting robot perception; legged manipulation,2026-06-12T15:07:36Z,13.109,14.109
arxiv:2310.03478v2,RGBManip: Monocular Image-based Robotic Manipulation through Active Object Pose Estimation,"Robotic manipulation requires accurate perception of the environment, which poses a significant challenge due to its inherent complexity and constantly changing nature. In this context, RGB image and point-cloud observations are two commonly used modalities in visual-based robotic manipulation, but each of these modalities have their own limitations. Commercial point-cloud observations often suffer from issues like sparse sampling and noisy output due to the limits of the emission-reception imaging principle. On the other hand, RGB images, while rich in texture information, lack essential depth and 3D information crucial for robotic manipulation. To mitigate these challenges, we propose an image-only robotic manipulation framework that leverages an eye-on-hand monocular camera installed on the robot's parallel gripper. By moving with the robot gripper, this camera gains the ability to ac",2023,arXiv,Boshi An; Yiran Geng; Kai Chen; Xiaoqi Li; Qi Dou; Hao Dong,,2310.03478v2,http://arxiv.org/abs/2310.03478v2,arxiv,physical reasoning robotics manipulation,concept,physical_reasoning,,,active perception; limitation,2026-06-12T14:45:03Z,13.100,14.100
doi:10.1109/icorr.2011.5975387,iHandRehab: An interactive hand exoskeleton for active and passive rehabilitation,,2011,2011 IEEE International Conference on Rehabilitation Robotics,Jiting Li; Ruoyin Zheng; Yuru Zhang; Jianchu Yao,10.1109/icorr.2011.5975387,,https://doi.org/10.1109/icorr.2011.5975387,crossref,robotics,concept,crossref_bulk_robotics,,19,,2026-06-12T19:29:26Z,13.098,13.098
doi:10.1167/16.12.449,Conscious perception and grasping rely on a shared depth encoding,,2016,Journal of Vision,Carlo Campagnoli; Fulvio Domini,10.1167/16.12.449,,https://doi.org/10.1167/16.12.449,crossref,analytical grasping,anti_myopia,anti_thesis,,3,analytical grasping,2026-06-12T15:07:36Z,13.093,16.093
doi:10.1007/978-3-642-01213-6_9,6D Pose Uncertainty in Robotic Perception,,2009,Advances in robotics research,Wendelin Feiten; Pradeep Atwal; Robert Eidenberger; Thilo Grundmann,10.1007/978-3-642-01213-6_9,,https://doi.org/10.1007/978-3-642-01213-6_9,openalex,robotics,concept,openalex_bulk_robotics,,16,,2026-06-12T18:57:17Z,13.067,14.067
doi:10.3982/ecta18009,Model and Predictive Uncertainty: A Foundation for Smooth Ambiguity Preferences,"Smooth ambiguity preferences (Klibanoff, Marinacci, and Mukerji (2005)) describe a decision maker who evaluates each act f according to the twofold expectation V ( f ) = ∫ P ϕ ( ∫ Ω u ( f ) d p ) d μ ( p ) defined by a utility function u , an ambiguity index ϕ , and a belief μ over a set P of probabilities. We provide an axiomatic foundation for the representation, taking as a primitive a preference over Anscombe–Aumann acts. We study a special case where P is a subjective statistical model that is point identified, that is, the decision maker believes that the true law p ∈ P can be recovered empirically. Our main axiom is a joint weakening of Savage's sure‐thing principle and Anscombe–Aumann's mixture independence. In addition, we show that the parameters of the representation can be uniquely recovered from preferences, thereby making operational the separation between ambiguity attitud",2022,Econometrica,Tommaso Denti; Luciano Pomatto,10.3982/ecta18009,,https://doi.org/10.3982/ecta18009,crossref,robot foundation model failure mode,hostile,failure,,29,robot foundation model; failure mode,2026-06-12T15:07:36Z,13.051,18.051
doi:10.1109/iros.2012.6386171,Interactive planning of persistent trajectories for human-assisted navigation of mobile robots,"This work extends the framework of bilateral shared control of mobile robots with the aim of increasing the robot autonomy and decreasing the operator commitment. We consider persistent autonomous behaviors where a cyclic motion must be executed by the robot. The human operator is in charge of modifying online some geometric properties of the desired path. This is then autonomously processed by the robot in order to produce an actual path guaranteeing: i) tracking feasibility, ii) collision avoidance with obstacles, iii) closeness to the desired path set by the human operator, and iv) proximity to some points of interest. A force feedback is implemented to inform the human operator of the global deformation of the path rather than using the classical mismatch between desired and executed motion commands. Physically-based simulations, with human/hardware-in-the-loop and a quadrotor UAV as",2012,,Carlo Masone; Antonio Franchi; HH Bülthoff; Paolo Robuffo Giordano,10.1109/iros.2012.6386171,,https://doi.org/10.1109/iros.2012.6386171,openalex,robotics,concept,openalex_bulk_robotics,,29,,2026-06-12T18:57:17Z,13.051,14.051
doi:10.3389/frobt.2022.994284,Learning bio-inspired head-centric representations of 3D shapes in an active fixation setting,"When exploring the surrounding environment with the eyes, humans and primates need to interpret three-dimensional (3D) shapes in a fast and invariant way, exploiting a highly variant and gaze-dependent visual information. Since they have front-facing eyes, binocular disparity is a prominent cue for depth perception. Specifically, it serves as computational substrate for two ground mechanisms of binocular active vision: stereopsis and binocular coordination. To this aim, disparity information, which is expressed in a retinotopic reference frame, is combined along the visual cortical pathways with gaze information and transformed in a head-centric reference frame. Despite the importance of this mechanism, the underlying neural substrates still remain widely unknown. In this work, we investigate the capabilities of the human visual system to interpret the 3D scene exploiting disparity and g",2022,Frontiers in Robotics and AI,Katerina Kalou; Giulia Sedda; Agostino Gibaldi; Silvio P. Sabatini,10.3389/frobt.2022.994284,,https://doi.org/10.3389/frobt.2022.994284,crossref,object centric robot world model,concept,object_centric,,,robot world model,2026-06-12T15:07:36Z,13.050,13.050
doi:10.5121/ijaia.2019.10602,Robot Based Interactive Game for Teaching Arabic Spelling,"Game based learning is becoming a widespread technique used to enhance motivation, involvement and educational experience of learners. Games have the potential to support educational curricula when designed effectively. In this work, an educational game to teach Arabic spelling to children is proposed. The game consists of two main parts; a robot and a desktop application. The robot is connected to the desktop application to form the complete game. Our mere focus is to develop an interactive, adaptive game to motivate students and let them interact joyfully in their environment while learning simple Arabic spelling rules. The interaction was implemented through designing an interaction model between the user and the robot, where the robot responds to user input with appropriate facial expressions and vocal statements. On the other hand, adaption and intelligence of the game is done throu",2019,International Journal of Artificial Intelligence & Applications,Ghada Alsebayel; Jawad Berri,10.5121/ijaia.2019.10602,,https://doi.org/10.5121/ijaia.2019.10602,openalex,energy based model robot learning,concept,ebm,,2,deployment,2026-06-12T18:26:24Z,13.049,14.049
doi:10.1142/s0219843617500062,An Advanced Active Vision System with Multimodal Visual Odometry Perception for Humanoid Robots,"Using active vision to perceive surroundings instead of just passively receiving information, humans develop the ability to explore unknown environments. Humanoid robot active vision research has already half a century history. It covers comprehensive research areas and plenty of studies have been done. Nowadays, the new trend is to use a stereo setup or a Kinect with neck movements to realize active vision. However, human perception is a combination of eye and neck movements. This paper presents an advanced active vision system that works in a similar way as human vision. The main contributions are: a design of a set of controllers that mimic eye and neck movements, including saccade eye movements, pursuit eye movements, vestibulo-ocular reflex eye movements and vergence eye movements; an adaptive selection mechanism based on properties of objects to automatically choose an optimal trac",2017,International Journal of Humanoid Robotics,Xin Wang; Pieter Jonker,10.1142/s0219843617500062,,https://doi.org/10.1142/s0219843617500062,crossref,humanoid robot foundation model,concept,humanoid,,1,robot foundation model; humanoid robot; robustness,2026-06-12T15:07:36Z,13.047,14.047
doi:10.1007/s10846-009-9348-4,Active Visual Perception for Mobile Robot Localization,,2010,Journal of Intelligent and Robotic Systems,Javier Correa; Alvaro Soto,10.1007/s10846-009-9348-4,,https://doi.org/10.1007/s10846-009-9348-4,crossref,Gaussian splatting robot perception,concept,architecture,,17,Gaussian splatting robot perception,2026-06-12T15:07:36Z,13.045,13.045
doi:10.1109/taslp.2014.2377581,Perception-based Personalization of Hearing Aids using Gaussian Processes and Active Learning,,2014,"IEEE/ACM Transactions on Audio, Speech, and Language Processing",Jens Nielsen; Jakob Nielsen; Jan Larsen,10.1109/taslp.2014.2377581,,https://doi.org/10.1109/taslp.2014.2377581,crossref,Gaussian splatting robot perception,concept,architecture,,17,Gaussian splatting robot perception,2026-06-12T15:07:36Z,13.045,13.045
doi:10.1111/mice.13166,Vision‐based fatigue crack automatic perception and geometric updating of finite element model for welded joint in steel structures,"Digital twin requires establishing a self-updated model to simulate the structural damage perceived onsite. Despite the great success in damage identification and quantification, the difficulty in registration still limits the efficiency of model updating. This study presented a framework that enables a finite element (FE) model of welded joints to remesh itself for updating the geometric changes caused by the fatigue crack. Leveraging the linear geometry of the weld, a crack registration algorithm was proposed for the automation of crack perception. First, a dual-task network was established to identify the crack and weld on the 2D image, where the deep Hough transform was introduced to detect the positioning weld among the irregular structural geometry. With the time-of-flight technique, the crack was then reconstructed and quantified in the 3D camera coordinate system. Meanwhile, the ",2024,Computer-Aided Civil and Infrastructure Engineering,Tian Gao; Zhiyuan Yuanzhou; Bohai Ji; Zaipeng Xie,10.1111/mice.13166,,https://doi.org/10.1111/mice.13166,openalex,transformer energy based model robotics,concept,ebm_transformer,,41,energy based model robotics,2026-06-12T18:05:07Z,13.019,13.019
doi:10.3389/978-2-88974-599-9,Active Vision and Perception in Human-Robot Collaboration,,2022,Frontiers Research Topics,,10.3389/978-2-88974-599-9,,https://doi.org/10.3389/978-2-88974-599-9,crossref,Gaussian splatting robot perception,concept,architecture,,,Gaussian splatting robot perception,2026-06-12T15:07:36Z,13.000,13.000
doi:10.1145/3529763.3529767,"A High Telepresence Visual Perception Method Based on VR Technology, Depth Camera and Three Degree of Freedom Series Robot",,2022,2022 the 3rd International Conference on Service Robotics Technologies,Zhiwen Xie; Zeyu Shi; Hui Wu,10.1145/3529763.3529767,,https://doi.org/10.1145/3529763.3529767,crossref,Gaussian splatting robot perception,concept,architecture,,,Gaussian splatting robot perception,2026-06-12T15:07:36Z,13.000,13.000
doi:10.1299/jsmeiip.2022.iip2r2-g10,A Study on Real-Time Accident Prediction using Depth Information for Perception-Assist in Lower-Limb Power-Assist Robot,,2022,"The Proceedings of the Conference on Information, Intelligence and Precision Equipment : IIP",Jiahao LYU; Kazuo KIGUCHI; Satoshi NISHIKAWA,10.1299/jsmeiip.2022.iip2r2-g10,,https://doi.org/10.1299/jsmeiip.2022.iip2r2-g10,crossref,Gaussian splatting robot perception,concept,architecture,,,Gaussian splatting robot perception,2026-06-12T15:07:36Z,13.000,13.000
doi:10.23919/ccc55666.2022.9901658,Active Manipulation of Elastic Rods using Optimization-based Shape Perception and Sensorimotor Model Approximation,,2022,2022 41st Chinese Control Conference (CCC),Guangfu Ma; Jiaming Qi; Yueyong Lv; Haibin Zeng,10.23919/ccc55666.2022.9901658,,https://doi.org/10.23919/ccc55666.2022.9901658,crossref,Gaussian splatting robot perception bimanual manipulation,concept,architecture_x_embodiment,,,Gaussian splatting robot perception; bimanual manipulation,2026-06-12T15:07:36Z,13.000,13.000
doi:10.3390/robotics15010008,RA6D: Reliability-Aware 6D Pose Estimation via Attention-Guided Point Cloud in Aerosol Environments,"We address the problem of 6D object pose estimation in aerosol environments, where RGB and depth sensors experience correlated degradation due to scattering and absorption. Handling such spatially varying degradation typically requires depth restoration, but obtaining ground-truth complete depth in aerosol conditions is prohibitively expensive. To overcome this limitation without relying on costly depth completion, we propose RA6D, a framework that integrates attention-guided reliability modeling with feature distillation. The attention map generated during RGB dehazing reflects aerosol distribution and provides a compact indicator of depth reliability. By embedding this attention as an additional feature in an Attention-Guided Point cloud (AGP), the network can adaptively respond to spatially varying degradation. In addition, to address the scarcity of aerosol-domain data, we employ cle",2025,Robotics,Woojin Son; Seunghyeon Lee; Taejoo Kim; Geonhwa Son; Yukyung Choi,10.3390/robotics15010008,,https://doi.org/10.3390/robotics15010008,crossref,robotics,concept,crossref_bulk_robotics,,,limitation; benchmark,2026-06-12T19:29:26Z,13.000,15.000
doi:10.1109/robio55434.2022.10011848,Depth-Independent Depth Completion via Least Square Estimation,,2022,2022 IEEE International Conference on Robotics and Biomimetics (ROBIO),Xianze Fang; Yunkai Wang; Zexi Chen; Yue Wang; Rong Xiong,10.1109/robio55434.2022.10011848,,https://doi.org/10.1109/robio55434.2022.10011848,crossref,robotics,concept,crossref_bulk_robotics,,,,2026-06-12T19:29:26Z,13.000,13.000
doi:10.1109/cacre54574.2022.9834190,Self-driving simulation scene reconstruction using self-supervised depth completion,,2022,"2022 7th International Conference on Automation, Control and Robotics Engineering (CACRE)",Yong Zhang; Xiaokun Zheng; Huawei Liang,10.1109/cacre54574.2022.9834190,,https://doi.org/10.1109/cacre54574.2022.9834190,crossref,robotics,concept,crossref_bulk_robotics,,,,2026-06-12T19:29:26Z,13.000,13.000
doi:10.1109/humanoids.2016.7803326,Active perception and modeling of deformable surfaces using Gaussian processes and position-based dynamics,,2016,2016 IEEE-RAS 16th International Conference on Humanoid Robots (Humanoids),Sergio Caccamo; Puren Guler; Hedvig Kjellstrom; Danica Kragic,10.1109/humanoids.2016.7803326,,https://doi.org/10.1109/humanoids.2016.7803326,crossref,Gaussian splatting robot perception,concept,architecture,,10,Gaussian splatting robot perception; active perception,2026-06-12T15:07:36Z,12.999,12.999
doi:10.1109/icra.2017.7989520,Nonmyopic data association aware belief space planning for robust active perception,,2017,2017 IEEE International Conference on Robotics and Automation (ICRA),Shashank Pathak; Antony Thomas; Vadim Indelman,10.1109/icra.2017.7989520,,https://doi.org/10.1109/icra.2017.7989520,crossref,robotics,concept,crossref_bulk_robotics,,6,active perception,2026-06-12T19:29:26Z,12.973,12.973
doi:10.1109/tai.2023.3326120,Robotic Perception of Transparent Objects: A Review,"Transparent object perception is a rapidly developing research problem in artificial intelligence. The ability to perceive transparent objects enables robots to achieve higher levels of autonomy, unlocking new applications in various industries such as healthcare, services and manufacturing. Despite numerous datasets and perception methods being proposed in recent years, there is still a lack of in-depth understanding of these methods and the challenges in this field. To address this gap, this article provides a comprehensive survey of the platforms and recent advances for robotic perception of transparent objects. We highlight the main challenges and propose future directions of various transparent object perception tasks, i.e., segmentation, reconstruction, and pose estimation. We also discuss the limitations of existing datasets in diversity and complexity, and the benefits of employi",2023,IEEE Transactions on Artificial Intelligence,Jiaqi Jiang; Guanqun Cao; Jiankang Deng; Thanh-Toan Do; Shan Luo,10.1109/tai.2023.3326120,,https://doi.org/10.1109/tai.2023.3326120,openalex,robotics,concept,openalex_bulk_robotics,,55,limitation,2026-06-12T18:57:17Z,12.963,13.963
doi:10.1109/cvpr42600.2020.01111,SAPIEN: A SimulAted Part-Based Interactive ENvironment,"Building home assistant robots has long been a goal for vision and robotics researchers. To achieve this task, a simulated environment with physically realistic simulation, sufficient articulated objects, and transferability to the real robot is indispensable. Existing environments achieve these requirements for robotics simulation with different levels of simplification and focus. We take one step further in constructing an environment that supports household tasks for training robot learning algorithm. Our work, SAPIEN, is a realistic and physics-rich simulated environment that hosts a large-scale set of articulated objects. SAPIEN enables various robotic vision and interaction tasks that require detailed part-level understanding.We evaluate state-of-the-art vision algorithms for part detection and motion attribute recognition as well as demonstrate robotic interaction tasks using heur",2020,,Fanbo Xiang; Yuzhe Qin; Kaichun Mo; Yikuan Xia; Hao Zhu; Fangchen Liu; Minghua Liu; Hanxiao Jiang; Yifu Yuan; He Wang; Yi Li; Anne Lynn S. Chang; Leonidas Guibas; Hao Su,10.1109/cvpr42600.2020.01111,,https://doi.org/10.1109/cvpr42600.2020.01111,openalex,robotics,concept,openalex_bulk_robotics,,373,,2026-06-12T18:57:17Z,12.962,12.962
doi:10.1093/acprof:oso/9780199289769.003.0007,Active Perception and Perceiving Action: The Shared Circuits Model,,2006,Perceptual Experience,Susan Hurley,10.1093/acprof:oso/9780199289769.003.0007,,https://doi.org/10.1093/acprof:oso/9780199289769.003.0007,crossref,world action model robotics,concept,wam,,14,world action model; active perception,2026-06-12T15:07:36Z,12.954,12.954
doi:10.1111/cgf.70501,HydroGaussian: Physically‐Guided Hierarchical Gaussian Splatting for Underwater Scene Reconstruction,"Abstract Reconstructing underwater three‐dimensional (3D) scenes presents a significant yet captivating challenge, with applications spanning from naval robotics to virtual reality. Although 3D Gaussian Splatting (3DGS) demonstrates great potential in underwater 3D scene reconstruction, its capability as an explicit renderer to express underwater lighting models remains insufficient. This paper introduces a hierarchical Gaussian splatting model constrained by a physical‐guided underwater lighting model. The proposed method streamlines the 3DGS fitting process for backscattering media through the analysis of the relationship between the underwater rendering equation and the lighting model. The proposed model achieves optimal decoupling between surface colours and backscattering effects by explicitly computing ray‐Gaussian intersections to constrain 3DGS positions near depth surfaces. To a",2026,Computer Graphics Forum,Xinyu Shi; Chenrui Wu; Zhenzhong Chu; Yao Huang,10.1111/cgf.70501,,https://doi.org/10.1111/cgf.70501,crossref,Gaussian splatting robot perception,concept,architecture,,,Gaussian splatting robot perception,2026-06-12T14:45:03Z,12.950,12.950
doi:10.1109/wrc-sara.2019.8931910,Exploring Hardness and Geometry Information through Active Perception,,2019,2019 WRC Symposium on Advanced Robotics and Automation (WRC SARA),Songlin Xu; Nan Lin; Rui Fan; Peichen Wu; Xiaoping Chen,10.1109/wrc-sara.2019.8931910,,https://doi.org/10.1109/wrc-sara.2019.8931910,crossref,robotics,concept,crossref_bulk_robotics,,2,active perception,2026-06-12T19:29:26Z,12.949,12.949
doi:10.1167/8.6.857,"Depth interval perception: Comparing binocular stereopsis with motion parallax in ""action space""",,2010,Journal of Vision,A. LeClair; F. H. Durgin,10.1167/8.6.857,,https://doi.org/10.1167/8.6.857,crossref,vision language action model limitation robotics,hostile,failure,,1,vision language action model; limitation,2026-06-12T15:07:36Z,12.947,17.947
doi:10.47852/bonviewswt52025770,Flexible Tactile Sensors for Enhancing Robotic Perception,"As robotic technology advances towards autonomy and intelligence, tactile sensing systems have become a key technology for overcoming the bottleneck of environmental interaction. Unlike visual perception, which captures macroscopic information, tactile sensing provides precise mechanical feedback for robotic manipulation by real-time analysis of microscopic physical parameters such as contact force, material properties, and surface morphology. This is particularly important in application scenarios that require high precision in force control, such as minimally invasive surgery and precision assembly, where the sensitivity, multimodal perception capabilities, and environmental adaptability of tactile sensors directly determine the operational performance of the robotic system. However, traditional tactile sensors are limited by rigid structures, limited sensitivity, and a single percepti",2025,Smart Wearable Technology,Huiwen Ren; Wangyang Li; Yanan Ding; Yuming Feng; Hexin Li; Jianyang Li; Jia Zhang; Haiying Xiao; Jialu Li; Shuai Wang; Cong Huang; Li Jiang; PingAn Hu,10.47852/bonviewswt52025770,,https://doi.org/10.47852/bonviewswt52025770,openalex,energy based model robot learning,concept,ebm,,22,force control,2026-06-12T18:26:24Z,12.918,12.918
doi:10.1109/jas.2020.1003518,Digital Twin for Human-Robot Interactive Welding and Welder Behavior Analysis,This paper presents an innovative investigation on prototyping a digital twin (DT) as the platform for human-robot interactive welding and welder behavior analysis. This human-robot interaction (HRI) working style helps to enhance human users' operational productivity and comfort; while data-driven welder behavior analysis benefits to further novice welder training. This HRI system includes three modules: 1) a human user who demonstrates the welding operations offsite with her/his operations recorded by the motion-tracked handles; 2) a robot that executes the demonstrated welding operations to complete the physical welding tasks onsite; 3) a DT system that is developed based on virtual reality (VR) as a digital replica of the physical human-robot interactive welding environment. The DT system bridges a human user and robot through a bi-directional information flow: a) transmitting demons,2020,IEEE/CAA Journal of Automatica Sinica,Qiyue Wang; Wenhua Jiao; Peng Wang; Yuming Zhang,10.1109/jas.2020.1003518,,https://doi.org/10.1109/jas.2020.1003518,openalex,robotics,concept,openalex_bulk_robotics,,163,human robot interaction,2026-06-12T18:57:17Z,12.900,12.900
doi:10.1145/3125739.3125757,Active Perception based on Energy Minimization in Multimodal Human-robot Interaction,,2017,Proceedings of the 5th International Conference on Human Agent Interaction,Takato Horii; Yukie Nagai; Minoru Asada,10.1145/3125739.3125757,,https://doi.org/10.1145/3125739.3125757,crossref,energy based model robot learning,concept,ebm,,5,active perception; human robot interaction,2026-06-12T15:07:36Z,12.896,12.896
doi:10.1109/iros.2017.8206275,Faster robot perception using Salient Depth Partitioning,,2017,2017 IEEE/RSJ International Conference on Intelligent Robots and Systems (IROS),Darren M. Chan; Angelique Taylor; Laurel D. Riek,10.1109/iros.2017.8206275,,https://doi.org/10.1109/iros.2017.8206275,crossref,Gaussian splatting robot perception,concept,architecture,,5,Gaussian splatting robot perception,2026-06-12T15:07:36Z,12.896,12.896
doi:10.22260/isarc2017/0151,Interaction Matters? Exploring Interactive Music as a Reminder to Break Sedentary Office Time,,2017,Proceedings of the International Symposium on Automation and Robotics in Construction (IAARC) Proceedings of the 34th International Symposium on Automation and Robotics in Construction (ISARC),Xipei Ren; Yuan Lu; Vincent Visser; P.D.Huy Le; Reijn van den Burg,10.22260/isarc2017/0151,,https://doi.org/10.22260/isarc2017/0151,crossref,robotics,concept,crossref_bulk_robotics,,5,,2026-06-12T19:29:26Z,12.896,12.896
doi:10.1111/mice.13469,Complete‐coverage path planning for surface inspection of cable‐stayed bridge tower based on building information models and climbing robots,"Climbing robots present transformative potential for automated structural inspections, yet their deployment remains limited by the reliance on manual control due to the absence of effective environment perception and path-planning solutions. The critical bottleneck lies in the difficulty of generating accurate planning maps solely through onboard sensors due to the challenge of capturing open, large-scale, and irregular environments (e.g., cable-stayed bridge towers). This study proposes a building information modeling (BIM)-based complete-coverage path planning (BCCPP) framework, leveraging BIM to enable autonomous robotic inspection. The framework constructs accurate grid maps through BIM data, addressing the map-perception problem for robots in open, large-scale, and irregular environment while refining the boustrophedon-A* algorithm with multi-heuristic optimization, which reduces pa",2025,Computer-Aided Civil and Infrastructure Engineering,Zhe Xia; Jiangpeng Shu; Wei Ding; Yifan Gao; Yuanfeng Duan; Carl James Debono; Vijay Prakash; Dylan Seychell; Ruben Paul Borg,10.1111/mice.13469,,https://doi.org/10.1111/mice.13469,openalex,energy based model robot learning,concept,ebm,,21,deployment,2026-06-12T18:05:07Z,12.896,13.896
doi:10.3390/eng6070153,"Vision-Based Navigation and Perception for Autonomous Robots: Sensors, SLAM, Control Strategies, and Cross-Domain Applications—A Review","Camera-centric perception has matured into a cornerstone of modern autonomy, from self-driving cars and factory cobots to underwater and planetary exploration. This review synthesizes more than a decade of progress in vision-based robotic navigation through an engineering lens, charting the full pipeline from sensing to deployment. We first examine the expanding sensor palette—monocular and multi-camera rigs, stereo and RGB-D devices, LiDAR–camera hybrids, event cameras, and infrared systems—highlighting the complementary operating envelopes and the rise of learning-based depth inference. The advances in visual localization and mapping are then analyzed, contrasting sparse and dense SLAM approaches, as well as monocular, stereo, and visual–inertial formulations. Additional topics include loop closure, semantic mapping, and LiDAR–visual–inertial fusion, which enables drift-free operation ",2025,Eng—Advances in Engineering,Eder A. Rodríguez-Martínez; Wendy Flores‐Fuentes; Farouk Achakir; Oleg Sergiyenko; Fabián N. Murrieta-Rico,10.3390/eng6070153,,https://doi.org/10.3390/eng6070153,openalex,energy based policy robotics,concept,ebm,,21,SLAM; imitation learning; deployment,2026-06-12T18:05:07Z,12.896,13.896
doi:10.1109/aim.2005.1511203,Localization for robotic assemblies using probing and particle filtering,"This paper deals with the class of robotic assemblies where position uncertainty far exceeds assembly clearance, and visual assistance is not available to resolve the uncertainty. Specifically, we focus on the assembly of a key in a lock, with uncertainty in the position of the lock in (x,y,z). Under this scenario, we implement a localization strategy that resolves the uncertainty using a pre-acquired map of key-lock contact configurations. Prior to assembly, the strategy explores the contact configuration space (C-space) by using the key to probe the stationary (fixtured) lock-surface at various different positions and matching the contact configurations thus recorded with the map. Thus, the strategy is progressively able to localize the lock-position in (x,y,z) and achieve assembly. However, with a sampled map of the contact C-space, discretization errors are introduced, and implementi",2006,,Siddharth R. Chhatpar; Michael S. Branicky,10.1109/aim.2005.1511203,,https://doi.org/10.1109/aim.2005.1511203,openalex,robotics,concept,openalex_bulk_robotics,,21,,2026-06-12T18:57:17Z,12.896,13.896
doi:10.1145/3641519.3657448,VR-GS: A Physical Dynamics-Aware Interactive Gaussian Splatting System in Virtual Reality,,2024,Special Interest Group on Computer Graphics and Interactive Techniques Conference Conference Papers,Ying Jiang; Chang Yu; Tianyi Xie; Xuan Li; Yutao Feng; Huamin Wang; Minchen Li; Henry Lau; Feng Gao; Yin Yang; Chenfanfu Jiang,10.1145/3641519.3657448,,https://doi.org/10.1145/3641519.3657448,crossref,Gaussian splatting robot perception,concept,architecture,,144,Gaussian splatting robot perception,2026-06-12T15:07:36Z,12.888,12.888
doi:10.1109/icra48891.2023.10161471,UDepth: Fast Monocular Depth Estimation for Visually-guided Underwater Robots,"In this paper, we present a fast monocular depth estimation method for enabling 3D perception capabilities of low-cost underwater robots. We formulate a novel end-to-end deep visual learning pipeline named UDepth, which incorporates domain knowledge of image formation characteristics of natural underwater scenes. First, we adapt a new input space from raw RGB image space by exploiting underwater light attenuation prior, and then devise a least-squared formulation for coarse pixel-wise depth prediction. Subsequently, we extend this into a domain projection loss that guides the end-to-end learning of UDepth on over 9K RGB-D training samples. UDepth is designed with a computationally light MobileNetV2 backbone and a Transformer-based optimizer for ensuring fast inference rates on embedded systems. By domain-aware design choices and through comprehensive experimental analyses, we demonstrate",2023,,Boxiao Yu; Jiayi Wu; Md Jahidul Islam,10.1109/icra48891.2023.10161471,,https://doi.org/10.1109/icra48891.2023.10161471,openalex,robotics,concept,openalex_bulk_robotics,,47,benchmark,2026-06-12T18:57:17Z,12.886,13.886
doi:10.1145/280765.280850,Integrating active perception with an autonomous robot architecture,,1998,Proceedings of the second international conference on Autonomous agents - AGENTS '98,Glenn Wasson; David Kortenkamp; Eric Huber,10.1145/280765.280850,,https://doi.org/10.1145/280765.280850,crossref,Gaussian splatting robot perception,concept,architecture,,12,Gaussian splatting robot perception; active perception,2026-06-12T15:07:36Z,12.882,12.882
doi:10.1109/roman.2012.6343892,An active audition framework for auditory-driven HRI: Application to interactive robot dancing,,2012,2012 IEEE RO-MAN: The 21st IEEE International Symposium on Robot and Human Interactive Communication,Joao Lobato Oliveira; Gokhan Ince; Keisuke Nakamura; Kazuhiro Nakadai; Hiroshi G. Okuno; Luis Paulo Reis; Fabien Gouyon,10.1109/roman.2012.6343892,,https://doi.org/10.1109/roman.2012.6343892,crossref,interactive robot learning human feedback,concept,hri,,12,,2026-06-12T15:07:36Z,12.882,12.882
doi:10.3390/biomimetics10030186,Human-like Dexterous Grasping Through Reinforcement Learning and Multimodal Perception,"Dexterous robotic grasping with multifingered hands remains a critical challenge in non-visual environments, where diverse object geometries and material properties demand adaptive force modulation and tactile-aware manipulation. To address this, we propose the Reinforcement Learning-Based Multimodal Perception (RLMP) framework, which integrates human-like grasping intuition through operator-worn gloves with tactile-guided reinforcement learning. The framework’s key innovation lies in its Tactile-Driven DCNN architecture—a lightweight convolutional network achieving 98.5% object recognition accuracy using spatiotemporal pressure patterns—coupled with an RL policy refinement mechanism that dynamically correlates finger kinematics with real-time tactile feedback. Experimental results demonstrate reliable grasping performance across deformable and rigid objects while maintaining force preci",2025,Biomimetics,Wen Qi; Haoyu Fan; Cankun Zheng; Hang Su; Samer Alfayad,10.3390/biomimetics10030186,,https://doi.org/10.3390/biomimetics10030186,crossref,analytical grasping,anti_myopia,anti_thesis,,6,teleoperation; occlusion; analytical grasping,2026-06-12T15:07:36Z,12.873,15.873
doi:10.1145/3654777.3676401,VoicePilot: Harnessing LLMs as Speech Interfaces for Physically Assistive Robots,"Physically assistive robots present an opportunity to significantly increase the well-being and independence of individuals with motor impairments or other forms of disability who are unable to complete activities of daily living. Speech interfaces, especially ones that utilize Large Language Models (LLMs), can enable individuals to effectively and naturally communicate high-level commands and nuanced preferences to robots. Frameworks for integrating LLMs as interfaces to robots for high level task planning and code generation have been proposed, but fail to incorporate human-centric considerations which are essential while developing assistive interfaces. In this work, we present a framework for incorporating LLMs as speech interfaces for physically assistive robots, constructed iteratively with 3 stages of testing involving a feeding robot, culminating in an evaluation with 11 older ad",2024,,Akhil Padmanabha; Jessie Yuan; Janavi Gupta; Zulekha Karachiwalla; Carmel Majidi; Henny Admoni; Zackory Erickson,10.1145/3654777.3676401,,https://doi.org/10.1145/3654777.3676401,openalex,robotics,concept,openalex_bulk_robotics,,30,assistive robot,2026-06-12T18:57:17Z,12.867,13.867
doi:10.3390/machines10030183,Perspectives of RealSense and ZED Depth Sensors for Robotic Vision Applications,"This review paper presents an overview of depth cameras. Our goal is to describe the features and capabilities of the introduced depth sensors in order to determine their possibilities in robotic applications, focusing on objects that might appear in applications with high accuracy requirements. A series of experiments was conducted, and various depth measuring conditions were examined in order to compare the measurement results of all the depth cameras. Based on the results, all the examined depth sensors were appropriate for applications where obstacle avoidance and robot spatial orientation were required in coexistence with image vision algorithms. In robotic vision applications where high accuracy and precision were obligatory, the ZED depth sensors achieved better measurement results.",2022,Machines,Vladimir Tadić; Attila Tóth; Zoltán Vizvári; Mihály Klincsik; Zoltán Sari; Peter Šarčević; József Sárosi; István Bíró,10.3390/machines10030183,,https://doi.org/10.3390/machines10030183,openalex,robotics,concept,openalex_bulk_robotics,,66,,2026-06-12T18:57:17Z,12.852,12.852
doi:10.3389/frobt.2022.733954,Perception is Only Real When Shared: A Mathematical Model for Collaborative Shared Perception in Human-Robot Interaction,"Partners have to build a shared understanding of their environment in everyday collaborative tasks by aligning their perceptions and establishing a common ground. This is one of the aims of shared perception: revealing characteristics of the individual perception to others with whom we share the same environment. In this regard, social cognitive processes, such as joint attention and perspective-taking, form a shared perception. From a Human-Robot Interaction (HRI) perspective, robots would benefit from the ability to establish shared perception with humans and a common understanding of the environment with their partners. In this work, we wanted to assess whether a robot, considering the differences in perception between itself and its partner, could be more effective in its helping role and to what extent this improves task completion and the interaction experience. For this purpose, w",2022,Frontiers in Robotics and AI,Marco Matarese; Francesco Rea; Alessandra Sciutti,10.3389/frobt.2022.733954,,https://doi.org/10.3389/frobt.2022.733954,crossref,robot foundation model failure mode,hostile,failure,,9,robot foundation model; human robot interaction; failure mode,2026-06-12T15:07:36Z,12.851,16.851
arxiv:2006.08967v1,Robot Perception enables Complex Navigation Behavior via Self-Supervised Learning,"Learning visuomotor control policies in robotic systems is a fundamental problem when aiming for long-term behavioral autonomy. Recent supervised-learning-based vision and motion perception systems, however, are often separately built with limited capabilities, while being restricted to few behavioral skills such as passive visual odometry (VO) or mobile robot visual localization. Here we propose an approach to unify those successful robot perception systems for active target-driven navigation tasks via reinforcement learning (RL). Our method temporally incorporates compact motion and visual perception data - directly obtained using self-supervision from a single image sequence - to enable complex goal-oriented navigation skills. We demonstrate our approach on two real-world driving dataset, KITTI and Oxford RobotCar, using the new interactive CityLearn framework. The results show that o",2020,arXiv,Marvin Chancán; Michael Milford,,2006.08967v1,http://arxiv.org/abs/2006.08967v1,arxiv,energy based model robot learning,concept,ebm,,,self supervised learning,2026-06-12T14:45:03Z,12.850,13.850
arxiv:2603.10227v1,Perceptive Hierarchical-Task MPC for Sequential Mobile Manipulation in Unstructured Semi-Static Environments,"As compared to typical mobile manipulation tasks, sequential mobile manipulation poses a unique challenge -- as the robot operates over extended periods, successful task completion is not solely dependent on consistent motion generation but also on the robot's awareness and adaptivity to changes in the operating environment. While existing motion planners can generate whole-body trajectories to complete sequential tasks, they typically assume that the environment remains static and rely on precomputed maps. This assumption often breaks down during long-term operations, where semi-static changes such as object removal, introduction, or shifts are common. In this work, we propose a novel perceptive hierarchical-task model predictive control (HTMPC) framework for efficient sequential mobile manipulation in unstructured, changing environments. To tackle the challenge, we leverage a Bayesian ",2026,arXiv,Xintong Du; Jingxing Qian; Siqi Zhou; Angela P. Schoellig,,2603.10227v1,http://arxiv.org/abs/2603.10227v1,arxiv,Gaussian splatting robot perception mobile manipulation,concept,architecture_x_embodiment,,,Gaussian splatting robot perception; mobile manipulation; model predictive control,2026-06-12T15:07:36Z,12.850,13.850
doi:10.1115/detc2002/mech-34283,Development of Steerable Endoscopes to Improve Depth Perception During Laparoscopic Surgery,"Laparoscopic surgery is carried out by using an endoscope with a camera that is inserted through a small incision in the abdominal wall. The camera pictures are presented on a monitor. The movements of the endoscope are limited by the incision point. This results in a restricted ability to observe organs from different sides, which complicates the surgeon’s depth perception. This paper describes the development of two new steerable endoscopes that are the product of a close co-operation between the Man-Machine Systems Group of the Delft University of Technology and the Hirose & Yoneda Laboratory of the Tokyo Institute of Technology. Both endoscopes contain a new spatial parallelogram-mechanism to transform the handgrip movements into movements of the steerable tip. The handgrips contain an arrow that points always in the direction of the line-of-sight of the tip-camera. This provides int",2002,Volume 5: 27th Biennial Mechanisms and Robotics Conference,Paul Breedveld; Shigeo Hirose,10.1115/detc2002/mech-34283,,https://doi.org/10.1115/detc2002/mech-34283,crossref,robotics,concept,crossref_bulk_robotics,,2,,2026-06-12T19:29:26Z,12.849,12.849
doi:10.3390/geotechnics2020016,Uncertainty Quantification of Failure of Shallow Foundation on Clayey Soils with a Modified Cam-Clay Yield Criterion and Stochastic FEM,"In this article, a quantitative numerical study of the random distribution of the soil material parameters to the probability density functions of the failure load and failure displacements of a shallow foundation is presented. A modified Cam-Clay yield function is used for this scope into a stochastic finite element numerical formulation. Several hypotheses for the random distribution of the compressibility factor κ, of the material constitutive relation, the critical state line inclination c of the soil, as well as of the permeability k of the continuum, have been tested and assessed with Monte Carlo simulation accelerated with Latin hypercube sampling. It is validated that both failure load and failure displacements follow Gaussian normal distribution despite the non-linear behaviour of the soil. Furthermore, as the soil depth increases, the mean value of failure load decreases and th",2022,Geotechnics,Ambrosios-Antonios Savvides; Manolis Papadrakakis,10.3390/geotechnics2020016,,https://doi.org/10.3390/geotechnics2020016,crossref,robot foundation model failure mode,hostile,failure,,19,robot foundation model; failure mode,2026-06-12T15:07:36Z,12.848,17.848
doi:10.1039/d1sc06932b,Predicting reaction conditions from limited data through active transfer learning,"Transfer and active learning have the potential to accelerate the development of new chemical reactions, using prior data and new experiments to inform models that adapt to the target area of interest. This article shows how specifically tuned machine learning models, based on random forest classifiers, can expand the applicability of Pd-catalyzed cross-coupling reactions to types of nucleophiles unknown to the model. First, model transfer is shown to be effective when reaction mechanisms and substrates are closely related, even when models are trained on relatively small numbers of data points. Then, a model simplification scheme is tested and found to provide comparative predictivity on reactions of new nucleophiles that include unseen reagent combinations. Lastly, for a challenging target where model transfer only provides a modest benefit over random selection, an active transfer lea",2022,Chemical Science,Eunjae Shim; Joshua Kammeraad; Ziping Xu; Ambuj Tewari; Tim Cernak; Paul M. Zimmerman,10.1039/d1sc06932b,,https://doi.org/10.1039/d1sc06932b,openalex,energy based model robot learning,concept,ebm,,65,,2026-06-12T18:05:07Z,12.845,12.845
doi:10.1016/s0921-8890(99)00050-0,Integrating active perception with an autonomous robot architecture,,1999,Robotics and Autonomous Systems,Glenn Wasson; David Kortenkamp; Eric Huber,10.1016/s0921-8890(99)00050-0,,https://doi.org/10.1016/s0921-8890(99)00050-0,crossref,Gaussian splatting robot perception,concept,architecture,,11,Gaussian splatting robot perception; active perception,2026-06-12T15:07:36Z,12.842,12.842
doi:10.48550/arxiv.2307.01928,Robots That Ask For Help: Uncertainty Alignment for Large Language Model Planners,"Large language models (LLMs) exhibit a wide range of promising capabilities -- from step-by-step planning to commonsense reasoning -- that may provide utility for robots, but remain prone to confidently hallucinated predictions. In this work, we present KnowNo, which is a framework for measuring and aligning the uncertainty of LLM-based planners such that they know when they don't know and ask for help when needed. KnowNo builds on the theory of conformal prediction to provide statistical guarantees on task completion while minimizing human help in complex multi-step planning settings. Experiments across a variety of simulated and real robot setups that involve tasks with different modes of ambiguity (e.g., from spatial to numeric uncertainties, from human preferences to Winograd schemas) show that KnowNo performs favorably over modern baselines (which may involve ensembles or extensive ",2023,arXiv (Cornell University),Allen Z. Ren; Anushri Dixit; A. A. Bodrova; Sumeet Singh; Stephen Tu; Noah Brown; Peng Xu; Leila Takayama; Fei Xia; Jake Varley; Zhenjia Xu; Dorsa Sadigh; Andy Zeng; Anirudha Majumdar,10.48550/arxiv.2307.01928,,https://doi.org/10.48550/arxiv.2307.01928,openalex,energy based model robot learning,concept,ebm,,43,,2026-06-12T18:05:07Z,12.842,13.842
doi:10.3390/robotics12050139,Sensing and Artificial Perception for Robots in Precision Forestry: A Survey,"Artificial perception for robots operating in outdoor natural environments, including forest scenarios, has been the object of a substantial amount of research for decades. Regardless, this has proven to be one of the most difficult research areas in robotics and has yet to be robustly solved. This happens namely due to difficulties in dealing with environmental conditions (trees and relief, weather conditions, dust, smoke, etc.), the visual homogeneity of natural landscapes as opposed to the diversity of natural obstacles to be avoided, and the effect of vibrations or external forces such as wind, among other technical challenges. Consequently, we propose a new survey, describing the current state of the art in artificial perception and sensing for robots in precision forestry. Our goal is to provide a detailed literature review of the past few decades of active research in this field. ",2023,Robotics,João Filipe Ferreira; David Portugal; Maria Eduarda Andrada; Pedro Machado; Rui P. Rocha; Paulo Peixoto,10.3390/robotics12050139,,https://doi.org/10.3390/robotics12050139,openalex,robotics,concept,openalex_bulk_robotics,,43,,2026-06-12T18:57:17Z,12.842,12.842
doi:10.1145/2993148.2993156,Visuotactile integration for depth perception in augmented reality,,2016,Proceedings of the 18th ACM International Conference on Multimodal Interaction,Nina Rosa; Wolfgang Hürst; Peter Werkhoven; Remco Veltkamp,10.1145/2993148.2993156,,https://doi.org/10.1145/2993148.2993156,crossref,visuotactile robot manipulation,concept,tactile,,7,robot manipulation,2026-06-12T15:07:36Z,12.840,12.840
doi:10.1007/s00422-019-00805-w,Generalised free energy and active inference,"Active inference is an approach to understanding behaviour that rests upon the idea that the brain uses an internal generative model to predict incoming sensory data. The fit between this model and data may be improved in two ways. The brain could optimise probabilistic beliefs about the variables in the generative model (i.e. perceptual inference). Alternatively, by acting on the world, it could change the sensory data, such that they are more consistent with the model. This implies a common objective function (variational free energy) for action and perception that scores the fit between an internal model and the world. We compare two free energy functionals for active inference in the framework of Markov decision processes. One of these is a functional of beliefs (i.e. probability distributions) about states and policies, but a function of observations, while the second is a functiona",2019,Biological Cybernetics,Thomas Parr; Karl Friston,10.1007/s00422-019-00805-w,,https://doi.org/10.1007/s00422-019-00805-w,openalex,energy based model robot learning,concept,ebm,,211,,2026-06-12T18:05:07Z,12.828,12.828
doi:10.3389/fpls.2025.1646871,A review of visual perception technology for intelligent fruit harvesting robots,"With the development of smart agriculture, fruit picking robots have attracted widespread attention as one of the key technologies to improve agricultural productivity. Visual perception technology plays a crucial role in fruit picking robots, involving precise fruit identification, localization, and grasping operations. This paper reviews the research progress in the visual perception technology for fruit picking robots, focusing on key technologies such as camera types used in picking robots, object detection techniques, picking point recognition and localization, active vision, and visual servoing. First, the paper introduces the application characteristics and selection criteria of different camera types in the fruit picking process. Then, it analyzes how object detection techniques help robots accurately recognize fruits and achieve efficient fruit classification. Next, it discusses",2025,Frontiers in Plant Science,Yikun Huang; Shuyan Xu; Hao Chen; Gang Li; Heng Dong; Jie Yu; Xi Zhang; Riqing Chen,10.3389/fpls.2025.1646871,,https://doi.org/10.3389/fpls.2025.1646871,openalex,transformer energy based model robotics,concept,ebm_transformer,,18,energy based model robotics; SLAM; visual servoing,2026-06-12T18:05:07Z,12.822,12.822
doi:10.1109/cvprw63382.2024.00086,Depth-Regularized Optimization for 3D Gaussian Splatting in Few-Shot Images,,2024,2024 IEEE/CVF Conference on Computer Vision and Pattern Recognition Workshops (CVPRW),Jaeyoung Chung; Jeongtaek Oh; Kyoung Mu Lee,10.1109/cvprw63382.2024.00086,,https://doi.org/10.1109/cvprw63382.2024.00086,crossref,Gaussian splatting robot perception,concept,architecture,,126,Gaussian splatting robot perception,2026-06-12T15:07:36Z,12.822,12.822
doi:10.1109/tnsre.2024.3429206,Active Neural Network Control for a Wearable Upper Limb Rehabilitation Exoskeleton Robot Driven by Pneumatic Artificial Muscles,"Pneumatic artificial muscle (PAM) has been widely used in rehabilitation and other fields as a flexible and safe actuator. In this paper, a PAM-actuated wearable exoskeleton robot is developed for upper limb rehabilitation. However, accurate modeling and control of the PAM are difficult due to complex hysteresis. To solve this problem, this paper proposes an active neural network method for hysteresis compensation, where a neural network (NN) is utilized as the hysteresis compensator and unscented Kalman filtering is used to estimate the weights and approximation error of the NN in real time. Compared with other inversion-based methods, the NN is directly used as the hysteresis compensator without needing inversion. Additionally, the proposed method does not require pre-training of the NN since the weights can be dynamically updated. To verify the effectiveness and robustness of the prop",2024,IEEE Transactions on Neural Systems and Rehabilitation Engineering,Hai-Ruo Zhang; Jiade Fan; Yanding Qin; Meng-Qiang Tian; Jianda Han,10.1109/tnsre.2024.3429206,,https://doi.org/10.1109/tnsre.2024.3429206,openalex,robotics,concept,openalex_bulk_robotics,,27,robustness; hysteresis,2026-06-12T18:57:17Z,12.816,13.816
doi:10.1109/tie.2023.3250767,Inverse-Reinforcement-Learning-Based Robotic Ultrasound Active Compliance Control in Uncertain Environments,"Robotic ultrasound systems (RUSs) have gained increasing attention because they can automate repetitive procedures and relieve operators’ workloads. However, the complexity and uncertainty of the human surface pose a challenge for stable scanning control. This article proposes a general active compliance control strategy based on inverse reinforcement learning (IRL) to perform adaptable scanning for uncertain and unstructured environments. We analyze the manual scanning process pattern and propose a velocity-and-force-related control strategy to achieve variable force control and handle unpredictable deformation. Then, a hybrid policy optimization framework is proposed to improve transferability. In this framework, a reinforcement learning policy with a predefined reward is built to establish the relationship between contact force and posture. Furthermore, the policy is re-optimized usin",2023,IEEE Transactions on Industrial Electronics,Guochen Ning; Hanying Liang; Xinran Zhang; Hongen Liao,10.1109/tie.2023.3250767,,https://doi.org/10.1109/tie.2023.3250767,openalex,robotics,concept,openalex_bulk_robotics,,40,force control,2026-06-12T18:57:17Z,12.807,13.807
doi:10.1109/cdc.2018.8619665,Chance Constrained Model Predictive Control via Active Uncertainty Set Learning and Calibration,,2018,2018 IEEE Conference on Decision and Control (CDC),Chao Shang; Fengqi You,10.1109/cdc.2018.8619665,,https://doi.org/10.1109/cdc.2018.8619665,crossref,model predictive control robot learning,anti_myopia,control,,,model predictive control,2026-06-12T15:07:36Z,12.800,17.800
doi:10.1299/jsmermd.2021.1p1-i05,Learning and Control of Active Perception Policy in Autonomous Robots,,2021,The Proceedings of JSME annual Conference on Robotics and Mechatronics (Robomec),Wataru HATANAKA; Fumihiro SASAKI; Ryota YAMASHINA,10.1299/jsmermd.2021.1p1-i05,,https://doi.org/10.1299/jsmermd.2021.1p1-i05,crossref,robotics,concept,crossref_bulk_robotics,,,active perception,2026-06-12T19:29:26Z,12.800,12.800
doi:10.1108/ir-06-2018-0115,Real-time monocular 3D perception with ORB-Features,"Purpose This paper aims to propose a new solution for real-time 3D perception with monocular camera. Most of the industrial robots’ solutions use active sensors to acquire 3D structure information, which limit their applications to indoor scenarios. By only using monocular camera, some state of art method provides up-to-scale 3D structure information, but scale information of corresponding objects is uncertain. Design/methodology/approach First, high-accuracy and scale-informed camera pose and sparse 3D map are provided by leveraging ORB-SLAM and marker. Second, for each frame captured by a camera, a specially designed depth estimation pipeline is used to compute corresponding 3D structure called depth map in real-time. Finally, depth map is integrated into volumetric scene model. A feedback module has been designed for users to visualize intermediate scene surface in real-time. Findings",2018,Industrial Robot: An International Journal,Babing Ji; Qixin Cao,10.1108/ir-06-2018-0115,,https://doi.org/10.1108/ir-06-2018-0115,crossref,sim to real robot manipulation,concept,sim2real,,2,robot manipulation; industrial robot; SLAM,2026-06-12T15:07:36Z,12.799,13.799
doi:10.1108/aa-07-2022-0171,The welding tracking technology of an underwater welding robot based on sliding mode active disturbance rejection control,"Purpose A welding robot is a complicated system with uncertainty, time-varying, strong coupling and non-linear system. It is more complicated if it is used in an underwater environment. It is difficult to establish an accurate dynamic model for an underwater welding robot. Aiming at the tracking control of an underwater welding robot, it is difficult to achieve the control performance requirements by the classical proportional integral derivative control method to realize automatic tracking of the seam. The purpose of this paper is to suggest a novel method to deal with these issues. Design/methodology/approach To combine the advantages of active disturbance rejection control (ADRC) and sliding mode control (SMC) to improve the shortcomings of a single control method, a hybrid control method for an underwater welding robot trajectory tracking based on SMC_ADRC is proposed in this researc",2022,Assembly Automation,Shengqian Li; Xiaofan Zhang,10.1108/aa-07-2022-0171,,https://doi.org/10.1108/aa-07-2022-0171,crossref,robot foundation model failure mode,hostile,failure,,8,robot foundation model; failure mode; robustness,2026-06-12T15:07:36Z,12.799,19.799
doi:10.1145/3613904.3642911,Robot-Assisted Decision-Making: Unveiling the Role of Uncertainty Visualisation and Embodiment,"Robots are embodied agents that act under several sources of uncertainty. When assisting humans in a collaborative task, robots need to communicate their uncertainty to help inform decisions. In this study, we examine the use of visualising a robot’s uncertainty in a high-stakes assisted decision-making task. In particular, we explore how different modalities of uncertainty visualisations (graphical display vs. the robot’s embodied behaviour) and confidence levels (low, high, 100%) conveyed by a robot affect the human decision-making and perception during a collaborative task. Our results show that these visualisations significantly impact how participants arrive to their decision as well as how they perceive the robot’s transparency across the different confidence levels. We highlight potential trade-offs and offer implications for robot-assisted decision-making. Our work contributes em",2024,,Sarah Schömbs; Saumya Pareek; Jorge Gonçalves; Wafa Johal,10.1145/3613904.3642911,,https://doi.org/10.1145/3613904.3642911,openalex,robotics,concept,openalex_bulk_robotics,,26,embodied agent,2026-06-12T18:57:17Z,12.798,13.798
doi:10.1109/jas.2023.123552,Chat with ChatGPT on Industry 5.0: Learning and Decision-Making for Intelligent Industries,"The current ChatGPT phenomenon has signaled a new era of Artificial Intelligence moving from Algorithmic Intelligence to Linguistic Intelligence where interactive activities between actual and artificial, real and virtual, human and machine play an active and important role online and in real-time. At IEEE/CAA JAS, we are interested in investigating the impact and significance of this new era on industrial development, especially control and automation for manufacturing and production.",2023,IEEE/CAA Journal of Automatica Sinica,Fei–Yue Wang; Jing Yang; Xingxia Wang; Juanjuan Li; Qing‐Long Han,10.1109/jas.2023.123552,,https://doi.org/10.1109/jas.2023.123552,openalex,energy based model robot learning,concept,ebm,,142,,2026-06-12T18:05:07Z,12.781,12.781
doi:10.1109/tim.2024.3376685,A Wearable Human–Machine Interactive Instrument for Controlling a Wheelchair Robotic Arm System,"The limitations of traditional manual human–machine interactive instruments (HMIs) prevent individuals with severe motor disabilities from effectively controlling wheelchair robotic arm systems, thereby impacting their independence and quality of life. Addressing this issue, this study developed a wearable hybrid HMI to meet the practical needs of individuals with severe motor disabilities. By recruiting ten healthy participants to complete three experiments—a blink detection test, wheelchair control test, and wheelchair robotic arm system test—the effectiveness of the proposed HMI was validated. In the first experiment, the average accuracy of blink detection in the system reached 97.29%, with an average response time of 1.47 s, and the system generated 0.07 errors per minute in idle state. The second experiment demonstrated an average response time of 1.03 s for wheelchair turning and ",2024,IEEE Transactions on Instrumentation and Measurement,Zilin Lu; Yajun Zhou; Li Hu; Junbiao Zhu; S. Liu; Qiyun Huang; Yuanqing Li,10.1109/tim.2024.3376685,,https://doi.org/10.1109/tim.2024.3376685,openalex,robotics,concept,openalex_bulk_robotics,,25,limitation,2026-06-12T18:57:17Z,12.779,13.779
doi:10.1068/p6786,Haptic Object Recognition: How Important are Depth Cues and Plane Orientation?,"Raised-line drawings of familiar objects are very difficult to identify with active touch only. In contrast, haptically explored real 3-D objects are usually recognised efficiently, albeit slower and less accurately than with vision. Real 3-D objects have more depth information than outline drawings, but also extra information about identity (eg texture, hardness, temperature). Previous studies have not manipulated the availability of depth information in haptic object recognition whilst controlling for other information sources, so the importance of depth cues has not been assessed. In the present experiments, people named plastic small-scale models of familiar objects. Five versions of bilaterally symmetrical objects were produced. Versions varied only in the amount of depth information: minimal for cookie-cutter and filled-in outlines, partial for squashed and half objects, and full f",2011,Perception,Rebecca Lawson; Sarah Bracken,10.1068/p6786,,https://doi.org/10.1068/p6786,crossref,Gaussian splatting robot perception deformable object manipulation,concept,architecture_x_embodiment,,18,Gaussian splatting robot perception; deformable object manipulation,2026-06-12T15:07:36Z,12.772,12.772
doi:10.1002/aisy.202200081,Modular Origami Soft Robot with the Perception of Interaction Force and Body Configuration,"Bio‐inspired soft robots provide a promising solution for robots working in human‐centered scenarios and interacting with unstructured environments. However, the functional versatility and multimodal sensing of soft robots still need improvements. On one hand, the configuration of a soft robot is predefined during manufacturing; on the other hand, the multimodal perception of the deformable soft actuator is challenging. In this work, a reconfigurable and proprioceptive soft origami module is presented, where two kinds of basic actuation modes (i.e., extension and bending) are realized, and multimodal perception is enabled using a novel foldable self‐inductance sensor. As a result, the origami module can be reconfigured to assemble multifunctional robots that can measure interaction force, body configuration, and other environmental information. Dedicated experiments are performed to vali",2022,Advanced Intelligent Systems,Junda Huang; Jianshu Zhou; Zhengyan Wang; Jones Law; Hanwen Cao; Yichuan Li; Hongbo Wang; Yunhui Liu,10.1002/aisy.202200081,,https://doi.org/10.1002/aisy.202200081,crossref,Gaussian splatting robot perception,concept,architecture,,61,Gaussian splatting robot perception,2026-06-12T15:07:36Z,12.764,12.764
doi:10.1007/s41315-021-00215-x,AUV localisation: a review of passive and active techniques,"Abstract Localisation, i.e. estimation of one’s position in a given environment is a crucial element of many mobile systems, manned and unmanned. Due to the high demand for autonomous exploration, patrolling and inspection services and a rapid improvement of batteries, sensors and machine learning algorithms, the quality of localisation becomes even more important for smart robotic systems. The underwater domain is a very challenging environment due to the water blocking most of the signals over short distances. Recent results in localisation techniques for underwater vehicles are summarised in two principal categories: passive techniques, which strive to provide the best estimation of the vehicle’s position (global or local) given the past and current information from sensors, and active techniques, which additionally produce guidance output that is expected to minimise the uncertainty ",2021,International Journal of Intelligent Robotics and Applications,Francesco Maurelli; Szymon Krupiński; Xianbo Xiang; Yvan Pétillot,10.1007/s41315-021-00215-x,,https://doi.org/10.1007/s41315-021-00215-x,openalex,energy based model robot learning,concept,ebm,,82,,2026-06-12T18:26:24Z,12.759,13.759
doi:10.1109/wacv61041.2025.00241,DN-Splatter: Depth and Normal Priors for Gaussian Splatting and Meshing,,2025,2025 IEEE/CVF Winter Conference on Applications of Computer Vision (WACV),Matias Turkulainen; Xuqian Ren; Iaroslav Melekhov; Otto Seiskari; Esa Rahtu; Juho Kannala,10.1109/wacv61041.2025.00241,,https://doi.org/10.1109/wacv61041.2025.00241,crossref,Gaussian splatting robot perception,concept,architecture,,74,Gaussian splatting robot perception,2026-06-12T15:07:36Z,12.759,12.759
title:learning in a state of confusion employing active perception and reinforcement learning in partially observable worlds,Learning in a state of confusion : employing active perception and reinforcement learning in partially observable worlds,"In applying reinforcement learning to agents acting in the real world we are often faced with tasks that are non-Markovian in nature. Much work has been done using state estimation algorithms to try to uncover Markovian models of tasks in order to allow the learning of optimal solutions using reinforcement learning. Unfortunately these algorithms which attempt to simultaneously learn a Markov model of the world and how to act have proved very brittle. Our focus differs. In considering embodied, embedded and situated agents we have a preference for simple learning algorithms which reliably learn satisficing policies. The learning algorithms we consider do not try to uncover the underlying Markovian states, instead they aim to learn successful deterministic reactive policies such that agents actions are based directly upon the observations provided by their sensors. Existing results have s",2007,ERA,Paul Crook,,,https://openalex.org/W1501627097,openalex,energy based model robot learning,concept,ebm,,8,active perception; state estimation,2026-06-12T18:26:24Z,12.749,13.749
doi:10.1177/17298806221095974,A review on sensory perception for dexterous robotic manipulation,"Sensory perception for dexterous robotic hands is an active research area and recent progress in robotics. Effective dexterous manipulation requires robotic hands to accurately feedback their state or perceive the surrounding environment. This article reviews the state-of-the-art of sensory perception for dexterous robotic manipulation. Two types of sensors, such as intrinsic and extrinsic sensors, are introduced according to their function and layout in robotic hands. These sensors provide rich information to a robotic hand, which contains the posture, the contact information of objects, and the physical information of the environment. Then, a comprehensive analysis of perception methods including planning-level, control-level, and learning-level perceptions is presented. The information obtained from sensory perception can help robotic hands to make decisions effectively. Previously is",2022,International Journal of Advanced Robotic Systems,Ziwei Xia; Zhen Deng; Bin Fang; Yiyong Yang; Fuchun Sun,10.1177/17298806221095974,,https://doi.org/10.1177/17298806221095974,crossref,EBM transformer robotics dexterous manipulation,concept,architecture_x_embodiment,,59,EBM transformer robotics; dexterous manipulation,2026-06-12T15:07:36Z,12.747,12.747
doi:10.1109/hri.2019.8673083,Self-Assessing and Communicating Manipulation Proficiency Through Active Uncertainty Characterization,,2019,2019 14th ACM/IEEE International Conference on Human-Robot Interaction (HRI),Michael S. Lee,10.1109/hri.2019.8673083,,https://doi.org/10.1109/hri.2019.8673083,crossref,learning robot manipulation from human video,concept,human_data,,1,robot manipulation,2026-06-12T14:45:03Z,12.747,13.747
doi:10.1109/naecon46414.2019.9057808,A Humanoid Robot Object Perception Approach Using Depth Images,,2019,2019 IEEE National Aerospace and Electronics Conference (NAECON),Aaron Cofield; Zaid El-Shair; Samir A. Rawashdeh,10.1109/naecon46414.2019.9057808,,https://doi.org/10.1109/naecon46414.2019.9057808,crossref,humanoid robot foundation model,concept,humanoid,,1,robot foundation model; humanoid robot,2026-06-12T15:07:36Z,12.747,12.747
doi:10.3389/frobt.2019.00066,Stereoscopic Near-Infrared Fluorescence Imaging: A Proof of Concept Toward Real-Time Depth Perception in Surgical Robotics,,2019,Frontiers in Robotics and AI,Maxwell J. Munford; Ferdinando Rodriguez y Baena; Stuart Bowyer,10.3389/frobt.2019.00066,,https://doi.org/10.3389/frobt.2019.00066,crossref,Gaussian splatting robot perception,concept,architecture,,1,Gaussian splatting robot perception; surgical robot,2026-06-12T15:07:36Z,12.747,12.747
doi:10.1561/2300000072,Interactive Imitation Learning in Robotics: A Survey,"Interactive Imitation Learning (IIL) is a branch of Imitation Learning (IL) where human feedback is provided intermittently during robot execution allowing an online improvement of the robot’s behavior. In recent years, IIL has increasingly started to carve out its own space as a promising data-driven alternative for solving complex robotic tasks. The advantages of IIL are twofold, 1) it is data-efficient, as the human feedback guides the robot directly towards an improved behavior (in contrast with Reinforcement Learning (RL), where behaviors must be discovered by trial and error), and 2) it is robust, as the distribution mismatch between the teacher and learner trajectories is minimized by providing feedback directly over the learner’s trajectories (as opposed to offline IL methods such as Behavioral Cloning). Nevertheless, despite the opportunities that IIL presents, its terminology, ",2022,Foundations and Trends in Robotics,Carlos Celemin; Rodrigo Pérez‐Dattari; Eugenio Chisari; Giovanni Franzese; Leandro de Souza Rosa; Ravi Prakash; Zlatan Ajanović; Marta Ferraz; Abhinav Valada; Jens Kober,10.1561/2300000072,,https://doi.org/10.1561/2300000072,openalex,robotics,concept,openalex_bulk_robotics,,53,imitation learning; human robot interaction; limitation; benchmark,2026-06-12T18:57:17Z,12.744,14.744
doi:10.1016/j.ymssp.2022.109152,Robotically assisted active vibration control in milling: A feasibility study,"The role of robots has been increasing in machining applications, with new concepts such as robotic-assisted machining where a robot supports the workpiece while it is machined by a machine tool. This method improves chatter stability to a certain extent. However, forced vibrations or unstable vibrations such as chatter can still be a limiting factor for the productivity and quality of the machining process. In this paper, the robotically assisted milling approach is extended to consider an actively controlled robot arm, to suppress the chatter vibrations for milling operation. To assess the feasibility of the method, a proof-mass actuator is assembled on a beam structure that is representative of the robot system. The beam structure is designed to exhibit two degrees of freedom in its structural dynamics, thereby emulating the robots’ dynamic response. The effect of active control is ev",2022,Mechanical Systems and Signal Processing,Muhammet Özsoy; Neil D. Sims; Erdem Öztürk,10.1016/j.ymssp.2022.109152,,https://doi.org/10.1016/j.ymssp.2022.109152,openalex,robotics,concept,openalex_bulk_robotics,,53,,2026-06-12T18:57:17Z,12.744,12.744
doi:10.1109/tmech.2019.2963439,Active SLAM for Mobile Robots With Area Coverage and Obstacle Avoidance,"In this article, we present an active simultaneous localization and mapping (SLAM) framework for a mobile robot to obtain a collision-free trajectory with good performance in SLAM uncertainty reduction and in an area coverage task. Based on a model predictive control framework, these two tasks are solved by the introduction of a control switching mechanism. For SLAM uncertainty reduction, graph topology is used to approximate the original problem as a constrained nonlinear least squares problem. A convex half-space representation is applied to relax nonconvex spatial constraints that represent obstacle avoidance. Using convex relaxation, the problem is solved by a convex optimization method and a rounding procedure based on singular value decomposition. The area coverage task is addressed with a sequential quadratic programming method. A submap joining approach, called linear SLAM, is us",2020,IEEE/ASME Transactions on Mechatronics,Yongbo Chen; Shoudong Huang; Robert Fitch,10.1109/tmech.2019.2963439,,https://doi.org/10.1109/tmech.2019.2963439,openalex,robotics,concept,openalex_bulk_robotics,,119,model predictive control; SLAM,2026-06-12T18:57:17Z,12.744,14.744
doi:10.1109/icra57147.2024.10611462,Language and Sketching: An LLM-driven Interactive Multimodal Multitask Robot Navigation Framework,"The socially-aware navigation system has evolved to adeptly avoid various obstacles while performing multiple tasks, such as point-to-point navigation, human-following, and -guiding. However, a prominent gap persists: in Human-Robot Interaction (HRI), the procedure of communicating commands to robots demands intricate mathematical formulations. Furthermore, the transition between tasks does not quite possess the intuitive control and user-centric interactivity that one would desire. In this work, we propose an LLM-driven interactive multimodal multitask robot navigation framework, termed LIM2N, to solve the above new challenge in the navigation field. We achieve this by first introducing a multimodal interaction framework where language and hand-drawn inputs can serve as navigation constraints and control objectives. Next, a reinforcement learning agent is built to handle multiple tasks ",2024,,Weiqin Zu; Wenbin Song; Ruiqing Chen; Ze Guo; Fanglei Sun; Zheng Tian; Wei Pan; Jun Wang,10.1109/icra57147.2024.10611462,,https://doi.org/10.1109/icra57147.2024.10611462,openalex,robotics,concept,openalex_bulk_robotics,,23,human robot interaction,2026-06-12T18:57:17Z,12.739,12.739
doi:10.1007/s00146-021-01263-4,AI under great uncertainty: implications and decision strategies for public policy,"Abstract Decisions where there is not enough information for a well-informed decision due to unidentified consequences, options, or undetermined demarcation of the decision problem are called decisions under great uncertainty. This paper argues that public policy decisions on how and if to implement decision-making processes based on machine learning and AI for public use are such decisions. Decisions on public policy on AI are uncertain due to three features specific to the current landscape of AI, namely (i) the vagueness of the definition of AI, (ii) uncertain outcomes of AI implementations and (iii) pacing problems. Given that many potential applications of AI in the public sector concern functions central to the public sphere, decisions on the implementation of such applications are particularly sensitive. Therefore, it is suggested that public policy-makers and decision-makers in t",2021,AI & Society,Maria Nordström,10.1007/s00146-021-01263-4,,https://doi.org/10.1007/s00146-021-01263-4,openalex,energy based policy robotics,concept,ebm,,77,,2026-06-12T18:05:07Z,12.728,13.728
doi:10.1109/tii.2021.3117262,Low-Complexity Prescribed Performance Control for Unmanned Aerial Manipulator Robot System Under Model Uncertainty and Unknown Disturbances,"This article presents a trajectory tracking control method for the unmanned aerial manipulator robot system (UAMRS) under model uncertainty and unknown disturbances. More specifically, a low-complexity prescribed performance controller is proposed to effectively reduce the design complexity and achieve the prescribed transient and steady-state performance. First, the dynamics model of the UAMRS is analyzed and modeled, where the unmeasured internal interaction generated by the coupling effect and the random environmental disturbances are considered simultaneously. Then, utilizing the property of prescribed performance, the UAMRS with model uncertainty and external disturbances can guarantee preferable trajectory tracking responses, where the nonlinear disturbance observer is used to estimate and compensate uncertainties and external disturbances. Moreover, the proposed controller defined",2021,IEEE Transactions on Industrial Informatics,Jiacheng Liang; Yanjie Chen; Ningbin Lai; Bingwei He; Zhiqiang Miao; Yaonan Wang,10.1109/tii.2021.3117262,,https://doi.org/10.1109/tii.2021.3117262,openalex,robotics,concept,openalex_bulk_robotics,,76,,2026-06-12T18:57:17Z,12.722,13.722
doi:10.1016/j.knosys.2024.111663,Dealing with uncertainty: Balancing exploration and exploitation in deep recurrent reinforcement learning,"Incomplete knowledge of the environment leads an agent to make decisions under uncertainty. One of the major dilemmas in Reinforcement Learning (RL) where an autonomous agent has to balance two contrasting needs in making its decisions is: exploiting the current knowledge of the environment to maximize the cumulative reward as well as exploring actions that allow improving the knowledge of the environment, hopefully leading to higher reward values (exploration-exploitation trade-off). Concurrently, another relevant issue regards the full observability of the states, which may not be assumed in all applications. For instance, when 2D images are considered as input in an RL approach used for finding the best actions within a 3D simulation environment. In this work, we address these issues by deploying and testing several techniques to balance exploration and exploitation trade-off on parti",2024,Knowledge-Based Systems,Valentina Zangirolami; Matteo Borrotti,10.1016/j.knosys.2024.111663,,https://doi.org/10.1016/j.knosys.2024.111663,openalex,energy based model robot learning,concept,ebm,,22,,2026-06-12T18:26:24Z,12.718,13.718
doi:10.1038/s41598-024-59100-9,An active machine learning approach for optimal design of magnesium alloys using Bayesian optimisation,"In the pursuit of magnesium (Mg) alloys with targeted mechanical properties, a multi-objective Bayesian optimisation workflow is presented to enable optimal Mg-alloy design. A probabilistic Gaussian process regressor model was trained through an active learning loop, while balancing the exploration and exploitation trade-off via an acquisition function of the upper confidence bound. New candidate alloys suggested by the optimiser within each iteration were appended to the training data, and the performance of this sequential strategy was validated via a regret analysis. Using the proposed approach, the dependency of the prediction error on the training data was overcome by considering both the predictions and their associated uncertainties. The method developed here, has been packaged into a web tool with a graphical user-interactive interface (GUI) that allows the proposed optimal Mg-al",2024,Scientific Reports,M. Ghorbani; Mario Boley; Philip N. H. Nakashima; N. Birbilis,10.1038/s41598-024-59100-9,,https://doi.org/10.1038/s41598-024-59100-9,openalex,energy based model robot learning,concept,ebm,,22,,2026-06-12T18:26:24Z,12.718,12.718
doi:10.1162/neco_a_00999,"Active Inference, Curiosity and Insight","This article offers a formal account of curiosity and insight in terms of active (Bayesian) inference. It deals with the dual problem of inferring states of the world and learning its statistical structure. In contrast to current trends in machine learning (e.g., deep learning), we focus on how people attain insight and understanding using just a handful of observations, which are solicited through curious behavior. We use simulations of abstract rule learning and approximate Bayesian inference to show that minimizing (expected) variational free energy leads to active sampling of novel contingencies. This epistemic behavior closes explanatory gaps in generative models of the world, thereby reducing uncertainty and satisfying curiosity. We then move from epistemic learning to model selection or structure learning to show how abductive processes emerge when agents test plausible hypotheses",2017,Neural Computation,Karl Friston; Marco Lin; Chris Frith; Giovanni Pezzulo; J. Allan Hobson; Sasha Ondobaka,10.1162/neco_a_00999,,https://doi.org/10.1162/neco_a_00999,openalex,energy based model robot learning,concept,ebm,,377,,2026-06-12T18:05:07Z,12.717,13.717
doi:10.1049/iet-cvi.2018.5020,Depth‐based end‐to‐end deep network for human action recognition,"Recognition of human actions from videos can be improved if depth information is available. Depth information certainly helps in segregating foreground motion from the background. Single image depth estimation (SIDE) is a commonly used method for the analysis of weather degraded images. In this study, the idea of SIDE is extended to human action recognition (HAR) on datasets where depth information is not available. Several depth‐based HAR algorithms are available but all of them are using the depth information given with the dataset. Some other methods are using depth motion map which refers to the depth of motion in a temporal direction. Here, a new depth‐based end‐to‐end deep network is proposed for HAR in which the frame‐wise depth is estimated and this estimated depth is used for processing instead of RGB frame. As colour information is not required for estimating motion, a single c",2019,IET Computer Vision,Sachin Chaudhary; Subrahmanyam Murala,10.1049/iet-cvi.2018.5020,,https://doi.org/10.1049/iet-cvi.2018.5020,crossref,vision language action model limitation robotics,hostile,failure,,24,vision language action model; limitation; benchmark,2026-06-12T15:07:36Z,12.709,18.709
arxiv:2102.04750v1,Where is my hand? Deep hand segmentation for visual self-recognition in humanoid robots,"The ability to distinguish between the self and the background is of paramount importance for robotic tasks. The particular case of hands, as the end effectors of a robotic system that more often enter into contact with other elements of the environment, must be perceived and tracked with precision to execute the intended tasks with dexterity and without colliding with obstacles. They are fundamental for several applications, from Human-Robot Interaction tasks to object manipulation. Modern humanoid robots are characterized by high number of degrees of freedom which makes their forward kinematics models very sensitive to uncertainty. Thus, resorting to vision sensing can be the only solution to endow these robots with a good perception of the self, being able to localize their body parts with precision. In this paper, we propose the use of a Convolution Neural Network (CNN) to segment th",2021,arXiv,Alexandre Almeida; Pedro Vicente; Alexandre Bernardino,,2102.04750v1,http://arxiv.org/abs/2102.04750v1,arxiv,EBM transformer robotics humanoid robot,concept,architecture_x_embodiment,,,EBM transformer robotics; humanoid robot; robot hand; domain randomization; human robot interaction,2026-06-12T15:07:36Z,12.700,13.700
doi:10.1109/icra.2012.6224879,Active perception for autonomous vehicles,,2012,2012 IEEE International Conference on Robotics and Automation,Alois Unterholzner; Michael Himmelsbach; Hans-Joachim Wuensche,10.1109/icra.2012.6224879,,https://doi.org/10.1109/icra.2012.6224879,crossref,robotics,concept,crossref_bulk_robotics,,8,active perception,2026-06-12T19:29:26Z,12.699,12.699
doi:10.1007/978-3-319-32552-1_41,Active Manipulation for Perception,,2016,Springer Handbooks Springer Handbook of Robotics,Anna Petrovskaya; Kaijen Hsiao,10.1007/978-3-319-32552-1_41,,https://doi.org/10.1007/978-3-319-32552-1_41,crossref,physical reasoning robotics manipulation,concept,physical_reasoning,,5,,2026-06-12T15:07:36Z,12.696,12.696
doi:10.1109/robio.2017.8324767,Implementation and depth control of an active-and-compliant propelled robot fish,,2017,2017 IEEE International Conference on Robotics and Biomimetics (ROBIO),Yong Zhong; Fengran Xie; Jialei Song; Ruxu Du,10.1109/robio.2017.8324767,,https://doi.org/10.1109/robio.2017.8324767,crossref,robotics,concept,crossref_bulk_robotics,,3,,2026-06-12T19:29:26Z,12.693,12.693
doi:10.1109/lra.2022.3176718,Uncertainty-Driven Spiral Trajectory for Robotic Peg-in-Hole Assembly,"The peg-in-hole assembly is an essential robotic task that is widely involved in the industry and daily life. Hole search is a crucial step in peg-in-hole since it aligns the peg and hole where the positional uncertainty is presented. This study introduces a hole search strategy by computing an exploration distribution based on uncertainty analysis. Our method firstly utilizes vision to estimate the hole’s pose. It then performs an uncertainty analysis based on vision estimation and systematic configures to compute the exploration distribution of the hole search. The computed exploration distribution calculates a search trajectory through the distribution and finds the hole. The effectiveness of the search strategy is experimentally verified using a robot manipulator in the peg-in-hole of the optical transceiver, which is a challenging task that has not yet been addressed. The results co",2022,IEEE Robotics and Automation Letters,Hanwen Kang; Yaohua Zang; Xing Wang; Yaohui Chen,10.1109/lra.2022.3176718,,https://doi.org/10.1109/lra.2022.3176718,openalex,robotics,concept,openalex_bulk_robotics,,47,,2026-06-12T18:57:17Z,12.686,13.686
doi:10.1109/access.2023.3304992,Intelligent Control of Multilegged Robot Smooth Motion: A Review,"Motion control is crucial for multilegged robot locomotion and task completion. This study aims to address the fundamental challenges of inadequate foot tracking and weak leg compliance control in multilegged robot motions. The first section summarizes and discusses the feasibility and operability of smooth motion for multilegged robots based on the necessary conditions and application value of walking over complicated and unstructured terrain. The second to fourth sections present a qualitative research method of literature review to study the effects of several factors on the smooth motion of multilegged robots, including foot force perception and motion planning, active compliance control, gait stability, and Deep Reinforcement Learning (DRL) control. We conducted a case analysis of multilegged robots using traditional Nonlinear Model Predictive Control (NMPC), biomimetic Central Patt",2023,IEEE Access,Yongyong Zhao; Jinghua Wang; Guohua Cao; Yi Yuan; Yao Xu; Luqiang Qi,10.1109/access.2023.3304992,,https://doi.org/10.1109/access.2023.3304992,openalex,energy based model robot learning,concept,ebm,,117,model predictive control; motion planning,2026-06-12T18:05:07Z,12.685,14.685
doi:10.1016/j.dibe.2023.100263,BIM4EarlyLCA: An interactive visualization approach for early design support based on uncertain LCA results using open BIM,"To meet the European climate goals in the building sector, a holistic optimization of embodied greenhouse gas (GHG) emissions using the method of life cycle assessments (LCA) are necessary. The early design stages have high impact on the final performance of the buildings and are characterized by high uncertainty due to the lack of information and not yet taken decisions. Furthermore, most current LCA approaches based on Building Information Models (BIM) require high expertise and experience in both BIM and LCA and do not follow an intuitive visualization approach for other stakeholders and non-experts. This paper presents a novel design-decision-making approach for reducing embodied GHG emissions by interactive, model-based visualizations of uncertain LCA results. The proposed workflow is based on open BIM data formats, such as Industry Foundation Classes (IFC) and BIM Collaboration For",2023,Developments in the Built Environment,Kasimir Forth; Alexander Hollberg; André Borrmann,10.1016/j.dibe.2023.100263,,https://doi.org/10.1016/j.dibe.2023.100263,openalex,transformer energy based model robotics,concept,ebm_transformer,,31,energy based model robotics,2026-06-12T18:05:07Z,12.683,13.683
doi:10.1111/mice.13159,Deep reinforcement learning‐based active mass driver decoupled control framework considering control–structure interaction effects,"Control–structure interaction (CSI) plays a significant role in active control systems. Popular methods incorporate actuator dynamics into an integrated control system to account for CSI, leading to a situation where existing structural control algorithms that ignore CSI cannot be applied directly. To address this issue, this study proposes a deep reinforcement learning (DRL) based active mass driver (AMD) decoupled control framework, in which a structural control algorithm is employed to generate the control force command without consideration of CSI, while a DRL agent is utilized to attenuate the CSI effects of AMD systems and achieve a desired control force. The DRL-based AMD control framework is verified through a series of numerical experiments. Furthermore, the applicability of the control framework is confirmed in a wind-excited 76-story benchmark building. Comprehensive analysis ",2024,Computer-Aided Civil and Infrastructure Engineering,Hongcan Yao; Ping Tan; Taiping Yang; Fulin Zhou,10.1111/mice.13159,,https://doi.org/10.1111/mice.13159,openalex,energy based model robot learning,concept,ebm,,20,benchmark,2026-06-12T18:26:24Z,12.672,13.672
doi:10.1038/s44172-025-00350-4,Vision-based tactile sensor design using physically based rendering,"High-resolution tactile sensors are very helpful to robots for fine-grained perception and manipulation tasks, but designing those sensors is challenging. This is because the designs are based on the compact integration of multiple optical elements, and it is difficult to understand the correlation between the element arrangements and the sensor accuracy by trial and error. In this work, we introduce the digital design of vision-based tactile sensors using a physically accurate light simulator. The framework modularizes the design process, parameterizes the sensor components, and contains an evaluation metric to quantify a sensor’s performance. We quantify the effects of sensor shape, illumination setting, and sensing surface material on tactile sensor performance using our evaluation metric. The proposed optical simulation framework can replicate the tactile image of the real vision-bas",2025,Communications Engineering,Arpit Agarwal; Achu Wilson; Timothy Man; Edward H. Adelson; Ioannis Gkioulekas; Wenzhen Yuan,10.1038/s44172-025-00350-4,,https://doi.org/10.1038/s44172-025-00350-4,openalex,energy based model robot learning,concept,ebm,,13,dexterous manipulation,2026-06-12T18:26:24Z,12.670,13.670
doi:10.3390/s23104647,Biologically Inspired Complete Coverage Path Planning Algorithm Based on Q-Learning,"Complete coverage path planning requires that the mobile robot traverse all reachable positions in the environmental map. Aiming at the problems of local optimal path and high path coverage ratio in the complete coverage path planning of the traditional biologically inspired neural network algorithm, a complete coverage path planning algorithm based on Q-learning is proposed. The global environment information is introduced by the reinforcement learning method in the proposed algorithm. In addition, the Q-learning method is used for path planning at the positions where the accessible path points are changed, which optimizes the path planning strategy of the original algorithm near these obstacles. Simulation results show that the algorithm can automatically generate an orderly path in the environmental map, and achieve 100% coverage with a lower path repetition ratio.",2023,Sensors,Xiangquan Tan; Linhui Han; Hao Gong; Qingwen Wu,10.3390/s23104647,,https://doi.org/10.3390/s23104647,openalex,energy based model robot learning,concept,ebm,,30,,2026-06-12T18:05:07Z,12.667,12.667
doi:10.3390/s22031201,Analytical Review of Event-Based Camera Depth Estimation Methods and Systems,"Event-based cameras have increasingly become more commonplace in the commercial space as the performance of these cameras has also continued to increase to the degree where they can exponentially outperform their frame-based counterparts in many applications. However, instantiations of event-based cameras for depth estimation are sparse. After a short introduction detailing the salient differences and features of an event-based camera compared to that of a traditional, frame-based one, this work summarizes the published event-based methods and systems known to date. An analytical review of these methods and systems is performed, justifying the conclusions drawn. This work is concluded with insights and recommendations for further development in the field of event-based camera depth estimation.",2022,Sensors,Justas Furmonas; John Liobe; Vaidotas Barzdėnas,10.3390/s22031201,,https://doi.org/10.3390/s22031201,openalex,energy based model robot learning,concept,ebm,,45,,2026-06-12T18:26:24Z,12.664,12.664
doi:10.1063/5.0082956,On-the-fly autonomous control of neutron diffraction via physics-informed Bayesian active learning,"We demonstrate the first live, autonomous control over neutron diffraction experiments by developing and deploying ANDiE: the autonomous neutron diffraction explorer. Neutron scattering is a unique and versatile characterization technique for probing the magnetic structure and behavior of materials. However, instruments at neutron scattering facilities in the world is limited, and instruments at such facilities are perennially oversubscribed. We demonstrate a significant reduction in experimental time required for neutron diffraction experiments by implementation of autonomous navigation of measurement parameter space through machine learning. Prior scientific knowledge and Bayesian active learning are used to dynamically steer the sequence of measurements. We show that ANDiE can experimentally determine the magnetic ordering transition of both MnO and Fe 1.09 Te all while providing a fi",2022,Applied Physics Reviews,Austin McDannald; Matthias Frontzek; Andrei T. Savici; Mathieu Doucet; Efrain E. Rodriguez; Kate Meuse; Jessica Opsahl-Ong; Daniel Samarov; Ichiro Takeuchi; William Ratcliff; A. Gilad Kusne,10.1063/5.0082956,,https://doi.org/10.1063/5.0082956,crossref,physics informed robot learning,concept,architecture,,49,physics informed robot learning,2026-06-12T15:07:36Z,12.656,12.656
doi:10.1109/access.2022.3141824,Day-Ahead Optimal Dispatch Strategy for Active Distribution Network Based on Improved Deep Reinforcement Learning,"To effectively deal with the challenge of optimal dispatch caused by uncertainties such as renewable energy in active distribution network, a day-ahead optimal dispatch strategy for active distribution network based on improved deep reinforcement learning is proposed. First, the day-ahead optimal dispatch problem for the active distribution network is modeled as a multistage stochastic programming model. Multistage models attempt to capture the dynamics of unfolding uncertainties over time, so that the interaction between decision making and uncertainty unfolding is represented more accurately and realistically, and the decision can be adjusted dynamically and adaptively. Second, with the help of deep neural network to approximate the power flow model of the active distribution network in a data-driven manner, an improved deep reinforcement learning algorithm is proposed to solve the cor",2022,IEEE Access,Xiaoyu Li; Xueshan Han; Ming Yang,10.1109/access.2022.3141824,,https://doi.org/10.1109/access.2022.3141824,openalex,energy based model robot learning,concept,ebm,,44,,2026-06-12T18:05:07Z,12.653,13.653
doi:10.1145/3701188,Conversate: Supporting Reflective Learning in Interview Practice Through Interactive Simulation and Dialogic Feedback,"Job interviews play a critical role in shaping one's career, yet practicing interview skills can be challenging, especially without access to human coaches or peers for feedback. Recent advancements in large language models (LLMs) present an opportunity to enhance the interview practice experience. Yet, little research has explored the effectiveness and user perceptions of such systems or the benefits and challenges of using LLMs for interview practice. Furthermore, while prior work and recent commercial tools have demonstrated the potential of AI to assist with interview practice, they often deliver one-way feedback, where users only receive information about their performance. By contrast, dialogic feedback , a concept developed in learning sciences, is a two-way interaction feedback process that allows users to further engage with and learn from the provided feedback through interacti",2025,Proceedings of the ACM on Human-Computer Interaction,Taufiq Daryanto; Xiaohan Ding; Lance T. Wilhelm; Sophia Stil; Kirk McInnis Knutsen; Eugenia H. Rho,10.1145/3701188,,https://doi.org/10.1145/3701188,crossref,interactive robot learning human feedback,concept,hri,,29,,2026-06-12T15:07:36Z,12.651,12.651
arxiv:1910.02445v3,Enhanced Human-Machine Interaction by Combining Proximity Sensing with Global Perception,"The raise of collaborative robotics has led to wide range of sensor technologies to detect human-machine interactions: at short distances, proximity sensors detect nontactile gestures virtually occlusion-free, while at medium distances, active depth sensors are frequently used to infer human intentions. We describe an optical system for large workspaces to capture human pose based on a single panoramic color camera. Despite the two-dimensional input, our system is able to predict metric 3D pose information over larger field of views than would be possible with active depth measurement cameras. We merge posture context with proximity perception to reduce occlusions and improve accuracy at long distances. We demonstrate the capabilities of our system in two use cases involving multiple humans and robots.",2019,arXiv,Christoph Heindl; Markus Ikeda; Gernot Stübl; Andreas Pichler; Josef Scharinger,,1910.02445v3,http://arxiv.org/abs/1910.02445v3,arxiv,Gaussian splatting robot perception,concept,architecture,,,Gaussian splatting robot perception; occlusion,2026-06-12T14:45:03Z,12.650,12.650
doi:10.14464/ess.v7i2.436,Real-time 3D Perception of Scene with Monocular Camera,"Depth is a vital prerequisite for the fulfillment of various tasks such as perception, navigation, and planning. Estimating depth using only a single image is a challenging task since the analytic mapping is not available between the intensity image and its depth where the features cue of the context is usually absent in the single image. Furthermore, most current researchers rely on the supervised Learning approach to handle depth estimation. Therefore, the demand for recorded ground truth depth is important at the training time, which is actually tricky and costly. This study presents two approaches (unsupervised learning and semi-supervised learning) to learn the depth information using only a single RGB-image. The main objective of depth estimation is to extract a representation of the spatial structure of the environment and to restore the 3D shape and visual appearance of objects i",2020,Embedded Selforganising Systems,Shadi Saleh; Shanmugapriyan Manoharan; Wolfram Hardt,10.14464/ess.v7i2.436,,https://doi.org/10.14464/ess.v7i2.436,crossref,3D scene understanding robot manipulation,concept,scene_understanding,,,robot manipulation; 3D scene understanding,2026-06-12T15:07:36Z,12.650,12.650
arxiv:1909.07459v2,Bridging Visual Perception with Contextual Semantics for Understanding Robot Manipulation Tasks,"Understanding manipulation scenarios allows intelligent robots to plan for appropriate actions to complete a manipulation task successfully. It is essential for intelligent robots to semantically interpret manipulation knowledge by describing entities, relations and attributes in a structural manner. In this paper, we propose an implementing framework to generate high-level conceptual dynamic knowledge graphs from video clips. A combination of a Vision-Language model and an ontology system, in correspondence with visual perception and contextual semantics, is used to represent robot manipulation knowledge with Entity-Relation-Entity (E-R-E) and Entity-Attribute-Value (E-A-V) tuples. The proposed method is flexible and well-versed. Using the framework, we present a case study where robot performs manipulation actions in a kitchen environment, bridging visual perception with contextual sem",2019,arXiv,Chen Jiang; Martin Jagersand,,1909.07459v2,http://arxiv.org/abs/1909.07459v2,arxiv,Gaussian splatting robot perception bimanual manipulation,concept,architecture_x_embodiment,,,Gaussian splatting robot perception; robot manipulation; bimanual manipulation,2026-06-12T15:07:36Z,12.650,12.650
doi:10.3390/s25196163,VLA-MP: A Vision-Language-Action Framework for Multimodal Perception and Physics-Constrained Action Generation in Autonomous Driving,"Autonomous driving in complex real-world environments requires robust perception, reasoning, and physically feasible planning, which remain challenging for current end-to-end approaches. This paper introduces VLA-MP, a unified vision-language-action framework that integrates multimodal Bird’s-Eye View (BEV) perception, vision-language alignment, and a GRU-bicycle dynamics cascade adapter for physics-informed action generation. The system constructs structured environmental representations from RGB images and LiDAR, aligns scene features with natural language instructions through a cross-modal projector and large language model, and converts high-level semantic hidden states outputs into executable and physically consistent trajectories. Experiments on the LMDrive dataset and CARLA simulator demonstrate that VLA-MP achieves high performance across the LangAuto benchmark series, with best ",2025,Sensors,Maoning Ge; Kento Ohtani; Yingjie Niu; Yuxiao Zhang; Kazuya Takeda,10.3390/s25196163,,https://doi.org/10.3390/s25196163,crossref,vision language action model limitation robotics,hostile,failure,,1,vision language action model; limitation; benchmark,2026-06-12T14:45:03Z,12.647,19.647
doi:10.3390/robotics15020047,Dual-Detector Vision and Depth-Aware Back-Projection for Accurate Apple Detection and 3D Localisation for Robotic Harvesting,"Accurate apple detection and precise three-dimensional (3D) localisation are essential for autonomous robotic harvesting in orchard environments, where occlusion, illumination variation, depth noise, and the similar colour appearance of fruits and surrounding leaves present significant challenges. This paper proposes a dual-detector vision framework combined with depth-aware back-projection to achieve robust apple detection and metric 3D localisation in real time. The method integrates the complementary strengths of YOLOv8 and Mask R-CNN through confidence-weighted fusion of bounding boxes and pixel-wise union of segmentation masks, producing stabilised two-dimensional (2D) apple representations under visually ambiguous conditions. The fusion results are converted into dense 3D representations through depth-guided projection within the camera coordinate system representing the visible fr",2026,Robotics,Tagor Hossain; Peng Shi; Levente Kovacs,10.3390/robotics15020047,,https://doi.org/10.3390/robotics15020047,crossref,vision language action model limitation robotics,hostile,failure,,1,vision language action model; limitation; occlusion,2026-06-12T15:07:36Z,12.647,17.647
doi:10.1142/s0219843615500097,Active Visual Perception for Humanoid Robots,"Robots detect and keep track of relevant objects in their environment to accomplish some tasks. Many of them are equipped with mobile cameras as the main sensors, process the images and maintain an internal representation of the detected objects. We propose a novel active visual memory that moves the camera to detect objects in robot's surroundings and tracks their positions. This visual memory is based on a combination of multi-modal filters that efficiently integrates partial information. The visual attention subsystem is distributed among the software components in charge of detecting relevant objects. We demonstrate the efficiency and robustness of this perception system in a real humanoid robot participating in the RoboCup SPL competition.",2015,International Journal of Humanoid Robotics,Francisco Martín; Carlos E. Agüero; José M. Cañas,10.1142/s0219843615500097,,https://doi.org/10.1142/s0219843615500097,crossref,humanoid robot foundation model,concept,humanoid,,1,robot foundation model; humanoid robot; robustness,2026-06-12T14:45:03Z,12.647,13.647
doi:10.1109/robio.2012.6491254,Pneumatic drive active vibration control for flexible manipulator using an adaptive interactive PD controller,,2012,2012 IEEE International Conference on Robotics and Biomimetics (ROBIO),Zhicheng Qiu; Zhili Zhao,10.1109/robio.2012.6491254,,https://doi.org/10.1109/robio.2012.6491254,crossref,robotics,concept,crossref_bulk_robotics,,7,,2026-06-12T19:29:26Z,12.640,12.640
doi:10.1007/s00422-018-0753-2,Planning and navigation as active inference,"This paper introduces an active inference formulation of planning and navigation. It illustrates how the exploitation-exploration dilemma is dissolved by acting to minimise uncertainty (i.e. expected surprise or free energy). We use simulations of a maze problem to illustrate how agents can solve quite complicated problems using context sensitive prior preferences to form subgoals. Our focus is on how epistemic behaviour-driven by novelty and the imperative to reduce uncertainty about the world-contextualises pragmatic or goal-directed behaviour. Using simulations, we illustrate the underlying process theory with synthetic behavioural and electrophysiological responses during exploration of a maze and subsequent navigation to a target location. An interesting phenomenon that emerged from the simulations was a putative distinction between 'place cells'-that fire when a subgoal is reached-",2018,Biological Cybernetics,Raphael Kaplan; Karl Friston,10.1007/s00422-018-0753-2,,https://doi.org/10.1007/s00422-018-0753-2,openalex,energy based policy robotics,concept,ebm,,212,,2026-06-12T18:43:24Z,12.631,13.631
doi:10.3390/app10051665,Contingent Task and Motion Planning under Uncertainty for Human–Robot Interactions,"Manipulation planning under incomplete information is a highly challenging task for mobile manipulators. Uncertainty can be resolved by robot perception modules or using human knowledge in the execution process. Human operators can also collaborate with robots for the execution of some difficult actions or as helpers in sharing the task knowledge. In this scope, a contingent-based task and motion planning is proposed taking into account robot uncertainty and human–robot interactions, resulting a tree-shaped set of geometrically feasible plans. Different sorts of geometric reasoning processes are embedded inside the planner to cope with task constraints like detecting occluding objects when a robot needs to grasp an object. The proposal has been evaluated with different challenging scenarios in simulation and a real environment.",2020,Applied Sciences,Aliakbar Akbari; Mohammed Diab; Jan Rosell,10.3390/app10051665,,https://doi.org/10.3390/app10051665,crossref,robot world model failure planning,hostile,failure,,13,robot world model; motion planning; task and motion planning; human robot interaction; robot world model failure,2026-06-12T15:07:36Z,12.620,18.620
doi:10.1109/tsmc.2020.2966077,Fixed-Time Active Disturbance Rejection Control and Its Application to Wheeled Mobile Robots,"This article is concerned with the fixed-time active disturbance rejection control approach for nonlinear systems subject to uncertainties and disturbances. First, a new type of extended state observer (ESO) which can attain fixed-time convergence is established to estimate the states and the total disturbance. Then a fixed-time controller based on the above ESO is developed to achieve high precision control performance. Finally, the proposed method is utilized for the wheeled mobile robot where the experiment validates the effectiveness of the theoretical results.",2020,IEEE Transactions on Systems Man and Cybernetics Systems,Shaoping Chang; Yijing Wang; Zhiqiang Zuo,10.1109/tsmc.2020.2966077,,https://doi.org/10.1109/tsmc.2020.2966077,openalex,robotics,concept,openalex_bulk_robotics,,90,,2026-06-12T18:57:17Z,12.605,12.605
doi:10.1109/robio.2016.7866464,A novel active suspension gravity compensation system for physically simulating human walking in microgravity,,2016,2016 IEEE International Conference on Robotics and Biomimetics (ROBIO),Sheng Xiang; Haibo Gao; Zheng Liu; Haitao Yu; Zhongquan Deng,10.1109/robio.2016.7866464,,https://doi.org/10.1109/robio.2016.7866464,crossref,robotics,concept,crossref_bulk_robotics,,4,,2026-06-12T19:29:26Z,12.605,12.605
doi:10.2139/ssrn.4403082,Research on Interactive Force Acquisition and Active-Passive Mode Determination of Rehabilitation Robot,,,,Jian Li; Chengrun Lan; Peng Liang; MingYue Zhong; XianLin Shi; YiLin Lv,10.2139/ssrn.4403082,,https://doi.org/10.2139/ssrn.4403082,crossref,robot foundation model failure mode,hostile,failure,,,robot foundation model; failure mode,2026-06-12T15:07:36Z,12.600,16.600
doi:10.1167/9.8.419,"Two views of the world: Active vision, attention, and perception and action loops in real-world interaction",,2010,Journal of Vision,C. Yu; L. Smith; A. Pereira; S. Matthrews; H. Shen,10.1167/9.8.419,,https://doi.org/10.1167/9.8.419,crossref,vision language action model limitation robotics,hostile,failure,,,vision language action model; limitation,2026-06-12T15:07:36Z,12.600,18.600
doi:10.1299/jsmermd.2020.2a1-l02,Active Perception Policy Learning by Reinforcement Learning,,2020,The Proceedings of JSME annual Conference on Robotics and Mechatronics (Robomec),Wataru HATANAKA; Fumihiro SASAKI; Ryota YAMASHINA,10.1299/jsmermd.2020.2a1-l02,,https://doi.org/10.1299/jsmermd.2020.2a1-l02,crossref,model based reinforcement learning robotics,concept,architecture,,,model based reinforcement learning robotics; active perception,2026-06-12T15:07:36Z,12.600,12.600
doi:10.1109/lars/sbr/wre51543.2020.9307124,Depth Completion with Morphological Operations: An Intermediate Approach to Enhance Monocular Depth Estimation,,2020,"2020 Latin American Robotics Symposium (LARS), 2020 Brazilian Symposium on Robotics (SBR) and 2020 Workshop on Robotics in Education (WRE)",Raul Q. Mendes; Eduardo G. Ribeiro; Nicolas S. Rosa; Valdir Grassi,10.1109/lars/sbr/wre51543.2020.9307124,,https://doi.org/10.1109/lars/sbr/wre51543.2020.9307124,crossref,robotics,concept,crossref_bulk_robotics,,,,2026-06-12T19:29:26Z,12.600,12.600
doi:10.1609/aaai.v38i6.28384,H2GFormer: Horizontal-to-Global Voxel Transformer for 3D Semantic Scene Completion,"3D Semantic Scene Completion (SSC) has emerged as a novel task in vision-based holistic 3D scene understanding. Its objective is to densely predict the occupancy and category of each voxel in a 3D scene based on input from either LiDAR or images. Currently, many transformer-based semantic scene completion frameworks employ simple yet popular Cross-Attention and Self-Attention mechanisms to integrate and infer dense geometric and semantic information of voxels. However, they overlook the distinctions among voxels in the scene, especially in outdoor scenarios where the horizontal direction contains more variations. And voxels located at object boundaries and within the interior of objects exhibit varying levels of positional significance. To address this issue, we propose a transformer-based SSC framework called H2GFormer that incorporates a horizontal-to-global approach. This framework ta",2024,Proceedings of the AAAI Conference on Artificial Intelligence,Yu Wang; Chao Tong,10.1609/aaai.v38i6.28384,,https://doi.org/10.1609/aaai.v38i6.28384,crossref,3D scene understanding robot manipulation,concept,scene_understanding,,19,robot manipulation; 3D scene understanding,2026-06-12T15:07:36Z,12.598,12.598
doi:10.1126/sciadv.adi3254,Physically intelligent autonomous soft robotic maze escaper,"Autonomous maze navigation is appealing yet challenging in soft robotics for exploring priori unknown unstructured environments, as it often requires human-like brain that integrates onboard power, sensors, and control for computational intelligence. Here, we report harnessing both geometric and materials intelligence in liquid crystal elastomer-based self-rolling robots for autonomous escaping from complex multichannel mazes without the need for human-like brain. The soft robot powered by environmental thermal energy has asymmetric geometry with hybrid twisted and helical shapes on two ends. Such geometric asymmetry enables built-in active and sustained self-turning capabilities, unlike its symmetric counterparts in either twisted or helical shapes that only demonstrate transient self-turning through untwisting. Combining self-snapping for motion reflection, it shows unique curved zigza",2023,Science Advances,Yao Zhao; Yaoye Hong; Yanbin Li; Fangjie Qi; Haitao Qing; Hao Su; Jie Yin,10.1126/sciadv.adi3254,,https://doi.org/10.1126/sciadv.adi3254,openalex,energy based model robot learning,concept,ebm,,53,,2026-06-12T18:05:07Z,12.594,12.594
doi:10.2196/62930,Exploring Dance as a Therapeutic Approach for Parkinson Disease Through the Social Robotics for Active and Healthy Ageing (SI-Robotics): Results From a Technical Feasibility Study,"Background: Parkinson disease (PD) is a progressive neurodegenerative disorder characterized by motor symptoms. Recently, dance has started to be considered an effective intervention for people with PD. Several findings in the literature emphasize the necessity for deeper exploration into the synergistic impacts of dance therapy and exergaming for PD management. Moreover, socially engaging robotic platforms equipped with advanced interaction and perception features offer potential for monitoring patients' posture and enhancing workout routines with tailored cues. Objective: This paper presents the results of the Social Robotics for Active and Healthy Ageing (SI-Robotics) project, aimed at designing an innovative rehabilitation program targeted at seniors affected by (early-stage) PD. This study therefore aims to assess the usefulness of a dance-based rehabilitation program enriched by ar",2025,JMIR Aging,Roberta Bevilacqua; Elvira Maranesi; Marco Benadduci; Gabriella Cortellessa; Alessandro Umbrico; Francesca Fracasso; Giovanni Melone; Arianna Margaritini; Angela La Forgia; Pierpaolo Di Bitonto; Ada Potenza; Laura Fiorini; Carlo La Viola; Filippo Cavallo; Alessandro Leone; Andrea Caroppo; Gabriele Rescio; Mauro Marzorati; Amedeo Cesta; Giuseppe Pelliccioni,10.2196/62930,,https://doi.org/10.2196/62930,openalex,energy based model robot learning,concept,ebm,,11,,2026-06-12T18:26:24Z,12.592,12.592
doi:10.1007/s12369-024-01103-7,Perception–Intention–Action Cycle in Human–Robot Collaborative Tasks: The Collaborative Lightweight Object Transportation Use-Case,"Abstract This study proposes to improve the reliability, robustness and human-like nature of Human–Robot Collaboration (HRC). For that, the classical Perception–Action cycle is extended to a Perception–Intention–Action (PIA) cycle, which includes an Intention stage at the same level as the Perception one, being in charge of obtaining both the implicit and the explicit intention of the human, opposing to classical approaches based on inferring everything from perception. This complete cycle is exposed theoretically including its use of the concept of Situation Awareness, which is shown as a key element for the correct understanding of the current situation and future action prediction. This enables the assignment of roles to the agents involved in a collaborative task and the building of collaborative plans. To visualize the cycle, a collaborative transportation task is used as a use-case",2025,International Journal of Social Robotics,J. E. Domínguez-Vidal; Nicolás Rodríguez; Alberto Sanfeliu,10.1007/s12369-024-01103-7,,https://doi.org/10.1007/s12369-024-01103-7,crossref,world action model robotics,concept,wam,,12,world action model; human robot interaction; robustness,2026-06-12T15:07:36Z,12.582,14.582
doi:10.1002/rob.22312,ADRC‐SMC‐based disturbance rejection depth‐tracking control of underactuated AUV,"Abstract The underactuated autonomous underwater vehicle (AUV) depth‐tracking approach is presented in this research along with comparative field experiments. First, a model‐free ADRC‐SMC pitch autopilot method is proposed to eliminate dynamics‐related disturbances. The active disturbance rejection control (ADRC) framework is adopted to compensate the complicated and unknown pitch dynamics into an approximate integral series type. Sliding mode control (SMC) feedback law is designed to further compensate for dynamic feedback linearization inaccuracy of the ADRC framework. Second, the disturbance rejection double‐loop depth‐tracking approach is suggested in conjunction with adaptive line‐of‐sight (ALOS), which converts depth tracking into pitch tracking. The ALOS not only estimates the actual angle of attack but also compensates the pitch‐tracking inaccuracy from the ADRC‐SMC in the inner ",2024,Journal of Field Robotics,Chuan Liu; Xianbo Xiang; Yu Duan; Lichun Yang; Shaolong Yang,10.1002/rob.22312,,https://doi.org/10.1002/rob.22312,crossref,neural radiance field robotics,concept,architecture,,18,neural radiance field robotics,2026-06-12T15:07:36Z,12.572,12.572
doi:10.1109/thms.2021.3138684,Toward Active Physical Human–Robot Interaction: Quantifying the Human State During Interactions,"Unanticipated physical actions from the robot on humans [active physical human–robot interaction (pHRI)] may be inevitable with the deployment of robots in human-populated environments. However, it is still unclear how humans would perceive such actions and how the robot should execute them in a physically and psychologically safe manner. The objective of this article is to explore the possibility of quantifying the humans’ physical and mental state during an active physical interaction with a robot, by means of a laboratory experiment. We hypothesize that the active robot actions could cause measurable alterations in users’ data, which could be related to their perceptions and personalities. In the experiment, the user plays a visual game using the robot, which has a hidden task that results in active physical actions on the user. We collect data from physical and physiological sensors,",2022,IEEE Transactions on Human-Machine Systems,Yue Hu; N. Abe; Mehdi Benallegue; Natsuki Yamanobe; Gentiane Venture; Eiichi Yoshida,10.1109/thms.2021.3138684,,https://doi.org/10.1109/thms.2021.3138684,openalex,robotics,concept,openalex_bulk_robotics,,37,human robot interaction; deployment,2026-06-12T18:57:17Z,12.569,13.569
doi:10.1109/tpwrs.2023.3309862,Dynamic Restoration of Active Distribution Networks by Coordinated Repair Crew Dispatch and Cold Load Pickup,"This article presents a dynamic restoration strategy for active distribution networks (ADNs) by coordinating repair crew dispatch and frequency-constrained cold load pickup. To incorporate the stochastic repair time, the repair crew dispatch is formulated as “event-driven” with the implementation of model predictive control (MPC). The stochastic repair time is estimated, convexified, and updated dynamically with each MPC execution. The finish of a repair task triggers the subsequent cold load pickup model, where the frequency dynamics are computed and linearly constrained with the help of a uniform frequency response model for low-inertia systems. Next, a co-optimization framework of the two models is developed to coordinate the repair crew dispatch and cold load pickup under a unified time scale. Numerical results on a modified IEEE 33-node test feeder and a real-world 136-node distribu",2023,IEEE Transactions on Power Systems,Kaiyuan Pang; Chongyu Wang; Nikos Hatziargyriou; Fushuan Wen,10.1109/tpwrs.2023.3309862,,https://doi.org/10.1109/tpwrs.2023.3309862,openalex,energy based transformer robot policy,concept,ebm_transformer,,24,energy based transformer robot policy; model predictive control,2026-06-12T18:05:07Z,12.559,14.559
doi:10.1108/josm-12-2020-0435,"Service robots, agency and embarrassing service encounters","Purpose Extant research mainly focused on potentially negative customer responses to service robots. In contrast, this study is one of the first to explore a service context where service robots are likely to be the preferred service delivery mechanism over human frontline employees. Specifically, the authors examine how customers respond to service robots in the context of embarrassing service encounters. Design/methodology/approach This study employs a mixed-method approach, whereby an in-depth qualitative study (study 1) is followed by two lab experiments (studies 2 and 3). Findings Results show that interactions with service robots attenuated customers' anticipated embarrassment. Study 1 identifies a number of factors that can reduce embarrassment. These include the perception that service robots have reduced agency (e.g. are not able to make moral or social judgements) and emotions ",2021,Journal of service management,Valentina Pitardi; Jochen Wirtz; Stefanie Paluch; Werner H. Kunz,10.1108/josm-12-2020-0435,,https://doi.org/10.1108/josm-12-2020-0435,openalex,robotics,concept,openalex_bulk_robotics,,202,,2026-06-12T18:57:17Z,12.557,13.557
doi:10.1109/tim.2022.3170997,Active Suppression Method of Dangerous Behaviors for Robot-Assisted Vascular Interventional Surgery,"The procedure of vascular interventional surgery (VIS) is very complicated. It requires doctors to wear the protecting suits and manipulate the flexible instruments (catheters and guidewires) for a long time to complete the treatment, which may fatigue the doctors and lead to misoperation. Besides, the X-ray radiation in the operating room is also bad for doctors’ health. So, to solve the above challenges, a novel robot-assisted system was developed for VIS, which realizes the separation of the doctor and the operating room; a preliminary method was used on the slave side to reduce the excessive collision force when the tip of the catheter travels through the curved blood vessel, and the active enhancing safety method of the robot-assisted system was proposed to reduce the danger caused by doctors’ misoperation (dangerous behaviors) during the surgery. Finally, to verify the proposed met",2022,IEEE Transactions on Instrumentation and Measurement,Xiaoliang Jin; Shuxiang Guo; Jian Guo; Peng Shi; Masahiko Kawanishi; Hideyuki Hirata,10.1109/tim.2022.3170997,,https://doi.org/10.1109/tim.2022.3170997,openalex,robotics,concept,openalex_bulk_robotics,,36,,2026-06-12T18:57:17Z,12.555,12.555
doi:10.1007/s10514-024-10172-6,Planning under uncertainty for safe robot exploration using Gaussian process prediction,"Abstract The exploration of new environments is a crucial challenge for mobile robots. This task becomes even more complex with the added requirement of ensuring safety. Here, safety refers to the robot staying in regions where the values of certain environmental conditions (such as terrain steepness or radiation levels) are within a predefined threshold. We consider two types of safe exploration problems. First, the robot has a map of its workspace, but the values of the environmental features relevant to safety are unknown beforehand and must be explored. Second, both the map and the environmental features are unknown, and the robot must build a map whilst remaining safe. Our proposed framework uses a Gaussian process to predict the value of the environmental features in unvisited regions. We then build a Markov decision process that integrates the Gaussian process predictions with the",2024,Autonomous Robots,Alex Stephens; Matthew Budd; Michal Staniaszek; Benoit Casseau; Paul Duckworth; Maurice Fallon; Nick Hawes; Bruno Lacerda,10.1007/s10514-024-10172-6,,https://doi.org/10.1007/s10514-024-10172-6,crossref,robot world model failure planning,hostile,failure,,4,robot world model; robot world model failure,2026-06-12T15:07:36Z,12.555,17.555
doi:10.20944/preprints202604.1051.v1,ADDFNet: A Robotic Grasping Depth Map Completion Network Integrating Differential Enhancement Convolution and Hybrid Attention,"In the field of industrial robot vision, the accurate recognition and localization of transparent objects face multiple challenges. First, depth sensor data suffer from sparsity and non-uniform distribution. Even with high-end LiDAR, the obtained depth maps are generally sparse and severely noisy, especially around object boundaries. Most existing methods assume a fixed sparsity level, leading to significant performance degradation when the actual sparsity varies dynamically. Second, there is a cross-modal feature alignment issue between RGB and depth data. Simple channel stacking or addition neglects the modeling of feature correlations between the two modalities, resulting in insufficient information utilization. Furthermore, existing methods still lack the capability to model the multi-directional gradient variations of transparent objects under complex backgrounds. To address these i",,,Nan Liu; Yi-Horng Lai; Yue Wu; Jiaen Wang; Xian Yu,10.20944/preprints202604.1051.v1,,https://doi.org/10.20944/preprints202604.1051.v1,crossref,analytical grasping,anti_myopia,anti_thesis,,,industrial robot; robustness; analytical grasping,2026-06-12T15:07:36Z,12.550,16.550
doi:10.24059/olj.v22i1.1092,Engagement Matters: Student Perceptions on the Importance of Engagement Strategies in the Online Learning Environment,"Student engagement increases student satisfaction, enhances student motivation to learn, reduces the sense of isolation, and improves student performance in online courses. This survey-based research study examines student perception on various engagement strategies used in online courses based on Moore’s interaction framework. One hundred and fifty five students completed a 38-item survey on learner-to-learner, learner-to-instructor, and learner-to-content engagement strategies. Learner-to-instructor engagement strategies seemed to be most valued among the three categories. Icebreaker/introduction discussions and working collaboratively using online communication tools was rated the most beneficial engagement strategy in the learner-to-learner category, whereas sending regular announcements or e-mail reminders and providing grading rubrics for all assignments was rated the most benefici",2018,Online Learning,Florence Martin; Doris U Bolliger,10.24059/olj.v22i1.1092,,https://doi.org/10.24059/olj.v22i1.1092,crossref,online adaptation robot learning,concept,adaptation,,809,online adaptation,2026-06-12T15:07:36Z,12.550,12.550
doi:10.1149/ma2018-03/1/115,(Invited) Utility of Biomolecular Motors for Studying Collective Dynamics of Active Soft Matters and Future Application in Molecular Robotics,"Self-propelled biomolecular motor systems, such as microtubule-kinesin are intricate natural machines with capability of converting chemical energy into mechanical work with high efficiency. In recent years the biomolecular motor systems have emerged as promising candidates for studying active self-assembly which has been based on the in vitro gliding assay of the motor systems. Several strategies have been developed to demonstrate active self-assembly of the biomolecular motors which offered a wealth of organized and complex structures. Here we discuss the latest progress in the active self-assembly of microtubules-kinesins with an emphasis on the emergence of various structures, relevant design parameters for controlling their polymorphism, and their future potentials.",2018,ECS Meeting Abstracts,Akira Kakugo,10.1149/ma2018-03/1/115,,https://doi.org/10.1149/ma2018-03/1/115,crossref,robotics,concept,crossref_bulk_robotics,,,,2026-06-12T19:29:26Z,12.550,12.550
doi:10.1109/iris.2017.8250103,Effects of active or passive touch on perception precision of edge direction using tactile mouse exhibiting convex dot-patterns on the palm,,2017,2017 IEEE International Symposium on Robotics and Intelligent Sensors (IRIS),Hiraku Komura; Masahiro Ohka,10.1109/iris.2017.8250103,,https://doi.org/10.1109/iris.2017.8250103,crossref,tactile language action robotics,concept,tactile,,2,,2026-06-12T15:07:36Z,12.549,12.549
doi:10.1109/icar.2017.8023659,Active perception model extracting object features from unlabeled data,,2017,2017 18th International Conference on Advanced Robotics (ICAR),Manabu Gouko; Chyon Hae Kim; Yuichi Kobayashi,10.1109/icar.2017.8023659,,https://doi.org/10.1109/icar.2017.8023659,crossref,robotics,concept,crossref_bulk_robotics,,2,active perception,2026-06-12T19:29:26Z,12.549,12.549
doi:10.3390/en18123046,Robust Adaptive Fractional-Order PID Controller Design for High-Power DC-DC Dual Active Bridge Converter Enhanced Using Multi-Agent Deep Deterministic Policy Gradient Algorithm for Electric Vehicles,"The Dual Active Bridge converter (DABC), known for its bidirectional power transfer capability and high efficiency, plays a crucial role in various applications, particularly in electric vehicles (EVs), where it facilitates energy storage, battery charging, and grid integration. The Dual Active Bridge Converter (DABC), when paired with a high-performance CLLC filter, is well-regarded for its ability to transfer power bidirectionally with high efficiency, making it valuable across a range of energy applications. While these features make the DABC highly efficient, they also complicate controller design due to nonlinear behavior, fast switching, and sensitivity to component variations. We have used a Fractional-order PID (FOPID) controller to benefit from the simple structure of classical PID controllers with lower complexity and improved flexibility because of additional filtering gains a",2025,Energies,Seyyed Morteza Ghamari; Daryoush Habibi; Asma Aziz,10.3390/en18123046,,https://doi.org/10.3390/en18123046,openalex,energy based transformer robot policy,concept,ebm_transformer,,10,energy based transformer robot policy; robustness,2026-06-12T18:05:07Z,12.549,14.549
doi:10.1109/ssci.2015.28,Invariant Perception for Grasping an Unknown Object Using 3D Depth Sensor,,2015,2015 IEEE Symposium Series on Computational Intelligence,Hiroyuki Masuta; Hun-Ok Lim; Tatsuo Motoyoshi; Ken'ichi Koyanagi; Toru Oshima,10.1109/ssci.2015.28,,https://doi.org/10.1109/ssci.2015.28,crossref,analytical grasping,anti_myopia,anti_thesis,,1,analytical grasping,2026-06-12T15:07:36Z,12.547,15.547
doi:10.1007/978-3-030-00560-3_17,IIS-MSP: An Intelligent Interactive System of Patrol Robot with Multi-source Perception,,2018,"Lecture Notes in Computer Science Cooperative Design, Visualization, and Engineering",Xin-Wei Yao; Meng-Na Zhang; Hang-Jie Zhang; Chao-Chao Wang; Qiang Li; Wei Huang,10.1007/978-3-030-00560-3_17,,https://doi.org/10.1007/978-3-030-00560-3_17,crossref,Gaussian splatting robot perception multi robot system,concept,architecture_x_embodiment,,1,Gaussian splatting robot perception; multi robot system,2026-06-12T15:07:36Z,12.547,12.547
doi:10.3389/fpubh.2023.979225,Interactive robots for health in Europe: Technology readiness and adoption potential,"Introduction: Social robots are accompanied by high expectations of what they can bring to society and in the healthcare sector. So far, promising assumptions have been presented about how and where social robots are most relevant. We know that the industry has used robots for a long time, but what about social uptake outside industry, specifically, in the healthcare sector? This study discusses what trends are discernible, to better understand the gap between technology readiness and adoption of interactive robots in the welfare and health sectors in Europe. Methods: An assessment of interactive robot applications at the upper levels of the Technology Readiness Level scale is combined with an assessment of adoption potential based on Rogers' theory of diffusion of innovation. Most robot solutions are dedicated to individual rehabilitation or frailty and stress. Fewer solutions are devel",2023,Frontiers in Public Health,Britt Östlund; Monica Malvezzi; Susanne Frennert; Michael Funk; José González-Vargas; Kilian Baur; Dimitris Alimisis; Freygardur Thorsteinsson; Antonio Alonso-Cepeda; Guillaume Fau; Florian L. Haufe; Massimo Di Pardo; Juan C. Moreno,10.3389/fpubh.2023.979225,,https://doi.org/10.3389/fpubh.2023.979225,openalex,robotics,concept,openalex_bulk_robotics,,23,,2026-06-12T18:57:17Z,12.539,12.539
doi:10.1109/icra48891.2023.10160350,3DSGrasp: 3D Shape-Completion for Robotic Grasp,"Real-world robotic grasping can be done robustly if a complete 3D Point Cloud Data (PCD) of an object is available. However, in practice, PCDs are often incomplete when objects are viewed from few and sparse viewpoints before the grasping action, leading to the generation of wrong or inaccurate grasp poses. We propose a novel grasping strategy, named 3DSGrasp, that predicts the missing geometry from the partial PCD to produce reliable grasp poses. Our proposed PCD completion network is a Transformer-based encoder-decoder network with an Offset-Attention layer. Our network is inherently invariant to the object pose and point's permutation, which generates PCDs that are geometrically consistent and completed properly. Experiments on a wide range of partial PCD show that 3DSGrasp outperforms the best state-of-the-art method on PCD completion tasks and largely improves the grasping success r",2023,,Seyed S. Mohammadi; Nuno Ferreira Duarte; Dimitrios Dimou; Yiming Wang; Matteo Taiana; Pietro Morerio; Atabak Dehban; Plínio Moreno; Alexandre Bernardino; Alessio Del Bue; José Santos-Victor,10.1109/icra48891.2023.10160350,,https://doi.org/10.1109/icra48891.2023.10160350,openalex,robotics,concept,openalex_bulk_robotics,,23,,2026-06-12T18:57:17Z,12.539,13.539
doi:10.1109/cvpr52734.2025.01534,DepthSplat: Connecting Gaussian Splatting and Depth,,2025,2025 IEEE/CVF Conference on Computer Vision and Pattern Recognition (CVPR),Haofei Xu; Songyou Peng; Fangjinhua Wang; Hermann Blum; Daniel Barath; Andreas Geiger; Marc Pollefeys,10.1109/cvpr52734.2025.01534,,https://doi.org/10.1109/cvpr52734.2025.01534,crossref,Gaussian splatting robot perception,concept,architecture,,47,Gaussian splatting robot perception,2026-06-12T15:07:36Z,12.536,12.536
doi:10.3390/rs13010126,Imputing Satellite-Derived Aerosol Optical Depth Using a Multi-Resolution Spatial Model and Random Forest for PM2.5 Prediction,"A task for environmental health research is to produce complete pollution exposure maps despite limited monitoring data. Satellite-derived aerosol optical depth (AOD) is frequently used as a predictor in various models to improve PM2.5 estimation, despite significant gaps in coverage. We analyze PM2.5 and AOD from July 2011 in the contiguous United States. We examine two methods to aid in gap-filling AOD: (1) lattice kriging, a spatial statistical method adapted to handle large amounts data, and (2) random forest, a tree-based machine learning method. First, we evaluate each model’s performance in the spatial prediction of AOD, and we additionally consider ensemble methods for combining the predictors. In order to accurately assess the predictive performance of these methods, we construct spatially clustered holdouts to mimic the observed patterns of missing data. Finally, we assess whet",2021,Remote Sensing,Behzad Kianian; Yang Liu; Howard H. Chang,10.3390/rs13010126,,https://doi.org/10.3390/rs13010126,openalex,energy based model robot learning,concept,ebm,,52,,2026-06-12T18:26:24Z,12.535,12.535
doi:10.1016/j.ecmx.2024.100598,Optimal day-ahead active and reactive power management for microgrids with high penetration of renewables,"In recent years, efforts have been made to increase the proportion of electricity demand met by Renewable Energy Sources (RESs). Distributed Energy Resources (DERs) play a crucial role in this frame, particularly in Microgrids (MGs) where DERs and clusters of loads are interconnected. This paper presents an Energy Management System (EMS) developed for a low-voltage MG installed in Italy, composed of multiple busses, Photovoltaic (PV) units, a Wind Turbine (WT), a Battery Energy Storage System (BESS), a Combined Heat and Power (CHP) unit and loads: the EMS aims to optimize the day-ahead scheduling of the MG, considering both economic and power quality criteria. The mathematical model incorporates the capability curves of the inverters connected to DERs and allows for curtailment of PV and WT units, with curtailment costs assessed using the Levelized Cost of Electricity (LCOE). Penalties f",2024,Energy Conversion and Management X,Matteo Fresia; Laura Bordo; Federico Delfino; Stefano Bracco,10.1016/j.ecmx.2024.100598,,https://doi.org/10.1016/j.ecmx.2024.100598,openalex,energy based transformer robot policy,concept,ebm_transformer,,31,energy based transformer robot policy,2026-06-12T18:05:07Z,12.533,12.533
doi:10.3389/frobt.2024.1398140,"A systematic review of collaborative robots for nurses: where are we now, and where is the evidence?","Introduction: Robots present an opportunity to enhance healthcare delivery. Rather than targeting complete automation and nurse replacement, collaborative robots, or “cobots”, might be designed to allow nurses to focus on high-value caregiving. While many institutions are now investing in these platforms, there is little publicly available data on how cobots are being developed, implemented, and evaluated to determine if and how they support nursing practice in the real world. Methods: This systematic review investigates the current state of cobotic technologies designed to assist nurses in hospital settings, their intended applications, and impacts on nurses and patient care. A comprehensive database search identified 28 relevant peer-reviewed articles published since 2018 which involve real studies with robotic platforms in simulated or actual clinical contexts. Results: Few cobots wer",2024,Frontiers in Robotics and AI,Grace Babalola; Jenna-Marie Gaston; Joseph Trombetta; Stephanie Tulk Jesso,10.3389/frobt.2024.1398140,,https://doi.org/10.3389/frobt.2024.1398140,openalex,robotics,concept,openalex_bulk_robotics,,31,limitation,2026-06-12T18:57:17Z,12.533,14.533
doi:10.2514/1.g006438,Tube-Based Model Predictive Control with Uncertainty Identification for Autonomous Spacecraft Maneuvers,"Autonomous spacecraft must be robust toward uncertainty and disturbances in the system while achieving required levels of performance. As an example, robotic servicing spacecraft must intercept target objects with potentially unknown dynamic properties during active debris removal efforts. This work presents tube-based model predictive control (MPC) with uncertainty identification as a strategy to enhance performance while maintaining robustness in autonomous maneuvers. The proposed algorithm, which is an extension of the standard tube-based MPC framework, measures and predicts the exogenous input to the system (i.e., the uncertainty) online. This in turn enables the robust tube to be shrunk and grown appropriately as the trajectory progresses in both predicted time and actual time. The algorithm is demonstrated in a simulated intercept maneuver with a tumbling target whose inertia tenso",2023,"Journal of Guidance, Control, and Dynamics",Charles E. Oestreich; Richard Linares; Ravi Gondhalekar,10.2514/1.g006438,,https://doi.org/10.2514/1.g006438,crossref,latent dynamics model robot control,concept,latent_dynamics,,25,model predictive control; robustness,2026-06-12T15:07:36Z,12.529,15.529
doi:10.1021/acs.chemmater.1c03564,Dimensional Control over Metal Halide Perovskite Crystallization Guided by Active Learning,"Metal halide perovskite (MHP) derivatives, a promising class of optoelectronic materials, have been synthesized with a range of dimensionalities that govern their optoelectronic properties and determine their applications. We demonstrate a data-driven approach combining active learning and high-throughput experimentation to discover, control, and understand the formation of phases with different dimensionalities in the morpholinium (morph) lead iodide system. Using a robot-assisted workflow, we synthesized and characterized two novel MHP derivatives that have distinct optical properties: a one-dimensional (1D) morphPbI3 phase ([C4H10NO][PbI3]) and a two-dimensional (2D) (morph)2PbI4 phase ([C4H10NO]2[PbI4]). To efficiently acquire the data needed to construct a machine learning (ML) model of the reaction conditions where the 1D and 2D phases are formed, data acquisition was guided by a d",2022,Chemistry of Materials,Zhi Li; Philip W. Nega; Mansoor Ani Najeeb Nellikkal; Chaochao Dun; Mat­thias Zeller; Jeffrey J. Urban; Wissam A. Saidi; Joshua Schrier; Alexander J. Norquist; Emory M. Chan,10.1021/acs.chemmater.1c03564,,https://doi.org/10.1021/acs.chemmater.1c03564,openalex,energy based model robot learning,concept,ebm,,34,,2026-06-12T18:26:24Z,12.528,12.528
doi:10.1002/rob.22040,EIL‐SLAM: Depth‐enhanced edge‐based infrared‐LiDAR SLAM,"Abstract Traditional simultaneous localization and mapping (SLAM) approaches that utilize visible cameras or light detection and rangings (LiDARs) frequently fail in dusty, low‐textured, or completely dark environments. To address this problem, this study proposes a novel approach by tightly coupling perception data from a thermal infrared camera and a LiDAR based on the advantages of the former. However, applying a thermal infrared camera directly to existing SLAM frameworks is difficult because of the sensor differences. Thus, a new infrared‐visual odometry method is developed by utilizing edge points as features to ensure the robustness of the state estimation. Furthermore, an edge‐based infrared‐LiDAR SLAM framework is developed to generate a dense depth map for recovering visual scale and to provide real‐time pose estimation at the same time throughout the day. An infrared‐visual an",2022,Journal of Field Robotics,Wenqiang Chen; Yu Wang; Haoyao Chen; Yunhui Liu,10.1002/rob.22040,,https://doi.org/10.1002/rob.22040,crossref,neural radiance field robotics,concept,architecture,,37,neural radiance field robotics; state estimation; SLAM; robustness,2026-06-12T15:07:36Z,12.519,13.519
doi:10.1126/scirobotics.adl3606,Stereoscopic artificial compound eyes for spatiotemporal perception in three-dimensional space,"Arthropods’ eyes are effective biological vision systems for object tracking and wide field of view because of their structural uniqueness; however, unlike mammalian eyes, they can hardly acquire the depth information of a static object because of their monocular cues. Therefore, most arthropods rely on motion parallax to track the object in three-dimensional (3D) space. Uniquely, the praying mantis (Mantodea) uses both compound structured eyes and a form of stereopsis and is capable of achieving object recognition in 3D space. Here, by mimicking the vision system of the praying mantis using stereoscopically coupled artificial compound eyes, we demonstrated spatiotemporal object sensing and tracking in 3D space with a wide field of view. Furthermore, to achieve a fast response with minimal latency, data storage/transportation, and power consumption, we processed the visual information at",2024,Science Robotics,Byungjoon Bae; Doeon Lee; Minseong Park; Yujia Mu; Yongmin Baek; Inbo Sim; Cong Shen; Kyusang Lee,10.1126/scirobotics.adl3606,,https://doi.org/10.1126/scirobotics.adl3606,crossref,sim to real robot manipulation,concept,sim2real,,33,robot manipulation; latency,2026-06-12T15:07:36Z,12.513,13.513
doi:10.1109/jstars.2024.3363915,An Azimuth Aware Deep Reinforcement Learning Framework for Active SAR Target Recognition,"Achieving the automatic target recognition in synthetic aperture radar (SAR) imagery is a long-standing difficulty because of the limited training samples and its sensitivity to imaging condition. Active target recognition methods can offer an innovative perspective to improve the recognition accuracy compared to its passive counterpart. Although prevailing in the optical imagery area, the active target recognition in the SAR image processing remains under-explored. This paper proposes an active SAR target recognition framework based on deep reinforcement learning for the first time, where we design a simple view-matching task and model it as a Markov decision process. The proximal policy optimization algorithm is used to help the agent learn how to alter the observing azimuth to seek more discriminative target images for the classifier. Furthermore, the single-view feature extractor is ",2024,IEEE Journal of Selected Topics in Applied Earth Observations and Remote Sensing,Xinhua Jiang; Tianpeng Liu; Yongxiang Liu; Shuanghui Zhang; Huangxing Lin; Li Liu,10.1109/jstars.2024.3363915,,https://doi.org/10.1109/jstars.2024.3363915,openalex,energy based transformer robot policy,concept,ebm_transformer,,14,energy based transformer robot policy,2026-06-12T18:05:07Z,12.504,12.504
doi:10.1101/2024.12.05.627038,Egocentric Perception of Walking Environments using an Interactive Vision-Language System,"Abstract Large language models can provide a more detailed contextual understanding of a scene beyond what computer vision alone can provide, which have implications for robotics and embodied intelligence. In this study, we developed a novel multimodal vision-language system for egocentric visual perception, with an initial focus on real-world walking environments. We trained a number of state-of-the-art transformer-based vision-language models that use causal language modelling on our custom dataset of 43,055 image-text pairs for few-shot image captioning. We then designed a new speech synthesis model and a user interface to convert the generated image captions into speech for audio feedback to users. Our system also uniquely allows for feedforward user prompts to personalize the generated image captions. Our system is able to generate detailed captions with an average length of 10 word",,,Haining Tan; Alex Mihailidis; Brokoslaw Laschowski,10.1101/2024.12.05.627038,,https://doi.org/10.1101/2024.12.05.627038,crossref,vision language action model,concept,architecture,,2,vision language action model,2026-06-12T15:07:36Z,12.499,14.499
doi:10.1007/978-3-642-31404-9_28,Contact Force during Active Roughness Perception,,2012,"Lecture Notes in Computer Science Haptics: Perception, Devices, Mobility, and Communication",Yoshihiro Tanaka; Wouter M. Bergmann Tiest; Astrid M. L. Kappers; Akihito Sano,10.1007/978-3-642-31404-9_28,,https://doi.org/10.1007/978-3-642-31404-9_28,crossref,Gaussian splatting robot perception contact rich manipulation,concept,architecture_x_embodiment,,5,Gaussian splatting robot perception; contact rich manipulation,2026-06-12T15:07:36Z,12.496,12.496
doi:10.1109/lra.2023.3258697,Active Compliance Control Based on EKF Torque Fusion for Robot Manipulators,"To improve the accuracy of torque estimation and compliance control of the force sensorless, we propose a torque fusion method based on extended Kalman filter (EKF), both the data of motor current and the harmonic reducer torsional deformation are involved. First, a nonlinear EKF is designed based on the motor side dynamic model and joint deformation nonlinear model. The experiment shows that the method overcomes the interference caused by the environment and nonlinear system factors. Then, an active compliance controller is designed with a nested loop framework based on the fused torque. The inner loop computes the dynamic torque as feedforward to compensate for the system's dynamic uncertainty. The outer loop is admittance control to realize the manipulator's active compliance with the fused torque. Experiments on the robotic manipulator show that the proposed torque estimation scheme ",2023,IEEE Robotics and Automation Letters,Gao Wang; Zhuo Wang; Bo Huang; Yahui Gan; Feiyan Min,10.1109/lra.2023.3258697,,https://doi.org/10.1109/lra.2023.3258697,openalex,robotics,concept,openalex_bulk_robotics,,21,,2026-06-12T18:57:17Z,12.496,13.496
doi:10.1109/iccp.2016.7737158,Active perception for object manipulation,,2016,2016 IEEE 12th International Conference on Intelligent Computer Communication and Processing (ICCP),Ady-Daniel Mezei; Levente Tamas,10.1109/iccp.2016.7737158,,https://doi.org/10.1109/iccp.2016.7737158,crossref,deformable object manipulation robot learning,concept,deformable,,3,deformable object manipulation; active perception,2026-06-12T15:07:36Z,12.493,12.493
doi:10.1177/0278364913501564,FIRM: Sampling-based feedback motion-planning under motion uncertainty and imperfect measurements,"In this paper we present feedback-based information roadmap (FIRM), a multi-query approach for planning under uncertainty which is a belief-space variant of probabilistic roadmap methods. The crucial feature of FIRM is that the costs associated with the edges are independent of each other, and in this sense it is the first method that generates a graph in belief space that preserves the optimal substructure property. From a practical point of view, FIRM is a robust and reliable planning framework. It is robust since the solution is a feedback and there is no need for expensive replanning. It is reliable because accurate collision probabilities can be computed along the edges. In addition, FIRM is a scalable framework, where the complexity of planning with FIRM is a constant multiplier of the complexity of planning with PRM. In this paper, FIRM is introduced as an abstract framework. As a",2014,The International Journal of Robotics Research,Ali-akbar Agha-mohammadi; Suman Chakravorty; Nancy M Amato,10.1177/0278364913501564,,https://doi.org/10.1177/0278364913501564,crossref,task and motion planning robotics,anti_myopia,classic,,177,motion planning; task and motion planning,2026-06-12T15:07:36Z,12.491,17.491
doi:10.1002/qre.3429,Reliability assessment of two‐level balanced systems with common bus performance sharing subjected to epistemic uncertainty,"Abstract Two‐level balanced systems with common bus performance sharing (TLBS‐CBPS), represented by power battery systems, play an important role in various industries. Where the two‐level balance refers to when the system is unbalanced, redistributing performance between modules using a common bus for the intermodule balance, followed by the in‐module component performance redistribution to achieve global balance, that is, the performance differences among all components are within the balance degree threshold. However, the component performance has epistemic uncertainty due to measurement limitations, and the distance‐dependent transmission loss incurs during the performance redistribution. These problems make the reliability evaluation of TLBS‐CBPS challenging. To address these issues, a reliability evaluation method for TLBS‐CBPS is proposed by considering two‐level balance, epistemi",2023,Quality and Reliability Engineering International,Tianzi Tian; Jun Yang; Ning Wang,10.1002/qre.3429,,https://doi.org/10.1002/qre.3429,openalex,energy based transformer robot policy,concept,ebm_transformer,,20,energy based transformer robot policy; limitation,2026-06-12T18:05:07Z,12.472,15.472
doi:10.1016/j.compag.2023.108035,RGB-D datasets for robotic perception in site-specific agricultural operations—A survey,"Fusing color (RGB) images and range or depth (D) data in the form of RGB-D or multi-sensory setups is a relatively new but rapidly growing modality for many agricultural tasks. RGB-D data have potential to provide valuable information for many agricultural tasks that rely on perception, but collection of appropriate data and suitable ground truth information can be challenging and labor-intensive, and high-quality publicly available datasets are rare. This paper presents a survey of the existing RGB-D datasets available for agricultural robotics, and summarizes key trends and challenges in this research field. It evaluates the relative advantages of the commonly used sensors, and how the hardware can affect the characteristics of the data collected. It also analyzes the role of RGB-D data in the most common vision-based machine learning tasks applied to agricultural robotic operations: v",2023,Computers and Electronics in Agriculture,Polina Kurtser; Stephanie Lowry,10.1016/j.compag.2023.108035,,https://doi.org/10.1016/j.compag.2023.108035,openalex,robotics,concept,openalex_bulk_robotics,,20,,2026-06-12T18:57:17Z,12.472,12.472
doi:10.1002/rob.21777,Loon Copter: Implementation of a hybrid unmanned aquatic–aerial quadcopter with active buoyancy control,"Abstract Aquatic–aerial unmanned vehicles recently became the focus of many researchers due to their various possible applications. Achieving a fully operational vehicle that is capable of aerial, water‐surface, and underwater operations is a significant challenge considering the vehicle's air–water–air transition, propulsion system, and stability underwater. We present in this paper an unconventional unmanned hybrid aquatic–aerial quadcopter with active buoyancy control that is capable of aerial flight and water‐surface operation, as well as subaquatic diving. We report on the first successful prototype of the vehicle, named the Loon Copter, to provide initial evaluation results of its performance in both mediums. The Loon Copter uses a single set of motors and propellers for both air and underwater maneuvering. It utilizes a ballast system to control vehicle buoyancy and depth underwat",2018,Journal of Field Robotics,Hamzeh Alzu'bi; Iyad Mansour; Osamah Rawashdeh,10.1002/rob.21777,,https://doi.org/10.1002/rob.21777,crossref,neural radiance field robotics,concept,architecture,,165,neural radiance field robotics,2026-06-12T15:07:36Z,12.456,13.456
doi:10.1386/ctl.10.1.25_1,Young Hungarian’s constructions of active citizenship: Theoretical models and real-world voices,"Abstract We explore how young Hungarians construct active citizenship in a context of political discontent and social and economic uncertainty. From research conducted in the autumn of 2012, we link up young Hungarians voices to the much debated theoretical models of citizenship. We find that while these young people’s abstract and normative constructions of active citizenship tend to resonate with a duty-based ‘communitarian’ model of citizenship, their opinions on social and political issues echo a more ‘critical’ model of citizenship, which lays emphasis on equality and social justice. Additional themes to emerge, and of which may be a hindrance to political participation, include: the view that demonstrating is ‘bad’; and, that young people construct themselves and their peers as ‘non-citizens’. We argue that in order to help overcome this passive and non-agentic perception of democr",2014,Citizenship Teaching & Learning,Rebecca Ridley; Márta Fulop,10.1386/ctl.10.1.25_1,,https://doi.org/10.1386/ctl.10.1.25_1,crossref,real world robot learning deployment,concept,deployment,,4,deployment,2026-06-12T15:07:36Z,12.455,15.455
doi:10.1007/s12369-022-00926-6,Age-Related Differences in the Perception of Robotic Referential Gaze in Human-Robot Interaction,"Abstract There is an increased interest in using social robots to assist older adults during their daily life activities. As social robots are designed to interact with older users, it becomes relevant to study these interactions under the lens of social cognition. Gaze following, the social ability to infer where other people are looking at, deteriorates with older age. Therefore, the referential gaze from robots might not be an effective social cue to indicate spatial locations to older users. In this study, we explored the performance of older adults, middle-aged adults, and younger controls in a task assisted by the referential gaze of a Pepper robot. We examined age-related differences in task performance, and in self-reported social perception of the robot. Our main findings show that referential gaze from a robot benefited task performance, although the magnitude of this facilitat",2024,International Journal of Social Robotics,Lucas Morillo-Mendez; Martien G. S. Schrooten; Amy Loutfi; Oscar Martinez Mozos,10.1007/s12369-022-00926-6,,https://doi.org/10.1007/s12369-022-00926-6,crossref,Gaussian splatting robot perception,concept,architecture,,14,Gaussian splatting robot perception; human robot interaction,2026-06-12T15:07:36Z,12.454,12.454
doi:10.1146/annurev-control-040423-030709,Scene Representations for Robotic Spatial Perception,"The ability of a robot to build a persistent, accurate, and actionable model of its surroundings through sensor data in a timely manner is crucial for autonomous operation. While representing the world as a point cloud might be sufficient for localization, denser scene representations are required for obstacle avoidance. On the other hand, higher-level semantic information is often crucial for breaking down the necessary steps to autonomously complete a complex task, such as cooking. So the looming question is, What is a suitable scene representation for the robotic task at hand? This survey provides a comprehensive review of key approaches and frameworks driving progress in the field of robotic spatial perception, with a particular focus on the historical evolution and current trends in representation. By categorizing scene modeling techniques into three main types—metric, metric–semant",2025,"Annual Review of Control, Robotics, and Autonomous Systems",Ruben Mascaro; Margarita Chli,10.1146/annurev-control-040423-030709,,https://doi.org/10.1146/annurev-control-040423-030709,crossref,robotics,concept,crossref_bulk_robotics,,9,robustness,2026-06-12T19:29:26Z,12.451,13.451
doi:10.63125/cqm5jk84,HOW INTERACTIVE DASHBOARDS IMPROVE MANAGERIAL DECISION-MAKING IN OPERATIONS MANAGEMENT,"In today’s data-driven business environment, interactive dashboards play a crucial role in enhancing managerial decision-making by providing real-time analytics, performance tracking, and predictive insights. However, the complexity, usability, and adoption challenges associated with dashboards often affect their effectiveness in organizational decision-making processes. This study investigates the impact of dashboard complexity, user skepticism, training interventions, and governance frameworks on managerial decision-making by conducting an in-depth case study analysis across six industries: finance, healthcare, manufacturing, logistics, retail, and technology. A total of six case studies were conducted, focusing on firms with varying levels of dashboard adoption, complexity, and customization. The study finds that excessively complex dashboards lead to cognitive overload, reducing deci",2025,American Journal of Advanced Technology and Engineering Solutions,M. A. Rahman; Md Shah Alam,10.63125/cqm5jk84,,https://doi.org/10.63125/cqm5jk84,openalex,energy based transformer robot policy,concept,ebm_transformer,,8,energy based transformer robot policy,2026-06-12T18:05:07Z,12.449,12.449
doi:10.1109/lra.2023.3338514,CLARA: Classifying and Disambiguating User Commands for Reliable Interactive Robotic Agents,"In this letter, we focus on inferring whether the given user command is clear, ambiguous, or infeasible in the context of interactive robotic agents utilizing large language models (LLMs). To tackle this problem, we first present an uncertainty estimation method for LLMs to classify whether the command is certain (i.e., clear) or not (i.e., ambiguous or infeasible). Once the command is classified as uncertain, we further distinguish it between ambiguous or infeasible commands leveraging LLMs with situational aware context prompts. For ambiguous commands, we disambiguate the command by interacting with users via question generation with LLMs. We believe that proper recognition of the given commands could lead to a decrease in malfunction and undesired actions of the robot, enhancing the reliability of interactive robot agents. We present a dataset for robotic situational awareness consist",2023,IEEE Robotics and Automation Letters,Jeongeun Park; Seungwon Lim; Joonhyung Lee; Sangbeom Park; Minsuk Chang; Youngjae Yu; Sungjoon Choi,10.1109/lra.2023.3338514,,https://doi.org/10.1109/lra.2023.3338514,openalex,robotics,concept,openalex_bulk_robotics,,19,human robot interaction,2026-06-12T18:57:17Z,12.448,13.448
doi:10.1109/tase.2023.3310498,Robust Tracking Control of Heterogeneous Robots With Uncertainty: A Super-Exponential Convergence Neurodynamic Approach,"The immediate feedback tracking control system design of heterogeneous robots with uncertainty is considered to be a significant issue in robotic research. Note that when the robot information is uncertain, the scale of computation would become increasingly large and the accuracy of tracking control would become exceptionally low. The realization of the immediate feedback control system of heterogeneous robots with uncertainty remains to be a challenging problem. Many conventional zeroing neural network (CZNN) models have been developed accordingly. However, most of them are supported by the hypothesis that the robot parameters are complete and accurate, and the associated models possess the exponential convergence property. To handle the robot uncertainty as well as to improve the convergence performance, a new zeroing neural network (ZNN) with super-exponential convergence (SEC) rate i",2023,IEEE Transactions on Automation Science and Engineering,Dechao Chen; Lin Zhuo; Yifan Shao; Shuai Li; C. A. Griffiths; Ashraf Fahmy,10.1109/tase.2023.3310498,,https://doi.org/10.1109/tase.2023.3310498,openalex,robotics,concept,openalex_bulk_robotics,,19,,2026-06-12T18:57:17Z,12.448,13.448
doi:10.14500/aro.12038,In-depth Analysis on Machine Learning Approaches,"Machine learning (ML) approaches cover several aspects of daily life tasks, including knowledge representation, data analysis, regression, classification, recognition, clustering, planning, reasoning, text recommendation, and perception. The ML approaches enable applications to learn and adapt with or without being directly programmed from previous data or experience. The ML techniques, coupled with current technologies, provide a range of solutions, starts from vision-based applications to text-generation applications. To this end, this article presents a comprehensive overview of the approaches of ML, including supervised, unsupervised, semi-supervised, reinforcement, and self-learning. This review critically examines the roles performed by these aforementioned approaches in terms of their weaknesses and strengths. Furthermore, within this study, a new comparative analysis is conducted",2025,ARO-The Scientific Journal of Koya University,Abdulhady Abas Abdullah; Nergz Sattar Mohammed; Maryam Khanzadi; Safar Maghdid Asaad; Zrar Kh. Abdul; Halgurd S. Maghdid,10.14500/aro.12038,,https://doi.org/10.14500/aro.12038,openalex,energy based model robot learning,concept,ebm,,17,,2026-06-12T18:26:24Z,12.445,12.445
doi:10.1007/s12369-018-0507-2,Robotic Versus Human Coaches for Active Aging: An Automated Social Presence Perspective,"This empirical study compares elderly people’s social perception of human versus robotic coaches in the context of an active and healthy aging program. In evaluating hedonic and utilitarian value perceptions of exergames (i.e., video games integrating physical activity), we consider elderly people’s judgments of the warmth and competence (i.e., social cognition) of their assigned coach (human vs. robot). The field experiments involve 58 elderly participants in the real-life context. Leveraging a mixed-method approach that combines quantitative and qualitative data, we show that (1) socially assistive robots activate feelings of (automated) social presence (2) human coaches score higher on perceived warmth and competence relative to robotic coaches, and (3) social cognition affects elderly people’s experience (i.e., emotional and cognitive reactions and behavioral intentions) with respect",2019,International Journal of Social Robotics,Martina Čaić; João Avelino; Dominik Mahr; Gaby Odekerken‐Schröder; Alexandre Bernardino,10.1007/s12369-018-0507-2,,https://doi.org/10.1007/s12369-018-0507-2,openalex,robotics,concept,openalex_bulk_robotics,,97,assistive robot,2026-06-12T18:57:17Z,12.442,12.442
doi:10.1111/mice.13218,Component‐level point cloud completion of bridge structures using deep learning,"Point cloud of existing bridges provides important applications in their maintenance and management, such as to the three-dimensional (3D) model creation. However, point cloud data acquired in actual bridges are caused missing parts due to occlusions and limitations in sensor placements. This study proposes a learning method to realize the point cloud completion of such structure: the component-wise learning combining the initial weight transfer, to overcome the difficulty particularly found in the bridge structures, where a whole structure consists of multiple and various components. The learning method was developed and verified using point cloud data acquired in an actual concrete bridge based on the point cloud completion performance of three significant deep learning models. The effectiveness and applicability of the proposed method were shown in that it improved performances in com",2024,Computer-Aided Civil and Infrastructure Engineering,Gen Matono; Mayuko Nishio,10.1111/mice.13218,,https://doi.org/10.1111/mice.13218,openalex,energy based model robot learning,concept,ebm,,12,limitation; occlusion,2026-06-12T18:26:24Z,12.432,13.432
doi:10.1109/tie.2021.3108710,Robot Precision Assembly Combining With Passive and Active Compliant Motions,"Precision assembly is one of the primary goals of robots in manufacturing. Assembly strategies combining active and passive compliant control are presented herein. In this article, we construct a high-dimensional configuration space of robot assembly and then divide the configuration space to its subspaces. We further map the active compliant motion and the passive compliant motion of the manipulator into different subspaces. In one subspace, we construct the constraint function and design the passive compliant motion of the manipulator in the constraint region, where the uncertainties of the system should be eliminated by the environment constraints. In another subspace, we design a force controller based on the low-resolution force sensory information to control the position of the robot. The proposed method avoids the design of precision mechanism systems and the usage of high-quality",2021,IEEE Transactions on Industrial Electronics,Jianhua Su; Chuankai Liu; Rui Li,10.1109/tie.2021.3108710,,https://doi.org/10.1109/tie.2021.3108710,openalex,robotics,concept,openalex_bulk_robotics,,42,force control,2026-06-12T18:57:17Z,12.431,12.431
doi:10.1109/tmech.2021.3060511,An Active Sense and Avoid System for Flying Robots in Dynamic Environments,"This article investigates a novel active-sensing-based obstacle avoidance paradigm for flying robots in dynamic environments. Instead of fusing multiple sensors to enlarge the field of view (FOV), we introduce an alternative approach that utilizes a stereo camera with an independent rotational degree of freedom to sense the obstacles actively. In particular, the sensing direction is planned heuristically by multiple objectives, including tracking dynamic obstacles, observing the heading direction, and exploring the previously unseen area. With the sensing result, a flight path is then planned based on real-time sampling and uncertainty-aware collision checking in the state space, which constitutes an active sense and avoid system. Experiments in both simulation and the real world demonstrate that this system can well cope with dynamic obstacles and abrupt goal direction changes. Since on",2021,IEEE/ASME Transactions on Mechatronics,Gang Chen; Wei Dong; Xinjun Sheng; Xiangyang Zhu; Han Ding,10.1109/tmech.2021.3060511,,https://doi.org/10.1109/tmech.2021.3060511,openalex,robotics,concept,openalex_bulk_robotics,,42,limitation,2026-06-12T18:57:17Z,12.431,15.431
doi:10.1145/3789201,RaDe-GS: Rasterizing Depth in Gaussian Splatting,"Gaussian Splatting (GS) has proven to be highly effective in novel view synthesis, achieving high-quality and real-time rendering. However, its potential for reconstructing detailed 3D shapes has not been fully explored. Existing methods often suffer from limited shape accuracy due to the discrete and unstructured nature of Gaussian primitives, which complicates the shape extraction. While recent techniques like 2D GS have attempted to improve shape reconstruction, they often reformulate the Gaussian primitives in ways that reduce both rendering quality and computational efficiency. To address these problems, our work introduces a rasterized approach to render the depth maps and surface normal maps of general 3D Gaussian primitives. Our method not only significantly enhances shape reconstruction accuracy but also maintains the computational efficiency intrinsic to Gaussian Splatting. It ",2026,ACM Transactions on Graphics,Baowen Zhang; Chuan Fang; Rakesh Shrestha; Yixun Liang; Xiao-Xiao Long; Ping Tan,10.1145/3789201,,https://doi.org/10.1145/3789201,crossref,Gaussian splatting robot perception,concept,architecture,,18,Gaussian splatting robot perception,2026-06-12T15:07:36Z,12.422,12.422
doi:10.3390/s24144440,Polarimetric Imaging for Robot Perception: A Review,"In recent years, the integration of polarimetric imaging into robotic perception systems has increased significantly, driven by the accessibility of affordable polarimetric sensors. This technology complements traditional color imaging by capturing and analyzing the polarization characteristics of light. This additional information provides robots with valuable insights into object shape, material composition, and other properties, ultimately enabling more robust manipulation tasks. This review aims to provide a comprehensive analysis of the principles behind polarimetric imaging and its diverse applications within the field of robotic perception. By exploiting the polarization state of light, polarimetric imaging offers promising solutions to three key challenges in robot vision: Surface segmentation; depth estimation through polarization patterns; and 3D reconstruction using polarimetr",2024,Sensors,Camille Taglione; Carlos Mateo; Christophe Stolz,10.3390/s24144440,,https://doi.org/10.3390/s24144440,crossref,Gaussian splatting robot perception,concept,architecture,,13,Gaussian splatting robot perception; limitation,2026-06-12T15:07:36Z,12.420,13.420
doi:10.1177/02783649231218720,Uncertainty-aware visually-attentive navigation using deep neural networks,"Autonomous navigation and information gathering in challenging environments are demanding since the robot’s sensors may be susceptible to non-negligible noise, its localization and mapping may be subject to significant uncertainty and drift, and performing collision-checking or evaluating utility functions using a map often requires high computational costs. We propose a learning-based method to efficiently tackle this problem without relying on a map of the environment or the robot’s position. Our method utilizes a Collision Prediction Network (CPN) for predicting the collision scores of a set of action sequences, and an Information gain Prediction Network (IPN) for estimating their associated information gain. Both networks assume access to a) the depth image (CPN) or the depth image and the detection mask from any visual method (IPN), b) the robot’s partial state (including its linear",2024,The International Journal of Robotics Research,Huan Nguyen; Rasmus Andersen; Evangelos Boukas; Kostas Alexis,10.1177/02783649231218720,,https://doi.org/10.1177/02783649231218720,crossref,neural radiance field robotics,concept,architecture,,13,neural radiance field robotics; robustness,2026-06-12T15:07:36Z,12.420,14.420
doi:10.1126/scirobotics.adn4722,Online tree-based planning for active spacecraft fault estimation and collision avoidance,"Autonomous robots operating in uncertain or hazardous environments subject to state safety constraints must be able to identify and isolate faulty components in a time-optimal manner. When the underlying fault is ambiguous and intertwined with the robot’s state estimation, motion plans that discriminate between simultaneous actuator and sensor faults are necessary. However, the coupled fault mode and physical state uncertainty creates a constrained optimization problem that is challenging to solve with existing methods. We combined belief-space tree search, marginalized filtering, and concentration inequalities in our method, safe fault estimation via active sensing tree search (s-FEAST), a planner that actively diagnoses system faults by selecting actions that give the most informative observations while simultaneously enforcing probabilistic state constraints. We justify this approach ",2024,Science Robotics,James Ragan; Benjamin Riviere; Fred Y. Hadaegh; Soon-Jo Chung,10.1126/scirobotics.adn4722,,https://doi.org/10.1126/scirobotics.adn4722,crossref,robotics,concept,crossref_bulk_robotics,,13,safety constraint; state estimation,2026-06-12T19:29:26Z,12.420,13.420
doi:10.1177/02783649231208729,Active preference-based Gaussian process regression for reward learning and optimization,"Designing reward functions is a difficult task in AI and robotics. The complex task of directly specifying all the desirable behaviors a robot needs to optimize often proves challenging for humans. A popular solution is to learn reward functions using expert demonstrations. This approach, however, is fraught with many challenges. Some methods require heavily structured models, for example, reward functions that are linear in some predefined set of features, while others adopt less structured reward functions that may necessitate tremendous amounts of data. Moreover, it is difficult for humans to provide demonstrations on robots with high degrees of freedom, or even quantifying reward values for given trajectories. To address these challenges, we present a preference-based learning approach, where human feedback is in the form of comparisons between trajectories. We do not assume highly c",2024,The International Journal of Robotics Research,Erdem Bıyık; Nicolas Huynh; Mykel J. Kochenderfer; Dorsa Sadigh,10.1177/02783649231208729,,https://doi.org/10.1177/02783649231208729,crossref,robotics,concept,crossref_bulk_robotics,,27,,2026-06-12T19:29:26Z,12.416,12.416
doi:10.1016/j.neulet.2011.03.081,Parietal and frontal object areas underlie perception of object orientation in depth,,2011,Neuroscience Letters,Ryosuke Niimi; Ayako Saneyoshi; Reiko Abe; Tatsuro Kaminaga; Kazuhiko Yokosawa,10.1016/j.neulet.2011.03.081,,https://doi.org/10.1016/j.neulet.2011.03.081,crossref,Gaussian splatting robot perception deformable object manipulation,concept,architecture_x_embodiment,,4,Gaussian splatting robot perception; deformable object manipulation,2026-06-12T15:07:36Z,12.405,12.405
doi:10.1109/ramech.2006.252648,Active Perception Strategy for Vehicle Localisation and Guidance,,2006,"2006 IEEE Conference on Robotics, Automation and Mechatronics",Cedric Tessier; Christophe Debain; Roland Chapuis; Frederic Chausse,10.1109/ramech.2006.252648,,https://doi.org/10.1109/ramech.2006.252648,crossref,robotics,concept,crossref_bulk_robotics,,4,active perception,2026-06-12T19:29:26Z,12.405,12.405
doi:10.1049/ipr2.13190,Point'n Move: Interactive scene object manipulation on Gaussian splatting radiance fields,"Abstract The authors propose Point'n Move, a method that achieves interactive scene object manipulation with exposed region inpainting. Interactivity here further comes from intuitive object selection and real‐time editing. To achieve this, Gaussian Splatting Radiance Field is adopted as the scene representation and its explicit nature and speed advantage are fully leveraged. Its explicit representation formulation allows to devise a 2D prompt points to 3D masks dual‐stage self‐prompting segmentation algorithm, perform mask refinement and merging, minimize changes, and provide good initialization for scene inpainting and perform editing in real‐time without per‐editing training; all lead to superior quality and performance. The method was tested by editing both forward‐facing and 360 scenes. The method is also compared against existing methods, showing superior quality despite being more",2024,IET Image Processing,Jiajun Huang; Hongchuan Yu; Jianjun Zhang; Hammadi Nait‐Charif,10.1049/ipr2.13190,,https://doi.org/10.1049/ipr2.13190,crossref,Gaussian splatting robot perception,concept,architecture,,26,Gaussian splatting robot perception,2026-06-12T15:07:36Z,12.398,12.398
doi:10.1039/d3sm00542a,Worm blobs as entangled living polymers: from topological active matter to flexible soft robot collectives,"Living worms form “blobs,” active entangled physical structures with emergent properties. We show how these worms provide a fascinating platform to study active polymer physics.",2023,Soft Matter,Antoine Deblais; K. R. Prathyusha; Rosa Sinaasappel; Harry Tuazon; Ishant Tiwari; Vishal P. Patil; M. Saad Bhamla,10.1039/d3sm00542a,,https://doi.org/10.1039/d3sm00542a,crossref,Gaussian splatting robot perception soft robot manipulation,concept,architecture_x_embodiment,,39,Gaussian splatting robot perception; robot manipulation; soft robot manipulation,2026-06-12T15:07:36Z,12.394,12.394
doi:10.1007/s10514-021-10022-9,Dynamic multi-robot task allocation under uncertainty and temporal constraints,,2022,Autonomous Robots,Shushman Choudhury; Jayesh K. Gupta; Mykel J. Kochenderfer; Dorsa Sadigh; Jeannette Bohg,10.1007/s10514-021-10022-9,,https://doi.org/10.1007/s10514-021-10022-9,crossref,Gaussian splatting robot perception multi robot system,concept,architecture_x_embodiment,,116,Gaussian splatting robot perception; multi robot system,2026-06-12T15:07:36Z,12.381,13.381
doi:10.1063/5.0076636,Active meta-learning for predicting and selecting perovskite crystallization experiments,"Autonomous experimentation systems use algorithms and data from prior experiments to select and perform new experiments in order to meet a specified objective. In most experimental chemistry situations, there is a limited set of prior historical data available, and acquiring new data may be expensive and time consuming, which places constraints on machine learning methods. Active learning methods prioritize new experiment selection by using machine learning model uncertainty and predicted outcomes. Meta-learning methods attempt to construct models that can learn quickly with a limited set of data for a new task. In this paper, we applied the model-agnostic meta-learning (MAML) model and the Probabilistic LATent model for Incorporating Priors and Uncertainty in few-Shot learning (PLATIPUS) approach, which extends MAML to active learning, to the problem of halide perovskite growth by inver",2022,The Journal of Chemical Physics,Venkateswaran Shekar; Gareth Nicholas; Mansoor Ani Najeeb; Margaret Zeile; Vincent F. Yu; Xiaorong Wang; Dylan Slack; Zhi Li; Philip W. Nega; Emory M. Chan; Alexander J. Norquist; Joshua Schrier; Sorelle A. Friedler,10.1063/5.0076636,,https://doi.org/10.1063/5.0076636,openalex,energy based model robot learning,concept,ebm,,25,,2026-06-12T18:26:24Z,12.379,13.379
doi:10.1068/p3010,A Neuro-Cognitive Visual System for Object Recognition Based on Testing of Interactive Attentional Top – down Hypotheses,"We propose an extension of a systemic model for object recognition formulated by Rybak et al (1998 Vision Research38 2387–2400) which is based on the functional organisation of the visual systems in primate brains. In contrast to the learning and recognition scheme of Rybak et al we do not assume a behavioural paradigm, ie a visuomotor programmed scanpath that determines the sequence of foveation on the different parts of the object. As in the basis architecture of Rybak et al, the system modules are separated into ‘what’-like subsystems corresponding to the ventral occipito-inferotemporal visual path and ‘where’-like complexes analogous to the dorsal occipito-parietal visual path. The ‘what’ system analyses local features in the actual foveation as in Rybak et al. But, in our case, the ‘where’ memory, instead of programming a behavioural scanpath, scores the spatial relationship between",2000,Perception,Gustavo Deco; Bernd Schürmann,10.1068/p3010,,https://doi.org/10.1068/p3010,crossref,Gaussian splatting robot perception deformable object manipulation,concept,architecture_x_embodiment,,16,Gaussian splatting robot perception; deformable object manipulation,2026-06-12T15:07:36Z,12.367,12.367
doi:10.1109/icra.2015.7139710,Interaction skills for a coat-check robot: Identifying and handling the boundary components of clothes,"Identifying the relevant functional degrees of freedom is a key prerequisite for the proper handling of everyday objects. Recognizing and exploiting these degrees of freedom in the context of non-rigid objects poses challenges that are significantly different from the rigid case. As a major generic subtask, we consider the identification and exploitation of boundary components during clothes manipulation, combining RGBD vision with uni- and bi-manual handling through a robot. Specifically, we present a novel graph-based approach to detecting boundary components by extracting closed contours from depth images. Based on that, we suggest a planner minimizing a heuristic energy function for an optimal grasp pose of a robot hand around the boundary of a garment. We demonstrate the effectiveness of the approach in interactive perception and regrasping experiments with a dual arm and two attach",2015,,Lukas Twardon; Helge Ritter,10.1109/icra.2015.7139710,,https://doi.org/10.1109/icra.2015.7139710,openalex,robotics,concept,openalex_bulk_robotics,,27,robot hand; active perception; interactive perception,2026-06-12T18:57:17Z,12.366,12.366
doi:10.1561/9781680835472,Embodiment in Socially Interactive Robots,"Socially interactive robots provide entertainment, information, and/or assistance; this last category is typically encompassed by socially assistive robotics. In all cases, such robots can achieve their primary functions without performing functional physical work. This monograph reviews the existing work that explores the role of physical embodiment in socially interactive robots. This class consists of robots that are not only capable of engaging in social interaction with humans, but are using primarily their social capabilities to perform their desired functions. This monograph explores the embodiment hypothesis that physical embodiment has a measurable effect on performance and perception of social interactions in socially interactive robotics. It presents a thorough review of existing work and analyzes existing results and approaches to embodiment to determine the current state of ",2019,"now publishers, Inc. eBooks",Eric Deng; Bilge Mutlu; Maja J. Matarić,10.1561/9781680835472,,https://doi.org/10.1561/9781680835472,openalex,robotics,concept,openalex_bulk_robotics,,81,assistive robot,2026-06-12T18:57:17Z,12.353,12.353
doi:10.1371/journal.pone.0006421,Reinforcement Learning or Active Inference?,"This paper questions the need for reinforcement learning or control theory when optimising behaviour. We show that it is fairly simple to teach an agent complicated and adaptive behaviours using a free-energy formulation of perception. In this formulation, agents adjust their internal states and sampling of the environment to minimize their free-energy. Such agents learn causal structure in the environment and sample it in an adaptive and self-supervised fashion. This results in behavioural policies that reproduce those optimised by reinforcement learning and dynamic programming. Critically, we do not need to invoke the notion of reward, value or utility. We illustrate these points by solving a benchmark problem in dynamic programming; namely the mountain-car problem, using active perception or inference under the free-energy principle. The ensuing proof-of-concept may be important becau",2009,PLoS ONE,Karl Friston; Jean Daunizeau; Stefan J. Kiebel,10.1371/journal.pone.0006421,,https://doi.org/10.1371/journal.pone.0006421,openalex,energy based model robot learning,concept,ebm,,446,active perception; benchmark,2026-06-12T18:05:07Z,12.350,14.350
doi:10.1007/s00429-012-0475-5,Predictions not commands: active inference in the motor system,"The descending projections from motor cortex share many features with top-down or backward connections in visual cortex; for example, corticospinal projections originate in infragranular layers, are highly divergent and (along with descending cortico-cortical projections) target cells expressing NMDA receptors. This is somewhat paradoxical because backward modulatory characteristics would not be expected of driving motor command signals. We resolve this apparent paradox using a functional characterisation of the motor system based on Helmholtz's ideas about perception; namely, that perception is inference on the causes of visual sensations. We explain behaviour in terms of inference on the causes of proprioceptive sensations. This explanation appeals to active inference, in which higher cortical levels send descending proprioceptive predictions, rather than motor commands. This process m",2012,Brain Structure and Function,Rick A. Adams; Stewart Shipp; Karl Friston,10.1007/s00429-012-0475-5,,https://doi.org/10.1007/s00429-012-0475-5,openalex,energy based model robot learning,concept,ebm,,811,,2026-06-12T18:26:24Z,12.350,12.350
doi:10.1177/0278364911410755,Active vision in robotic systems: A survey of recent developments,"In this paper we provide a broad survey of developments in active vision in robotic applications over the last 15 years. With increasing demand for robotic automation, research in this area has received much attention. Among the many factors that can be attributed to a high-performance robotic system, the planned sensing or acquisition of perceptions on the operating environment is a crucial component. The aim of sensor planning is to determine the pose and settings of vision sensors for undertaking a vision-based task that usually requires obtaining multiple views of the object to be manipulated. Planning for robot vision is a complex problem for an active system due to its sensing uncertainty and environmental uncertainty. This paper describes such problems arising from many applications, e.g. object recognition and modeling, site reconstruction and inspection, surveillance, tracking a",2011,The International Journal of Robotics Research,Shengyong Chen; Youfu Li; Ngai Ming Kwok,10.1177/0278364911410755,,https://doi.org/10.1177/0278364911410755,openalex,robotics,concept,openalex_bulk_robotics,,403,,2026-06-12T18:57:17Z,12.350,13.350
doi:10.1029/1999jd900923,"Wavelength dependence of the optical depth of biomass burning, urban, and desert dust aerosols","The Angstrom wavelength exponent α, which is the slope of the logarithm of aerosol optical depth (τ a ) versus the logarithm of wavelength (λ), is commonly used to characterize the wavelength dependence of τ a and to provide some basic information on the aerosol size distribution. This parameter is frequently computed from the spectral measurements of both ground‐based sunphotometers and from satellite and aircraft remote sensing retrievals. However, spectral variation of α is typically not considered in the analysis and comparison of values from different techniques. We analyze the spectral measurements of τ a from 340 to 1020 nm obtained from ground‐based Aerosol Robotic Network radiometers located in various locations where either biomass burning, urban, or desert dust aerosols are prevalent. Aerosol size distribution retrievals obtained from combined solar extinction and sky radiance",1999,Journal of Geophysical Research Atmospheres,T. F. Eck; B. N. Holben; Jeffrey S. Reid; Оleg Dubovik; A. Smirnov; N. T. O’Neill; I. Slutsker; Stefan Kinne,10.1029/1999jd900923,,https://doi.org/10.1029/1999jd900923,openalex,robotics,concept,openalex_bulk_robotics,,2476,,2026-06-12T18:57:17Z,12.350,12.350
doi:10.5302/j.icros.2016.16.0077,3D Depth Camera-based Obstacle Detection in the Active Safety System of an Electric Wheelchair,,2016,"Journal of Institute of Control, Robotics and Systems",Joonho Seo; Chang Won Kim,10.5302/j.icros.2016.16.0077,,https://doi.org/10.5302/j.icros.2016.16.0077,crossref,robotics,concept,crossref_bulk_robotics,,2,,2026-06-12T19:29:26Z,12.349,12.349
doi:10.1109/lra.2024.3421788,Improving Robotic Fruit Harvesting Within Cluttered Environments Through 3D Shape Completion,"The world population is increasing and will, by 2050, nearly double its demand for food, feed, fuel, and fiber. Besides environmental challenges, labor shortage also poses crucial challenges to the agricultural production system. Automation of manual tasks in crop production can potentially increase efficiency but also lead to a change in agricultural practices for more effective usage of available land. In this letter, we address the problem of robotic fruit harvesting in challenging real-world scenarios such as vertical farms, where robotic sensing and acting need to cope with a cluttered environment. Robotic fruit harvesting is typically done by directly detecting a grasp point in the sensor reading, which can lie on the fruit itself or on its peduncle depending on crop harvesting requirements. However, grasp point detection is not always possible as the ideal grasp point may be hidde",2024,IEEE Robotics and Automation Letters,Federico Magistri; Yue Pan; Jake Bartels; Jens Behley; Cyrill Stachniss; Chris Lehnert,10.1109/lra.2024.3421788,,https://doi.org/10.1109/lra.2024.3421788,openalex,robotics,concept,openalex_bulk_robotics,,21,occlusion,2026-06-12T18:57:17Z,12.346,13.346
doi:10.1049/iet-csr.2020.0040,Neural network‐based semantic segmentation model for robot perception of driverless vision,"Driverless vision is one of the important applications of robot perception. With the development of driverless vehicles, the perception and understanding of the surrounding environment are becoming more and more important. When the types of surrounding objects are too complex, the ability of the computer to recognise the environment is poor. To improve the recognition accuracy of the computer and enhance the ability of segmentation, in this study, depth estimation is used to predict depth information to assist semantic segmentation, and then edge features of objects are introduced to enhance the contour of objects. A neural network‐based semantic segmentation model is proposed. Finally, the intrinsic mechanism of attention is used to increase the correlation between channels. The experimental results on the CamVid data set show that this model can obtain better evaluation results and imp",2020,IET Cyber-Systems and Robotics,Lu Ye; Ting Duan; Jiayi Zhu,10.1049/iet-csr.2020.0040,,https://doi.org/10.1049/iet-csr.2020.0040,crossref,vision language action model limitation robotics,hostile,failure,,7,vision language action model; limitation,2026-06-12T14:45:03Z,12.340,18.340
doi:10.1145/3725812,Prompt-Based Code Completion via Multi-Retrieval Augmented Generation,"Automated code completion, aiming at generating subsequent tokens from unfinished code, has significantly benefited from recent progress in pre-trained Large Language Models (LLMs). However, these models often suffer from coherence issues and hallucinations when dealing with complex code logic or extrapolating beyond their training data. Existing Retrieval Augmented Generation (RAG) techniques partially address these issues by retrieving relevant code with a separate encoding model where the retrieved snippet serves as contextual reference for code completion. However, their retrieval scope is subject to a singular perspective defined by the encoding model, which largely overlooks the complexity and diversity inherent in code semantics. To address this limitation, we propose ProCC, a code completion framework leveraging prompt engineering and the contextual multi-armed bandits algorithm ",2026,ACM Transactions on Software Engineering and Methodology,Hanzhuo Tan; Qi Luo; Ling Jiang; Zizheng Zhan; Jing Li; Haotian Zhang; Yuqun Zhang,10.1145/3725812,,https://doi.org/10.1145/3725812,crossref,retrieval augmented robot policy,concept,architecture,,7,retrieval augmented robot policy; limitation; benchmark,2026-06-12T15:07:36Z,12.340,14.340
doi:10.1002/aisy.202200101,Intelligent Interactive Control via Haptic E‐skin for Human–Robot Interaction and Collaboration,"Human–robot interaction and collaboration are emerging as critical and necessary technologies as robots become more commonplace in our lives. Haptic perception and intelligent control are essential to ensure safe and dexterous interactions between humans and robots. Traditional interaction methods using robot proprioceptors rely on robot dynamic models that complicate robotic controls and narrow their adaptabilities. Herein, an intelligent interactive control method is proposed based on a generalized virtual spring‐damping force‐touch mechanism using haptic e‐skin, which converts contact forces and contact positions on the e‐skin to generalized forces for implementing robot compliance controls of multidimensional movements. By touching the e‐skin mounted on a robot arm, a human can readily manipulate the robot arm, achieving flexible movement and rotation. An intelligent architecture of ",2022,Advanced Intelligent Systems,Guozhen Li; Rong Zhu,10.1002/aisy.202200101,,https://doi.org/10.1002/aisy.202200101,crossref,hybrid systems robot control manipulation,anti_myopia,control,,7,hybrid systems; human robot interaction,2026-06-12T15:07:36Z,12.340,15.340
doi:10.1109/tase.2023.3320873,Adaptive Safety-Critical Control With Uncertainty Estimation for Human–Robot Collaboration,"In advanced manufacturing, strict safety guarantees are required to allow humans and robots to work together in a shared workspace. One of the challenges in this application field is the variety and unpredictability of human behavior, leading to potential dangers for human coworkers. This paper presents a novel control framework by adopting safety-critical control and uncertainty estimation for human-robot collaboration. Additionally, to select the shortest path during collaboration, a novel quadratic penalty method is presented. The innovation of the proposed approach is that the proposed controller will prevent the robot from violating any safety constraints even in cases where humans move accidentally in a collaboration task. This is implemented by the combination of a time-varying integral barrier Lyapunov function (TVIBLF) and an adaptive exponential control barrier function (AECBF)",2023,IEEE Transactions on Automation Science and Engineering,Dianhao Zhang; Mien Van; Stephen Mcllvanna; Yuzhu Sun; Seán McLoone,10.1109/tase.2023.3320873,,https://doi.org/10.1109/tase.2023.3320873,openalex,robotics,concept,openalex_bulk_robotics,,15,safety constraint; control barrier function,2026-06-12T18:57:17Z,12.336,13.336
doi:10.3390/s25206394,Large Language Models and 3D Vision for Intelligent Robotic Perception and Autonomy,"With the rapid advancement of artificial intelligence and robotics, the integration of Large Language Models (LLMs) with 3D vision is emerging as a transformative approach to enhancing robotic sensing technologies. This convergence enables machines to perceive, reason, and interact with complex environments through natural language and spatial understanding, bridging the gap between linguistic intelligence and spatial perception. This review provides a comprehensive analysis of state-of-the-art methodologies, applications, and challenges at the intersection of LLMs and 3D vision, with a focus on next-generation robotic sensing technologies. We first introduce the foundational principles of LLMs and 3D data representations, followed by an in-depth examination of 3D sensing technologies critical for robotics. The review then explores key advancements in scene understanding, text-to-3D gene",2025,Sensors,Vinit Mehta; Charu Sharma; Karthick Thiyagarajan,10.3390/s25206394,,https://doi.org/10.3390/s25206394,openalex,energy based transformer robot policy,concept,ebm_transformer,,6,energy based transformer robot policy; embodied agent; benchmark,2026-06-12T18:05:07Z,12.323,13.323
doi:10.3390/en18154119,A Review of Optimization Scheduling for Active Distribution Networks with High-Penetration Distributed Generation Access,"The high-proportion integration of renewable energy sources, represented by wind power and photovoltaics, into active distribution networks (ADNs) can effectively alleviate the pressure associated with advancing China’s dual-carbon goals. However, the high uncertainty in renewable energy output leads to increased system voltage fluctuations and localized voltage violations, posing safety challenges. Consequently, research on optimal dispatch for ADNs with a high penetration of renewable energy has become a current focal point. This paper provides a comprehensive review of research in this domain over the past decade. Initially, it analyzes the voltage impact patterns and control principles in distribution networks under varying levels of renewable energy penetration. Subsequently, it introduces optimization dispatch models for ADNs that focus on three key objectives: safety, economy, and",2025,Energies,Kewei Wang; Yonghong Huang; Yanbo Liu; Tao Huang; Shijia Zang,10.3390/en18154119,,https://doi.org/10.3390/en18154119,openalex,energy based transformer robot policy,concept,ebm_transformer,,6,energy based transformer robot policy,2026-06-12T18:05:07Z,12.323,13.323
doi:10.1109/tnsre.2022.3158339,A Robotic System to Deliver Multiple Physically Bimanual Tasks via Varying Force Fields,"Individuals with physical limb disabilities are often restricted to perform activities of daily life (ADLs). While efficacy of bilateral training has been demonstrated in improving physical coordination of human limbs, few robots have been developed in simulating people's ADLs integrated with task-specific force field control. This study sought to develop a bilateral robot for better task rendering of general ADLs (gADLs), where gADL-consistent workspace is achieved by setting linear motors in series, and haptic rendering of multiple bimanual tasks (coupled, uncoupled and semi-coupled) is enabled by regulating force fields between robotic handles. Experiments were conducted with human users, and our results present a viable method of a single robotic system in simulating multiple physically bimanual tasks. In future, the proposed robotic system is expected to be serving as a coordination",2022,IEEE Transactions on Neural Systems and Rehabilitation Engineering,Mingming Zhang; Chenyang Sun; Yudong Liu; Xinyu Wu,10.1109/tnsre.2022.3158339,,https://doi.org/10.1109/tnsre.2022.3158339,openalex,robotics,concept,openalex_bulk_robotics,,22,,2026-06-12T18:57:17Z,12.318,12.318
doi:10.1109/tmech.2022.3214855,An Active Compliance Adsorption Method for Climbing Machining Robot on Variable Curvature Surface,"This article proposes an active compliance adsorption method for a negative pressure adsorption climbing robot with 3 active compliance suction units which integrate 3 degree of freedom active compliance actuators along with flexible adsorption chambers. This method enables the climbing robot to adsorb and move stably on the surface of large and complex components with variable curvature for machining purposes. The main contribution lies in two aspects. First, an adsorption performance indicator (API) depicting the stretch of the flexible sealing lip is proposed by analyzing the leaked airflow of the climbing robot's suction unit. Second, the pose control method of the suction chamber based on the real-time estimated adsorbed surface is proposed, where the API is used as the optimization target. The experiments have been performed and the results show that a 10 kg-weight climbing robot w",2022,IEEE/ASME Transactions on Mechatronics,Ying Shi; Zeyu Gong; Bo Tao; Zhouping Yin; Han Ding,10.1109/tmech.2022.3214855,,https://doi.org/10.1109/tmech.2022.3214855,openalex,robotics,concept,openalex_bulk_robotics,,22,,2026-06-12T18:57:17Z,12.318,13.318
title:active inference for integrated state estimation control and learning,"Active inference for integrated state-estimation, control, and learning","This work presents an approach for control, state-estimation and learning model (hyper)parameters for robotic manipulators. It is based on the active inference framework, prominent in computational neuroscience as a theory of the brain, where behaviour arises from minimizing variational free-energy. First, we show there is a direct relationship between active inference controllers, and classic methods such as PID control. We demonstrate its application for adaptive and robust behaviour of a robotic manipulator that rivals state-of-the-art. Additionally, we show that by learning specific hyperparameters, our approach can deal with unmodeled dynamics, damps oscillations, and is robust against poor initial parameters. The approach is validated on the ‘Franka Emika Panda’ 7 DoF manipulator. Finally, we highlight limitations of active inference controllers for robotic systems.",2021,Oxford University Research Archive (ORA) (University of Oxford),"Duckworth, P; Baioumy, M; Bruno Lacerda; Nick Hawes",,,https://openalex.org/W3206390677,openalex,energy based model robot learning,concept,ebm,,33,state estimation; limitation,2026-06-12T18:05:07Z,12.313,13.313
doi:10.1109/tro.2022.3216068,Robust Task Scheduling for Heterogeneous Robot Teams Under Capability Uncertainty,"This article develops a stochastic programming framework for multiagent systems, where task decomposition, assignment, and scheduling problems are simultaneously optimized. The framework can be applied to heterogeneous mobile robot teams with distributed subtasks. Examples include pandemic robotic service coordination, explore and rescue, and delivery systems with heterogeneous vehicles. Owing to their inherent flexibility and robustness, multiagent systems are applied in a growing range of real-world problems that involve heterogeneous tasks and uncertain information. Most previous works assume one fixed way to decompose a task into roles that can later be assigned to the agents. This assumption is not valid for a complex task where the roles can vary and multiple decomposition structures exist. Meanwhile, it is unclear how uncertainties in task requirements and agent capabilities can b",2022,IEEE Transactions on Robotics,Bo Fu; William Smith; Denise Rizzo; Matthew P. Castanier; Maani Ghaffari; Kira Barton,10.1109/tro.2022.3216068,,https://doi.org/10.1109/tro.2022.3216068,openalex,robotics,concept,openalex_bulk_robotics,,44,robustness,2026-06-12T18:57:17Z,12.303,15.303
doi:10.1145/1276377.1276382,Scene completion using millions of photographs,"What can you do with a million images? In this paper we present a new image completion algorithm powered by a huge database of photographs gathered from the Web. The algorithm patches up holes in images by finding similar image regions in the database that are not only seamless but also semantically valid. Our chief insight is that while the space of images is effectively infinite, the space of semantically differentiable scenes is actually not that large. For many image completion tasks we are able to find similar scenes which contain image fragments that will convincingly complete the image. Our algorithm is entirely data-driven, requiring no annotations or labelling by the user. Unlike existing image completion methods, our algorithm can generate a diverse set of results for each input image and we allow users to select among them. We demonstrate the superiority of our algorithm over ",2007,ACM Transactions on Graphics,James Hays; Alexei A. Efros,10.1145/1276377.1276382,,https://doi.org/10.1145/1276377.1276382,crossref,scene graph robot learning,concept,architecture,,509,scene graph robot learning,2026-06-12T15:07:36Z,12.300,12.300
doi:10.20965/jrm.2002.p0199,A Simple 3D Image Display Using Active Perception,"In this paper, we propose a simple 3-dimension image display using active perception. We developed it for applying to 3D CAD system. The 3D image display only consists of a computer, a display, a CCD camera and two blue markers. Based on the image data captured by the camera, the computer tracks the blue markers besides the human face and calculates the viewpoint of the operator. According to the viewpoint, the image on the display is changed. Using this system, the operator recognizes a 3D image by moving his/her viewpoint. We explain about the proposed 3D image display and confirm the effectiveness of the proposed system through experiments.",2002,Journal of Robotics and Mechatronics,Yasuo Hayashibara,10.20965/jrm.2002.p0199,,https://doi.org/10.20965/jrm.2002.p0199,crossref,Gaussian splatting robot perception,concept,architecture,,,Gaussian splatting robot perception; active perception,2026-06-12T15:07:36Z,12.300,12.300
doi:10.2139/ssrn.6912488,Deepening Geometric Perception via Universal Depth Features for Camouflaged Object Detection,"Perceiving and segmenting camouflaged objects remains highly challenging due to their extremely weak appearance contrast and disrupted structural continuity. Although prior works attempt to incorporate depth information to complement appearance-dominated representations, they typically rely on monocular depth estimations that are noisy, structurally inconsistent, and not well adapted to Camouflaged Object Detection (COD). As a result, depth cues often provide limited benefits and are easily dominated by RGB features during joint optimization. In this work, we revisit COD from a biologically inspired perspective and argue that effective detection relies on both robust geometric perception and enhanced sensitivity to fine-grained details. Based on this insight, we propose a two-stage geometry-aware fusion framework that explicitly decouples geometry enhancement from cross-modal alignment. ",,,Yunqiu Lyu; Tao Gao; Ting Chen; Luo Zuo,10.2139/ssrn.6912488,,https://doi.org/10.2139/ssrn.6912488,crossref,Gaussian splatting robot perception deformable object manipulation,concept,architecture_x_embodiment,,,Gaussian splatting robot perception; deformable object manipulation; benchmark,2026-06-12T15:07:36Z,12.300,13.300
doi:10.24963/ijcai.2018,Proceedings of the Twenty-Seventh International Joint Conference on Artificial Intelligence,"Language communication plays an important role in human learning and knowledge acquisition.With the emergence of a new generation of cognitive robots, empowering these robots to learn directly from human partners becomes increasingly important.This paper gives a brief introduction to interactive task learning where humans can teach physical agents new tasks through natural language communication and action demonstration.It discusses research challenges and opportunities in language and communication grounding that are critical in this process.It further highlights the importance of commonsense knowledge, particularly the very basic physical causality knowledge, in grounding language to perception and action.",2018,,,10.24963/ijcai.2018,,https://doi.org/10.24963/ijcai.2018,openalex,robotics,concept,openalex_bulk_robotics,,523,,2026-06-12T18:57:17Z,12.300,13.300
doi:10.1115/imece2010-39430,"Active Learning in Mechanical and Mechatronics Engineering, Case Study: Computer-Based Interactive Learning in Robotics Classroom","This paper is concerned with the review of active learning methods implemented in Mechanical and Mechatronics Engineering courses. The active learning methods are categorized into two groups of in-class activities without the use of computers and computer-based classrooms. The strategies to encourage university instructors to adopt active learning methods are also discussed. The paper also addresses the pilot project for the implementation of a novel computer-based experiential learning in the course of “Robot Manipulators: Kinematics, Dynamics, Control” at the University of Waterloo, Canada. A Student Interactive Learning System (SILS) has been developed for in-class activities in this course. The SILS system has two components: students’ mobile devices and a front-end website in which the instructor has control to upload the demonstrations and quizzes and receive students’ responses. T",2010,Volume 6: Engineering Education and Professional Development,Hamid R. Alemohammad; Mohsen Shahini,10.1115/imece2010-39430,,https://doi.org/10.1115/imece2010-39430,crossref,robotics,concept,crossref_bulk_robotics,,,,2026-06-12T19:29:26Z,12.300,12.300
doi:10.1109/tim.2022.3147316,Indoor Localization Uncertainty Control Based on Wireless Ranging for Robots Path Planning,"The accurate localization of robots in indoor environments is a well-known measurement problem, which becomes particularly critical in crowded scenarios, where collision with obstacles, objects, and human operators is very high. In this article, the problem is solved through an optimal path planning strategy that keeps into account the ranging measurement uncertainty from a given set of wireless anchors (e.g., ultra wideband (UWB) transceivers) that are used to track the position of the robot in a known reference frame through multilateration. In particular, assuming to use an observability-based filter (ObF), namely, a position tracking estimator conceived to ensure the global observability of the robot state (namely, its planar position and orientation) with quantifiable uncertainty, a potential-based path planning strategy is applied to drive the robot toward the goals while minimizin",2022,IEEE Transactions on Instrumentation and Measurement,Farhad Shamsfakhr; Alessandro Antonucci; Luigi Palopoli; David Macii; Daniele Fontanelli,10.1109/tim.2022.3147316,,https://doi.org/10.1109/tim.2022.3147316,openalex,robotics,concept,openalex_bulk_robotics,,21,,2026-06-12T18:57:17Z,12.296,13.296
doi:10.1093/neuros/nyw077,Navigation and Robotics in Spinal Surgery: Where Are We Now?,"Spine surgery has experienced much technological innovation over the past several decades. The field has seen advancements in operative techniques, implants and biologics, and equipment such as computer-assisted navigation and surgical robotics. With the arrival of real-time image guidance and navigation capabilities along with the computing ability to process and reconstruct these data into an interactive three-dimensional spinal ""map"", so too have the applications of surgical robotic technology. While spinal robotics and navigation represent promising potential for improving modern spinal surgery, it remains paramount to demonstrate its superiority as compared to traditional techniques prior to assimilation of its use amongst surgeons.The applications for intraoperative navigation and image-guided robotics have expanded to surgical resection of spinal column and intradural tumors, revi",2017,Neurosurgery,Samuel C. Overley; Samuel K. Cho; Ankit I. Mehta; Paul M. Arnold,10.1093/neuros/nyw077,,https://doi.org/10.1093/neuros/nyw077,openalex,robotics,concept,openalex_bulk_robotics,,325,surgical robot,2026-06-12T18:57:17Z,12.293,12.293
doi:10.1109/siu.2015.7130068,Audio-visual human tracking for active robot perception,,2015,2015 23nd Signal Processing and Communications Applications Conference (SIU),Barış Bayram; Gökhan İnce,10.1109/siu.2015.7130068,,https://doi.org/10.1109/siu.2015.7130068,crossref,Gaussian splatting robot perception,concept,architecture,,3,Gaussian splatting robot perception,2026-06-12T15:07:36Z,12.293,12.293
doi:10.1109/iros.2009.5354573,Decision-theoretic robot guidance for active cooperative perception,,2009,2009 IEEE/RSJ International Conference on Intelligent Robots and Systems,Abdolkarim Pahliani; Matthijs T. J. Spaan; Pedro U. Lima,10.1109/iros.2009.5354573,,https://doi.org/10.1109/iros.2009.5354573,crossref,Gaussian splatting robot perception,concept,architecture,,3,Gaussian splatting robot perception,2026-06-12T15:07:36Z,12.293,12.293
doi:10.1007/3-540-45471-3_26,Robot Localization without Depth Perception,,2002,Lecture Notes in Computer Science Algorithm Theory — SWAT 2002,Erik D. Demaine; Alejandro López-Ortiz; J. Ian Munro,10.1007/3-540-45471-3_26,,https://doi.org/10.1007/3-540-45471-3_26,crossref,Gaussian splatting robot perception,concept,architecture,,3,Gaussian splatting robot perception,2026-06-12T15:07:36Z,12.293,12.293
doi:10.1007/978-3-319-12054-6_6,Distributed Decision-Theoretic Active Perception for Multi-robot Active Information Gathering,,2014,Lecture Notes in Computer Science Modeling Decisions for Artificial Intelligence,Jennifer Renoux; Abdel-Illah Mouaddib; Simon LeGloannec,10.1007/978-3-319-12054-6_6,,https://doi.org/10.1007/978-3-319-12054-6_6,crossref,Gaussian splatting robot perception,concept,architecture,,3,Gaussian splatting robot perception; active perception,2026-06-12T15:07:36Z,12.293,12.293
doi:10.1007/978-3-642-03339-1_12,The Roles of Active Perception in Intelligent Agent Systems,,2009,Lecture Notes in Computer Science Multi-Agent Systems for Society,Raymond So; Liz Sonenberg,10.1007/978-3-642-03339-1_12,,https://doi.org/10.1007/978-3-642-03339-1_12,crossref,Gaussian splatting robot perception embodied agent,concept,architecture_x_embodiment,,3,Gaussian splatting robot perception; embodied agent; active perception,2026-06-12T15:07:36Z,12.293,12.293
doi:10.1016/j.robot.2015.03.004,A developmental where–what network for concurrent and interactive visual attention and recognition,,2015,Robotics and Autonomous Systems,Zhengping Ji; Juyang Weng,10.1016/j.robot.2015.03.004,,https://doi.org/10.1016/j.robot.2015.03.004,crossref,robotics,concept,crossref_bulk_robotics,,3,,2026-06-12T19:29:26Z,12.293,12.293
doi:10.1109/hsi.2011.5937403,Cognitive robotics - active perception of the self and others,,2011,"2011 4th International Conference on Human System Interactions, HSI 2011",Ryo Saegusa; Lorenzo Natale; Giorgio Metta; Giulio Sandini,10.1109/hsi.2011.5937403,,https://doi.org/10.1109/hsi.2011.5937403,crossref,robotics,concept,crossref_bulk_robotics,,3,active perception,2026-06-12T19:29:26Z,12.293,12.293
doi:10.1109/robio.2009.4913186,Uncertainty of estimated parameters of contact conditions by active force sensing,,2009,2008 IEEE International Conference on Robotics and Biomimetics,T. Yamada; T. Mouri; K. Shimosaka; N. Mimura; Y. Funahashi,10.1109/robio.2009.4913186,,https://doi.org/10.1109/robio.2009.4913186,crossref,robotics,concept,crossref_bulk_robotics,,3,,2026-06-12T19:29:26Z,12.293,13.293
doi:10.1177/02783649221102980,Method for generating real-time interactive virtual fixture for shared teleoperation in unknown environments,"A virtual fixture (VF) is a constraint built into software that assists a human operator in moving a remote tool along a preferred path via an augmented guidance force to improve teleoperation performance. However, teleoperation generally applies to unknown or dynamic environments, which are challenging for VF use. Most researchers have assumed that VFs are pre-defined or generated automatically; however, these processes are complicated and unreliable in unknown environments where teleoperation is in high demand. Recently, a few researchers have addressed this issue by introducing a user-interactive method of generating VFs in unknown environments. However, these methods are limited to generating a single type of primitive for a single robot tool. Moreover, the accuracy of the VF generated by these methods depends on the accuracy of the human input. Thus, applications of these methods ar",2022,The International Journal of Robotics Research,Vitalii Pruks; Jee-Hwan Ryu,10.1177/02783649221102980,,https://doi.org/10.1177/02783649221102980,crossref,robotics,concept,crossref_bulk_robotics,,23,teleoperation; limitation,2026-06-12T19:29:26Z,12.289,13.289
doi:10.1109/iros55552.2023.10341984,DoubleBee: A Hybrid Aerial-Ground Robot with Two Active Wheels,"In this paper, we present the dynamic model and control of DoubleBee, a novel hybrid aerial-ground vehicle consisting of two propellers mounted on tilting servo motors and two motor-driven wheels. DoubleBee exploits the high energy efficiency of a bicopter configuration in aerial mode, and enjoys the low power consumption of a two-wheel self-balancing robot on the ground. Furthermore, the propeller thrusts act as additional control inputs on the ground, enabling a novel decoupled control scheme where the attitude of the robot is controlled using thrusts and the translational motion is realized using wheels. A prototype of DoubleBee is constructed using commercially available components. The power efficiency and the control performance of the robot are verified through comprehensive experiments. Challenging tasks in indoor and outdoor environments demonstrate the capability of DoubleBee t",2023,,Muqing Cao; Xinhang Xu; Shenghai Yuan; Kun Cao; Kangcheng Liu; Lihua Xie,10.1109/iros55552.2023.10341984,,https://doi.org/10.1109/iros55552.2023.10341984,openalex,robotics,concept,openalex_bulk_robotics,,28,,2026-06-12T18:57:17Z,12.284,12.284
doi:10.3390/app13158743,We Do Not Anthropomorphize a Robot Based Only on Its Cover: Context Matters too!,"The increasing presence of robots in our society raises questions about how these objects are perceived by users. Individuals seem inclined to attribute human capabilities to robots, a phenomenon called anthropomorphism. Contrary to what intuition might suggest, these attributions vary according to different factors, not only robotic factors (related to the robot itself), but also situational factors (related to the interaction setting), and human factors (related to the user). The present review aims at synthesizing the results of the literature concerning the factors that influence anthropomorphism, in order to specify their impact on the perception of robots by individuals. A total of 134 experimental studies were included from 2002 to 2023. The mere appearance hypothesis and the SEEK (sociality, effectance, and elicited agent knowledge) theory are two theories attempting to explain a",2023,Applied Sciences,Marion Dubois-Sage; Baptiste Jacquet; Frank Jamet; Jean Baratgin,10.3390/app13158743,,https://doi.org/10.3390/app13158743,openalex,robotics,concept,openalex_bulk_robotics,,28,generalization,2026-06-12T18:57:17Z,12.284,13.284
doi:10.3390/e24020301,The Free Energy Principle for Perception and Action: A Deep Learning Perspective,"The free energy principle, and its corollary active inference, constitute a bio-inspired theory that assumes biological agents act to remain in a restricted set of preferred states of the world, i.e., they minimize their free energy. Under this principle, biological agents learn a generative model of the world and plan actions in the future that will maintain the agent in an homeostatic state that satisfies its preferences. This framework lends itself to being realized in silico, as it comprehends important aspects that make it computationally affordable, such as variational inference and amortized planning. In this work, we investigate the tool of deep learning to design and realize artificial agents based on active inference, presenting a deep-learning oriented presentation of the free energy principle, surveying works that are relevant in both machine learning and active inference are",2022,Entropy,Pietro Mazzaglia; Tim Verbelen; Ozan Çatal; Bart Dhoedt,10.3390/e24020301,,https://doi.org/10.3390/e24020301,openalex,energy based model robot learning,concept,ebm,,42,,2026-06-12T18:05:07Z,12.281,12.281
doi:10.1109/lra.2022.3193239,Contrastive 3D Shape Completion and Reconstruction for Agricultural Robots Using RGB-D Frames,"Monitoring plants and fruits is important in modern agriculture, with applications ranging from high-throughput phenotyping to autonomous harvesting. Obtaining highly accurate 3D measurements under real agricultural conditions is a challenging task. In this letter, we address the problem of estimating the 3D shape of fruits when only a partial view is available. We propose a pipeline that exploits high-resolution 3D data in the learning phase but only requires a single RGB-D frame to predict the 3D shape of a complete fruit during operation. To achieve this, we first learn a latent space of potential fruit appearances that we can decode into an SDF volume. With the pretrained, frozen decoder, we subsequently learn an encoder that can produce meaningful latent vectors from a single RGB-D frame. The experiments presented in this letter suggest that our approach can predict the 3D shape of ",2022,IEEE Robotics and Automation Letters,Federico Magistri; Elias Marks; Sumanth Nagulavancha; Ignacio Vizzo; Thomas Läbe; Jens Behley; Michael Halstead; Chris McCool; Cyrill Stachniss,10.1109/lra.2022.3193239,,https://doi.org/10.1109/lra.2022.3193239,openalex,robotics,concept,openalex_bulk_robotics,,42,deployment,2026-06-12T18:57:17Z,12.281,13.281
doi:10.3389/fnins.2021.767302,Transcutaneous Auricular Vagus Nerve Stimulation (tAVNS) Delivered During Upper Limb Interactive Robotic Training Demonstrates Novel Antagonist Control for Reaching Movements Following Stroke,"Implanted vagus nerve stimulation (VNS) delivered concurrently with upper limb rehabilitation has been shown to improve arm function after stroke. Transcutaneous auricular VNS (taVNS) offers a non-invasive alternative to implanted VNS and may provide similar therapeutic benefit. There is much discussion about the optimal approach for combining VNS and physical therapy, as such we sought to determine whether taVNS administered during robotic training, specifically delivered during the premotor planning stage for arm extension movements, would confer additional motor improvement in patients with chronic stroke. Thirty-six patients with chronic, moderate-severe upper limb hemiparesis (&gt;6 months; mean Upper Extremity Fugl-Meyer score = 25 ± 2, range 13–48), were randomized to receive 9 sessions (1 h in length, 3x/week for 3 weeks) of active ( N = 18) or sham ( N = 18) taVNS (500 ms bursts",2021,Frontiers in Neuroscience,Johanna L. Chang; Ashley N. Coggins; Maíra Saul; Alexandra Paget‐Blanc; Malgorzata Straka; Jason Wright; Timir Datta; Stavros Zanos; Bruce T. Volpe,10.3389/fnins.2021.767302,,https://doi.org/10.3389/fnins.2021.767302,openalex,robotics,concept,openalex_bulk_robotics,,63,,2026-06-12T18:57:17Z,12.279,12.279
doi:10.30519/ahtr.969999,Tourism & Hospitality Students’ Perception towards the Use of Robots in Service Organizations: A Qualitative study in India,"The study examined tourism and hospitality (T&H) students’ perception of the use of service robots in organizations. Using purposive sampling, 80 students of T&H programs were interviewed online, and data was analyzed through thematic analysis. The findings showed that a majority of respondents had shown a favorable perception of robots. While Indian students think that robots may offer several benefits for organizations, T&H entrepreneurs must make provisions to deal with the obstacles associated with robot adoption. The major challenges are employee resistance, technological glitches, services with no human touch, significant operational costs, human-robot interaction, cost of training & repair, and robot-friendly organizational design. They also believe that service organizations should balance the work of employees and robots in such a way where technologies should perform repetitive",2022,Advances in Hospitality and Tourism Research (AHTR),Devkant Kala,10.30519/ahtr.969999,,https://doi.org/10.30519/ahtr.969999,openalex,robotics,concept,openalex_bulk_robotics,,20,humanoid robot; human robot interaction,2026-06-12T18:57:17Z,12.272,12.272
doi:10.1089/soro.2020.0178,Visual Servoing Pushing Control of the Soft Robot with Active Pushing Force Regulation,"Soft robots characterize operational safety due to inherent compliance from their soft mechanism, whereas their mechanism enhances the difficulty in accurate closed-loop control. To explore their applicability in manipulation tasks, in this article, we propose a visual servoing pushing controller considering the effect of contact. The controller is designed to simultaneously complete the positioning and manipulation tasks. To further improve the manipulation performance, an active pushing force regulation method is proposed and integrated into the controller. The proposed control algorithm is validated experimentally. The results show that the controller guarantees the convergence to the image error and meanwhile, it improves the pushing manipulation performance.",2022,Soft Robotics,Fan Xu; Hesheng Wang; Zhe Liu; Weidong Chen; Yuxin Wang,10.1089/soro.2020.0178,,https://doi.org/10.1089/soro.2020.0178,crossref,EBM transformer robotics soft robot manipulation,concept,architecture_x_embodiment,,22,EBM transformer robotics; robot manipulation; soft robot manipulation; visual servoing,2026-06-12T15:07:36Z,12.268,12.268
doi:10.1177/09544054221102247,Designs of human–robot interaction using depth sensor-based hand gesture communication for smart material-handling robot operations,"With rapid developments in biometric recognition, a great deal of attention is being paid to robots which interact smartly with humans and communicate certain types of biometrical information. Such human–machine interaction (HMI), also well-known as human–robot interaction (HRI), will, in the future, prove an important development when it comes to automotive manufacturing applications. Currently, hand gesture recognition-based HRI designs are being practically used in various areas of automotive manufacturing, assembly lines, supply chains, and collaborative inspection. However, very few studies are focused on material-handling robot interactions combined with hand gesture communication of the operator. The current work develops a depth sensor-based dynamic hand gesture recognition scheme for continuous-time operations with material-handling robots. The proposed approach properly employs",2023,"Proceedings of the Institution of Mechanical Engineers, Part B: Journal of Engineering Manufacture",Ing-Jr Ding; Jun-Lin Su,10.1177/09544054221102247,,https://doi.org/10.1177/09544054221102247,crossref,Gaussian splatting robot perception robot hand,concept,architecture_x_embodiment,,30,Gaussian splatting robot perception; robot hand; human robot interaction,2026-06-12T15:07:36Z,12.267,12.267
doi:10.5194/isprs-annals-x-1-w1-2023-895-2023,SPARSESAT-NERF: DENSE DEPTH SUPERVISED NEURAL RADIANCE FIELDS FOR SPARSE SATELLITE IMAGES,"Abstract. Digital surface model generation using traditional multi-view stereo matching (MVS) performs poorly over non-Lambertian surfaces, with asynchronous acquisitions, or at discontinuities. Neural radiance fields (NeRF) offer a new paradigm for reconstructing surface geometries using continuous volumetric representation. NeRF is self-supervised, does not require ground truth geometry for training, and provides an elegant way to include in its representation physical parameters about the scene, thus potentially remedying the challenging scenarios where MVS fails. However, NeRF and its variants require many views to produce convincing scene’s geometries which in earth observation satellite imaging is rare. In this paper we present SparseSat-NeRF (SpS-NeRF) – an extension of Sat-NeRF adapted to sparse satellite views. SpS-NeRF employs dense depth supervision guided by crosscorrelation ",2023,"ISPRS Annals of the Photogrammetry, Remote Sensing and Spatial Information Sciences",L. Zhang; E. Rupnik,10.5194/isprs-annals-x-1-w1-2023-895-2023,,https://doi.org/10.5194/isprs-annals-x-1-w1-2023-895-2023,crossref,neural radiance field robotics,concept,architecture,,14,neural radiance field robotics,2026-06-12T15:07:36Z,12.254,12.254
doi:10.3390/bdcc8110162,Usable Privacy and Security in Mobile Applications: Perception of Mobile End Users in Saudi Arabia,"Privacy and security is very critical for mobile users and in-depth research into the area highlights a need for more scientific literature on the perception and challenges of end users to better align the design of privacy and security controls with user expectations. In this paper, we have explored the perceptions of the usability of privacy and security settings in mobile applications from mobile users in Saudi Arabia. The findings highlight that gender, age, and education level of users do not have any positive correlation with the privacy and security usability perceptions of mobile users. On the other hand, user concerns about privacy and security and the trustworthiness levels of end users regarding mobile phone privacy and security have a positive impact on end users’ perception of privacy and security usability. Furthermore, privacy usability perception has a positive impact on ",2024,Big Data and Cognitive Computing,Saqib Saeed,10.3390/bdcc8110162,,https://doi.org/10.3390/bdcc8110162,crossref,Gaussian splatting robot perception mobile manipulation,concept,architecture_x_embodiment,,9,Gaussian splatting robot perception; mobile manipulation,2026-06-12T15:07:36Z,12.251,12.251
doi:10.1051/aacus/2021039,Towards modelling active sound localisation based on Bayesian inference in a static environment,"Over the decades, Bayesian statistical inference has become a staple technique for modelling human multisensory perception. Many studies have successfully shown how sensory and prior information can be combined to optimally interpret our environment. Because of the multiple sound localisation cues available in the binaural signal, sound localisation models based on Bayesian inference are a promising way of explaining behavioural human data. An interesting aspect is the consideration of dynamic localisation cues obtained through self-motion. Here we provide a review of the recent developments in modelling dynamic sound localisation with a particular focus on Bayesian inference. Further, we describe a theoretical Bayesian framework capable to model dynamic and active listening situations in humans in a static auditory environment. In order to demonstrate its potential in future implementat",2021,Acta Acustica,Glen McLachlan; Piotr Majdak; Jonas Reijniers; Herbert Peremans,10.1051/aacus/2021039,,https://doi.org/10.1051/aacus/2021039,openalex,energy based model robot learning,concept,ebm,,29,,2026-06-12T18:26:24Z,12.251,12.251
doi:10.48550/arxiv.2401.01544,"Collaborative Perception for Connected and Autonomous Driving: Challenges, Possible Solutions and Opportunities","Autonomous driving has attracted significant attention from both academia and industries, which is expected to offer a safer and more efficient driving system. However, current autonomous driving systems are mostly based on a single vehicle, which has significant limitations which still poses threats to driving safety. Collaborative perception with connected and autonomous vehicles (CAVs) shows a promising solution to overcoming these limitations. In this article, we first identify the challenges of collaborative perception, such as data sharing asynchrony, data volume, and pose errors. Then, we discuss the possible solutions to address these challenges with various technologies, where the research opportunities are also elaborated. Furthermore, we propose a scheme to deal with communication efficiency and latency problems, which is a channel-aware collaborative perception framework to d",2024,arXiv (Cornell University),Senkang Hu; Zhengru Fang; Yiqin Deng; Xianhao Chen; Yuguang Fang,10.48550/arxiv.2401.01544,,https://doi.org/10.48550/arxiv.2401.01544,openalex,energy based transformer robot policy,concept,ebm_transformer,,8,energy based transformer robot policy; limitation; latency,2026-06-12T18:05:07Z,12.249,13.249
doi:10.32604/cmes.2023.030649,Exploring the Latest Applications of OpenAI and ChatGPT: An In-Depth Survey,"OpenAI and ChatGPT, as state-of-the-art language models driven by cutting-edge artificial intelligence technology, have gained widespread adoption across diverse industries. In the realm of computer vision, these models have been employed for intricate tasks including object recognition, image generation, and image processing, leveraging their advanced capabilities to fuel transformative breakthroughs. Within the gaming industry, they have found utility in crafting virtual characters and generating plots and dialogues, thereby enabling immersive and interactive player experiences. Furthermore, these models have been harnessed in the realm of medical diagnosis, providing invaluable insights and support to healthcare professionals in the realm of disease detection. The principal objective of this paper is to offer a comprehensive overview of OpenAI, OpenaiGym, ChatGPT, DALL E, stable diffu",2023,Computer Modeling in Engineering & Sciences,Zhang Hong; Haijian Shao,10.32604/cmes.2023.030649,,https://doi.org/10.32604/cmes.2023.030649,openalex,energy based transformer robot policy,concept,ebm_transformer,,26,energy based transformer robot policy; limitation,2026-06-12T18:05:07Z,12.248,13.248
doi:10.3390/biomimetics9010058,Perceived Safety Assessment of Interactive Motions in Human–Soft Robot Interaction,"Soft robots, especially soft robotic hands, possess prominent potential for applications in close proximity and direct contact interaction with humans due to their softness and compliant nature. The safety perception of users during interactions with soft robots plays a crucial role in influencing trust, adaptability, and overall interaction outcomes in human–robot interaction (HRI). Although soft robots have been claimed to be safe for over a decade, research addressing the perceived safety of soft robots still needs to be undertaken. The current safety guidelines for rigid robots in HRI are unsuitable for soft robots. In this paper, we highlight the distinctive safety issues associated with soft robots and propose a framework for evaluating the perceived safety in human–soft robot interaction (HSRI). User experiments were conducted, employing a combination of quantitative and qualitati",2024,Biomimetics,Yun Wang; Gang Wang; Weihan Ge; Jinxi Duan; Zixin Chen; Li Wen,10.3390/biomimetics9010058,,https://doi.org/10.3390/biomimetics9010058,crossref,interactive robot learning human feedback,concept,hri,,19,humanoid robot; human robot interaction,2026-06-12T15:07:36Z,12.248,12.248
doi:10.1088/1361-6501/adf7cb,Vision-based grasping force perception and servo control of robotic flexible gripper,"Abstract Robotic flexible grasping has important applications in industrial, agricultural, and other fields, where force perception is the key for robots to achieve stable grasping operations. The force perception capabilities of existing flexible grippers are primarily achieved through the use of force sensors or by embedding smart materials within them. However, these methods pose challenges such as complex installation and fixation of force sensors, high manufacturing requirements for flexible grippers, and alteration of the grasping contact surface characteristics. This study proposes a machine vision-based grasping force perception and servo control strategy for flexible grippers. Targeting the common fin-type flexible gripper structure, this study develops a grasping force perception algorithm for flexible grippers using finite element method (FEM). The algorithm primarily includes",2025,Measurement Science and Technology,Yufei Liu; Zuhao Zhu; Jinyong Ju; En Lu,10.1088/1361-6501/adf7cb,,https://doi.org/10.1088/1361-6501/adf7cb,crossref,analytical grasping,anti_myopia,anti_thesis,,1,analytical grasping,2026-06-12T15:07:36Z,12.247,15.247
doi:10.1109/iros51168.2021.9636322,New Metrics for Industrial Depth Sensors Evaluation for Precise Robotic Applications,"Precise perception is one of the key enablers of autonomous robotic operations. The right selection of sensors significantly influences the overall performance of the system. This paper provides a systematic approach for evaluation of various sensors available on the market. The main focus is to assess the performance in use cases of short to medium distance operations, especially relevant for precise manipulation and/or quality control. The evaluation is based solely on depth data (point clouds). We use six metrics to evaluate the sensors and propose a novel approach for low-cost fabrication of benchmark targets. The evaluation experiments are conducted on different materials to simulate various industrial environments. Our results provide a qualitative and quantitative comparison of different characteristics of various sensors and can be used to select an appropriate device for specifi",2021,2021 IEEE/RSJ International Conference on Intelligent Robots and Systems (IROS),Konrad P Cop; Arne Peters; Bare Luka Žagar; Daniel Hettegger; Alois Knoll,10.1109/iros51168.2021.9636322,,https://doi.org/10.1109/iros51168.2021.9636322,openalex,robotics,concept,openalex_bulk_robotics,,28,benchmark,2026-06-12T18:57:17Z,12.234,14.234
doi:10.1049/csy2.12033,Fast‐Tracker 2.0: Improving autonomy of aerial tracking with active vision and human location regression,"Abstract In recent years, several progressive studies promote the development of aerial tracking. One of the representative studies is our previous work Fast‐Tracker which is applicable to various challenging tracking scenarios. However, it suffers from two main drawbacks: (1) the oversimplification in target detection by using artificial markers and (2) the contradiction between simultaneous target and environment perception with limited onboard vision. In this study, we upgrade the target detection in Fast‐Tracker to detect and localise a human target based on deep learning and non‐linear regression to solve the former problem. For the latter one, we equip the quadrotor system with 360° active vision on a customised gimbal camera. Furthermore, we improve the tracking trajectory planning in Fast‐Tracker by incorporating an occlusion‐aware mechanism that generates observable tracking tra",2021,IET Cyber-Systems and Robotics,Neng Pan; Ruibin Zhang; Tiankai Yang; Can Cui; Chao Xu; Fei Gao,10.1049/csy2.12033,,https://doi.org/10.1049/csy2.12033,crossref,robotics,concept,crossref_bulk_robotics,,31,benchmark; robustness; occlusion,2026-06-12T19:29:26Z,12.233,14.233
doi:10.1109/roman.2005.1513802,Interactive robots for communication-care: a case-study in autism therapy,"The paper proposes possible use of interactive robots in the remedial practice for children with autism, who have difficulties mainly in interpersonal communication. For this purpose, we built a small creature-like robot, Keepon, which was carefully designed to get autistic and non-autistic children involved in playful interaction. We observed how autistic children (2-4 years old) interacted with Keepon without any experimental setting or instructions in a playroom at a day-care center for children with special needs. From the longitudinal observation for a year and a half (totally, over 500 child-sessions), we found that Keepon's simple appearance and predictable responses gave the autistic children a playful and relaxed mood, in which they spontaneously engaged in dyadic play with Keepon, which would then expand into interpersonal communication where Keepon worked as the pivot of triad",2006,,Hideki Kozima; Cocoro Nakagawa; Yuriko Yasuda,10.1109/roman.2005.1513802,,https://doi.org/10.1109/roman.2005.1513802,openalex,robotics,concept,openalex_bulk_robotics,,314,,2026-06-12T18:57:17Z,12.226,12.226
doi:10.1007/s42235-022-00236-7,More Detailed Disturbance Measurement and Active Disturbance Rejection Altitude Control for a Flapping Wing Robot Under Internal and External Disturbances,"Abstract With the goal of designing a biologically inspired robot that can hold a stable hover under internal and external disturbances. We designed a tailless Flapping-wing Micro Aerial Vehicle (FMAV) with onboard 3D velocity perception. In this way, the wind disturbance caused by the relative motion of the FMAV can be quantified in real time based on the established altitudinal dynamics model. For the rest of the total disturbance, an active disturbance rejection controller is proposed to estimate and suppress those disturbances. In comparison with the traditional PID controller, this proposed approach has been validated. The results show that, in the hovering flight with the internal unmodeled dynamics, the root-mean-square of height controlled is only 2.53 cm. Even with the different weights of loads mounting on the FMAV, the ascending trajectory of flights remains impressively consi",2022,Journal of Bionic Engineering,Jiawang Mou; Weiping Zhang; Kexin Zheng; Yao Wang; Chaofeng Wu,10.1007/s42235-022-00236-7,,https://doi.org/10.1007/s42235-022-00236-7,openalex,energy based model robot learning,concept,ebm,,18,,2026-06-12T18:26:24Z,12.222,12.222
doi:10.1080/01969722.2018.1541599,Real-Time Active SLAM and Obstacle Avoidance for an Autonomous Robot Based on Stereo Vision,"In this article, the problem of real-time robot exploration and map building (active SLAM) is considered. A single stereo vision camera is exploited by a fully autonomous robot to navigate, localize itself, define its surroundings, and avoid any possible obstacle in the aim of maximizing the mapped region following the optimal route. A modified version of the so-called cognitive-based adaptive optimization algorithm is introduced for the robot to successfully complete its tasks in real time and avoid any local minima entrapment. The method’s effectiveness and performance were tested under various simulation environments as well as real unknown areas with the use of properly equipped robots.",2019,Cybernetics & Systems,Vicky Kalogeiton; Konstantinos Ioannidis; Georgios Ch. Sirakoulis; Elias B. Kosmatopoulos,10.1080/01969722.2018.1541599,,https://doi.org/10.1080/01969722.2018.1541599,openalex,robotics,concept,openalex_bulk_robotics,,61,SLAM,2026-06-12T18:57:17Z,12.214,12.214
doi:10.1080/10494820.2019.1619593,Student perceptions of online active learning practices and online learning climate predict online course engagement,,2021,Interactive Learning Environments,Andrew W. Cole; Lauren Lennon; Nicole L. Weber,10.1080/10494820.2019.1619593,,https://doi.org/10.1080/10494820.2019.1619593,crossref,online adaptation robot learning,concept,adaptation,,122,online adaptation,2026-06-12T15:07:36Z,12.206,12.206
doi:10.1109/access.2019.2928467,Graph Theory-Based Approach to Accomplish Complete Coverage Path Planning Tasks for Reconfigurable Robots,"Extensive studies regarding complete coverage problems have been conducted, but a few tackle scenarios where the mobile robot is equipped with reconfigurable modules. The reconfigurability of these robots creates opportunities to develop new navigation strategies with higher dexterity; however, it also simultaneously adds in constraints to the direction of movements. This paper aims to develop a valid navigation strategy that allows tetromino-based self-reconfigurable robots to perform complete coverage tasks. To this end, a novel graph theory-based model to simulate the workspace coverage and make use of dynamic programming technique for optimal path searching and adaptive robot morphology shifting algorithms is proposed. Moreover, the influence of algorithms starting variables on workspace coverage outcome is analyzed thoughtfully in this paper. The simulation results showed that the p",2019,IEEE Access,Ping‐Cheng Ku; Rajesh Elara Mohan; Nguyen Huu Khanh Nhan; Anh Vu Le,10.1109/access.2019.2928467,,https://doi.org/10.1109/access.2019.2928467,openalex,robotics,concept,openalex_bulk_robotics,,60,,2026-06-12T18:57:17Z,12.205,12.205
doi:10.1002/adfm.202411686,"Artificial Skin Based on Visuo‐Tactile Sensing for 3D Shape Reconstruction: Material, Method, and Evaluation","Abstract Artificial skin has shown great potential in robot perception and human healthcare. It provides multifunctional tactile sensing, including 3D shape reconstruction, contact feedback, and temperature perception, where the 3D reconstruction function is indispensable for dexterous hands in tactile cognition and interaction. Vision‐based tactile sensor (VTS) is an innovative bionic tactile sensor and supports high‐resolution, high‐precision, and high‐density tactile reconstruction compared with electronic tactile sensors. Considering the unique contribution of visuo‐tactile sensing to artificial skin, this review focuses on the 3D reconstruction techniques of the VTS. 3D reconstruction methods are classified into five categories based on sensing modalities, hardware categories, and modeling approaches: 1) photometric stereo, 2) binocular depth calibration, 3) optical flow, 4) deep le",2024,Advanced Functional Materials,Shixin Zhang; Yiyong Yang; Yuhao Sun; Nailong Liu; Fuchun Sun; Bin Fang,10.1002/adfm.202411686,,https://doi.org/10.1002/adfm.202411686,openalex,transformer energy based model robotics,concept,ebm_transformer,,29,energy based model robotics,2026-06-12T18:05:07Z,12.201,13.201
doi:10.1007/978-3-319-02006-8_8,Case-Study: Bayesian Hierarchy for Active Perception,,2014,Springer Tracts in Advanced Robotics Probabilistic Approaches to Robotic Perception,João Filipe Ferreira; Jorge Dias,10.1007/978-3-319-02006-8_8,,https://doi.org/10.1007/978-3-319-02006-8_8,crossref,probabilistic robotics,anti_myopia,anti_thesis,,,active perception; probabilistic robotics,2026-06-12T15:07:36Z,12.200,15.200
doi:10.1007/s10514-018-9695-8,Guest editorial: Special issue on active perception,,2018,Autonomous Robots,Robert Fitch; Volkan Isler; Pratap Tokekar; Davide Scaramuzza,10.1007/s10514-018-9695-8,,https://doi.org/10.1007/s10514-018-9695-8,crossref,Gaussian splatting robot perception,concept,architecture,,,Gaussian splatting robot perception; active perception,2026-06-12T15:07:36Z,12.200,12.200
doi:10.1109/hfr.2018.8633523,The Research of Depth Perception Method Based on Sparse Random Grid,,2018,2018 11th International Workshop on Human Friendly Robotics (HFR),Dongxue Li; Fang Xu; Fengshan Zou; Pei Di; Hongyu Wang,10.1109/hfr.2018.8633523,,https://doi.org/10.1109/hfr.2018.8633523,crossref,robotics,concept,crossref_bulk_robotics,,,,2026-06-12T19:29:26Z,12.200,12.200
doi:10.5167/uzh-138892,"Past, present, and future of simultaneous localization and mapping: Toward the robust-perception age","Simultaneous localization and mapping (SLAM) consists in the concurrent construction of a model of the environment (the map), and the estimation of the state of the robot moving within it. The SLAM community has made astonishing progress over the last 30 years, enabling large-scale real-world applications and witnessing a steady transition of this technology to industry. We survey the current state of SLAM and consider future directions. We start by presenting what is now the de-facto standard formulation for SLAM. We then review related work, covering a broad set of topics including robustness and scalability in long-term mapping, metric and semantic representations for mapping, theoretical performance guarantees, active SLAM and exploration, and other new frontiers. This paper simultaneously serves as a position paper and tutorial to those who are users of SLAM. By looking at the publi",2016,Zurich Open Repository and Archive (University of Zurich),César Cadena; Luca Carlone; Henry Carrillo; Yasir Latif; Davide Scaramuzza; José Neira; Ian Reid; John J. Leonard,10.5167/uzh-138892,,https://doi.org/10.5167/uzh-138892,openalex,robotics,concept,openalex_bulk_robotics,,3158,SLAM; robustness,2026-06-12T18:57:17Z,12.200,14.200
doi:10.3390/sym18030394,PI-VLA: Adaptive Symmetry-Aware Decision-Making for Long-Horizon Vision–Language–Action Manipulation,"Vision–language–action (VLA) models often suffer from limited robustness in long-horizon manipulation tasks—where robots must execute extended sequences of actions over multiple time steps to achieve complex goals—due to their inability to explicitly exploit structural symmetries and to react adaptively when such symmetries are violated by environmental uncertainty. To address this limitation, this paper proposes PI-VLA, a symmetry-aware predictive and interactive VLA framework for robust robotic manipulation. PI-VLA is built upon three key symmetry-driven principles. First, a Cognitive–Motor Synergy (CMS) module jointly generates discrete and continuous action chunks together with predictive world-model features in a single forward pass, enforcing cross-modal action consistency as an implicit symmetry constraint across heterogeneous action representations. Second, a unified training obj",2026,Symmetry,Yina Jian; Di Tian; Xuan-Jing Chen; Zhen-Yuan Wei; Chen-Wei Liang; Mu-Jiang-Shan Wang,10.3390/sym18030394,,https://doi.org/10.3390/sym18030394,crossref,vision language action model limitation robotics,hostile,failure,,2,vision language action model; imitation learning; limitation; benchmark; robustness; ablation; long horizon,2026-06-12T15:07:36Z,12.199,21.199
doi:10.1126/sciadv.adn2031,Nanowatt all-optical 3D perception for mobile robotics,"Three-dimensional (3D) perception is vital to drive mobile robotics’ progress toward intelligence. However, state-of-the-art 3D perception solutions require complicated postprocessing or point-by-point scanning, suffering computational burden, latency of tens of milliseconds, and additional power consumption. Here, we propose a parallel all-optical computational chipset 3D perception architecture (Aop3D) with nanowatt power and light speed. The 3D perception is executed during the light propagation over the passive chipset, and the captured light intensity distribution provides a direct reflection of the depth map, eliminating the need for extensive postprocessing. The prototype system of Aop3D is tested in various scenarios and deployed to a mobile robot, demonstrating unprecedented performance in distance detection and obstacle avoidance. Moreover, Aop3D works at a frame rate of 600 he",2024,Science Advances,Tao Yan; Tiankuang Zhou; Yanchen Guo; Yun Zhao; Guocheng Shao; Jiamin Wu; Ruqi Huang; Qionghai Dai; Lu Fang,10.1126/sciadv.adn2031,,https://doi.org/10.1126/sciadv.adn2031,crossref,robotics,concept,crossref_bulk_robotics,,8,latency,2026-06-12T19:29:26Z,12.199,12.199
doi:10.1177/1729881416666783,Humanoid environmental perception with Gaussian process regression,"Nowadays, humanoids are increasingly expected acting in the real world to complete some high-level tasks humanly and intelligently. However, this is a hard issue due to that the real world is always extremely complicated and full of miscellaneous variations. As a consequence, for a real-world-acting robot, precisely perceiving the environmental changes might be an essential premise. Unlike human being, humanoid robot usually turns out to be with much less sensors to get enough information from the real world, which further leads the environmental perception problem to be more challenging. Although it can be tackled by establishing direct sensory mappings or adopting probabilistic filtering methods, the nonlinearity and uncertainty caused by both the complexity of the environment and the high degree of freedom of the robots will result in tough modeling difficulties. In our study, with th",2016,International Journal of Advanced Robotic Systems,Dingsheng Luo; Yaoxiang Ding; Xiaoqiang Han; Yang Ma; Yian Deng; Zhan Liu; Xihong Wu,10.1177/1729881416666783,,https://doi.org/10.1177/1729881416666783,crossref,Gaussian splatting robot perception,concept,architecture,,1,Gaussian splatting robot perception; humanoid robot,2026-06-12T15:07:36Z,12.197,14.197
doi:10.3390/robotics14090127,Decision-Making for Path Planning of Mobile Robots Under Uncertainty: A Review of Belief-Space Planning Simplifications,"Uncertainty remains a central challenge in robotic navigation, exploration, and coordination. This paper examines how Partially Observable Markov Decision Processes (POMDPs) and their decentralized variants (Dec-POMDPs) provide a rigorous foundation for decision-making under partial observability across tasks such as Active Simultaneous Localization and Mapping (A-SLAM), adaptive informative path planning, and multi-robot coordination. We review recent advances that integrate deep reinforcement learning (DRL) with POMDP formulations, highlighting improvements in scalability and adaptability as well as unresolved challenges of robustness, interpretability, and sim-to-real transfer. To complement learning-driven methods, we discuss emerging strategies that embed probabilistic reasoning directly into navigation, including belief-space planning, distributionally robust control formulations, ",2025,Robotics,Vineetha Malathi; Pramod Sreedharan; Rthuraj P R; Vyshnavi Anil Kumar; Anil Lal Sadasivan; Ganesha Udupa; Liam Pastorelli; Andrea Troppina,10.3390/robotics14090127,,https://doi.org/10.3390/robotics14090127,crossref,decision transformer robotics,concept,architecture,,5,decision transformer robotics; sim to real transfer; SLAM; robustness; partial observability,2026-06-12T15:07:36Z,12.196,15.196
doi:10.1002/rob.22484,Study of a Cable‐Driven Hip Swimming‐Assisted Exoskeleton Utilizing Adaptive Active Control Strategy,"ABSTRACT The power‐assisted exoskeletons have a far‐reaching research significance. The adaptive active control strategy (AACS) of the exoskeleton allows the wearers to achieve personalized assistance tailored to their specific movement patterns and physical needs. However, due to the high requirements for waterproof design and the high difficulty in underwater AACS design, the researches on underwater power‐assisting exoskeletons are hardly to be seen. Therefore, this research proposes a cable‐driven hip swimming‐assisted exoskeleton (SAE) utilizing an AACS. SAE can generate adaptive power‐assisting guiding trajectories of thighs by underwater motion intention perception (UMIP) of the wearer. To achieve UMIP, a deep learning network is presented by combining conventional neural network, bidirectional long short‐term memory network, and attention mechanism (AM‐Dconvbilstm). SAE guides th",2025,Journal of Field Robotics,Longwen Chen; Dean Hu,10.1002/rob.22484,,https://doi.org/10.1002/rob.22484,crossref,neural radiance field robotics,concept,architecture,,5,neural radiance field robotics,2026-06-12T15:07:36Z,12.196,12.196
doi:10.1002/rob.22517,A Multimodal Perception System for Precise Landing of UAVs in Offshore Environments,"ABSTRACT The integration of precise landing capabilities into unmanned aerial vehicles (UAVs) is crucial for enabling autonomous operations, particularly in challenging environments such as the offshore scenarios. This work proposes a heterogeneous perception system that incorporates a multimodal fiducial marker, designed to improve the accuracy and robustness of autonomous landing of UAVs in both daytime and nighttime operations. This work presents ViTAL‐TAPE, a visual transformer‐based model, that enhance the detection reliability of the landing target and overcomes the changes in the illumination conditions and viewpoint positions, where traditional methods fail. VITAL‐TAPE is an end‐to‐end model that combines multimodal perceptual information, including photometric and radiometric data, to detect landing targets defined by a fiducial marker with 6 degrees‐of‐freedom. Extensive experi",2025,Journal of Field Robotics,Rafael Marques Claro; Francisco Soares Pinto Neves; Andry Maykol Gomes Pinto,10.1002/rob.22517,,https://doi.org/10.1002/rob.22517,crossref,neural radiance field robotics,concept,architecture,,5,neural radiance field robotics; robustness,2026-06-12T15:07:36Z,12.196,13.196
doi:10.1364/oe.560123,Fast and accurate active alignment of camera lenses with physics-informed deep learning,"As optical systems become increasingly complex, accurate and fast alignment is becoming more critical. Active alignment (AA) techniques dynamically optimize optical positioning using real-time image quality feedback, ensuring better performance and higher production yields. However, in large-scale manufacturing, such as smartphone lens production, existing AA techniques struggle to balance speed and accuracy. In this paper, we propose a pipeline for AA using physics-informed deep learning. Our pipeline consists of two main components: a physics-informed tolerance estimation neural network (TolNet) that estimates tolerances from point spread functions (PSFs) and an optical optimization module that determines the adjustment parameters for AA. TolNet is trained with a strategy that combines data-driven and physics-driven losses, enabling it to produce physically plausible results. TolNet pe",2025,Optics Express,Enjie Hu; Jiajian He; Jingwen Zhou; Zheng Ren; Huaze Sun; Tingting Jiang; Huajun Feng; Yueting Chen,10.1364/oe.560123,,https://doi.org/10.1364/oe.560123,crossref,physics informed robot learning,concept,architecture,,5,physics informed robot learning,2026-06-12T15:07:36Z,12.196,12.196
doi:10.1049/ccs.2020.0005,"Combined perception, control, and learning for teleoperation: key technologies, applications, and challenges","Teleoperation provides a promising way for human–robot collaboration in the unknown or unstructured environments to perform a cooperative task. It enables humans to complete a task at a remote side and combines both the human's intelligence and the robots’ capabilities in a collaborative task. Therefore, it is necessary to conduct cross researches in terms of robotics, artificial intelligence, sensors, and mechatronics. This study covers the state‐of‐the‐arts research in terms of perception, control, and learning. In this review, key technologies about information perception mechanism, control algorithms, human–robot interface, and robot learning strategies for teleoperation are introduced. Then, a comprehensive survey is summarised in representative applications in teleoperation, and the existing challenges and potential directions of the development are discussed.",2020,Cognitive Computation and Systems,Jing Luo; Wei He; Chenguang Yang,10.1049/ccs.2020.0005,,https://doi.org/10.1049/ccs.2020.0005,openalex,energy based model robot learning,concept,ebm,,39,teleoperation,2026-06-12T18:26:24Z,12.194,12.194
doi:10.1109/lra.2020.3017475,Interact With Me: An Exploratory Study on Interaction Factors for Active Physical Human-Robot Interaction,"In future robotic applications in environments such as nursing houses, construction sites, private homes, etc, robots might need to take unpredicted physical actions according to the state of the users to overcome possible human errors. Referring to these actions as active physical human-robot interactions (active pHRI), in this letter, the goal is to verify the possibility of identifying measurable interaction factors that could be used in future active pHRI controllers, by exploring and analyzing the state of the users during active pHRI. We hypothesize that active physical robot actions can cause measurable alterations in the physical and physiological data of the users, and that these measurements could be interpreted with users' personality and perceptions. We design an experiment where the participant uses the robot to play a visual puzzle game, during which, the robot takes unanti",2020,IEEE Robotics and Automation Letters,Yue Hu; Mehdi Benallegue; Gentiane Venture; Eiichi Yoshida,10.1109/lra.2020.3017475,,https://doi.org/10.1109/lra.2020.3017475,openalex,robotics,concept,openalex_bulk_robotics,,39,human robot interaction,2026-06-12T18:57:17Z,12.194,12.194
doi:10.1109/tii.2022.3195171,Deeply Supervised Subspace Learning for Cross-Modal Material Perception of Known and Unknown Objects,"In order to help robots understand and perceive an object's properties during noncontact robot-object interaction, this article proposes a deeply supervised subspace learning method. In contrast to previous work, it takes the advantages of low noise and fast response of noncontact sensors and extracts novel contactless feature information to retrieve cross-modal information, so as to estimate and infer material properties of known as well as unknown objects. Specifically, a depth-supervised subspace cross-modal material retrieval model is trained to learn a common low-dimensional feature representation to capture the clustering structure among different modal features of the same class of objects. Meanwhile, all of unknown objects are accurately perceived by an energy-based model, which forces an unlabeled novel object's features to be mapped beyond the common low-dimensional features. T",2022,IEEE Transactions on Industrial Informatics,Pengwen Xiong; Junjie Liao; MengChu Zhou; Aiguo Song; Peter Liu,10.1109/tii.2022.3195171,,https://doi.org/10.1109/tii.2022.3195171,openalex,energy based model robot learning,concept,ebm,,35,,2026-06-12T18:05:07Z,12.192,12.192
title:deep reinforcement learning with interactive feedback in a human robot environment,Deep Reinforcement Learning with Interactive Feedback in a Human–Robot Environment,"Robots are extending their presence in domestic environments every day, it being more common to see them carrying out tasks in home scenarios. In the future, robots are expected to increasingly perform more complex tasks and, therefore, be able to acquire experience from different sources as quickly as possible. A plausible approach to address this issue is interactive feedback, where a trainer advises a learner on which actions should be taken from specific states to speed up the learning process. Moreover, deep reinforcement learning has been recently widely used in robotics to learn the environment and acquire new skills autonomously. However, an open issue when using deep reinforcement learning is the excessive time needed to learn a task from raw input images. In this work, we propose a deep reinforcement learning approach with interactive feedback to learn a domestic task in a Huma",2020,Own your potential (DEAKIN),"Moreira, Ithan; Rivas, Javier; Cruz Naranjo, Francisco; Dazeley, Richard; Ayala, Angel; Fernandes, Bruno",,,https://openalex.org/W3101926919,openalex,robotics,concept,openalex_bulk_robotics,,38,,2026-06-12T18:57:17Z,12.182,12.182
doi:10.1109/jsen.2021.3064588,State-of-the-Art in Perception Technologies for Collaborative Robots,"The developments in sensor technology, information processing, computer science, and artificial intelligence significantly improved robots’ autonomy. Robots’ external perception relies on sensing technology. Thus, capturing accurate sensor information is vital for ensuring robotic security and improving human-machine interaction performance. This paper classifies the main robotic sensors, describes multi-sensor information fusion and processing and contrasts the state-of-the-art sensor technologies for collaborative robots with other state-of-the-art technologies in related fields. In addition, this paper also introduces collaborative robots’ perception applications of the state-of-the-art representative products, the new designs for collaborative robots, the interactive applications of the intelligent Kinect sensor with collaborative robots, and the important applications of collaborati",2021,IEEE Sensors Journal,Xiaoxuan Ding; Janli Guo; Zijie Ren; Pan Deng,10.1109/jsen.2021.3064588,,https://doi.org/10.1109/jsen.2021.3064588,openalex,robotics,concept,openalex_bulk_robotics,,25,,2026-06-12T18:57:17Z,12.179,12.179
doi:10.24132/jwscg.2022.5,Mip-NeRF RGB-D: Depth Assisted Fast Neural Radiance Fields,"Neural scene representations, such as Neural Radiance Fields (NeRF), are based on training a multilayer perceptron (MLP) using a set of color images with known poses. An increasing number of devices now produce RGB-D(color + depth) information, which has been shown to be very important for a wide range of tasks. Therefore, the aim of this paper is to investigate what improvements can be made to these promising implicit representations by incorporating depth information with the color images. In particular, the recently proposed Mip-NeRF approach, which uses conical frustums instead of rays for volume rendering, allows one to account for the varying area of a pixel with distance from the camera center. The proposed method additionally models depth uncertainty. This allows to address major limitations of NeRF-based approaches including improving the accuracy of geometry, reduced artifacts,",2022,Journal of WSCG,Arnab Dey; Yassine Ahmine; Andrew I. Comport,10.24132/jwscg.2022.5,,https://doi.org/10.24132/jwscg.2022.5,crossref,neural radiance field robotics,concept,architecture,,18,neural radiance field robotics; limitation; benchmark,2026-06-12T15:07:36Z,12.172,15.172
doi:10.1109/cvpr52734.2025.00558,PUP 3D-GS: Principled Uncertainty Pruning for 3D Gaussian Splatting,,2025,2025 IEEE/CVF Conference on Computer Vision and Pattern Recognition (CVPR),Alex Hanson; Allen Tu; Vasu Singla; Mayuka Jayawardhana; Matthias Zwicker; Tom Goldstein,10.1109/cvpr52734.2025.00558,,https://doi.org/10.1109/cvpr52734.2025.00558,crossref,Gaussian splatting robot perception,concept,architecture,,22,Gaussian splatting robot perception,2026-06-12T15:07:36Z,12.168,13.168
doi:10.5194/essd-14-5233-2022,"Full-coverage 250 m monthly aerosol optical depth dataset (2000–2019) amended with environmental covariates by an ensemble machine learning model over arid and semi-arid areas, NW China","Abstract. Aerosols are complex compounds that greatly affect the global radiation balance and climate system and even human health; in addition, aerosols are currently a large source of uncertainty in the numerical simulation process. The arid and semi-arid areas have fragile ecosystems with abundant dust but lack related high-accuracy aerosol data. To solve these problems, we use the bagging trees ensemble model, based on 1 km aerosol optical depth (AOD) data and multiple environmental covariates, to produce a monthly advanced-performance, full-coverage, and high-resolution (250 m) AOD product (named FEC AOD, fusing environmental covariates AOD) covering the arid and semi-arid areas. Then, based on the FEC AOD products, we analyzed the spatiotemporal AOD pattern and further discussed the interpretation of environmental covariates to AOD. The results show that the bagging trees ensemble ",2022,Earth system science data,Xiangyue Chen; Hongchao Zuo; Zipeng Zhang; Xiaoyi Cao; Jikai Duan; Chuanmei Zhu; Zhe Zhang; Jingzhe Wang,10.5194/essd-14-5233-2022,,https://doi.org/10.5194/essd-14-5233-2022,openalex,energy based model robot learning,concept,ebm,,16,,2026-06-12T18:26:24Z,12.167,13.167
doi:10.2174/1872212117666220929142031,A Review of Perception-Based Navigation System for Autonomous Mobile Robots,"Abstract: Perception-based navigation systems have become more popular in robotic applications such as autonomous moving vehicles in hospitals, logistics, packing and forwarding, mines, military, defense, consumer robots, building surveillance, rescuing and carrying a child or physically challenged people, and so on, due to the need, advanced development, and large influence. To improve positioning, localization, and path planning on obstacle-free trajectories, several navigation designs have been developed. In this study, we attempt to analyze various navigation methods and technologies applied by mobile robots in various applications. On paths without obstacles, a number of navigation designs have been created to enhance positioning, localization, and path planning. An overview of many navigation technologies is given in this article. The paper focuses on Measurand-based navigation of ",2022,Recent Patents on Engineering,S. Julius Fusic; T. Sugumari,10.2174/1872212117666220929142031,,https://doi.org/10.2174/1872212117666220929142031,openalex,robotics,concept,openalex_bulk_robotics,,16,,2026-06-12T18:57:17Z,12.167,12.167
doi:10.3390/rs10050803,Correcting Measurement Error in Satellite Aerosol Optical Depth with Machine Learning for Modeling PM2.5 in the Northeastern USA,"Satellite-derived estimates of aerosol optical depth (AOD) are key predictors in particulate air pollution models. The multi-step retrieval algorithms that estimate AOD also produce quality control variables but these have not been systematically used to address the measurement error in AOD. We compare three machine-learning methods: random forests, gradient boosting, and extreme gradient boosting (XGBoost) to characterize and correct measurement error in the Multi-Angle Implementation of Atmospheric Correction (MAIAC) 1 × 1 km AOD product for Aqua and Terra satellites across the Northeastern/Mid-Atlantic USA versus collocated measures from 79 ground-based AERONET stations over 14 years. Models included 52 quality control, land use, meteorology, and spatially-derived features. Variable importance measures suggest relative azimuth, AOD uncertainty, and the AOD difference in 30–210 km movi",2018,Remote Sensing,Allan C. Just; Margherita M. De Carli; Alexandra Shtein; Michael Dorman; Alexei Lyapustin; Itai Kloog,10.3390/rs10050803,,https://doi.org/10.3390/rs10050803,openalex,energy based model robot learning,concept,ebm,,82,,2026-06-12T18:05:07Z,12.159,13.159
doi:10.3390/app10165574,Deep Reinforcement Learning with Interactive Feedback in a Human–Robot Environment,"Robots are extending their presence in domestic environments every day, it being more common to see them carrying out tasks in home scenarios. In the future, robots are expected to increasingly perform more complex tasks and, therefore, be able to acquire experience from different sources as quickly as possible. A plausible approach to address this issue is interactive feedback, where a trainer advises a learner on which actions should be taken from specific states to speed up the learning process. Moreover, deep reinforcement learning has been recently widely used in robotics to learn the environment and acquire new skills autonomously. However, an open issue when using deep reinforcement learning is the excessive time needed to learn a task from raw input images. In this work, we propose a deep reinforcement learning approach with interactive feedback to learn a domestic task in a Huma",2020,Applied Sciences,Ithan Moreira; Javier Rivas; Francisco Cruz; Richard Dazeley; Angel Ayala; Bruno Fernandes,10.3390/app10165574,,https://doi.org/10.3390/app10165574,crossref,interactive robot learning human feedback,concept,hri,,40,,2026-06-12T15:07:36Z,12.157,12.157
doi:10.1109/crv.2014.12,Towards Full Omnidirectional Depth Sensing Using Active Vision for Small Unmanned Aerial Vehicles,,2014,2014 Canadian Conference on Computer and Robot Vision,Adam Harmat; Inna Sharf,10.1109/crv.2014.12,,https://doi.org/10.1109/crv.2014.12,crossref,robot foundation model vision language action,concept,vla,,2,robot foundation model,2026-06-12T15:07:36Z,12.149,12.149
doi:10.1109/hri.2013.6483496,Evaluating the effects of limited perception on interactive decisions in mixed robotic domains,,2013,2013 8th ACM/IEEE International Conference on Human-Robot Interaction (HRI),Aris Valtazanos; Subramanian Ramamoorthy,10.1109/hri.2013.6483496,,https://doi.org/10.1109/hri.2013.6483496,crossref,Gaussian splatting robot perception,concept,architecture,,2,Gaussian splatting robot perception,2026-06-12T15:07:36Z,12.149,12.149
doi:10.1109/roman.2009.5326144,"The IbnSina interactive theater: Where humans, robots and virtual characters meet",,2009,RO-MAN 2009 - The 18th IEEE International Symposium on Robot and Human Interactive Communication,Nikolaos Mavridis; David Hanson,10.1109/roman.2009.5326144,,https://doi.org/10.1109/roman.2009.5326144,crossref,interactive robot learning human feedback,concept,hri,,2,,2026-06-12T15:07:36Z,12.149,12.149
doi:10.1109/compsac.2008.68,A Contract Net Model Based on Agent Active Perception,,2008,2008 32nd Annual IEEE International Computer Software and Applications Conference,Meisheng Wang; Qingshan Li; Chenguang Zhao; Yingqiang Wang,10.1109/compsac.2008.68,,https://doi.org/10.1109/compsac.2008.68,crossref,Gaussian splatting robot perception embodied agent,concept,architecture_x_embodiment,,2,Gaussian splatting robot perception; embodied agent; active perception,2026-06-12T15:07:36Z,12.149,12.149
doi:10.1109/icra.2012.6225342,Physically-based grasp quality evaluation under uncertainty,,2012,2012 IEEE International Conference on Robotics and Automation,Junggon Kim; Kunihiro Iwamoto; James J. Kuffner; Yasuhiro Ota; Nancy S. Pollard,10.1109/icra.2012.6225342,,https://doi.org/10.1109/icra.2012.6225342,crossref,robotics,concept,crossref_bulk_robotics,,2,,2026-06-12T19:29:26Z,12.149,14.149
doi:10.3390/jmse11030588,Reference Model-Based Deterministic Policy for Pitch and Depth Control of Autonomous Underwater Vehicle,"The Deep Reinforcement Learning (DRL) algorithm is an optimal control method with generalization capacity for complex nonlinear coupled systems. However, the DRL agent maintains control command saturation and response overshoot to achieve the fastest response. In this study, a reference model-based DRL control strategy termed Model-Reference Twin Delayed Deep Deterministic (MR-TD3) was proposed for controlling the pitch attitude and depth of an autonomous underwater vehicle (AUV) system. First, a reference model based on an actual AUV system was introduced to an actor–critic structure, where the input of the model was the reference target, the outputs were the smoothed reference targets, and the reference model parameters can adjust the response time and the smoothness. The input commands were limited to the saturation range. Then, the model state, the real state and the reference target",2023,Journal of Marine Science and Engineering,Jiqing Du; Dan Zhou; Wei Wang; Sachiyo Arai,10.3390/jmse11030588,,https://doi.org/10.3390/jmse11030588,openalex,energy based policy robotics,concept,ebm,,10,generalization; robustness,2026-06-12T18:05:07Z,12.149,15.149
doi:10.1002/advs.202305495,Interactive Multi‐Stage Robotic Positioner for Intra‐Operative MRI‐Guided Stereotactic Neurosurgery,"Magnetic resonance imaging (MRI) demonstrates clear advantages over other imaging modalities in neurosurgery with its ability to delineate critical neurovascular structures and cancerous tissue in high-resolution 3D anatomical roadmaps. However, its application has been limited to interventions performed based on static pre/post-operative imaging, where errors accrue from stereotactic frame setup, image registration, and brain shift. To leverage the powerful intra-operative functions of MRI, e.g., instrument tracking, monitoring of physiological changes and tissue temperature in MRI-guided bilateral stereotactic neurosurgery, a multi-stage robotic positioner is proposed. The system positions cannula/needle instruments using a lightweight (203 g) and compact (Ø97 × 81 mm) skull-mounted structure that fits within most standard imaging head coils. With optimized design in soft robotics, the",2023,Advanced Science,Zhuoliang He; Jing Dai; Justin Ho; Hon‐Sing Tong; Xiaomei Wang; Ge Fang; Liyuan Liang; Chim‐Lee Cheung; Ziyan Guo; Hing‐Chiu Chang; Iulian Iordachita; Russell H. Taylor; Wai Sang Poon; Danny Tat Ming Chan; Ka‐Wai Kwok,10.1002/advs.202305495,,https://doi.org/10.1002/advs.202305495,openalex,robotics,concept,openalex_bulk_robotics,,21,,2026-06-12T18:57:17Z,12.146,12.146
doi:10.3389/frobt.2023.1164950,Impact analysis of cooperative perception on the performance of automated driving in unsignalized roundabouts,"This paper reports the implementation and results of a simulation-based analysis of the impact of cloud/edge-enabled cooperative perception on the performance of automated driving in unsignalized roundabouts. This is achieved by comparing the performance of automated driving assisted by cooperative perception to that of a baseline system, where the automated vehicle relies only on its onboard sensing and perception for motion planning and control. The paper first provides the descriptions of the implemented simulation model, which integrates the SUMO road traffic generator and CARLA simulator. This includes descriptions of both the baseline and cooperative perception-assisted automated driving systems. We then define a set of relevant key performance indicators for traffic efficiency, safety, and ride comfort, as well as simulation scenarios to collect relevant data for our analysis. Thi",2023,Frontiers in Robotics and AI,Hazim Zainudin; Konstantinos Koufos; Graham Lee; Lintong Jiang; Mehrdad Dianati,10.3389/frobt.2023.1164950,,https://doi.org/10.3389/frobt.2023.1164950,crossref,Gaussian splatting robot perception,concept,architecture,,11,Gaussian splatting robot perception; motion planning,2026-06-12T15:07:36Z,12.142,13.142
doi:10.3389/frobt.2024.1344367,Safe contact-based robot active search using Bayesian optimization and control barrier functions,"In robotics, active exploration and learning in uncertain environments must take into account safety, as the robot may otherwise damage itself or its surroundings. This paper presents a method for safe active search using Bayesian optimization and control barrier functions. As robot paths undertaken during sampling are continuous, we consider an informative continuous expected improvement acquisition function. To safely bound the contact forces between the robot and its surroundings, we leverage exponential control barrier functions, utilizing the derivative of the force in the contact model to increase robustness to uncertainty in the contact boundary. Our approach is demonstrated on a fully autonomous robot for ultrasound scanning of rheumatoid arthritis (RA). Here, active search is a critical component of ensuring high image quality. Furthermore, bounded contact forces between the ult",2024,Frontiers in Robotics and AI,Frederik Vinter-Hviid; Christoffer Sloth; Thiusius Rajeeth Savarimuthu; Iñigo Iturrate,10.3389/frobt.2024.1344367,,https://doi.org/10.3389/frobt.2024.1344367,crossref,contact dynamics robot learning,concept,contact,,7,contact dynamics; control barrier function; robustness,2026-06-12T14:45:03Z,12.140,14.140
doi:10.3389/fnbot.2021.642780,Active Vision for Robot Manipulators Using the Free Energy Principle,"Occlusions, restricted field of view and limited resolution all constrain a robot's ability to sense its environment from a single observation. In these cases, the robot first needs to actively query multiple observations and accumulate information before it can complete a task. In this paper, we cast this problem of active vision as active inference, which states that an intelligent agent maintains a generative model of its environment and acts in order to minimize its surprise, or expected free energy according to this model. We apply this to an object-reaching task for a 7-DOF robotic manipulator with an in-hand camera to scan the workspace. A novel generative model using deep neural networks is proposed that is able to fuse multiple views into an abstract representation and is trained from data by minimizing variational free energy. We validate our approach experimentally for a reach",2021,Frontiers in Neurorobotics,Toon Van de Maele; Tim Verbelen; Ozan Çatal; Cedric De Boom; Bart Dhoedt,10.3389/fnbot.2021.642780,,https://doi.org/10.3389/fnbot.2021.642780,openalex,robotics,concept,openalex_bulk_robotics,,23,occlusion,2026-06-12T18:57:17Z,12.139,12.139
doi:10.1109/tro.2021.3082017,Maximizing the Probability of Task Completion for Redundant Robots Experiencing Locked Joint Failures,"This article considers the problem of planning a trajectory that maximizes the probability that a robot will be able to complete a set of point-to-point tasks, after experiencing locked joint failures. The proposed approach first develops a method to calculate the probability of task failure for an arbitrary trajectory based on its failure scenarios, which are efficiently computed by identifying the ranges of task point self-motion manifolds. Then, a novel trajectory planning algorithm is proposed to find the optimal trajectory with maximum probability of task completion. The planning algorithm exploits the overlap of self-motion manifold bounding boxes, as opposed to always using the shortest distance, to determine an optimal trajectory. The proposed trajectory planning algorithm is demonstrated on planar positioning 3R, spatial positioning 4R, and spatial positioning/orienting 7R redun",2021,IEEE Transactions on Robotics,Biyun Xie; Anthony A. Maciejewski,10.1109/tro.2021.3082017,,https://doi.org/10.1109/tro.2021.3082017,openalex,robotics,concept,openalex_bulk_robotics,,23,,2026-06-12T18:57:17Z,12.139,13.139
doi:10.1109/jsen.2020.3016081,Augmented Perception for Agricultural Robots Navigation,"Producing food in a sustainable way is becoming very challenging today due to the lack of skilled labor, the unaffordable costs of labor when available, and the limited returns for growers as a result of low produce prices demanded by big supermarket chains in contrast to ever-increasing costs of inputs such as fuel, chemicals, seeds, or water. Robotics emerges as a technological advance that can counterweight some of these challenges, mainly in industrialized countries. However, the deployment of autonomous machines in open environments exposed to uncertainty and harsh ambient conditions poses an important defiance to reliability and safety. Consequently, a deep parametrization of the working environment in real time is necessary to achieve autonomous navigation. This article proposes a navigation strategy for guiding a robot along vineyard rows for field monitoring. Given that global p",2020,IEEE Sensors Journal,Francisco Rovira-Más; Verónica Sáiz-Rubio; A. Cuenca,10.1109/jsen.2020.3016081,,https://doi.org/10.1109/jsen.2020.3016081,openalex,robotics,concept,openalex_bulk_robotics,,68,deployment,2026-06-12T18:57:17Z,12.117,14.117
doi:10.3390/app12063050,Design and Experiments of a Compact Self-Assembling Mobile Modular Robot with Joint Actuation and Onboard Visual-Based Perception,"Modular robots have the advantage of self-assembling into a large and complex structure to travel through territories beyond an individual robot’s capacity. A swarm of mobile robots is combined through mechanical interconnection and joint actuation to achieve a linked or articular configuration. In this paper, to enhance the perception, actuation and docking capacity of modular robots, a parallel mechanism-based docking system and onboard visual perception system are proposed in the design of a novel compact self-assembling mobile modular robot (SMMRob). Each module is self-contained, with a sensing or joint function. The robot modules can dock with each other based on relative positioning, which employs the visual perception of passive markers or active infrared signals in different localizations. Performance experiments were conducted to evaluate the robot module. Docking experiments w",2022,Applied Sciences,Haiyuan Li; Haoyu Wang; Linlin Cui; Jiake Li; Qi Wei; Jiqiang Xia,10.3390/app12063050,,https://doi.org/10.3390/app12063050,crossref,Gaussian splatting robot perception,concept,architecture,,16,Gaussian splatting robot perception,2026-06-12T15:07:36Z,12.117,12.117
doi:10.1515/htmp-2022-0040,A study on deep reinforcement learning-based crane scheduling model for uncertainty tasks,"Abstract Aiming at the crane scheduling problem for uncertainty tasks in multi-crane scheduling situation, this article proposes a deep reinforcement learning-based crane scheduling modeling method that is not dependent on mathematical planning and has certain generality. First, the crane scheduling process is integrated into deep reinforcement learning framework in which the orbit space of the crane and the transportation task is environmental information and crane is the intelligent agent. Second, the interactive mode between reinforcement learning algorithm and environment is adjusted to adapt to the combined learning of multi-crane scheduling model. Last, the crane scheduling model for uncertainty tasks is constructed by optimizing reward discount factor, learning rate, and reward function intensive mode. Testing of the model is carried out based on practical crane scheduling in one ",2022,High Temperature Materials and Processes,Kai Feng; Lingzhi Yang; Dongfeng He; Shijing Lin; Buxin Su,10.1515/htmp-2022-0040,,https://doi.org/10.1515/htmp-2022-0040,crossref,model based reinforcement learning robotics,concept,architecture,,16,model based reinforcement learning robotics,2026-06-12T15:07:36Z,12.117,13.117
doi:10.3390/electronics14122380,Safety Management Technologies for Wireless Electric Vehicle Charging Systems: A Review,"Wireless electric vehicle charging (WEVC) is rapidly advancing as an enabling technology for convenient electrified transportation. The trend toward high-power WEVC systems is accelerating, which not only enhances charging speed and user convenience but also introduces new and complex safety challenges. These challenges are particularly acute at the coupler level, where electrical, thermal, and magnetic risks often interact. This review offers a comprehensive analysis of safety management technologies that are specific to WEVC, with an exclusive focus on coupler-related risks. System-level and coupler-level hazards associated with high-power operation are first examined, followed by an in-depth discussion of recent progress in passive safety materials, such as insulation, thermal dissipation, and electromagnetic shielding. Active safety management strategies are also reviewed in detail, ",2025,Electronics,Songyan Niu; Qirui Jia; Hu Yang; Chengbo Yang; Linni Jian,10.3390/electronics14122380,,https://doi.org/10.3390/electronics14122380,openalex,energy based transformer robot policy,concept,ebm_transformer,,16,energy based transformer robot policy; deployment,2026-06-12T18:05:07Z,12.117,13.117
doi:10.1007/s00422-012-0512-8,Active inference and agency: optimal control without cost functions,"This paper describes a variational free-energy formulation of (partially observable) Markov decision problems in decision making under uncertainty. We show that optimal control can be cast as active inference. In active inference, both action and posterior beliefs about hidden states minimise a free energy bound on the negative log-likelihood of observed states, under a generative model. In this setting, reward or cost functions are absorbed into prior beliefs about state transitions and terminal states. Effectively, this converts optimal control into a pure inference problem, enabling the application of standard Bayesian filtering techniques. We then consider optimal trajectories that rest on posterior beliefs about hidden states in the future. Crucially, this entails modelling control as a hidden state that endows the generative model with a representation of agency. This leads to a di",2012,Biological Cybernetics,Karl Friston; Spyridon Samothrakis; Read Montague,10.1007/s00422-012-0512-8,,https://doi.org/10.1007/s00422-012-0512-8,openalex,energy based policy robotics,concept,ebm,,249,,2026-06-12T18:05:07Z,12.111,15.111
doi:10.1177/0278364917730603,Learn from experience: Probabilistic prediction of perception performance to avoid failure,"Despite significant advances in machine learning and perception over the past few decades, perception algorithms can still be unreliable when deployed in challenging time-varying environments. When these systems are used for autonomous decision-making, such as in self-driving vehicles, the impact of their mistakes can be catastrophic. As such, it is important to characterize the performance of the system and predict when and where it may fail in order to take appropriate action. While similar in spirit to the idea of introspection, this work introduces a new paradigm for predicting the likely performance of a robot’s perception system based on past experience in the same workspace. In particular, we propose two models that probabilistically predict perception performance from observations gathered over time. While both approaches are place-specific, the second approach additionally consi",2018,The International Journal of Robotics Research,Corina Gurău; Dushyant Rao; Chi Hay Tong; Ingmar Posner,10.1177/0278364917730603,,https://doi.org/10.1177/0278364917730603,crossref,probabilistic robotics,anti_myopia,anti_thesis,,24,probabilistic robotics,2026-06-12T15:07:36Z,12.109,16.109
doi:10.1029/2002gl016305,Diurnal variability of aerosol optical depth observed at AERONET (Aerosol Robotic Network) sites,"Diurnal variability of aerosol optical depth is important for various applications, including satellite aerosol data validation, radiative forcing computations, studies of aerosol interaction with humidity and clouds, and also public health. Aerosol optical depth measurements acquired through the ground‐based Aerosol Robotic Network are analyzed. Analysis of the diurnal cycle over major urban/industrial areas within the network showed a prevailing pattern of the optical depth increase by 10–40% during the day at most sites. Diurnal variability range is <10% over various sites where dust aerosol is a major contributor to optical depth. Sites in southern Africa influenced by distant sources of biomass burning aerosol show no diurnal cycle, while the presence of local sources causes a diurnal trend with a maximum aerosol loading observed in the afternoon hours. Over oceans, because of the v",2002,Geophysical Research Letters,A. Smirnov; B. N. Holben; T. F. Eck; I. Slutsker; B. Chatenet; R. T. Pinker,10.1029/2002gl016305,,https://doi.org/10.1029/2002gl016305,openalex,robotics,concept,openalex_bulk_robotics,,247,,2026-06-12T18:57:17Z,12.107,12.107
doi:10.1002/adrr.202500062,"An AI‐Enabled All‐In‐One Visual, Proximity, and Tactile Perception Multimodal Sensor","Interactive robotic tasks heavily rely on comprehensive environment perception. Particularly, visual, proximity, and tactile perception are essential sensing modalities providing comprehensive information in such scenarios. However, integrating different sensors poses several challenges, including increased volume and cost, difficulties with signal synchronization and alignment, and multisensor cross‐interference or signal disruption. To tackle these challenges, we propose the vision‐proximity‐tactility sensor (VPTS), an AI‐enabled, all‐in‐one multimodal sensor designed for holistic perception through efficient collaboration and information transfer between modalities, enabling complex, long‐sequence robotic interactions. Facilitated by a transparent membrane patterned with ultraviolet (UV)‐excited fluorescent markers, VPTS utilizes a focus‐adjustable monocular camera to achieve visual, ",2025,Advanced Robotics Research,Menghao Pu; Tiyong Zhao; Lingxi Zhang; Chaoqun Han; Zhiping Chai; Yifan Zhou; Han Ding; Zhigang Wu,10.1002/adrr.202500062,,https://doi.org/10.1002/adrr.202500062,crossref,tactile language action robotics,concept,tactile,,4,tactile perception; benchmark,2026-06-12T15:07:36Z,12.105,13.105
doi:10.1109/iros58592.2024.10802389,"MM3DGS SLAM: Multi-modal 3D Gaussian Splatting for SLAM Using Vision, Depth, and Inertial Measurements",,2024,2024 IEEE/RSJ International Conference on Intelligent Robots and Systems (IROS),Lisong C. Sun; Neel P. Bhatt; Jonathan C. Liu; Zhiwen Fan; Zhangyang Wang; Todd E. Humphreys; Ufuk Topcu,10.1109/iros58592.2024.10802389,,https://doi.org/10.1109/iros58592.2024.10802389,crossref,Gaussian splatting robot perception,concept,architecture,,29,Gaussian splatting robot perception; SLAM,2026-06-12T15:07:36Z,12.101,12.101
doi:10.1145/3651282,Reducing the Memory Footprint of 3D Gaussian Splatting,"3D Gaussian splatting provides excellent visual quality for novel view synthesis, with fast training and realtime rendering; unfortunately, the memory requirements of this method for storing and transmission are unreasonably high. We first analyze the reasons for this, identifying three main areas where storage can be reduced: the number of 3D Gaussian primitives used to represent a scene, the number of coefficients for the spherical harmonics used to represent directional radiance, and the precision required to store Gaussian primitive attributes. We present a solution to each of these issues. First, we propose an efficient, resolution-aware primitive pruning approach, reducing the primitive count by half. Second, we introduce an adaptive adjustment method to choose the number of coefficients used to represent directional radiance for each Gaussian primitive, and finally a codebook-base",2024,Proceedings of the ACM on Computer Graphics and Interactive Techniques,Panagiotis Papantonakis; Georgios Kopanas; Bernhard Kerbl; Alexandre Lanvin; George Drettakis,10.1145/3651282,,https://doi.org/10.1145/3651282,crossref,Gaussian splatting robot perception,concept,architecture,,109,Gaussian splatting robot perception,2026-06-12T15:07:36Z,12.100,12.100
arxiv:2307.01928v2,Robots That Ask For Help: Uncertainty Alignment for Large Language Model Planners,"Large language models (LLMs) exhibit a wide range of promising capabilities -- from step-by-step planning to commonsense reasoning -- that may provide utility for robots, but remain prone to confidently hallucinated predictions. In this work, we present KnowNo, which is a framework for measuring and aligning the uncertainty of LLM-based planners such that they know when they don't know and ask for help when needed. KnowNo builds on the theory of conformal prediction to provide statistical guarantees on task completion while minimizing human help in complex multi-step planning settings. Experiments across a variety of simulated and real robot setups that involve tasks with different modes of ambiguity (e.g., from spatial to numeric uncertainties, from human preferences to Winograd schemas) show that KnowNo performs favorably over modern baselines (which may involve ensembles or extensive ",2023,arXiv,Allen Z. Ren; Anushri Dixit; Alexandra Bodrova; Sumeet Singh; Stephen Tu; Noah Brown; Peng Xu; Leila Takayama; Fei Xia; Jake Varley; Zhenjia Xu; Dorsa Sadigh; Andy Zeng; Anirudha Majumdar,,2307.01928v2,http://arxiv.org/abs/2307.01928v2,arxiv,robot foundation model failure mode,hostile,failure,,,robot foundation model; failure mode,2026-06-12T14:45:03Z,12.100,17.100
arxiv:2503.12609v2,VISO-Grasp: Vision-Language Informed Spatial Object-centric 6-DoF Active View Planning and Grasping in Clutter and Invisibility,"We propose VISO-Grasp, a novel vision-language-informed system designed to systematically address visibility constraints for grasping in severely occluded environments. By leveraging Foundation Models (FMs) for spatial reasoning and active view planning, our framework constructs and updates an instance-centric representation of spatial relationships, enhancing grasp success under challenging occlusions. Furthermore, this representation facilitates active Next-Best-View (NBV) planning and optimizes sequential grasping strategies when direct grasping is infeasible. Additionally, we introduce a multi-view uncertainty-driven grasp fusion mechanism that refines grasp confidence and directional uncertainty in real-time, ensuring robust and stable grasp execution. Extensive real-world experiments demonstrate that VISO-Grasp achieves a success rate of $87.5\%$ in target-oriented grasping with th",2025,arXiv,Yitian Shi; Di Wen; Guanqi Chen; Edgar Welte; Sheng Liu; Kunyu Peng; Rainer Stiefelhagen; Rania Rayyes,,2503.12609v2,http://arxiv.org/abs/2503.12609v2,arxiv,analytical grasping,anti_myopia,anti_thesis,,,occlusion; analytical grasping,2026-06-12T15:07:36Z,12.100,17.100
arxiv:2603.03514v1,Sampling-Based Motion Planning with Scene Graphs Under Perception Constraints,"It will be increasingly common for robots to operate in cluttered human-centered environments such as homes, workplaces, and hospitals, where the robot is often tasked to maintain perception constraints, such as monitoring people or multiple objects, for safety and reliability while executing its task. However, existing perception-aware approaches typically focus on low-degree-of-freedom (DoF) systems or only consider a single object in the context of high-DoF robots. This motivates us to consider the problem of perception-aware motion planning for high-DoF robots that accounts for multi-object monitoring constraints. We employ a scene graph representation of the environment, offering a great potential for incorporating long-horizon task and motion planning thanks to its rich semantic and spatial information. However, it does not capture perception-constrained information, such as the vi",2026,arXiv,Qingxi Meng; Emiliano Flores; Thai Duong; Vaibhav Unhelkar; Lydia E. Kavraki,,2603.03514v1,http://arxiv.org/abs/2603.03514v1,arxiv,sampling based motion planning,anti_myopia,anti_thesis,,,motion planning; task and motion planning; long horizon; sampling based motion planning,2026-06-12T15:07:36Z,12.100,16.100
arxiv:2604.16677v1,ReconVLA: An Uncertainty-Guided and Failure-Aware Vision-Language-Action Framework for Robotic Control,"Vision-language-action (VLA) models have emerged as generalist robotic controllers capable of mapping visual observations and natural language instructions to continuous action sequences. However, VLAs provide no calibrated measure of confidence in their action predictions, thus limiting their reliability in real-world settings where uncertainty and failures must be anticipated. To address this problem we introduce ReconVLA, a reliable conformal model that produces uncertainty-guided and failure-aware control signals. Concretely, our approach applies conformal prediction directly to the action token outputs of pretrained VLA policies, yielding calibrated uncertainty estimates that correlate with execution quality and task success. Furthermore, we extend conformal prediction to the robot state space to detect outliers or unsafe states before failures occur, providing a simple yet effectiv",2026,arXiv,Lingling Chen; Zongyao Lyu; William J. Beksi,,2604.16677v1,http://arxiv.org/abs/2604.16677v1,arxiv,vision language action model failure,anti_myopia,anti_thesis,,,vision language action model; failure detection; vision language action model failure,2026-06-12T15:07:36Z,12.100,18.100
doi:10.1002/celc.202300532,An Autonomous Electrochemical Discovery Robot that Utilises Probabilistic Algorithms: Probing the Redox Behaviour of Inorganic Materials,"Abstract The discovery of new electroactive materials is slow due to the large combinatorial chemical space of possible experiments. Efficient exploration of redox‐active chemical space requires a machine learning assisted robotic platform with real‐time feedback. Here, we developed a closed‐loop robotic platform which is capable of synthesis and electrochemical characterisation controlled using a probabilistic algorithm. This was used to probe the redox behaviour of different polyoxometalates (POMs) precursors and explore the formation of redox‐active coordination complexes. The system can run accurate analytical electrochemical measurements whilst maintaining the performance and accuracy of both the working and reference electrodes. The platform successfully ran and analysed 336 coordination chemistry reactions by performing ca . 2500 cyclic voltammetry (CV) scans for analysis and elec",2023,ChemElectroChem,Kristine Laws; Marcus Tze‐Kiat Ng; Abhishek Sharma; Yibin Jiang; Alexander Hammer; Leroy Cronin,10.1002/celc.202300532,,https://doi.org/10.1002/celc.202300532,openalex,energy based model robot learning,concept,ebm,,19,,2026-06-12T18:26:24Z,12.098,12.098
doi:10.1109/access.2019.2955566,Fast Recognition and Location of Target Fruit Based on Depth Information,"In order to realize the recognition and localization of the target fruit more accurately and efficiently, an optimized graph-based recognition algorithm based on image depth information is proposed. Firstly, the gradient information of the depth image is obtained from the acquired depth apple image, the gradient vector is reflected from the 3D space to the 2D space, and then rotated 90 degrees clockwise, and the regular region forms the center of the vortex, which is the target fruit center to determine target fruit location. In the RGB space, the graph-based segmentation algorithm is introduced. By constructing the adaptive threshold, the mapping relationship between the number of centers and the parameters of k and min is established to find the target fruit region. Finally, scan the maximum radius of the super pixel area where the center of the circle is located, and fit the target fr",2019,IEEE Access,Yuyu Tian; Huichuan Duan; Rong Luo; Yan Zhang; Weikuan Jia; Jian Lian; Yuanjie Zheng; Chengzhi Ruan; Chengjiang Li,10.1109/access.2019.2955566,,https://doi.org/10.1109/access.2019.2955566,openalex,energy based model robot learning,concept,ebm,,48,,2026-06-12T18:26:24Z,12.096,12.096
doi:10.2533/chimia.2021.45,Immersive Interactive Quantum Mechanics for Teaching and Learning Chemistry,"The impossibility of experiencing the molecular world with our senses hampers teaching and understanding chemistry because very abstract concepts (such as atoms, chemical bonds, molecular structure, reactivity) are required for this process. Virtual reality, especially when based on explicit physical modeling (potentially in real time), offers a solution to this dilemma. Chemistry teaching can make use of advanced technologies such as virtual-reality frameworks and haptic devices. We show how an immersive learning setting could be applied to help students understand the core concepts of typical chemical reactions by offering a much more intuitive approach than traditional learning settings. Our setting relies on an interactive exploration and manipulation of a chemical system; this system is simulated in real-time with quantum chemical methods, and therefore, behaves in a physically mean",2021,CHIMIA International Journal for Chemistry,Thomas Weymuth; Markus Reiher,10.2533/chimia.2021.45,,https://doi.org/10.2533/chimia.2021.45,openalex,energy based model robot learning,concept,ebm,,21,,2026-06-12T18:26:24Z,12.096,12.096
doi:10.1109/tro.2004.833812,Active filtering of physiological motion in robotized surgery using predictive control,"This work presents a predictive-control approach to active mechanical filtering of complex, periodic motions of organs induced by respiration or heart beating in robotized surgery. Two different predictive-control schemes are proposed for the compensation of respiratory motions or cardiac motions. For respiratory motions, the periodic property of the disturbance has been included into the input-output model of the controlled system so as to have the robotic system learn and anticipate perturbation motions. A new cost function is proposed for the unconstrained generalized predictive controller (GPC), where reference tracking is decoupled from the rejection of predictable periodic motions. Cardiac motions are more complex, since they are the combination of two periodic nonharmonic components. An adaptive disturbance predictor is proposed which outputs future predicted disturbance values. T",2005,IEEE Transactions on Robotics,R. Ginhoux; Jacques Gangloff; Michel de Mathelin; Luc Soler; M.M.A. Sanchez; Jacques Marescaux,10.1109/tro.2004.833812,,https://doi.org/10.1109/tro.2004.833812,openalex,robotics,concept,openalex_bulk_robotics,,240,,2026-06-12T18:57:17Z,12.092,12.092
doi:10.3390/app13053359,Voice Interaction Recognition Design in Real-Life Scenario Mobile Robot Applications,"This paper designed a voice interactive robot system that can conveniently execute assigned service tasks in real-life scenarios. It is equipped without a microphone where users can control the robot with spoken commands; the voice commands are then recognized by a well-trained deep neural network model of automatic speech recognition (ASR), which enables the robot to execute and complete the command based on the navigation of a real-time simultaneous localization and mapping (SLAM) algorithm. The voice interaction recognition model is divided into two parts: (1) speaker separation and (2) ASR. The speaker separation is applied by a deep-learning system consisting of eight convolution layers, one LSTM layer, and two fully connected (FC) layers to separate the speaker’s voice. This model recognizes the speaker’s voice as a referrer that separates and holds the required voiceprint and remo",2023,Applied Sciences,Shih‐An Li; Yuying Liu; Yun-Chien Chen; Hsuan–Ming Feng; Pi-Kang Shen; Yuche Wu,10.3390/app13053359,,https://doi.org/10.3390/app13053359,openalex,robotics,concept,openalex_bulk_robotics,,35,SLAM,2026-06-12T18:57:17Z,12.092,12.092
doi:10.1109/lra.2022.3218183,A-SEE: Active-Sensing End-Effector Enabled Probe Self-Normal-Positioning for Robotic Ultrasound Imaging Applications,"Conventional manual ultrasound (US) imaging is a physically demanding procedure for sonographers. A robotic US system (RUSS) has the potential to overcome this limitation by automating and standardizing the imaging procedure. It also extends ultrasound accessibility in resource-limited environments with the shortage of human operators by enabling remote diagnosis. During imaging, keeping the US probe normal to the skin surface largely benefits the US image quality. However, an autonomous, real-time, low-cost method to align the probe towards the direction orthogonal to the skin surface without pre-operative information is absent in RUSS. We propose a novel end-effector design to achieve self-normal-positioning of the US probe. The end-effector embeds four laser distance sensors to estimate the desired rotation towards the normal direction. We then integrate the proposed end-effector with",2022,IEEE Robotics and Automation Letters,Xihan Ma; Wen-Yi Kuo; Kehan Yang; Ashiqur Rahaman; Haichong K. Zhang,10.1109/lra.2022.3218183,,https://doi.org/10.1109/lra.2022.3218183,openalex,robotics,concept,openalex_bulk_robotics,,28,limitation,2026-06-12T18:57:17Z,12.084,13.084
doi:10.1371/journal.pcbi.1011950,Active reinforcement learning versus action bias and hysteresis: control with a mixture of experts and nonexperts,"Active reinforcement learning enables dynamic prediction and control, where one should not only maximize rewards but also minimize costs such as of inference, decisions, actions, and time. For an embodied agent such as a human, decisions are also shaped by physical aspects of actions. Beyond the effects of reward outcomes on learning processes, to what extent can modeling of behavior in a reinforcement-learning task be complicated by other sources of variance in sequential action choices? What of the effects of action bias (for actions per se) and action hysteresis determined by the history of actions chosen previously? The present study addressed these questions with incremental assembly of models for the sequential choice data from a task with hierarchical structure for additional complexity in learning. With systematic comparison and falsification of computational models, human choice",2024,PLOS Computational Biology,Jaron T. Colas; John P. O’Doherty; Scott T. Grafton,10.1371/journal.pcbi.1011950,,https://doi.org/10.1371/journal.pcbi.1011950,crossref,mixture of experts robot policy,concept,architecture,,6,mixture of experts robot policy; embodied agent; hysteresis,2026-06-12T15:07:36Z,12.073,12.073
doi:10.20517/ir.2024.11,Towards environment perception for walking-aid robots: an improved staircase shape feature extraction method,"This paper introduces an innovative staircase shape feature extraction method for walking-aid robots to enhance environmental perception and navigation. We present a robust method for accurate feature extraction of staircases under various conditions, including restricted viewpoints and dynamic movement. Utilizing depth camera-mounted robots, we transform three-dimensional (3D) environmental point cloud into two-dimensional (2D) representations, focusing on identifying both convex and concave corners. Our approach integrates the Random Sample Consensus algorithm with K-Nearest Neighbors (KNN)-augmented Iterative Closest Point (ICP) for efficient point cloud registration. The results show an improvement in trajectory accuracy, with errors within the centimeter range. This work overcomes the limitations of previous approaches and is of great significance for improving the navigation and sa",2024,Intelligence & Robotics,Xinxing Chen; Yuxuan Wang; Chuheng Chen; Yuquan Leng; Chenglong Fu,10.20517/ir.2024.11,,https://doi.org/10.20517/ir.2024.11,crossref,robotics,concept,crossref_bulk_robotics,,6,assistive robot; limitation,2026-06-12T19:29:26Z,12.073,13.073
doi:10.1177/02783649231210325,DUEL: Depth visUal Ego-motion Learning for autonomous robot obstacle avoidance,"Reliable obstacle avoidance, which is essential for safe autonomous robot interaction with the real world, raises various challenges such as difficulties with obstacle perception and latent factor cognition impacting multi-modal obstacle avoidance. In this paper, we propose a Depth visUal Ego-motion Learning (DUEL) model, consisting of a cognitive generation network, a policy decision network and a potential partition network, to learn autonomous obstacle avoidance from expert policies. The DUEL model takes advantage of binocular vision to perceive scene depth. This serves as the input to the cognitive generation network which generates obstacle avoidance policies by maximizing its causal entropy. The policy decision network then optimizes the generation of the policies referring to expert policies. The generated obstacle avoidance policies are simultaneously transferred to the potential",2024,The International Journal of Robotics Research,Naiyao Wang; Bo Zhang; Haixu Chi; Hua Wang; Seán McLoone; Hongbo Liu,10.1177/02783649231210325,,https://doi.org/10.1177/02783649231210325,crossref,robotics,concept,crossref_bulk_robotics,,6,,2026-06-12T19:29:26Z,12.073,14.073
doi:10.3390/app11041467,Painting Path Planning for a Painting Robot with a RealSense Depth Sensor,"The utilization of stereo cameras in robotic applications is presented in this paper. The use of a stereo depth sensor is a principal step in robotics applications, since it is the first step in sequences of robotic actions where the intent is to detect and extract windows and obstacles that are not meant to be painted from the surrounding wall. A RealSense D435 stereo camera was used for surface recording via a real-time, appearance-based (RTAB) mapping procedure, as well as to navigate the painting robot. Later, wall detection and the obstacle avoidance processes were performed using statistical filtering and a random sample consensus model (RANSAC) algorithm.",2021,Applied Sciences,Vladimir Tadić; Ákos Odry; Ervin Burkus; István Kecskés; Zoltán Király; Mihály Klincsik; Zoltán Sari; Zoltán Vizvári; Attila Tóth; Péter Odry,10.3390/app11041467,,https://doi.org/10.3390/app11041467,openalex,robotics,concept,openalex_bulk_robotics,,20,,2026-06-12T18:57:17Z,12.072,12.072
doi:10.1080/00295639.2020.1777023,Wall-Climbing Robot with Active Sealing for Radiation Safety of Nuclear Power Plants,"The safe management of radiation sources and wastes is one of the most important elements in operating nuclear power plants (NPPs). Safe management requires periodically measuring radiation during the operation and decommissioning of NPPs, but it is impossible for radiation management systems to cover all areas, and it may be necessary for a person to measure radiation directly where the risk is high or where it is difficult to measure radiation. To solve this problem, this paper proposes a robot that performs autonomous driving and wall climbing. Active sealing and vacuum suction technologies were used for this robot in order to move existing robots to difficult places. In addition, it is possible to perform nondestructive testing as well as radiation measurements in places such as dry cask storage systems.",2020,Nuclear Science and Engineering,Daewon Kim; Yun-Sam Kim; Kyoungyong Noh; Misuk Jang; Seoungrae Kim,10.1080/00295639.2020.1777023,,https://doi.org/10.1080/00295639.2020.1777023,openalex,robotics,concept,openalex_bulk_robotics,,30,,2026-06-12T18:57:17Z,12.067,12.067
doi:10.3389/frobt.2021.639282,Formal Modelling and Runtime Verification of Autonomous Grasping for Active Debris Removal,"Active debris removal in space has become a necessary activity to maintain and facilitate orbital operations. Current approaches tend to adopt autonomous robotic systems which are often furnished with a robotic arm to safely capture debris by identifying a suitable grasping point. These systems are controlled by mission-critical software, where a software failure can lead to mission failure which is difficult to recover from since the robotic systems are not easily accessible to humans. Therefore, verifying that these autonomous robotic systems function correctly is crucial. Formal verification methods enable us to analyse the software that is controlling these systems and to provide a proof of correctness that the software obeys its requirements. However, robotic systems tend not to be developed with verification in mind from the outset, which can often complicate the verification of th",2022,Frontiers in Robotics and AI,Marie Farrell; Nikos Mavrakis; Angelo Ferrando; Clare Dixon; Yang Gao,10.3389/frobt.2021.639282,,https://doi.org/10.3389/frobt.2021.639282,crossref,robotics,concept,crossref_bulk_robotics,,14,,2026-06-12T19:29:26Z,12.054,13.054
doi:10.3389/fnbot.2020.00061,"Investigation of the Sense of Agency in Social Cognition, Based on Frameworks of Predictive Coding and Active Inference: A Simulation Study on Multimodal Imitative Interaction","When agents interact socially with different intentions (or wills), conflicts are difficult to avoid. Although the means by which social agents can resolve such problems autonomously has not been determined, dynamic characteristics of agency may shed light on underlying mechanisms. Therefore, the current study focused on the sense of agency, a specific aspect of agency referring to congruence between the agent's intention in acting and the outcome, especially in social interaction contexts. Employing predictive coding and active inference as theoretical frameworks of perception and action generation, we hypothesize that regulation of complexity in the evidence lower bound of an agent's model should affect the strength of the agent's sense of agency and should have a significant impact on social interactions. To evaluate this hypothesis, we built a computational model of imitative interac",2020,Frontiers in Neurorobotics,Wataru Ohata; Jun Tani,10.3389/fnbot.2020.00061,,https://doi.org/10.3389/fnbot.2020.00061,openalex,energy based model robot learning,concept,ebm,,29,proprioception,2026-06-12T18:26:24Z,12.051,12.051
doi:10.3390/s23042223,Lightweight and Energy-Aware Monocular Depth Estimation Models for IoT Embedded Devices: Challenges and Performances in Terrestrial and Underwater Scenarios,"The knowledge of environmental depth is essential in multiple robotics and computer vision tasks for both terrestrial and underwater scenarios. Moreover, the hardware on which this technology runs, generally IoT and embedded devices, are limited in terms of power consumption, and therefore, models with a low-energy footprint are required to be designed. Recent works aim at enabling depth perception using single RGB images on deep architectures, such as convolutional neural networks and vision transformers, which are generally unsuitable for real-time inferences on low-power embedded hardware. Moreover, such architectures are trained to estimate depth maps mainly on terrestrial scenarios due to the scarcity of underwater depth data. Purposely, we present two lightweight architectures based on optimized MobileNetV3 encoders and a specifically designed decoder to achieve fast inferences and",2023,Sensors,Lorenzo Papa; Gabriele Proietti Mattia; Paolo Russo; Irene Amerini; Roberto Beraldi,10.3390/s23042223,,https://doi.org/10.3390/s23042223,openalex,transformer energy based model robotics,concept,ebm_transformer,,8,energy based model robotics,2026-06-12T18:05:07Z,12.049,12.049
doi:10.24059/olj.v24i1.1620,The Role of an Interactive Visual Learning Tool and Its Personalizability in Online Learning: Flow Experience,"The purpose of this study was to examine the effect of interactive online learning tools on college student learning using flow as the guiding perspective. Study 1 was conducted to test the effect of online interactivity manipulated by dynamic visual learning tools on student’s flow experience, level of telepresence, actual performance in test, and perceived values of such activities. Study 2 was designed to test the effect of personalizability of difficulty levels in the interactive online activity on students’ learning experience. The results found that interactive online learning tools can facilitate student’s active learning process by increasing attention, curiosity, and interest about the online activity, and by reducing awareness of physical surroundings. In addition, the interactive activity significantly improved students’ test scores. This study also found that personalized dif",2020,Online Learning,Young Ha; Hyunjoo Im,10.24059/olj.v24i1.1620,,https://doi.org/10.24059/olj.v24i1.1620,crossref,online adaptation robot learning,concept,adaptation,,32,online adaptation,2026-06-12T15:07:36Z,12.048,12.048
doi:10.3390/technologies12100201,Enhancing Autonomous Visual Perception in Challenging Environments: Bilateral Models with Vision Transformer and Multilayer Perceptron for Traversable Area Detection,"The development of autonomous vehicles has grown significantly recently due to the promise of improving safety and productivity in cities and industries. The scene perception module has benefited from the latest advances in computer vision and deep learning techniques, allowing the creation of more accurate and efficient models. This study develops and evaluates semantic segmentation models based on a bilateral architecture to enhance the detection of traversable areas for autonomous vehicles on unstructured routes, particularly in datasets where the distinction between the traversable area and the surrounding ground is minimal. The proposed hybrid models combine Convolutional Neural Networks (CNNs), Vision Transformer (ViT), and Multilayer Perceptron (MLP) techniques, achieving a balance between precision and computational efficiency. The results demonstrate that these models outperform",2024,Technologies,Claudio Urrea; Maximiliano Vélez,10.3390/technologies12100201,,https://doi.org/10.3390/technologies12100201,openalex,transformer energy based model robotics,concept,ebm_transformer,,5,energy based model robotics,2026-06-12T18:05:07Z,12.046,12.046
doi:10.3390/s24155080,Detecting Transitions from Stability to Instability in Robotic Grasping Based on Tactile Perception,"Robots execute diverse load operations, including carrying, lifting, tilting, and moving objects, involving load changes or transfers. This dynamic process can result in the shift of interactive operations from stability to instability. In this paper, we respond to these dynamic changes by utilizing tactile images captured from tactile sensors during interactions, conducting a study on the dynamic stability and instability in operations, and propose a real-time dynamic state sensing network by integrating convolutional neural networks (CNNs) for spatial feature extraction and long short-term memory (LSTM) networks to capture temporal information. We collect a dataset capturing the entire transition from stable to unstable states during interaction. Employing a sliding window, we sample consecutive frames from the collected dataset and feed them into the network for the state change predi",2024,Sensors,Zhou Zhao; Dongyuan Zheng; Lu Chen,10.3390/s24155080,,https://doi.org/10.3390/s24155080,crossref,analytical grasping,anti_myopia,anti_thesis,,3,tactile perception; robustness; analytical grasping,2026-06-12T15:07:36Z,12.043,16.043
doi:10.48550/arxiv.1912.09957,Multi-Robot Collision Avoidance under Uncertainty with Probabilistic Safety Barrier Certificates,"Safety in terms of collision avoidance for multi-robot systems is a difficult challenge under uncertainty, non-determinism and lack of complete information. This paper aims to propose a collision avoidance method that accounts for both measurement uncertainty and motion uncertainty. In particular, we propose Probabilistic Safety Barrier Certificates (PrSBC) using Control Barrier Functions to define the space of admissible control actions that are probabilistically safe with formally provable theoretical guarantee. By formulating the chance constrained safety set into deterministic control constraints with PrSBC, the method entails minimally modifying an existing controller to determine an alternative safe controller via quadratic programming constrained to PrSBC constraints. The key advantage of the approach is that no assumptions about the form of uncertainty are required other than fin",2019,arXiv (Cornell University),Wenhao Luo; Wen Sun; Ashish Kapoor,10.48550/arxiv.1912.09957,,https://doi.org/10.48550/arxiv.1912.09957,openalex,robotics,concept,openalex_bulk_robotics,,43,multi robot system; control barrier function,2026-06-12T18:57:17Z,12.042,13.042
doi:10.1109/tnn.2008.2000394,A Bioinspired Neural Network for Real-Time Concurrent Map Building and Complete Coverage Robot Navigation in Unknown Environments,"Complete coverage navigation (CCN) requires a special type of robot path planning, where the robots should pass every part of the workspace. CCN is an essential issue for cleaning robots and many other robotic applications. When robots work in unknown environments, map building is required for the robots to effectively cover the complete workspace. Real-time concurrent map building and complete coverage robot navigation are desirable for efficient performance in many applications. In this paper, a novel neural-dynamics-based approach is proposed for real-time map building and CCN of autonomous mobile robots in a completely unknown environment. The proposed model is compared with a triangular-cell-map-based complete coverage path planning method (Oh et al., 2004) that combines distance transform path planning, wall-following algorithm, and template-based technique. The proposed method doe",2008,IEEE Transactions on Neural Networks,Chaomin Luo; Simon X. Yang,10.1109/tnn.2008.2000394,,https://doi.org/10.1109/tnn.2008.2000394,openalex,robotics,concept,openalex_bulk_robotics,,216,,2026-06-12T18:57:17Z,12.040,12.040
doi:10.1177/0278364920910802,Improving user specifications for robot behavior through active preference learning: Framework and evaluation,"An important challenge in human–robot interaction (HRI) is enabling non-expert users to specify complex tasks for autonomous robots. Recently, active preference learning has been applied in HRI to interactively shape a robot’s behavior. We study a framework where users specify constraints on allowable robot movements on a graphical interface, yielding a robot task specification. However, users may not be able to accurately assess the impact of such constraints on the performance of a robot. Thus, we revise the specification by iteratively presenting users with alternative solutions where some constraints might be violated, and learn about the importance of the constraints from the users’ choices between these alternatives. We demonstrate our framework in a user study with a material transport task in an industrial facility. We show that nearly all users accept alternative solutions and t",2020,The International Journal of Robotics Research,Nils Wilde; Alexandru Blidaru; Stephen L Smith; Dana Kulić,10.1177/0278364920910802,,https://doi.org/10.1177/0278364920910802,openalex,robotics,concept,openalex_bulk_robotics,,28,preference learning; human robot interaction,2026-06-12T18:57:17Z,12.034,13.034
doi:10.1145/3375798,Robot-Centric Perception of Human Groups,"The robotics community continually strives to create robots that are deployable in real-world environments. Often, robots are expected to interact with human groups. To achieve this goal, we introduce a new method, the Robot-Centric Group Estimation Model (RoboGEM), which enables robots to detect groups of people. Much of the work reported in the literature focuses on dyadic interactions, leaving a gap in our understanding of how to build robots that can effectively team with larger groups of people. Moreover, many current methods rely on exocentric vision, where cameras and sensors are placed externally in the environment, rather than onboard the robot. Consequently, these methods are impractical for robots in unstructured, human-centric environments, which are novel and unpredictable. Furthermore, the majority of work on group perception is supervised, which can inhibit performance in ",2020,ACM Transactions on Human-Robot Interaction,Angelique Taylor; Darren M. Chan; Laurel D. Riek,10.1145/3375798,,https://doi.org/10.1145/3375798,crossref,learning robot manipulation from human video,concept,human_data,,31,robot manipulation,2026-06-12T15:07:36Z,12.033,13.033
doi:10.1186/s13007-022-00911-0,Depth image conversion model based on CycleGAN for growing tomato truss identification,"BACKGROUND: On tomato plants, the flowering truss is a group or cluster of smaller stems where flowers and fruit develop, while the growing truss is the most extended part of the stem. Because the state of the growing truss reacts sensitively to the surrounding environment, it is essential to control its growth in the early stages. With the recent development of information and artificial intelligence technology in agriculture, a previous study developed a real-time acquisition and evaluation method for images using robots. Furthermore, we used image processing to locate the growing truss to extract growth information. Among the different vision algorithms, the CycleGAN algorithm was used to generate and transform unpaired images using generated learning images. In this study, we developed a robot-based system for simultaneously acquiring RGB and depth images of the growing truss of the ",2022,Plant Methods,Dae-Hyun Jung; Cheoul Young Kim; Taek Sung Lee; Soo Hyun Park,10.1186/s13007-022-00911-0,,https://doi.org/10.1186/s13007-022-00911-0,openalex,transformer energy based model robotics,concept,ebm_transformer,,12,energy based model robotics,2026-06-12T18:05:07Z,12.032,13.032
doi:10.1109/iros58592.2024.10801715,GS-Planner: A Gaussian-Splatting-based Planning Framework for Active High-Fidelity Reconstruction,,2024,2024 IEEE/RSJ International Conference on Intelligent Robots and Systems (IROS),Rui Jin; Yuman Gao; Yingjian Wang; Yuze Wu; Haojian Lu; Chao Xu; Fei Gao,10.1109/iros58592.2024.10801715,,https://doi.org/10.1109/iros58592.2024.10801715,crossref,Gaussian splatting robot perception,concept,architecture,,25,Gaussian splatting robot perception,2026-06-12T15:07:36Z,12.029,12.029
doi:10.1007/s10514-021-10029-2,Decentralized probabilistic multi-robot collision avoidance using buffered uncertainty-aware Voronoi cells,,2022,Autonomous Robots,Hai Zhu; Bruno Brito; Javier Alonso-Mora,10.1007/s10514-021-10029-2,,https://doi.org/10.1007/s10514-021-10029-2,crossref,Gaussian splatting robot perception multi robot system,concept,architecture_x_embodiment,,56,Gaussian splatting robot perception; multi robot system,2026-06-12T15:07:36Z,12.022,13.022
doi:10.1111/ajag.12713,Telepresence robots: Encouraging interactive communication between family carers and people with dementia,"OBJECTIVE: The aim of the study was to explore the feasibility of using telepresence robots to encourage interactive communication in dementia care, from the perspective of family carers. METHODS: Qualitative findings from semi-structured interviews with six family carers. RESULTS: Generally, family carers reported a feeling of presence and connectedness when talking to their family member via the telepresence robots. They reported the robots as helping to enhance longer conversations and social connection with their family member. CONCLUSION: Telepresence may offer potential to encourage social connection, in particular where families are unable to make regular visits to the nursing home.",2019,Australasian Journal on Ageing,Wendy Moyle; Cindy Jones; Billy Sung,10.1111/ajag.12713,,https://doi.org/10.1111/ajag.12713,openalex,robotics,concept,openalex_bulk_robotics,,41,,2026-06-12T18:57:17Z,12.019,12.019
doi:10.1080/10494820.2020.1741400,Using mastery learning theory to develop task-centered hands-on STEM learning of Arduino-based educational robotics: psychomotor performance and perception by a convergent parallel mixed method,"This study aims to explore psychomotor performance and perception on task-centered hands-on STEM learning of educational robotics. The study adopted a convergent parallel mixed method to gather both quantitative and qualitative data in the same period of time. Participants were 42 tenth-grade students (25 male students and 17 female students) from one class at some senior high school. They were divided into 21 teams with 2 members in each team. The results showed that one-sample t-tests in each dimension of psychomotor performance all reached a significant level. Programming showed highest psychomotor performance, and sailboat design and mechanical assembly followed sequentially. One-sample t-tests for each dimension on perception all reached the significant level. Teacher teaching reached the highest perception, and learning material, learning difficulty, administrative service, learnin",2020,Interactive Learning Environments,Chi‐Cheng Chang; Yiching Chen,10.1080/10494820.2020.1741400,,https://doi.org/10.1080/10494820.2020.1741400,openalex,robotics,concept,openalex_bulk_robotics,,54,,2026-06-12T18:57:17Z,12.004,12.004
doi:10.1177/1729881419839584,Human–robot interactive control based on reinforcement learning for gait rehabilitation training robot,A human–robot interactive control is proposed to govern the assistance provided by a lower limb exoskeleton robot to patients in the gait rehabilitation training. The rehabilitation training robot with two lower limb exoskeletons is driven by the pneumatic proportional servo system and has two rotational degrees of freedom of each lower limb. An adaptive admittance model is adopted considering its suitability for human–robot interaction. The adaptive law of the admittance parameters is designed with Sigmoid function and the reinforcement learning algorithm. Individualized admittance parameters suitable for patients are obtained by reinforcement learning. Experiments in passive and active rehabilitation training modes were carried out to verify the proposed control method. The passive rehabilitation training experimental results verify the effectiveness of the inner-loop position control ,2019,International Journal of Advanced Robotic Systems,Guo Bingjing; Han Jianhai; Li Xiangpan; Yan Lin,10.1177/1729881419839584,,https://doi.org/10.1177/1729881419839584,crossref,energy based model robot learning,concept,ebm,,44,human robot interaction,2026-06-12T15:07:36Z,12.003,12.003
doi:10.3390/su152014716,A Review of Deep Learning-Based Vehicle Motion Prediction for Autonomous Driving,"Autonomous driving vehicles can effectively improve traffic conditions and promote the development of intelligent transportation systems. An autonomous vehicle can be divided into four parts: environment perception, motion prediction, motion planning, and motion control, among which the motion prediction module plays an essential role in the sustainability of autonomous driving vehicles. Vehicle motion prediction improves autonomous vehicles’ understanding of the surrounding dynamic environment, which reduces the uncertainty in the decision-making system and facilitates the implementation of an active braking system for autonomous vehicles. Currently, deep learning-based methods have become prevalent in this field as they can efficiently process complex scene information and achieve long-term prediction. These methods often follow a similar paradigm: encoding scene input to obtain the co",2023,Sustainability,Renbo Huang; Guirong Zhuo; Lu Xiong; Shouyi Lu; Wei Tian,10.3390/su152014716,,https://doi.org/10.3390/su152014716,openalex,energy based transformer robot policy,concept,ebm_transformer,,29,energy based transformer robot policy; motion planning,2026-06-12T18:05:07Z,12.001,14.001
doi:10.1109/devlrn.2017.8329792,A sensorimotor account of visual and tactile integration for depth perception: An iCub robot experiment,,2017,2017 Joint IEEE International Conference on Development and Learning and Epigenetic Robotics (ICDL-EpiRob),Marti Sanchez-Fibla; Clement Moulin-Frier; Paul F.M.J. Verschure,10.1109/devlrn.2017.8329792,,https://doi.org/10.1109/devlrn.2017.8329792,crossref,tactile language action robotics,concept,tactile,,,,2026-06-12T15:07:36Z,12.000,12.000
doi:10.1145/3029798.3038383,A Remote Management for School Emergency Situations using Perception Sensor Network and Interactive Robots,,2017,Proceedings of the Companion of the 2017 ACM/IEEE International Conference on Human-Robot Interaction,Sang-Seok Yun; JongSuk Choi,10.1145/3029798.3038383,,https://doi.org/10.1145/3029798.3038383,crossref,Gaussian splatting robot perception,concept,architecture,,,Gaussian splatting robot perception,2026-06-12T15:07:36Z,12.000,12.000
doi:10.1504/ijcvr.2017.083446,Immersive physically interactive game studio for a ball throwing game,,2017,International Journal of Computational Vision and Robotics,Jinsuk Yang; Green Bang; Kyoungsu Oh; Ilju Ko,10.1504/ijcvr.2017.083446,,https://doi.org/10.1504/ijcvr.2017.083446,crossref,robotics,concept,crossref_bulk_robotics,,,,2026-06-12T19:29:26Z,12.000,12.000
doi:10.2174/1874282300802010217,Target Atmospheric CO: Where Should Humanity Aim?,"Paleoclimate data show that climate sensitivity is ~3°C for doubled CO 2 , including only fast feedback processes. Equilibrium sensitivity, including slower surface albedo feedbacks, is ~6°C for doubled CO 2 for the range of climate states between glacial conditions and ice-free Antarctica. Decreasing CO was the main cause of a cooling trend that began 50 million years ago, the planet being nearly ice-free until CO fell to 450 ± 100 ppm; barring prompt policy changes, that critical level will be passed, in the opposite direction, within decades. If humanity wishes to preserve a planet similar to that on which civilization developed and to which life on Earth is adapted, paleoclimate evidence and ongoing climate change suggest that CO 2 will need to be reduced from its current 385 ppm to at most 350 ppm, but likely less than that. The largest uncertainty in the target arises from possible",2008,The Open Atmospheric Science Journal,James Hansen; Makiko Sato; Pushker Kharecha; David Beerling; Robert Berner; Valerie Masson-Delmotte; Mark Pagani; Maureen Raymo; Dana L. Royer; James C. Zachos,10.2174/1874282300802010217,,https://doi.org/10.2174/1874282300802010217,openalex,energy based policy robotics,concept,ebm,,964,,2026-06-12T18:05:07Z,12.000,13.000
doi:10.1029/2004jd004706,Multiangle Imaging Spectroradiometer (MISR) global aerosol optical depth validation based on 2 years of coincident Aerosol Robotic Network (AERONET) observations,"Performance of the Multiangle Imaging Spectroradiometer (MISR) early postlaunch aerosol optical thickness (AOT) retrieval algorithm is assessed quantitatively over land and ocean by comparison with a 2‐year measurement record of globally distributed AERONET Sun photometers. There are sufficient coincident observations to stratify the data set by season and expected aerosol type. In addition to reporting uncertainty envelopes, we identify trends and outliers, and investigate their likely causes, with the aim of refining algorithm performance. Overall, about 2/3 of the MISR‐retrieved AOT values fall within [0.05 or 20% × AOT] of Aerosol Robotic Network (AERONET). More than a third are within [0.03 or 10% × AOT]. Correlation coefficients are highest for maritime stations (∼0.9), and lowest for dusty sites (more than ∼0.7). Retrieved spectral slopes closely match Sun photometer values for Bi",2005,Journal of Geophysical Research Atmospheres,Ralph A. Kahn; B. J. Gaitley; John V. Martonchik; David J. Diner; K. A. Crean; B. N. Holben,10.1029/2004jd004706,,https://doi.org/10.1029/2004jd004706,openalex,robotics,concept,openalex_bulk_robotics,,626,,2026-06-12T18:57:17Z,12.000,13.000
doi:10.1038/ncomms9011,A chameleon-inspired stretchable electronic skin with interactive colour changing controlled by tactile sensing,"Some animals, such as the chameleon and cephalopod, have the remarkable capability to change their skin colour. This unique characteristic has long inspired scientists to develop materials and devices to mimic such a function. However, it requires the complex integration of stretchability, colour-changing and tactile sensing. Here we show an all-solution processed chameleon-inspired stretchable electronic skin (e-skin), in which the e-skin colour can easily be controlled through varying the applied pressure along with the applied pressure duration. As such, the e-skin's colour change can also be in turn utilized to distinguish the pressure applied. The integration of the stretchable, highly tunable resistive pressure sensor and the fully stretchable organic electrochromic device enables the demonstration of a stretchable electrochromically active e-skin with tactile-sensing control. This",2015,Nature Communications,Ho‐Hsiu Chou; Amanda Nguyen; Alex Chortos; John W. F. To; Chien Lu; Jianguo Mei; Tadanori Kurosawa; Won‐Gyu Bae; Jeffrey B.‐H. Tok; Zhenan Bao,10.1038/ncomms9011,,https://doi.org/10.1038/ncomms9011,openalex,robotics,concept,openalex_bulk_robotics,,905,,2026-06-12T18:57:17Z,12.000,12.000
doi:10.1109/jsen.2020.2964735,Monocular Vision Aided Depth Map from RGB Images to Estimate of Localization and Support to Navigation of Mobile Robots,"Localization is one of the most challenging requirements needed for a mobile robots. Successful localization represents success in meeting the other principal requirements, such as perception and navigation. This article proposes a new approach for the localization of autonomous mobile robots using a Kinect sensor and the concept of Transfer Learning linked to Convolutional Neural Networks (CNNs). The images acquired from the sensor are applied in a mosaic form, which consists of the three color channels provided along with the depth information of the environment. Topological maps were used for indoor environment localization. The proposed computer vision system employed the Bayesian Classifier, k-Nearest Neighbor, Random Forest, Multi-layer Perceptron, and Support Vector Machine as the classifiers. The main focus of this work is the use of a unique configuration of RGB-D images transfo",2020,IEEE Sensors Journal,Suane Pires Pinheiro da Silva; Jefferson S. Almeida; Elene Firmeza Ohata; Joel J. P. C. Rodrigues; Victor Hugo C. de Albuquerque; Pedro P. Rebouças Filho,10.1109/jsen.2020.2964735,,https://doi.org/10.1109/jsen.2020.2964735,openalex,robotics,concept,openalex_bulk_robotics,,26,,2026-06-12T18:57:17Z,11.998,11.998
doi:10.36227/techrxiv.176823151.11578168/v1,Embodied Intelligence in Surgical Robotics: From Perception-Action Loops to Cognitive Collaboration,"Surgical robotics is transitioning from teleoperated master-slave systems toward embodied intelligent agents that actively perceive, reason, and act within complex surgical environments. Although contemporary robotic platforms significantly enhance human motor dexterity through motion scaling and tremor suppression, they remain limited in addressing perceptual uncertainty, soft-tissue variability, and the cognitive demands of intraoperative decision-making, resulting in heavy reliance on continuous human supervision. Embodied Artificial Intelligence (AI) offers a paradigm shift by treating intelligence as an emergent property of tightly coupled interactions among a robot's physical embodiment, multimodal sensing, control policies, and environment. This Review synthesizes recent advances in embodied surgical robotics across three foundational dimensions: active multimodal perception that ",,,Fan Mo; Zhihan Lyu; Kaiwen Zuo; Shanyu Rong; Hong Cheng; Wei Zhao; Ziyu Guan; Antonio Maffei; Yirui Jiang; Heming Yao; Zhongtian Sun; Hu Cao; Sitian Shen; Ziyang Wang; Shanghang Zhang; Guangming Wang; Shan Luo; Alois C. Knoll; Pietro Liò,10.36227/techrxiv.176823151.11578168/v1,,https://doi.org/10.36227/techrxiv.176823151.11578168/v1,crossref,EBM transformer robotics embodied agent,concept,architecture_x_embodiment,,1,EBM transformer robotics; surgical robot; embodied agent; imitation learning; benchmark; robustness,2026-06-12T15:07:36Z,11.997,15.997
doi:10.3390/s23156873,A Goal-Directed Trajectory Planning Using Active Inference in UAV-Assisted Wireless Networks,"Deploying unmanned aerial vehicles (UAVs) as aerial base stations is an exceptional approach to reinforce terrestrial infrastructure owing to their remarkable flexibility and superior agility. However, it is essential to design their flight trajectory effectively to make the most of UAV-assisted wireless communications. This paper presents a novel method for improving wireless connectivity between UAVs and terrestrial users through effective path planning. This is achieved by developing a goal-directed trajectory planning method using active inference. First, we create a global dictionary using traveling salesman problem with profits (TSPWP) instances executed on various training examples. This dictionary represents the world model and contains letters representing available hotspots, tokens representing local paths, and words depicting complete trajectories and hotspot order. By using t",2023,Sensors,Ali Krayani; Khalid Khan; Lucio Marcenaro; Mario Marchese; Carlo S. Regazzoni,10.3390/s23156873,,https://doi.org/10.3390/s23156873,openalex,energy based transformer robot policy,concept,ebm_transformer,,7,energy based transformer robot policy; generalization,2026-06-12T18:05:07Z,11.990,12.990
doi:10.3390/agriculture13061117,Beyond Trade-Off: An Optimized Binocular Stereo Vision Based Depth Estimation Algorithm for Designing Harvesting Robot in Orchards,"Depth estimation is one of the bottleneck parts for harvesting robots to determine whether the operation of grasping or picking succeeds or not directly. This paper proposed a novel disparity completion method combined with bilateral filtering and pyramid fusion to improve the issues of incorrect outputs due to the missed or wrong matching when achieving 3D position from 2D images in open-world environments. Briefly, our proposed method has two significant advantages in general. Firstly, occlusion between leaves, branches, and fruits is a universal phenomenon in unstructured orchard environments, which results in the most depth estimation algorithms facing great challenges to obtain accurate outputs in these occluded regions. To alleviate these issues, unlike other research efforts that already exist, we optimized the semi-global matching algorithm to obtain high accuracy sparse values a",2023,Agriculture,Li Zhang; Qun Hao; Yefei Mao; Jianbin Su; Jie Cao,10.3390/agriculture13061117,,https://doi.org/10.3390/agriculture13061117,openalex,energy based model robot learning,concept,ebm,,7,occlusion,2026-06-12T18:26:24Z,11.990,11.990
doi:10.1002/rob.21925,Perception‐aware autonomous mast motion planning for planetary exploration rovers,"Abstract Highly accurate real‐time localization is of fundamental importance for the safety and efficiency of planetary rovers exploring the surface of Mars. Mars rover operations rely on vision‐based systems to avoid hazards as well as plan safe routes. However, vision‐based systems operate on the assumption that sufficient visual texture is visible in the scene. This poses a challenge for vision‐based navigation on Mars where regions lacking visual texture are prevalent. To overcome this, we make use of the ability of the rover to actively steer the visual sensor to improve fault tolerance and maximize the perception performance. This paper answers the question of where and when to look by presenting a method for predicting the sensor trajectory that maximizes the localization performance of the rover. This is accomplished by an online assessment of possible trajectories using syntheti",2020,Journal of Field Robotics,Jared Strader; Kyohei Otsu; Ali‐akbar Agha‐mohammadi,10.1002/rob.21925,,https://doi.org/10.1002/rob.21925,crossref,neural radiance field robotics,concept,architecture,,28,neural radiance field robotics; motion planning,2026-06-12T15:07:36Z,11.984,12.984
doi:10.1609/aaai.v34i03.5659,Learning and Reasoning for Robot Sequential Decision Making under Uncertainty,"Robots frequently face complex tasks that require more than one action, where sequential decision-making (sdm) capabilities become necessary. The key contribution of this work is a robot sdm framework, called lcorpp, that supports the simultaneous capabilities of supervised learning for passive state estimation, automated reasoning with declarative human knowledge, and planning under uncertainty toward achieving long-term goals. In particular, we use a hybrid reasoning paradigm to refine the state estimator, and provide informative priors for the probabilistic planner. In experiments, a mobile robot is tasked with estimating human intentions using their motion trajectories, declarative contextual knowledge, and human-robot interaction (dialog-based and motion-based). Results suggest that, in efficiency and accuracy, our framework performs better than its no-learning and no-reasoning coun",2020,Proceedings of the AAAI Conference on Artificial Intelligence,Saeid Amiri; Mohammad Shokrolah Shirazi; Shiqi Zhang,10.1609/aaai.v34i03.5659,,https://doi.org/10.1609/aaai.v34i03.5659,openalex,robotics,concept,openalex_bulk_robotics,,25,state estimation; human robot interaction,2026-06-12T18:57:17Z,11.979,12.979
doi:10.3991/ijim.v14i06.13479,A Systematic Review of Past Decade of Mobile Learning: What we Learned and Where to Go,"The increasing growth of mobile technology in our society has become a reality. Outdoor learning is one of the very revolutionary developments in modern ages without huge infrastructure and resources. This study is focusing on the area of mobile learning in the year 2009 to 2018 about the areas and working done by the researchers. Mobile learning is relatively a new platform of learning through the mobile technologies, and penetration of smartphones and digital devices is globally increased in a short interval of time. The Scopus database is used to find the literature with the keyword used in search button mobile learning. The PRISMA diagram 2009 shows that the subjects of Social Sciences area to include the literature articles for the review. The final 54 articles with more than 20 citations for the review are selected to analyze the literature to find the gap and direction of mobile l",2020,International Journal of Interactive Mobile Technologies (iJIM),Muhammad Imran Qureshi; Nohman Khan; Syed Muhammad Ahmad Hassan Gillani; Hamad Raza,10.3991/ijim.v14i06.13479,,https://doi.org/10.3991/ijim.v14i06.13479,openalex,energy based model robot learning,concept,ebm,,103,,2026-06-12T18:05:07Z,11.972,11.972
doi:10.3390/s18030692,Enhancing Perception with Tactile Object Recognition in Adaptive Grippers for Human–Robot Interaction,"The use of tactile perception can help first response robotic teams in disaster scenarios, where visibility conditions are often reduced due to the presence of dust, mud, or smoke, distinguishing human limbs from other objects with similar shapes. Here, the integration of the tactile sensor in adaptive grippers is evaluated, measuring the performance of an object recognition task based on deep convolutional neural networks (DCNNs) using a flexible sensor mounted in adaptive grippers. A total of 15 classes with 50 tactile images each were trained, including human body parts and common environment objects, in semi-rigid and flexible adaptive grippers based on the fin ray effect. The classifier was compared against the rigid configuration and a support vector machine classifier (SVM). Finally, a two-level output network has been proposed to provide both object-type recognition and human/non",2018,Sensors,Juan Gandarias; Jesús Gómez-de-Gabriel; Alfonso García-Cerezo,10.3390/s18030692,,https://doi.org/10.3390/s18030692,crossref,Gaussian splatting robot perception,concept,architecture,,61,Gaussian splatting robot perception; tactile perception; human robot interaction,2026-06-12T15:07:36Z,11.964,11.964
doi:10.13016/m2fiye-fv1d,Grounded Language Learning: Where Robotics and NLP Meet,"Grounded language acquisition is concerned with learning the meaning of language as it applies to the physical world. As robots become more capable and ubiquitous, there is an increasing need for non-specialists to interact with and control them, and natural language is an intuitive, flexible, and customizable mechanism for such communication. At the same time, physically embodied agents offer a way to learn to understand natural language in the context of the world to which it refers. This paper gives an overview of the research area, selected recent advances, and some future directions and challenges that remain.",2021,Maryland Shared Open Access Repository (USMAI Consortium),Cynthia Matuszek,10.13016/m2fiye-fv1d,,https://doi.org/10.13016/m2fiye-fv1d,openalex,robotics,concept,openalex_bulk_robotics,,33,embodied agent,2026-06-12T18:57:17Z,11.963,11.963
doi:10.1109/icra.2019.8793658,Adaptive Control of Sclera Force and Insertion Depth for Safe Robot-Assisted Retinal Surgery,One of the significant challenges of moving from manual to robot-assisted retinal surgery is the loss of perception of forces applied to the sclera (sclera forces) by the surgical tools. This damping of force feedback is primarily due to the stiffness and inertia of the robot. The diminished perception of tool-to-eye interactions might put the eye tissue at high risk of injury due to excessive sclera forces or extreme insertion of the tool into the eye. In the present study therefore a 1-dimensional adaptive control method is customized for 3-dimensional control of sclera force components and tool insertion depth and then implemented on the velocity-controlled Johns Hopkins Steady-Hand Eye Robot. The control method enables the robot to perform autonomous motions to make the sclera force and/or insertion depth of the tool tip to follow pre-defined desired and safe trajectories when they e,2019,,Ali Ebrahimi; Niravkumar Patel; Changyan He; Peter Gehlbach; Marin Kobilarov; Iulian Iordachita,10.1109/icra.2019.8793658,,https://doi.org/10.1109/icra.2019.8793658,openalex,robotics,concept,openalex_bulk_robotics,,36,,2026-06-12T18:57:17Z,11.955,11.955
doi:10.48550/arxiv.2401.03641,DME-Driver: Integrating Human Decision Logic and 3D Scene Perception in Autonomous Driving,"In the field of autonomous driving, two important features of autonomous driving car systems are the explainability of decision logic and the accuracy of environmental perception. This paper introduces DME-Driver, a new autonomous driving system that enhances the performance and reliability of autonomous driving system. DME-Driver utilizes a powerful vision language model as the decision-maker and a planning-oriented perception model as the control signal generator. To ensure explainable and reliable driving decisions, the logical decision-maker is constructed based on a large vision language model. This model follows the logic employed by experienced human drivers and makes decisions in a similar manner. On the other hand, the generation of accurate control signals relies on precise and detailed environmental perception, which is where 3D scene perception models excel. Therefore, a plan",2024,arXiv (Cornell University),Wencheng Han; Dongqian Guo; Chengzhong Xu; Jianbing Shen,10.48550/arxiv.2401.03641,,https://doi.org/10.48550/arxiv.2401.03641,openalex,energy based transformer robot policy,concept,ebm_transformer,,4,energy based transformer robot policy,2026-06-12T18:05:07Z,11.955,11.955
doi:10.1007/s11063-024-11524-0,PCTDepth: Exploiting Parallel CNNs and Transformer via Dual Attention for Monocular Depth Estimation,"Abstract Monocular depth estimation (MDE) has made great progress with the development of convolutional neural networks (CNNs). However, these approaches suffer from essential shortsightedness due to the utilization of insufficient feature-based reasoning. To this end, we propose an effective parallel CNNs and Transformer model for MDE via dual attention (PCTDepth). Specifically, we use two stream backbones to extract features, where ResNet and Swin Transformer are utilized to obtain local detail features and global long-range dependencies, respectively. Furthermore, a hierarchical fusion module (HFM) is designed to actively exchange beneficial information for the complementation of each representation during the intermediate fusion. Finally, a dual attention module is incorporated for each fused feature in the decoder stage to improve the accuracy of the model by enhancing inter-channel",2024,Neural Processing Letters,Chenxing Xia; Xiuzhen Duan; Xiuju Gao; Bin Ge; Kuan‐Ching Li; Xianjin Fang; Yan Zhang; Ke Yang,10.1007/s11063-024-11524-0,,https://doi.org/10.1007/s11063-024-11524-0,openalex,transformer energy based model robotics,concept,ebm_transformer,,4,energy based model robotics,2026-06-12T18:05:07Z,11.955,11.955
doi:10.24963/ijcai.2018/3,"Interactive, Collaborative Robots: Challenges and Opportunities","Robotic technology has transformed manufacturing industry ever since the first industrial robot was put in use in the beginning of the 60s. The challenge of developing flexible solutions where production lines can be quickly re-planned, adapted and structured for new or slightly changed products is still an important open problem. Industrial robots today are still largely preprogrammed for their tasks, not able to detect errors in their own performance or to robustly interact with a complex environment and a human worker. The challenges are even more serious when it comes to various types of service robots. Full robot autonomy, including natural interaction, learning from and with human, safe and flexible performance for challenging tasks in unstructured environments will remain out of reach for the foreseeable future. In the envisioned future factory setups, home and office environments",2018,,Danica Kragić; Joakim Gustafson; Hakan Karaoğuz; Patric Jensfelt; Robert Krug,10.24963/ijcai.2018/3,,https://doi.org/10.24963/ijcai.2018/3,openalex,robotics,concept,openalex_bulk_robotics,,109,industrial robot,2026-06-12T18:57:17Z,11.950,11.950
doi:10.21203/rs.3.rs-4163229/v1,Cooking Robot Mastery: Learning Online Motion Generation with Active Perception,"Abstract To support humans in their daily lives, robots are required to autonomously learn, adapt to objects and environments, and perform the appropriate actions. We tackled cooking scrambled eggs using real ingredients, in which the robot needs to perceive the states of the egg and adjust stirring movement on the fly, while the egg is heated and the state changes continuously. In previous works, handling changing objects was found to be challenging because sensory information includes dynamical, both important or noisy information, and the modality which should be focused on changes every time, making it difficult to realize both perception and motion generation in real-time. We propose a predictive recurrent neural network with an attention mechanism that can weigh the sensor input, distinguishing how important and reliable each modality is, and that realizes quick and efficient perce",,,Namiko Saito; Mayu Tatsumi; Ayuna Kubo; Kanata Suzuki; Hiroshi Ito; Shigeki Sugano; Tetsuya Ogata,10.21203/rs.3.rs-4163229/v1,,https://doi.org/10.21203/rs.3.rs-4163229/v1,crossref,online adaptation robot learning,concept,adaptation,,,humanoid robot; active perception; online adaptation,2026-06-12T14:45:03Z,11.950,11.950
doi:10.5194/egusphere-egu26-5021,PyCKSTER: An open-source Python tool for interactive processing and analysis of active near-surface seismic data,"Active seismic methods are widely used in near-surface geophysics for subsurface characterization, but existing processing softwares often present significant limitations. Proprietary packages are expensive, lack transparency in their processing algorithms, and often include extensive features unnecessary for near-surface applications, while open-source alternatives frequently suffer from limited file format support, slow performance when handling large datasets, complex installation procedures, and dependence on specific configuration files. We present PyCKSTER, an open-source PyQt5-based graphical user interface designed to address these challenges by providing an efficient and user-friendly solution for active seismic data workflows.PyCKSTER uses ObsPy (Beyreuther et al., 2010; https://www.obspy.org) to handle standard seismic file formats (SEG2, SEGY, Seismic Unix), and relies on pyq",,,Sylvain Pasquet,10.5194/egusphere-egu26-5021,,https://doi.org/10.5194/egusphere-egu26-5021,crossref,open source robot data collection,concept,open_data,,,limitation,2026-06-12T15:07:36Z,11.950,12.950
doi:10.1109/humanoids.2015.7363424,Where is my keyboard? Model-based active adaptation of action-space in a humanoid robot,,2015,2015 IEEE-RAS 15th International Conference on Humanoid Robots (Humanoids),Arturo Ribes; Jesus Cerquides; Yiannis Demiris; Ramon Lopez de Mantaras,10.1109/humanoids.2015.7363424,,https://doi.org/10.1109/humanoids.2015.7363424,crossref,humanoid robot foundation model,concept,humanoid,,1,robot foundation model; humanoid robot,2026-06-12T14:45:03Z,11.947,11.947
doi:10.7551/mitpress/7830.003.0041,Active Policy Learning for Robot Planning and Exploration under Uncertainty,,2008,Robotics,Ruben Martinez-Cantin; Nando de Freitas; Arnaud Doucet; José A. Castellanos,10.7551/mitpress/7830.003.0041,,https://doi.org/10.7551/mitpress/7830.003.0041,crossref,diffusion policy robot manipulation,concept,diffusion,,1,diffusion policy; robot manipulation,2026-06-12T15:07:36Z,11.947,12.947
doi:10.5220/0003729900640073,WHAT DO OBJECTS FEEL LIKE? - Active Perception for a Humanoid Robot,,2012,Proceedings of the 4th International Conference on Agents and Artificial Intelligence,,10.5220/0003729900640073,,https://doi.org/10.5220/0003729900640073,crossref,humanoid robot foundation model,concept,humanoid,,1,robot foundation model; humanoid robot; active perception,2026-06-12T15:07:36Z,11.947,11.947
doi:10.1109/sii.2015.7405043,Audio-visual multi-person tracking for active robot perception,,2015,2015 IEEE/SICE International Symposium on System Integration (SII),Baris Bayram; Gokhan Ince,10.1109/sii.2015.7405043,,https://doi.org/10.1109/sii.2015.7405043,crossref,Gaussian splatting robot perception,concept,architecture,,1,Gaussian splatting robot perception,2026-06-12T15:07:36Z,11.947,11.947
doi:10.1007/978-3-642-19325-5_24,Mobile Robot Environment Learning and Localization Using Active Perception,,2011,Communications in Computer and Information Science ICT Innovations 2010,Petre Lameski; Andrea Kulakov,10.1007/978-3-642-19325-5_24,,https://doi.org/10.1007/978-3-642-19325-5_24,crossref,Gaussian splatting robot perception,concept,architecture,,1,Gaussian splatting robot perception; active perception,2026-06-12T15:07:36Z,11.947,11.947
doi:10.7551/mitpress/3120.003.0027,Active Perception and Map Learning for Robot Navigation,,2000,From Animals to Animats 6,David Filliat; Jean-Arcady Meyer,10.7551/mitpress/3120.003.0027,,https://doi.org/10.7551/mitpress/3120.003.0027,crossref,Gaussian splatting robot perception,concept,architecture,,1,Gaussian splatting robot perception; active perception,2026-06-12T15:07:36Z,11.947,11.947
doi:10.1007/978-3-642-39881-0_30,Spatial Uncertainty Assessment in Visual Terrain Perception for a Mobile Robot,,2014,Advances in Intelligent Systems and Computing Intelligent Systems in Technical and Medical Diagnostics,Przemysław Łabȩcki; Piotr Skrzypczyński,10.1007/978-3-642-39881-0_30,,https://doi.org/10.1007/978-3-642-39881-0_30,crossref,Gaussian splatting robot perception,concept,architecture,,1,Gaussian splatting robot perception,2026-06-12T15:07:36Z,11.947,12.947
doi:10.1007/978-3-319-26535-3_63,Autonomous Depth Perception of Humanoid Robot Using Binocular Vision System Through Sensorimotor Interaction with Environment,,2015,Lecture Notes in Computer Science Neural Information Processing,Yongsik Jin; Mallipeddi Rammohan; Giyoung Lee; Minho Lee,10.1007/978-3-319-26535-3_63,,https://doi.org/10.1007/978-3-319-26535-3_63,crossref,Gaussian splatting robot perception,concept,architecture,,1,Gaussian splatting robot perception; humanoid robot,2026-06-12T15:07:36Z,11.947,11.947
doi:10.2139/ssrn.4506843,Multi Agent Active Perception Based on Reinforcement Learning and Pomdp,,,,Tarik Selimović; Marijana Peti; Stjepan Bogdan,10.2139/ssrn.4506843,,https://doi.org/10.2139/ssrn.4506843,crossref,model based reinforcement learning robotics,concept,architecture,,1,model based reinforcement learning robotics; active perception,2026-06-12T15:07:36Z,11.947,11.947
doi:10.1163/156855399x00243,Probing the curvature of a convex object via discrete active touch,,1998,Advanced Robotics,H.R. Choi; J.H. Kim; S.R. Oh,10.1163/156855399x00243,,https://doi.org/10.1163/156855399x00243,crossref,EBM transformer robotics deformable object manipulation,concept,architecture_x_embodiment,,1,EBM transformer robotics; deformable object manipulation,2026-06-12T15:07:36Z,11.947,11.947
doi:10.3850/978-981-07-7744-9_043,Active Gaze Strategy for Reducing Map Uncertainty Along a Path,,2013,IFToMM International Symposium on Robotics and Mechatronics,M. Brandão,10.3850/978-981-07-7744-9_043,,https://doi.org/10.3850/978-981-07-7744-9_043,crossref,robotics,concept,crossref_bulk_robotics,,1,,2026-06-12T19:29:26Z,11.947,12.947
doi:10.1017/s0263574716000333,Robot-assisted perception augmentation for online detection of insertion failure during cochlear implant surgery,"SUMMARY During the past decade, robotics for cochlear implant electrode array insertion has been limited to manipulation assistance. Going beyond manipulation assistance, this paper presents the new concept of perception augmentation to detect and warn against the onset of intracochlear electrode array tip folding. This online failure detection method uses a combination of intraoperative electrode insertion force data and a predictive model of insertion force profile progression as a function of insertion depth. The predictive model uses statistical characterization of insertion force profiles during normal robotic electrode array insertions as well as the history of intra-operative insertion forces. Online detection of onset of tip folding is achieved using the predictive model as an input into a support vector machine classifier. Results show that the detection of tip folding onset can",2017,Robotica,J. Pile; G. B. Wanna; N. Simaan,10.1017/s0263574716000333,,https://doi.org/10.1017/s0263574716000333,crossref,robot foundation model failure mode,hostile,failure,,11,robot foundation model; failure detection; failure mode,2026-06-12T15:07:36Z,11.942,15.942
doi:10.15803/ijnc.11.1_50,Optimal Randomized Complete Visibility on a Grid for Asynchronous Robots with Lights,"We consider the distributed setting of N autonomous mobile robots that operate in Look-Compute-Move (LCM) cycles and communicate with other robots using colored lights (the robots with lights model. This model assumes obstructed visibility where a robot cannot see another robot if a third robot is positioned between them on the straight line connecting them. In this paper, we consider robot movements to be on a grid (integer plane) of unbounded size. In any given step a robot positioned at a grid point can move only to an adjacent grid point to its north, south, east or west. The grid setting naturally discretizes the 2-dimensional plane and finds applications in many real-life robotic systems. The Complete Visibility problem is to reposition N autonomous robots (starting at arbitrary, but distinct, initial positions) so that, on termination, each robot is visible to all others. The obje",2021,International Journal of Networking and Computing,Gokarna Sharma; Ramachandran Vaidyanathan; Jerry L. Trahan,10.15803/ijnc.11.1_50,,https://doi.org/10.15803/ijnc.11.1_50,openalex,robotics,concept,openalex_bulk_robotics,,15,,2026-06-12T18:57:17Z,11.936,11.936
doi:10.1177/1729881420910530,Spatio-temporal voxel layer: A view on robot perception for the dynamic world,"The spatio-temporal voxel grid is an actively maintained open-source project providing an improved three-dimensional environmental representation that has been garnering increased adoption in large, dynamic, and complex environments. We provide a voxel grid and the Costmap 2-D layer plug-in, Spatio-Temporal Voxel Layer, powered by a real-time sparse occupancy grid with constant time access to voxels which does not scale with the environment’s size. We replace ray-casting with a new clearing technique we dub frustum acceleration that does not assume a static environment and in practice, represents moving environments better. Our method operates at nearly 400% less CPU load on average while processing 9 QVGA resolution depth cameras as compared to the voxel layer. This technique also supports sensors such as three-dimensional laser scanners, radars, and additional modern sensors that were ",2020,International Journal of Advanced Robotic Systems,Steve Macenski; David Tsai; Max Feinberg,10.1177/1729881420910530,,https://doi.org/10.1177/1729881420910530,crossref,Gaussian splatting robot perception,concept,architecture,,52,Gaussian splatting robot perception,2026-06-12T15:07:36Z,11.935,11.935
doi:10.1109/tase.2023.3323307,Using Goal-Conditioned Reinforcement Learning With Deep Imitation to Control Robot Arm in Flexible Flat Cable Assembly Task,"Leveraging reinforcement learning on high-precision decision-making in Robot Arm assembly scenes is a desired goal in the industrial community. However, tasks like Flexible Flat Cable (FFC) assembly, which require highly trained workers, pose significant challenges due to sparse rewards and limited learning conditions. In this work, we propose a goal-conditioned self-imitation reinforcement learning method for FFC assembly without relying on a specific end-effector, where both perception and behavior plannings are learned through reinforcement learning. We analyze the challenges faced by Robot Arm in high-precision assembly scenarios and balance the breadth and depth of exploration during training. Our end-to-end model consists of hindsight and self-imitation modules, allowing the Robot Arm to leverage futile exploration and optimize successful trajectories. Our method does not require r",2023,IEEE Transactions on Automation Science and Engineering,Jingchen Li; Haobin Shi; Kao‐Shing Hwang,10.1109/tase.2023.3323307,,https://doi.org/10.1109/tase.2023.3323307,openalex,robotics,concept,openalex_bulk_robotics,,25,imitation learning,2026-06-12T18:57:17Z,11.929,11.929
doi:10.1109/lra.2025.3580331,ActiveSplat: High-Fidelity Scene Reconstruction Through Active Gaussian Splatting,,2025,IEEE Robotics and Automation Letters,Yuetao Li; Zijia Kuang; Ting Li; Qun Hao; Zike Yan; Guyue Zhou; Shaohui Zhang,10.1109/lra.2025.3580331,,https://doi.org/10.1109/lra.2025.3580331,crossref,Gaussian splatting robot perception,concept,architecture,,13,Gaussian splatting robot perception,2026-06-12T14:45:03Z,11.920,11.920
doi:10.1609/aaai.v38i7.28603,SAMFlow: Eliminating Any Fragmentation in Optical Flow with Segment Anything Model,"Optical Flow Estimation aims to find the 2D dense motion field between two frames. Due to the limitation of model structures and training datasets, existing methods often rely too much on local clues and ignore the integrity of objects, resulting in fragmented motion estimation. Through theoretical analysis, we find the pre-trained large vision models are helpful in optical flow estimation, and we notice that the recently famous Segment Anything Model (SAM) demonstrates a strong ability to segment complete objects, which is suitable for solving the fragmentation problem. We thus propose a solution to embed the frozen SAM image encoder into FlowFormer to enhance object perception. To address the challenge of in-depth utilizing SAM in non-segmentation tasks like optical flow estimation, we propose an Optical Flow Task-Specific Adaption scheme, including a Context Fusion Module to fuse the ",2024,Proceedings of the AAAI Conference on Artificial Intelligence,Shili Zhou; Ruian He; Weimin Tan; Bo Yan,10.1609/aaai.v38i7.28603,,https://doi.org/10.1609/aaai.v38i7.28603,openalex,energy based transformer robot policy,concept,ebm_transformer,,16,energy based transformer robot policy; limitation; benchmark,2026-06-12T18:05:07Z,11.917,13.917
doi:10.23919/csms.2024.0007,A Q-Learning Based Hybrid Meta-Heuristic for Integrated Scheduling of Disassembly and Reprocessing Processes Considering Product Structures and Stochasticity,"Remanufacturing is regarded as a sustainable manufacturing paradigm of energy conservation and environment protection. To improve the efficiency of the remanufacturing process, this work investigates an integrated scheduling problem for disassembly and reprocessing in a remanufacturing process, where product structures and uncertainty are taken into account. First, a stochastic programming model is developed to minimize the maximum completion time (makespan). Second, a Q-learning based hybrid meta-heuristic (Q-HMH) is specially devised. In each iteration, a Q-learning method is employed to adaptively choose a premium algorithm from four candidate ones, including genetic algorithm (GA), artificial bee colony (ABC), shuffled frog-leaping algorithm (SFLA), and simulated annealing (SA) methods. At last, simulation experiments are carried out by using sixteen instances with different scales, ",2024,Complex System Modeling and Simulation,Fuquan Wang; Yaping Fu; Kaizhou Gao; Yaoxin Wu; Song Gao,10.23919/csms.2024.0007,,https://doi.org/10.23919/csms.2024.0007,openalex,energy based model robot learning,concept,ebm,,16,,2026-06-12T18:26:24Z,11.917,12.917
doi:10.1007/s41693-020-00031-y,Physically distributed multi-robot coordination and collaboration in construction,"Abstract This paper presents strategies for the scalable fabrication of long-span composite structures made possible through physically distributed heterogeneous multi-robot collaboration. An interactive and collaborative fiber laying process between industrial robots and an unmanned aerial vehicle (UAV) is described as a case study, investigating the challenges of multi-robot distributed fabrication, but also the design and system potentials of such an approach. A proof-of-concept interactive and collaborative process based on hardware exchange was developed for the process of long-span fiber composite filament winding. Components of the fabrication workcell, including two high pay-load industrial six-axis robots, a custom developed UAV drone, pneumatic winding end-effectors with sensor integration, and a signal integrated mechanism for tension control are described. This paper covers p",2020,Construction Robotics,Lauren Vasey; Benjamin Felbrich; Marshall Prado; Behrooz Tahanzadeh; Achim Menges,10.1007/s41693-020-00031-y,,https://doi.org/10.1007/s41693-020-00031-y,crossref,EBM transformer robotics multi robot system,concept,architecture_x_embodiment,,24,EBM transformer robotics; industrial robot; multi robot system,2026-06-12T15:07:36Z,11.909,11.909
doi:10.1109/tie.2016.2609838,Neural-Dynamics-Driven Complete Area Coverage Navigation Through Cooperation of Multiple Mobile Robots,"Multiple robots collaboratively achieve a common coverage goal efficiently, which can improve work capacity, share coverage tasks, and reduce completion time. In this paper, a neural dynamics (ND) approach is proposed for complete area coverage navigation by multiple robots. A bioinspired neural network (NN) is designed to model the workspace and guide a swarm of robots for the coverage mission. The dynamics of each neuron in the topologically organized NN is characterized by an ND equation. Each mobile robot regards other robots as moving obstacles. Each robot path is autonomously generated from the neural activity landscape of the NN and the previous robot position. The proposed model algorithm is computationally efficient. The feasibility is validated by simulation, comparison studies, and experiments.",2016,IEEE Transactions on Industrial Electronics,Chaomin Luo; Simon X. Yang; Xinde Li; Max Q.‐H. Meng,10.1109/tie.2016.2609838,,https://doi.org/10.1109/tie.2016.2609838,openalex,robotics,concept,openalex_bulk_robotics,,109,,2026-06-12T18:57:17Z,11.900,11.900
doi:10.1049/csy2.70051,SCU‐T‐MPC: Risk‐Aware and Socially Compliant Topological Motion Planning Under Uncertainty,"ABSTRACT Topology‐driven model predictive control (T‐MPC) has demonstrated significant performance in navigating dynamic environments by planning trajectories in distinct homotopy classes in parallel. However, its performance is limited by deterministic assumptions about obstacle motions and a cost function that ignores social norms. This paper presents a unified framework, socially compliant topology‐driven model predictive control under uncertainty (SCU‐T‐MPC) that addresses these limitations. First, we introduce the concept of probabilistic homotopy classes by integrating multi‐modal uncertainty into the topological guidance planner, enabling robustness to various potential futures. Second, we formulate a risk‐aware parallel optimisation scheme where each local planner incorporates chance constraints and a risk‐adjusted cost. Finally, we learn a social preference model from human demo",2026,IET Cyber-Systems and Robotics,Bo Ye; Zhigang Ren,10.1049/csy2.70051,,https://doi.org/10.1049/csy2.70051,crossref,task and motion planning robotics,anti_myopia,classic,,,model predictive control; motion planning; task and motion planning; human demonstration; limitation; robustness,2026-06-12T15:07:36Z,11.900,19.900
doi:10.1609/socs.v18i1.35987,Task and Motion Planning Using Infinite Completion Tree and Agnostic Skills,"This work builds upon existing task and motion planning (TAMP) frameworks by integrating pre-trained Sequencing Task-Agnostic Policies (STAP) and Effort Level Search (ELS) to create a hierarchical approach that decouples high-level task decisions from low-level motion execution. The method enhances the planning process by incorporating a novel success rate estimator (P ), which provides more accurate task success predictions than traditional Q-value estimators. We formalize the problem of long-horizon manipulation tasks, where high-level decisions are made in discrete spaces and low-level actions are executed in continuous space. To guide the search process efficiently, we leverage the infinite completion tree structure of ELS, which dynamically adjusts computational resources based on task complexity. Empirical results demonstrate that our approach significantly improves planning effici",2025,Proceedings of the International Symposium on Combinatorial Search,Matan Sudry; Tom Jurgenson; Erez Karpas,10.1609/socs.v18i1.35987,,https://doi.org/10.1609/socs.v18i1.35987,crossref,task and motion planning robotics,anti_myopia,classic,,,motion planning; task and motion planning; long horizon,2026-06-12T15:07:36Z,11.900,15.900
doi:10.1016/j.conengprac.2026.106790,Non-Minimum-Phase Resonant Controller for Active Damping Control: Application to Piezo-Actuated Nanopositioning System,"Nanopositioning systems frequently encounter limitations in control bandwidth due to their lightly damped resonance behavior. This paper presents a novel Non-Minimum-Phase Resonant Controller (NRC) aimed at active damping control within dual closed-loop architectures, specifically applied to piezo-actuated nanopositioning systems. The control strategy is structured around formulated objectives for shaping sensitivity functions to meet predetermined system performance criteria. Leveraging non-minimum-phase characteristics, the proposed NRC accomplishes complete damping and the bifurcation of double resonant poles at the primary resonance peak through a constant-gain design accompanied by tunable phase variation. The NRC demonstrates robustness against frequency variations of the resonance arising from load changes and is also capable of damping higher-order flexural modes simultaneously. ",2024,arXiv,Aditya M. Natu; S. Hassan HosseinNia,10.1016/j.conengprac.2026.106790,2412.18374v1,http://arxiv.org/abs/2412.18374v1,arxiv,hybrid systems robot control manipulation,anti_myopia,control,,,hybrid systems; limitation; robustness,2026-06-12T15:07:36Z,11.900,16.900
doi:10.31763/ijrcs.v5i6.2102,Integration of Hybrid Active Disturbance Rejection with Sliding Mode Control for Robust Mechanical Ventilation,"This study addresses the challenge of precise control within the human respiratory system, a complex, nonlinear, and time-varying physiological process. The research contribution is to develop and evaluate a robust hybrid controller that integrates Active Disturbance Rejection Control (ADRC) with Sliding Mode Control (SMC) to overcome the limitations of traditional control methods. The respiratory system's behavior is modeled as a state-space system, where internal and external disturbances, such as changes in lung mechanics, patient effort, and environmental factors, can significantly impact performance. We conducted a series of simulations to validate the effectiveness of the proposed controller. The hybrid ADRC-SMC controller was rigorously compared with ADRC using a nonlinear PD controller (ADRC-NPD) across various simulated scenarios. The results demonstrate that the ADRC-SMC respon",2025,International Journal of Robotics and Control Systems,Mohammed Albaker Najm Abed; Zubaidah Saleem Hasan; Ahmed Zurfi,10.31763/ijrcs.v5i6.2102,,https://doi.org/10.31763/ijrcs.v5i6.2102,crossref,classical control robotics,anti_myopia,anti_thesis,,,limitation; robustness; classical control robotics,2026-06-12T15:07:36Z,11.900,17.900
doi:10.2139/ssrn.6667582,Multi-Future Visual Perception Using Probabilistic State Superposition in Robotics,"Predicting how traffic participants will move is challenging, especially when multiple futures are possible. Most existing methods approximate this uncertainty using a small set of discrete trajectory modes, which often leads to gaps and poorly calibrated predictions. In this work, we introduce a continuous representation based on a probabilistic amplitude field inspired by quantum mechanics. Each agent is modeled using a complex-valued function, where probability emerges from its magnitude and interactions between possible futures are captured through phase. A unitary propagation network updates this representation while preserving total probability, and an interference mechanism allows different trajectory hypotheses to interact before a final prediction is selected. We evaluate the approach on the nuScenes dataset across classification, tracking, and trajectory prediction tasks. The m",,,Leena Kannan; Ashish Patwari,10.2139/ssrn.6667582,,https://doi.org/10.2139/ssrn.6667582,crossref,probabilistic robotics,anti_myopia,anti_thesis,,,benchmark; probabilistic robotics,2026-06-12T15:07:36Z,11.900,16.900
arxiv:1701.02369v3,Reinforcement Learning based Embodied Agents Modelling Human Users Through Interaction and Multi-Sensory Perception,This paper extends recent work in interactive machine learning (IML) focused on effectively incorporating human feedback. We show how control and feedback signals complement each other in systems which model human reward. We demonstrate that simultaneously incorporating human control and feedback signals can improve interactive robotic systems' performance on a self-mirrored movement control task where an RL-agent controlled right arm attempts to match the preprogrammed movement pattern of the left arm. We illustrate the impact of varying human feedback parameters on task performance by investigating the probability of giving feedback on each time step and the likelihood of given feedback being correct. We further illustrate that varying the temporal decay with which the agent incorporates human feedback has a significant impact on task performance. We found that smearing human feedback ,2017,arXiv,Kory W. Mathewson; Patrick M. Pilarski,,1701.02369v3,http://arxiv.org/abs/1701.02369v3,arxiv,Gaussian splatting robot perception embodied agent,concept,architecture_x_embodiment,,,Gaussian splatting robot perception; embodied agent,2026-06-12T15:07:36Z,11.900,11.900
doi:10.3390/electronics11071091,A Survey of Multi-Agent Cross Domain Cooperative Perception,"Intelligent unmanned systems for ground, sea, aviation, and aerospace application are important research directions for the new generation of artificial intelligence in China. Intelligent unmanned systems are also important carriers of interactive mapping between physical space and cyberspace in the process of the digitization of human society. Based on the current domestic and overseas development status of unmanned systems for ground, sea, aviation, and aerospace application, this paper reviewed the theoretical problems and research trends of multi-agent cross-domain cooperative perception. The scenarios of multi-agent cooperative perception tasks in different areas were deeply investigated and analyzed, the scientific problems of cooperative perception were analyzed, and the development direction of multi-agent cooperative perception theory research for solving the challenges of the c",2022,Electronics,Zhongpan Zhu; Qiwei Du; Zhipeng Wang; Gang Li,10.3390/electronics11071091,,https://doi.org/10.3390/electronics11071091,crossref,Gaussian splatting robot perception embodied agent,concept,architecture_x_embodiment,,10,Gaussian splatting robot perception; embodied agent,2026-06-12T15:07:36Z,11.899,11.899
doi:10.3389/frobt.2021.633045,The Effects of Physically Embodied Multiple Conversation Robots on the Elderly,"In recent years, communication robots aiming to offer mental support to the elderly have attracted increasing attention. Dialogue systems consisting of two robots could provide the elderly with opportunities to hold longer conversations in care homes. In this study, we conducted an experiment to compare two types of scenario-based dialogue systems with different types of bodies—physical and virtual robots—to investigate the effects of embodying such dialogue systems. Forty elderly people aged from 65 to 84 interacted with either an embodied desktop-sized humanoid robot or computer graphic agent displayed on a monitor. The elderly participants were divided into groups depending on the success of the interactions. The results revealed that (i) in the group where the robots responded more successfully with the expected conversation flow, the elderly are more engaged in the conversation with",2021,Frontiers in Robotics and AI,Toshiaki Nishio; Yuichiro Yoshikawa; Kazuki Sakai; Takamasa Iio; Mariko Chiba; Taichi Asami; Yoshinori Isoda; Hiroshi Ishiguro,10.3389/frobt.2021.633045,,https://doi.org/10.3389/frobt.2021.633045,crossref,EBM transformer robotics embodied agent,concept,architecture_x_embodiment,,32,EBM transformer robotics; humanoid robot; embodied agent,2026-06-12T15:07:36Z,11.898,11.898
doi:10.3390/mi13010111,An Isomorphic Interactive Device for the Interventional Surgical Robot after In Vivo Study,"Interventional surgical robots are widely used in neurosurgery to improve surgeons’ working environment and surgical safety. Based on the actual operational needs of surgeons’ feedback during preliminary in vivo experiments, this paper proposed an isomorphic interactive master controller for the master–slave interventional surgical robot. The isomorphic design of the controller allows surgeons to utilize their surgical skills during remote interventional surgeries. The controller uses the catheter and guidewire as the operating handle, the same as during actual surgeries. The collaborative operational structure design and the working methods followed the clinical operational skills. The linear force feedback and torque feedback devices were designed to improve the safety of surgeries under remote operating conditions. An eccentric force compensation was conducted to achieve accurate forc",2022,Micromachines,Cheng Yang; Shuxiang Guo; Xianqiang Bao,10.3390/mi13010111,,https://doi.org/10.3390/mi13010111,crossref,Gaussian splatting robot perception surgical robot,concept,architecture_x_embodiment,,21,Gaussian splatting robot perception; surgical robot,2026-06-12T15:07:36Z,11.896,11.896
doi:10.37193/cmi.2019.02.04,A glass-box interactive machine learning approach for solving NP-hard problems with the human-in-the-loop,"The ultimate goal of the Machine Learning (ML) community is to develop algorithms that can automatically learn from data, to extract knowledge and to make decisions without any human intervention. Specifically, automatic Machine Learning (aML) approaches show impressive success, e.g. in speech/image recognition or autonomous drive and smart car industry. Recent results even demonstrate intriguingly that deep learning applied for automatic classification of skin lesions is on par with the performance of dermatologists, yet outperforms the average human efficiency. As human perception is inherently limited to 3D environments, such approaches can discover patterns, e.g. that two objects are similar, in arbitrarily high-dimensional spaces what no human is able to do. Humans can deal simultaneously only with limited amounts of data, whilst “big data” is not only beneficial but necessary for a",2019,Creative Mathematics and Informatics,Andreas Holzinger; Markus Plass; Katharina Holzinger; Gloria Cerasela Crişan; Camelia-M. Pintea; Vasile Palade,10.37193/cmi.2019.02.04,,https://doi.org/10.37193/cmi.2019.02.04,openalex,energy based model robot learning,concept,ebm,,65,,2026-06-12T18:26:24Z,11.895,11.895
doi:10.1109/iros.2009.5354497,TOOMAS: Interactive Shopping Guide robots in everyday use - final implementation and experiences from long-term field trials,"The paper gives a comprehensive overview of our Shopping Guide project, which aims at the development of interactive mobile shopping companion robots for everyday use in challenging operating environments such as home improvement stores. It is spanning an arc from the expectations and requirements of store owners and customers, via the challenges of the shopping scenario and the operating environment, the implemented functionality of the shopping guide robots, up to the results of long-term field trials. The field trials started in April 2008 and still ongoing aim at studying whether and how a group of interactive mobile shopping guide robots can operate completely autonomously in such everyday environments and how they are accepted by uninstructed customers. In these field trials, where nine robotic shopping guides traveled together 2187 kilometers in three different home improvement st",2009,,H.-M. Gross; H.-J. Boehme; Ch. Schroeter; Steffen Mueller; Alexander Koenig; E. Einhorn; C. J. Martin; M. Merten; A. Bley,10.1109/iros.2009.5354497,,https://doi.org/10.1109/iros.2009.5354497,openalex,robotics,concept,openalex_bulk_robotics,,161,assistive robot,2026-06-12T18:57:17Z,11.894,11.894
doi:10.1109/tmech.2023.3255218,A DMP-Based Motion Generation Scheme for Robotic Mirror Therapy,"Hemiparesis has become prevalent in recent years, and robot-assisted rehabilitation provides great therapeutic potential. Robotic mirror therapy is a promising approach for hemiplegic patients by transmitting the motion of the healthy limb (HL) to the impaired limb (IL), where the wearable robot assists the IL to mimic the HL's action to stimulate the active participation of the injured muscles. However, complete replication of the HL's movement trajectory without considering the IL's muscle strength is not satisfactory for rehabilitation. In this article, a motion generation scheme is proposed for robotic mirror therapy. The robot's movement trajectory is modeled with dynamic movement primitive (DMP), and the physical human–robot interaction is formulated as an impedance model and coupled with the DMP model. The subject's muscle strength is evaluated with skin surface electromyography s",2023,IEEE/ASME Transactions on Mechatronics,Jiajun Xu; Linsen Xu; Aihong Ji; Youfu Li; Kai Cao,10.1109/tmech.2023.3255218,,https://doi.org/10.1109/tmech.2023.3255218,openalex,robotics,concept,openalex_bulk_robotics,,23,human robot interaction,2026-06-12T18:57:17Z,11.889,11.889
doi:10.1109/icra55743.2025.11128502,SeaSplat: Representing Underwater Scenes with 3D Gaussian Splatting and a Physically Grounded Image Formation Model,,2025,2025 IEEE International Conference on Robotics and Automation (ICRA),Daniel Yang; John J. Leonard; Yogesh Girdhar,10.1109/icra55743.2025.11128502,,https://doi.org/10.1109/icra55743.2025.11128502,crossref,Gaussian splatting robot perception,concept,architecture,,12,Gaussian splatting robot perception,2026-06-12T15:07:36Z,11.882,11.882
doi:10.1109/iros51168.2021.9635871,ROBI: A Multi-View Dataset for Reflective Objects in Robotic Bin-Picking,"In robotic bin-picking applications, the perception of texture-less, highly reflective parts is a valuable but challenging task. The high glossiness can introduce fake edges in RGB images and inaccurate depth measurements, especially in heavily cluttered bin scenarios. In this paper, we present the ROBI (Reflective Objects in BIns) dataset, a public dataset for 6D object pose estimation and multi-view depth fusion in robotic bin-picking scenarios. The ROBI dataset includes a total of 63 bin-picking scenes captured with two active stereo cameras: a high-cost Ensenso sensor and a low-cost RealSense sensor. For each scene, the monochrome/RGB images and depth maps are captured from sampled view spheres around the scene, and are annotated with accurate 6D poses of visible objects and an associated visibility score. For evaluating the performance of depth fusion, we captured the ground truth d",2021,2021 IEEE/RSJ International Conference on Intelligent Robots and Systems (IROS),Jun Yang; Yi‐Zhou Gao; Dong Li; Steven L. Waslander,10.1109/iros51168.2021.9635871,,https://doi.org/10.1109/iros51168.2021.9635871,openalex,robotics,concept,openalex_bulk_robotics,,51,occlusion,2026-06-12T18:57:17Z,11.876,11.876
doi:10.64152/10125/73527,"Learning processes in interactive CALL systems: Linking automatic feedback, system logs, and learning outcomes","Interactive digital tools increasingly used for language learning can provide detailed system logs (e.g., number of attempts, responses submitted), and thereby a window into the user’s learning processes. To date, SLA researchers have made little use of such data to understand the relationships between learning conditions, processes, and outcomes. To fill this gap, we analyzed and interpreted detailed logs from an ICALL system used in a randomized controlled field study where 205 German learners of English in secondary school received either general or specific corrective feedback on grammar exercises. In addition to explicit pre-/post-test results, we derived 19 learning process variables from the system log. Exploratory factor analysis revealed three latent factors underlying these process variables: effort, accuracy focus, and time on task. Accuracy focus and finish time (a process va",2023,Language Learning & Technology,Bronson Hui; Björn Rudzewitz; Detmar Meurers,10.64152/10125/73527,,https://doi.org/10.64152/10125/73527,crossref,interactive robot learning human feedback,concept,hri,,6,,2026-06-12T15:07:36Z,11.873,11.873
doi:10.48550/arxiv.2004.05473,Robot self/other distinction: active inference meets neural networks learning in a mirror,"Self/other distinction and self-recognition are important skills for interacting with the world, as it allows humans to differentiate own actions from others and be self-aware. However, only a selected group of animals, mainly high order mammals such as humans, has passed the mirror test, a behavioural experiment proposed to assess self-recognition abilities. In this paper, we describe self-recognition as a process that is built on top of body perception unconscious mechanisms. We present an algorithm that enables a robot to perform non-appearance self-recognition on a mirror and distinguish its simple actions from other entities, by answering the following question: am I generating these sensations? The algorithm combines active inference, a theoretical model of perception and action in the brain, with neural network learning. The robot learns the relation between its actions and its bo",2020,arXiv (Cornell University),Pablo Lanillos; Jordi Pagès; Gordon Cheng,10.48550/arxiv.2004.05473,,https://doi.org/10.48550/arxiv.2004.05473,openalex,robotics,concept,openalex_bulk_robotics,,20,humanoid robot,2026-06-12T18:57:17Z,11.872,11.872
doi:10.1109/lra.2024.3460431,MGS-SLAM: Monocular Sparse Tracking and Gaussian Mapping With Depth Smooth Regularization,,2024,IEEE Robotics and Automation Letters,Pengcheng Zhu; Yaoming Zhuang; Baoquan Chen; Li Li; Chengdong Wu; Zhanlin Liu,10.1109/lra.2024.3460431,,https://doi.org/10.1109/lra.2024.3460431,crossref,Gaussian splatting robot perception,concept,architecture,,18,Gaussian splatting robot perception; SLAM,2026-06-12T15:07:36Z,11.872,11.872
doi:10.1109/tvt.2019.2893878,Path Planning and Control of Mobile Robot in Road Environments Using Sensor Fusion and Active Force Control,"A path planning and control approach of a non-holonomic three-wheeled mobile robot (WMR) for online navigation in road following and roundabout environments is presented in this paper. We proposed a complete navigation algorithm that enables the WMR to autonomously navigate on the road with various scenarios. With such an algorithm, the robot is able to localize itself within the road environment and find a collision free-path starting from a pre-defined start position to a goal point using a novel approach called laser simulator (LS). The path planning and roundabout detection are determined based on LS and sensor fusion of a laser range finder, camera, and odometry measurements. The sensor fusion algorithm is used to remove noises and uncertainties from sensors' data and provide optimum measurements for path planning. A robot motion control scheme is used for the purpose of controlling",2019,IEEE Transactions on Vehicular Technology,Mohammed A. H. Ali; Musa Mailah,10.1109/tvt.2019.2893878,,https://doi.org/10.1109/tvt.2019.2893878,openalex,robotics,concept,openalex_bulk_robotics,,62,force control,2026-06-12T18:57:17Z,11.872,11.872
doi:10.1109/icstcc.2018.8540652,Design of Active Disturbance Rejection Control for Single-Link Flexible Joint Robot Manipulator,"This work presents the design of active disturbance rejection control (ADRC) strategy to position control of a single-Iink flexible joint robot manipulator. Two schemes of ADRC are presented, Linear Active Disturbance Rejection Controller (LADRC) and Nonlinear Active Disturbance Rejection Controller (NADRC). A comparison study in terms of transient performances, robustness characteristics and disturbance rejection capabilities has been made based on LADRC and NADRC. The robustness of both controllers is evaluated by measuring the amount of deviation in system performance due to uncertainty in system parameters, One issue with NADRC and LADRC is they include various parameters and unless they are properly tuned, will have an adverse effect on the estimation process and in turn, on the system performance. The particle swarm technique (PSO) has been selected as an optimal tuner to improve t",2018,,Amjad J. Humaidi; Hussein M. Badr; Ahmed R. Ajil,10.1109/icstcc.2018.8540652,,https://doi.org/10.1109/icstcc.2018.8540652,openalex,robotics,concept,openalex_bulk_robotics,,45,robustness,2026-06-12T18:57:17Z,11.864,13.864
doi:10.1109/lra.2018.2881296,Resilient Active Target Tracking With Multiple Robots,"The problem of target tracking with multiple robots consists of actively planning the motion of the robots to track the targets. A major challenge for practical deployments is to make the robots resilient to failures. In particular, robots may be attacked in adversarial scenarios, or their sensors may fail or get occluded. In this letter, we introduce planning algorithms for multi-target tracking that are resilient to such failures. In general, resilient target tracking is computationally hard. Contrary to the case where there are no failures, no scalable approximation algorithms are known for resilient target tracking when the targets are indistinguishable, or unknown in number, or with unknown motion model. In this letter, we provide the first such algorithm, which also has the following properties: First, it achieves maximal resiliency, since the algorithm is valid for any number of f",2018,IEEE Robotics and Automation Letters,Lifeng Zhou; Vasileios Tzoumas; George J. Pappas; Pratap Tokekar,10.1109/lra.2018.2881296,,https://doi.org/10.1109/lra.2018.2881296,openalex,robotics,concept,openalex_bulk_robotics,,91,deployment,2026-06-12T18:57:17Z,11.861,13.861
doi:10.1155/2009/736398,"Learning Classifier Systems: A Complete Introduction, Review, and Roadmap","If complexity is your problem, learning classifier systems (LCSs) may offer a solution. These rule-based, multifaceted, machine learning algorithms originated and have evolved in the cradle of evolutionary biology and artificial intelligence. The LCS concept has inspired a multitude of implementations adapted to manage the different problem domains to which it has been applied (e.g., autonomous robotics, classification, knowledge discovery, and modeling). One field that is taking increasing notice of LCS is epidemiology, where there is a growing demand for powerful tools to facilitate etiological discovery. Unfortunately, implementation optimization is nontrivial, and a cohesive encapsulation of implementation alternatives seems to be lacking. This paper aims to provide an accessible foundation for researchers of different backgrounds interested in selecting or developing their own LCS. ",2009,Journal of Artificial Evolution and Applications,Ryan J. Urbanowicz; Jason H. Moore,10.1155/2009/736398,,https://doi.org/10.1155/2009/736398,openalex,energy based model robot learning,concept,ebm,,303,,2026-06-12T18:05:07Z,11.859,11.859
arxiv:2603.14523v1,VLA-Thinker: Boosting Vision-Language-Action Models through Thinking-with-Image Reasoning,"Vision-Language-Action (VLA) models have shown promising capabilities for embodied intelligence, but most existing approaches rely on text-based chain-of-thought reasoning where visual inputs are treated as static context. This limits the ability of the model to actively revisit the environment and resolve ambiguities during long-horizon tasks. We propose VLA-Thinker, a thinking-with-image reasoning framework that models perception as a dynamically invocable reasoning action. To train such a system, we introduce a two-stage training pipeline consisting of (1) an SFT cold-start phase with curated visual Chain-of-Thought data to activate structured reasoning and tool-use behaviors, and (2) GRPO-based reinforcement learning to align complete reasoning-action trajectories with task-level success. Extensive experiments on LIBERO and RoboTwin 2.0 benchmarks demonstrate that VLA-Thinker signifi",2026,arXiv,Chaoyang Wang; Wenrui Bao; Sicheng Gao; Bingxin Xu; Yu Tian; Yogesh S. Rawat; Yunhao Ge; Yuzhang Shang,,2603.14523v1,http://arxiv.org/abs/2603.14523v1,arxiv,vision language action model limitation robotics,hostile,failure,,,vision language action model; limitation; benchmark; long horizon,2026-06-12T14:45:03Z,11.850,17.850
doi:10.1038/s44182-026-00077-0,Embodied tactile perception of soft objects properties,"Abstract To enable robots to perform human-like dexterous manipulation, it is essential to understand how mechanical compliance, multi-modal sensing, and purposeful interaction jointly shape tactile perception. In this study, we use a dedicated modular e-Skin with interchangeable mechanical compliance and multi-modal sensing to systematically investigate how sensing embodiment and interaction strategies influence robotic perception of objects. Leveraging a curated set of soft wave objects with controlled viscoelastic and surface properties, we explore a rich set of palpation primitives that vary in indentation depth, frequency, and directionality. In addition, we propose the latent filter , an unsupervised, action-conditioned deep state-space model of the sophisticated interaction dynamics, and infer causal mechanical properties into a structured latent space. This provides in-depth, int",2026,npj Robotics,Anirvan Dutta; Alexis WM Devillard; Zhihua Zhang; Xiaoxiao Cheng; Etienne Burdet,10.1038/s44182-026-00077-0,,https://doi.org/10.1038/s44182-026-00077-0,crossref,tactile language action robotics,concept,tactile,,2,dexterous manipulation; tactile perception,2026-06-12T14:45:03Z,11.849,12.849
doi:10.1177/02783649251343926,Caging in time: A framework for robust object manipulation under uncertainties and limited robot perception,"Real-world object manipulation has been commonly challenged by physical uncertainties and perception limitations. Being an effective strategy, while caging configuration-based manipulation frameworks have successfully provided robust solutions, they are not broadly applicable due to their strict requirements on the availability of multiple robots, widely distributed contacts, or specific geometries of robots or objects. Building upon previous sensorless manipulation ideas and uncertainty handling approaches, this work proposes a novel framework termed Caging in Time to allow caging configurations to be formed even with one robot engaged in a task. This concept leverages the insight that while caging requires constraining the object’s motion, only part of the cage actively contacts the object at any moment. As such, by strategically switching the end-effector configuration and collapsing ",2025,The International Journal of Robotics Research,Gaotian Wang; Kejia Ren; Andrew S. Morgan; Kaiyu Hang,10.1177/02783649251343926,,https://doi.org/10.1177/02783649251343926,crossref,robot world models manipulation,concept,world_models,,2,robot world model; limitation,2026-06-12T15:07:36Z,11.849,14.849
doi:10.3389/frobt.2025.1597271,Toward an active exoskeleton with full energy autonomy,"Exoskeletons aim to enhance human performance and reduce physical fatigue. However, one major challenge for active exoskeletons is the need for a power source. This demand is typically met with batteries, which limit the device’s operational time. This study presents a novel solution to this challenge: a design that enables the generation of electricity during motions where the muscles work as brakes and absorb energy, with the energy stored and subsequently returned to assist when the muscles function as motors. To achieve this goal, a knee exoskeleton design with a direct drive and a novel electronic board was designed and manufactured to capture the energy generated by the wearer’s movements and convert it into electrical energy. The harvested energy is stored in a power bank, and later, during motion, this energy is used to power the exoskeleton motor. Further, the device has torque ",2025,Frontiers in Robotics and AI,Yakir Knafo; Yinjie Zhou; Avi Manor; Alon Osovizky; Raziel Riemer,10.3389/frobt.2025.1597271,,https://doi.org/10.3389/frobt.2025.1597271,crossref,robotics,concept,crossref_bulk_robotics,,2,,2026-06-12T19:29:26Z,11.849,11.849
doi:10.1038/s42256-023-00752-z,Hierarchical generative modelling for autonomous robots,"Abstract Humans generate intricate whole-body motions by planning, executing and combining individual limb movements. We investigated this fundamental aspect of motor control and approached the problem of autonomous task completion by hierarchical generative modelling with multi-level planning, emulating the deep temporal architecture of human motor control. We explored the temporal depth of nested timescales, where successive levels of a forward or generative model unfold, for example, object delivery requires both global planning and local coordination of limb movements. This separation of temporal scales suggests the advantage of hierarchically organizing the global planning and local control of individual limbs. We validated our proposed formulation extensively through physics simulation. Using a hierarchical generative model, we showcase that an embodied artificial intelligence syst",2023,Nature Machine Intelligence,Kai Yuan; Noor Sajid; Karl Friston; Zhibin Li,10.1038/s42256-023-00752-z,,https://doi.org/10.1038/s42256-023-00752-z,openalex,energy based model robot learning,concept,ebm,,21,humanoid robot,2026-06-12T18:05:07Z,11.846,11.846
doi:10.23919/date58400.2024.10546628,Navigating the Unknown: Uncertainty-Aware Compute-in-Memory Autonomy of Edge Robotics,"This paper addresses the challenging problem of energy-efficient and uncertainty-aware pose estimation in insect-scale drones, which is crucial for tasks such as surveillance in constricted spaces and for enabling non-intrusive spatial intelligence in smart homes. Since tiny drones operate in highly dynamic environments, where factors like lighting and human movement impact their predictive accuracy, it is crucial to deploy uncertainty-aware prediction algorithms that can account for environmental variations and express not only the prediction but also confidence in the prediction. We address both of these challenges with Compute-in-Memory (CIM) which has become a pivotal technology for deep learning acceleration at the edge. While traditional CIM techniques are promising for energy-efficient deep learning, to bring in the robustness of uncertainty-aware predictions at the edge, we intro",2024,,Nastaran Darabi; Priyesh Shukla; Dinithi Jayasuriya; Divake Kumar; Alex C. Stutts; Amit Ranjan Trivedi,10.23919/date58400.2024.10546628,,https://doi.org/10.23919/date58400.2024.10546628,openalex,energy based model robot learning,concept,ebm,,3,robustness,2026-06-12T18:26:24Z,11.843,13.843
doi:10.1109/cvpr52734.2025.02496,NexusGS: Sparse View Synthesis with Epipolar Depth Priors in 3D Gaussian Splatting,,2025,2025 IEEE/CVF Conference on Computer Vision and Pattern Recognition (CVPR),Yulong Zheng; Zicheng Jiang; Shengfeng He; Yandu Sun; Junyu Dong; Huaidong Zhang; Yong Du,10.1109/cvpr52734.2025.02496,,https://doi.org/10.1109/cvpr52734.2025.02496,crossref,Gaussian splatting robot perception,concept,architecture,,11,Gaussian splatting robot perception,2026-06-12T15:07:36Z,11.842,11.842
doi:10.1109/icassp49660.2025.10887746,See In Detail: Enhancing Sparse-view 3D Gaussian Splatting with Local Depth and Semantic Regularization,,2025,"ICASSP 2025 - 2025 IEEE International Conference on Acoustics, Speech and Signal Processing (ICASSP)",Zongqi He; Zhe Xiao; Kin-Chung Chan; Yushen Zuo; Jun Xiao; Kin-Man Lam,10.1109/icassp49660.2025.10887746,,https://doi.org/10.1109/icassp49660.2025.10887746,crossref,Gaussian splatting robot perception,concept,architecture,,11,Gaussian splatting robot perception,2026-06-12T15:07:36Z,11.842,11.842
doi:10.1177/0278364919849091,A dataset of daily interactive manipulation,"Robots that succeed in factories may struggle to complete even the simplest daily task that humans take for granted, because the change of environment makes the task exceedingly difficult. Aiming to teach robots to perform daily interactive manipulation in a changing environment using human demonstrations, we collected our own data of interactive manipulation. The dataset focuses on the position, orientation, force, and torque of objects manipulated in daily tasks. The dataset includes 1,603 trials of 32 types of daily motions and 1,596 trials of pouring alone, as well as helper code. We present our dataset to facilitate the research on task-oriented interactive manipulation.",2019,The International Journal of Robotics Research,Yongqiang Huang; Yu Sun,10.1177/0278364919849091,,https://doi.org/10.1177/0278364919849091,crossref,physical reasoning robotics manipulation,concept,physical_reasoning,,31,human demonstration,2026-06-12T15:07:36Z,11.833,11.833
doi:10.1002/rob.21546,An Architecture for Online Affordance‐based Perception and Whole‐body Planning,"The DARPA Robotics Challenge Trials held in December 2013 provided a landmark demonstration of dexterous mobile robots executing a variety of tasks aided by a remote human operator using only data from the robot's sensor suite transmitted over a constrained, field‐realistic communications link. We describe the design considerations, architecture, implementation, and performance of the software that Team MIT developed to command and control an Atlas humanoid robot. Our design emphasized human interaction with an efficient motion planner, where operators expressed desired robot actions in terms of affordances fit using perception and manipulated in a custom user interface. We highlight several important lessons we learned while developing our system on a highly compressed schedule.",2014,Journal of Field Robotics,Maurice Fallon; Scott Kuindersma; Sisir Karumanchi; Matthew Antone; Toby Schneider; Hongkai Dai; Claudia Pérez D’Arpino; Robin Deits; M. DiCicco; Dehann Fourie; Twan Koolen; Pat Marion; Michael Posa; Andrés Valenzuela; Kuan‐Ting Yu; Julie Shah; Karl Iagnemma; Russ Tedrake; Seth Teller,10.1002/rob.21546,,https://doi.org/10.1002/rob.21546,openalex,transformer energy based model robotics,concept,ebm_transformer,,140,energy based model robotics; humanoid robot,2026-06-12T18:05:07Z,11.824,11.824
doi:10.1108/01439911211249779,Complete coverage path planning of mobile robots for humanitarian demining,"Purpose The purpose of this paper is to present a path planning algorithm for a non‐circular shaped mobile robot to autonomously navigate in an unknown area for humanitarian demining. For that purpose the path planning problem comes down to planning a path from some starting location to a final location in an area so that the robot covers all the reachable positions in the area while following the planned path. Design/methodology/approach The proposed algorithm uses occupancy grid map representation of the area. Every free cell in the grid map represents a node in the graph being searched to find the complete coverage path. The complete coverage path is followed by the dynamic window algorithm, which includes robot's kinematic and dynamic constraints. Findings The proposed algorithm finds the complete coverage path in the graph accounting for the dimensions of the mobile robot, where non",2012,Industrial Robot: An International Journal,Marija Đakulovic; Ivan Petrovic,10.1108/01439911211249779,,https://doi.org/10.1108/01439911211249779,crossref,robot world model failure planning,hostile,failure,,20,robot world model; limitation; robot world model failure,2026-06-12T15:07:36Z,11.822,16.822
doi:10.24963/ijcai.2021/110,IMENet: Joint 3D Semantic Scene Completion and 2D Semantic Segmentation through Iterative Mutual Enhancement,"3D semantic scene completion and 2D semantic segmentation are two tightly correlated tasks that are both essential for indoor scene understanding, because they predict the same semantic classes, using positively correlated high-level features. Current methods use 2D features extracted from early-fused RGB-D images for 2D segmentation to improve 3D scene completion. We argue that this sequential scheme does not ensure these two tasks fully benefit each other, and present an Iterative Mutual Enhancement Network (IMENet) to solve them jointly, which interactively refines the two tasks at the late prediction stage. Specifically, two refinement modules are developed under a unified framework for the two tasks. The first is a 2D Deformable Context Pyramid (DCP) module, which receives the projection from the current 3D predictions to refine the 2D predictions. In turn, a 3D Deformable Depth Att",2021,Proceedings of the Thirtieth International Joint Conference on Artificial Intelligence,Jie Li; Laiyan Ding; Rui Huang,10.24963/ijcai.2021/110,,https://doi.org/10.24963/ijcai.2021/110,crossref,3D scene understanding robot manipulation,concept,scene_understanding,,13,robot manipulation; 3D scene understanding,2026-06-12T15:07:36Z,11.820,11.820
doi:10.1109/lra.2024.3502065,GSFusion: Online RGB-D Mapping Where Gaussian Splatting Meets TSDF Fusion,,2024,IEEE Robotics and Automation Letters,Jiaxin Wei; Stefan Leutenegger,10.1109/lra.2024.3502065,,https://doi.org/10.1109/lra.2024.3502065,crossref,Gaussian splatting robot perception,concept,architecture,,16,Gaussian splatting robot perception,2026-06-12T14:45:03Z,11.817,11.817
doi:10.9781/ijimai.2017.447,A Depth Video-based Human Detection and Activity Recognition using Multi-features and Embedded Hidden Markov Models for Health Care Monitoring Systems,"Increase in number of elderly people who are living independently needs especial care in the form of healthcare monitoring systems. Recent advancements in depth video technologies have made human activity recognition (HAR) realizable for elderly healthcare applications. In this paper, a depth video-based novel method for HAR is presented using robust multi-features and embedded Hidden Markov Models (HMMs) to recognize daily life activities of elderly people living alone in indoor environment such as smart homes. In the proposed HAR framework, initially, depth maps are analyzed by temporal motion identification method to segment human silhouettes from noisy background and compute depth silhouette area for each activity to track human movements in a scene. Several representative features, including invariant, multi-view differentiation and spatiotemporal body joints features were fused tog",2017,International Journal of Interactive Multimedia and Artificial Intelligence,Ahmad Jalal; Shaharyar Kamal; Daijin Kim,10.9781/ijimai.2017.447,,https://doi.org/10.9781/ijimai.2017.447,openalex,energy based model robot learning,concept,ebm,,123,,2026-06-12T18:05:07Z,11.810,11.810
doi:10.25103/jestr.113.18,Linear and Nonlinear Active Disturbance Rejection Controllers for Single - Link Flexible Joint Robot Manipulator based on PSO Tuner,"This work presents the design of active disturbance rejection control (ADRC) strategy to position control of a single-link flexible joint robot manipulator. Two schemes of ADRC are presented, Linear Active Disturbance Rejection Controller (LADRC) and Nonlinear Active Disturbance Rejection Controller (NADRC). A comparison study of transient performances, robustness characteristics and disturbance rejection capabilities has been made based on LADRC and NADRC. The robustness of both controllers is evaluated by measuring the amount of deviation is system performance due to uncertainty in system parameters, while the disturbance rejection capability of both controllers will be investigated under abrupt disturbance exertion. One issue with NADRC and LADRC is they include various parameters and unless they are properly tuned, will have an adverse effect on the estimation process and in turn, on",2018,Journal of Engineering Science and Technology Review,"Amjad J. Humaidi; Hussein M. Badr; Ministry of Electricity, Training and Energy Researches Office, Iraq - Baghdad",10.25103/jestr.113.18,,https://doi.org/10.25103/jestr.113.18,openalex,robotics,concept,openalex_bulk_robotics,,40,robustness,2026-06-12T18:57:17Z,11.807,13.807
doi:10.3389/frobt.2019.00038,Zebrafish Adjust Their Behavior in Response to an Interactive Robotic Predator,"Zebrafish (Danio rerio) constitute a valuable experimental species for the study of the biological determinants of emotional responses, such as fear and anxiety. Fear-related test paradigms traditionally entail the interaction between focal subjects and live predators, which may show inconsistent behavior throughout the experiment. To address this technical challenge, robotic stimuli are now frequently integrated in behavioral studies, yielding repeatable, customizable, and controllable experimental conditions. While most of the research has focused on open-loop control where robotic stimuli are preprogrammed to execute a priori known actions, recent work has explored the possibility of two-way interactions between robotic stimuli and live subjects. Here, we demonstrate a ‘closed-loop control’ system to investigate fear response of zebrafish in which the response of the robotic stimulus ",2019,Frontiers in Robotics and AI,Chiara Spinello; Yanpeng Yang; Simone Macrı̀; Maurizio Porfiri,10.3389/frobt.2019.00038,,https://doi.org/10.3389/frobt.2019.00038,openalex,robotics,concept,openalex_bulk_robotics,,54,,2026-06-12T18:57:17Z,11.804,11.804
doi:10.1057/978-1-137-48498-7_11,Walking in Andrei Bely’s Petersburg: Active Perception and Embodied Experience of the City,,2016,"Walking Histories, 1800-1914",Angeliki Sioli,10.1057/978-1-137-48498-7_11,,https://doi.org/10.1057/978-1-137-48498-7_11,crossref,Gaussian splatting robot perception embodied agent,concept,architecture_x_embodiment,,,Gaussian splatting robot perception; embodied agent; active perception,2026-06-12T15:07:36Z,11.800,11.800
doi:10.1098/rsif.2016.0616,Active inference and robot control: a case study,"Active inference is a general framework for perception and action that is gaining prominence in computational and systems neuroscience but is less known outside these fields. Here, we discuss a proof-of-principle implementation of the active inference scheme for the control or the 7-DoF arm of a (simulated) PR2 robot. By manipulating visual and proprioceptive noise levels, we show under which conditions robot control under the active inference scheme is accurate. Besides accurate control, our analysis of the internal system dynamics (e.g. the dynamics of the hidden states that are inferred during the inference) sheds light on key aspects of the framework such as the quintessentially multimodal nature of control and the differential roles of proprioception and vision. In the discussion, we consider the potential importance of being able to implement active inference in robots. In particul",2016,Journal of The Royal Society Interface,Léo Pio‐Lopez; Ange Nizard; Karl Friston; Giovanni Pezzulo,10.1098/rsif.2016.0616,,https://doi.org/10.1098/rsif.2016.0616,openalex,energy based model robot learning,concept,ebm,,89,proprioception,2026-06-12T18:05:07Z,11.800,11.800
doi:10.1109/cvpr52734.2025.02009,MonoSplat: Generalizable 3D Gaussian Splatting from Monocular Depth Foundation Models,,2025,2025 IEEE/CVF Conference on Computer Vision and Pattern Recognition (CVPR),Yifan Liu; Keyu Fan; Weihao Yu; Chenxin Li; Hao Lu; Yixuan Yuan,10.1109/cvpr52734.2025.02009,,https://doi.org/10.1109/cvpr52734.2025.02009,crossref,Gaussian splatting robot perception,concept,architecture,,10,Gaussian splatting robot perception,2026-06-12T15:07:36Z,11.799,11.799
doi:10.3390/jimaging10030068,Neural Radiance Field-Inspired Depth Map Refinement for Accurate Multi-View Stereo,"In this paper, we propose a method to refine the depth maps obtained by Multi-View Stereo (MVS) through iterative optimization of the Neural Radiance Field (NeRF). MVS accurately estimates the depths on object surfaces, and NeRF accurately estimates the depths at object boundaries. The key ideas of the proposed method are to combine MVS and NeRF to utilize the advantages of both in depth map estimation and to use NeRF for depth map refinement. We also introduce a Huber loss into the NeRF optimization to improve the accuracy of the depth map refinement, where the Huber loss reduces the estimation error in the radiance fields by placing constraints on errors larger than a threshold. Through a set of experiments using the Redwood-3dscan dataset and the DTU dataset, which are public datasets consisting of multi-view images, we demonstrate the effectiveness of the proposed method compared to ",2024,Journal of Imaging,Shintaro Ito; Kanta Miura; Koichi Ito; Takafumi Aoki,10.3390/jimaging10030068,,https://doi.org/10.3390/jimaging10030068,crossref,neural radiance field robotics,concept,architecture,,3,neural radiance field robotics,2026-06-12T14:45:03Z,11.793,11.793
doi:10.5772/intechopen.1006481,Influence of Prompts Structure on the Perception and Enhancement of Learning through LLMs in Online Educational Contexts,"This research examines how the structure of prompts impacts the perceived depth and accuracy of responses generated by generative Large Language Models (LLMs) in educational settings. It specifically investigates how prompt design influences students’ learning experiences. The study involved an experiment with 183 students enrolled in a mandatory Business Administration course at the Universitat Oberta de Catalunya (UOC). Data from the experiment were analyzed using both qualitative and quantitative methods. The results show that well-structured prompts significantly improve students’ perception of the depth and accuracy of GenAI-generated responses, leading to a more effective learning process. This underscores the crucial role of prompt design in maximizing the educational effectiveness of GenAI. The findings suggest that thoughtful prompt design can enhance educational outcomes, altho",2024,Massive Open Online Courses - Learning Frontiers and Novel Innovations,Silvia Rodriguez-Donaire,10.5772/intechopen.1006481,,https://doi.org/10.5772/intechopen.1006481,crossref,online adaptation robot learning,concept,adaptation,,3,online adaptation,2026-06-12T15:07:36Z,11.793,11.793
doi:10.1115/1.4064835,Complete Solutions for the Approximate Synthesis of Spherical Four-Bar Function Generators,"Abstract Kinematic synthesis to meet an approximate motion specification naturally forms a constrained optimization problem. Instead of using local methods, we conduct global design searches by direct computation of all critical points. The idea is not new, but performed at scale is only possible through modern polynomial homotopy continuation solvers. Such a complete computation finds all minima, including the global, which allows for a full exploration of the design space, whereas local solvers can only find the minimum nearest to an initial guess. We form equality-constrained objective functions that pertain to the synthesis of spherical four-bar linkages for approximate function generation. We consider the general case where all mechanism dimensions may vary and a more specific case that enables the placement of ground pivots. The former optimization problem is shown to permit 268 se",2024,Journal of Mechanisms and Robotics,Sam O’Connor; Mark Plecnik; Aravind Baskar; James Joo,10.1115/1.4064835,,https://doi.org/10.1115/1.4064835,crossref,robotics,concept,crossref_bulk_robotics,,3,,2026-06-12T19:29:26Z,11.793,11.793
doi:10.3390/rs13122324,High-Resolution Mapping of Aerosol Optical Depth and Ground Aerosol Coefficients for Mainland China,"Aerosols play an important role in climate change, and ground aerosols (e.g., fine particulate matter, abbreviated as PM2.5) are associated with a variety of health problems. Due to clouds and high reflectance conditions, satellite-derived aerosol optical depth (AOD) products usually have large percentages of missing values (e.g., on average greater than 60% for mainland China), which limits their applicability. In this study, we generated grid maps of high-resolution, daily complete AOD and ground aerosol coefficients for the large study area of mainland China from 2015 to 2018. Based on the AOD retrieved using the recent Multi-Angle Implementation of Atmospheric Correction advanced algorithm, we added a geographic zoning factor to account for variability in meteorology, and developed an adaptive method based on the improved full residual deep network (with attention layers) to impute e",2021,Remote Sensing,Lianfa Li,10.3390/rs13122324,,https://doi.org/10.3390/rs13122324,openalex,energy based transformer robot policy,concept,ebm_transformer,,11,energy based transformer robot policy,2026-06-12T18:05:07Z,11.792,11.792
doi:10.1080/10494820.2020.1746673,Predicting completion of massive open online course (MOOC) assignments from video viewing behavior,,2022,Interactive Learning Environments,David John Lemay; Tenzin Doleck,10.1080/10494820.2020.1746673,,https://doi.org/10.1080/10494820.2020.1746673,crossref,learning robot manipulation from human video,concept,human_data,,35,robot manipulation,2026-06-12T15:07:36Z,11.792,11.792
doi:10.1109/ebccsp56922.2022.9845664,A toolbox for neuromorphic perception in robotics,"The third generation of artificial intelligence (AI) introduced by neuromorphic computing is revolutionizing the way robots and autonomous systems can sense the world, process the information, and interact with their environment. Research towards fulfilling the promises of high flexibility, energy efficiency, and robustness of neuromorphic systems is widely supported by software tools for simulating spiking neural networks, and hardware integration (neuromorphic processors). Yet, while efforts have been made on neuromorphic vision (event-based cameras), it is worth noting that most of the sensors available for robotics remain inherently incompatible with neuromorphic computing, where information is encoded into spikes. To facilitate the use of traditional sensors, we need to convert the output signals into streams of spikes, i.e., a series of events (+1,-1) along with their corresponding",2022,,Julien Dupeyroux; Stein Stroobants; Guido de Croon,10.1109/ebccsp56922.2022.9845664,,https://doi.org/10.1109/ebccsp56922.2022.9845664,openalex,energy based model robot learning,concept,ebm,,15,benchmark; robustness,2026-06-12T18:26:24Z,11.786,13.786
doi:10.1109/tase.2018.2807787,Active Vision via Extremum Seeking for Robots in Unstructured Environments: Applications in Object Recognition and Manipulation,"In this paper, a novel active vision strategy is proposed for optimizing the viewpoint of a robot's vision sensor for a given success criterion. The strategy is based on extremum seeking control (ESC), which introduces two main advantages: 1) Our approach is model free: It does not require an explicit objective function or any other task model to calculate the gradient direction for viewpoint optimization. This brings new possibilities for the use of active vision in unstructured environments, since a priori knowledge of the surroundings and the target objects is not required. 2) ESC conducts continuous optimization backed up with mechanisms to escape from local maxima. This enables an efficient execution of an active vision task. We demonstrate our approach with two applications in the object recognition and manipulation fields, where the model-free approach brings various benefits: for",2018,IEEE Transactions on Automation Science and Engineering,Berk Çallı; Wouter Caarls; Martijn Wisse; Pieter Jonker,10.1109/tase.2018.2807787,,https://doi.org/10.1109/tase.2018.2807787,openalex,robotics,concept,openalex_bulk_robotics,,38,robustness; occlusion,2026-06-12T18:57:17Z,11.782,12.782
doi:10.1109/access.2019.2949097,A Bi-Level Linearized Dispatching Model of Active Distribution Network With Multi-Stakeholder Participation Based on Analytical Target Cascading,"This paper addresses a linearized interactive dispatching model developed between active distribution network (ADN) and virtual micro-grid (VMG). To make such concept, a bi-level framework is adopted based on the analytical target cascading (ATC) method. In this model, the lower level dispatches each element in VMG from the standpoint of VMG's own interests, and an objective function of maximizing the VMG's benefits is constructed. The upper level dispatches each element in ADN from the perspective of ADN's economy and reliability, on this basis, a synthetic objective function is built. In addition, the ACT method is used to solve the coupling problem caused by the existence of interaction variables between the upper and lower levels, and ultimately to achieve win-win cooperation between ADN and VMG levels. Moreover, to reduce the computational complexity of the model and speed up the so",2019,IEEE Access,Puliang Du; Zhong Chen; Yanxi Chen; Ziwen Ma; Hongen Ding,10.1109/access.2019.2949097,,https://doi.org/10.1109/access.2019.2949097,openalex,energy based model robot learning,concept,ebm,,25,,2026-06-12T18:26:24Z,11.779,11.779
doi:10.3389/fncom.2015.00136,"Dopamine, reward learning, and active inference","Temporal difference learning models propose phasic dopamine signalling encodes reward prediction errors that drive learning. This is supported by studies where optogenetic stimulation of dopamine neurons can stand in lieu of actual reward. Nevertheless, a large body of data also shows that dopamine is not necessary for learning, and that dopamine depletion primarily affects task performance. We offer a resolution to this paradox based on an hypothesis that dopamine encodes the precision of beliefs about alternative actions, and thus controls the outcome-sensitivity of behaviour. We extend an active inference scheme for solving Markov decision processes to include learning, and show that simulated dopamine dynamics strongly resemble those actually observed during instrumental conditioning. Furthermore, simulated dopamine depletion impairs performance but spares learning, while simulated e",2015,Frontiers in Computational Neuroscience,Thomas H. B. FitzGerald; Raymond J. Dolan; Karl Friston,10.3389/fncom.2015.00136,,https://doi.org/10.3389/fncom.2015.00136,openalex,energy based model robot learning,concept,ebm,,127,,2026-06-12T18:05:07Z,11.776,11.776
doi:10.1108/ir-12-2021-0295,Multimode fusion perception for transparent glass recognition,"Purpose The purpose of this paper is to present a novel tactile sensor and a visual-tactile recognition framework to reduce the uncertainty of the visual recognition of transparent objects. Design/methodology/approach A multitask learning model is used to recognize intuitive appearance attributes except texture in the visual mode. Tactile mode adopts a novel vision-based tactile sensor via the level-regional feature extraction network (LRFE-Net) recognition framework to acquire high-resolution texture information and temperature information. Finally, the attribute results of the two modes are integrated based on integration rules. Findings The recognition accuracy of attributes, such as style, handle, transparency and temperature, is near 100%, and the texture recognition accuracy is 98.75%. The experimental results demonstrate that the proposed framework with a vision-based tactile sens",2022,Industrial Robot: the international journal of robotics research and application,Shixin Zhang; Jianhua Shan; Fuchun Sun; Bin Fang; Yiyong Yang,10.1108/ir-12-2021-0295,,https://doi.org/10.1108/ir-12-2021-0295,crossref,Gaussian splatting robot perception,concept,architecture,,16,Gaussian splatting robot perception,2026-06-12T15:07:36Z,11.767,12.767
doi:10.1098/rsif.2019.0359,Behavioural and life-history responses of mosquitofish to biologically inspired and interactive robotic predators,"Invasive alien species threaten biodiversity worldwide and contribute to biotic homogenization, especially in freshwaters, where the ability of native animals to disperse is limited. Robotics may offer a promising tool to address this compelling problem, but whether and how invasive species can be negatively affected by robotic stimuli is an open question. Here, we explore the possibility of modulating behavioural and life-history responses of mosquitofish by varying the degree of biomimicry of a robotic predator, whose appearance and locomotion are inspired by natural mosquitofish predators. Our results support the prediction that real-time interactions at varying swimming speeds evoke a more robust antipredator response in mosquitofish than simpler movement patterns by the robot, especially in individuals with better body conditions that are less prone to take risks. Through an informa",2019,Journal of The Royal Society Interface,Giovanni Polverino; Mert Karakaya; Chiara Spinello; Vrishin R. Soman; Maurizio Porfiri,10.1098/rsif.2019.0359,,https://doi.org/10.1098/rsif.2019.0359,openalex,robotics,concept,openalex_bulk_robotics,,49,,2026-06-12T18:57:17Z,11.756,12.756
doi:10.48550/arxiv.2306.11715,Multi-Fidelity Active Learning with GFlowNets,"In the last decades, the capacity to generate large amounts of data in science and engineering applications has been growing steadily. Meanwhile, machine learning has progressed to become a suitable tool to process and utilise the available data. Nonetheless, many relevant scientific and engineering problems present challenges where current machine learning methods cannot yet efficiently leverage the available data and resources. For example, in scientific discovery, we are often faced with the problem of exploring very large, structured and high-dimensional spaces. Moreover, the high fidelity, black-box objective function is often very expensive to evaluate. Progress in machine learning methods that can efficiently tackle such challenges would help accelerate currently crucial areas such as drug and materials discovery. In this paper, we propose a multi-fidelity active learning algorith",2023,arXiv (Cornell University),Álex Hernández-García; Nikita Saxena; Moksh Jain; Chenghao Liu; Yoshua Bengio,10.48550/arxiv.2306.11715,,https://doi.org/10.48550/arxiv.2306.11715,openalex,energy based transformer robot policy,concept,ebm_transformer,,4,energy based transformer robot policy,2026-06-12T18:05:07Z,11.755,11.755
doi:10.1007/s10270-023-01125-1,Analyzing the impact of human errors on interactive service robotic scenarios via formal verification,"Abstract Developing robotic applications with human–robot interaction for the service sector raises a plethora of challenges. In these settings, human behavior is essentially unconstrained as they can stray from the plan in numerous ways, constituting a critical source of uncertainty for the outcome of the robotic mission. Application designers require accessible and reliable frameworks to address this issue at an early development stage. We present a model-driven framework for developing interactive service robotic scenarios, allowing designers to model the interactive scenario, estimate its outcome, deploy the application, and smoothly reconfigure it. This article extends the framework compared to previous works by introducing an analysis of the impact of human errors on the mission’s outcome. The core of the framework is a formal model of the agents at play—the humans and the robots—a",2023,Software & Systems Modeling,Livia Lestingi; Andrea Manglaviti; Davide Marinaro; Luca Marinello; Mehrnoosh Askarpour; Marcello M. Bersani; Matteo Rossi,10.1007/s10270-023-01125-1,,https://doi.org/10.1007/s10270-023-01125-1,openalex,energy based policy robotics,concept,ebm,,4,human robot interaction,2026-06-12T18:43:24Z,11.755,12.755
doi:10.3390/s17030489,A Location-Based Interactive Model of Internet of Things and Cloud (IoT-Cloud) for Mobile Cloud Computing Applications,"This paper presents a location-based interactive model of Internet of Things (IoT) and cloud integration (IoT-cloud) for mobile cloud computing applications, in comparison with the periodic sensing model. In the latter, sensing collections are performed without awareness of sensing demands. Sensors are required to report their sensing data periodically regardless of whether or not there are demands for their sensing services. This leads to unnecessary energy loss due to redundant transmission. In the proposed model, IoT-cloud provides sensing services on demand based on interest and location of mobile users. By taking advantages of the cloud as a coordinator, sensing scheduling of sensors is controlled by the cloud, which knows when and where mobile users request for sensing services. Therefore, when there is no demand, sensors are put into an inactive mode to save energy. Through extens",2017,Sensors,Ngoc-Thanh Dinh; Younghan Kim; Hyukjoon Lee,10.3390/s17030489,,https://doi.org/10.3390/s17030489,openalex,energy based policy robotics,concept,ebm,,54,,2026-06-12T18:05:07Z,11.754,11.754
doi:10.1002/rnc.6338,Online learning stochastic model predictive control of linear uncertain systems,"Abstract This article presents an online learning stochastic model predictive control method for linear uncertain systems with state‐dependent additive uncertainties, where the uncertainty is modeled as Gaussian process. The proposed scheme utilizes the probabilistic reachable sets as time‐varying tubes, which are formulated by forecasting the variance propagation of uncertainty via Gaussian process regression, to embody the chance constraints. The proposed learning based stochastic model predictive control algorithm is designed by refining the active data dictionary to train the Gaussian process model of uncertainty online. In particular, the data points in the active data dictionary are selected from the raw data around the predicted optimal nominal trajectories, which reduces the computational load as well as preserves the control performance. Then the algorithm feasibility and closed",2022,International Journal of Robust and Nonlinear Control,Fei Li; Huiping Li; Shaoyuan Li; Yuyao He,10.1002/rnc.6338,,https://doi.org/10.1002/rnc.6338,crossref,model predictive control robot learning,anti_myopia,control,,8,model predictive control,2026-06-12T15:07:36Z,11.749,16.749
doi:10.1007/s12008-023-01607-y,An interactive graph-based tool to support the designing of human–robot collaborative workplaces,"Abstract In the context of Industry 4.0 and Industry 5.0, the introduction of collaborative workplaces, where humans and robots work together, represents a growing trend to improve the productivity, adaptability, and flexibility of production plants. Indeed, human–robot collaboration (HRC) is a very deepened topic in the scientific community and the designing of collaborative workplaces is a challenging issue due to the high level of complexity and multidisciplinary of its features. This work tackles the complexity of collaborative workplaces and proposes a structured framework to support strategic decisions in designing. A multi-level designing framework is proposed as a supporting tool for designers. Within five domains of collaborative robotics, the elements of a collaborative workplace are identified and proposed in a framework in order to better consider human safety and working con",2024,International Journal on Interactive Design and Manufacturing (IJIDeM),Castrese Di Marino; Andrea Rega; Agnese Pasquariello; Fabio Fruggiero; Ferdinando Vitolo; Stanislao Patalano,10.1007/s12008-023-01607-y,,https://doi.org/10.1007/s12008-023-01607-y,crossref,interactive robot learning human feedback,concept,hri,,6,robustness,2026-06-12T15:07:36Z,11.723,12.723
doi:10.1007/s10514-023-10143-3,Reinforcement learning for shared autonomy drone landings,"Abstract Novice pilots find it difficult to operate and land unmanned aerial vehicles (UAVs), due to the complex UAV dynamics, challenges in depth perception, lack of expertise with the control interface and additional disturbances from the ground effect. Therefore we propose a shared autonomy approach to assist pilots in safely landing a UAV under conditions where depth perception is difficult and safe landing zones are limited. Our approach is comprised of two modules: a perception module that encodes information onto a compressed latent representation using two RGB-D cameras and a policy module that is trained with the reinforcement learning algorithm TD3 to discern the pilot’s intent and to provide control inputs that augment the user’s input to safely land the UAV. The policy module is trained in simulation using a population of simulated users. Simulated users are sampled from a pa",2023,Autonomous Robots,Kal Backman; Dana Kulić; Hoam Chung,10.1007/s10514-023-10143-3,,https://doi.org/10.1007/s10514-023-10143-3,crossref,differentiable physics robot learning,concept,architecture,,18,differentiable physics robot learning,2026-06-12T15:07:36Z,11.722,11.722
doi:10.1163/22134808-bja10072,"Multisensory Perception and Learning: Linking Pedagogy, Psychophysics, and Human–Computer Interaction","In this review, we discuss how specific sensory channels can mediate the learning of properties of the environment. In recent years, schools have increasingly been using multisensory technology for teaching. However, it still needs to be sufficiently grounded in neuroscientific and pedagogical evidence. Researchers have recently renewed understanding around the role of communication between sensory modalities during development. In the current review, we outline four principles that will aid technological development based on theoretical models of multisensory development and embodiment to foster in-depth, perceptual, and conceptual learning of mathematics. We also discuss how a multidisciplinary approach offers a unique contribution to development of new practical solutions for learning in school. Scientists, engineers, and pedagogical experts offer their interdisciplinary points of vie",2022,Multisensory Research,Monica Gori; Sara Price; Fiona N. Newell; Nadia Bianchi‐Berthouze; Gualtiero Volpe,10.1163/22134808-bja10072,,https://doi.org/10.1163/22134808-bja10072,openalex,energy based model robot learning,concept,ebm,,13,,2026-06-12T18:26:24Z,11.720,11.720
doi:10.3109/10929080500228654,The impact of latency on surgical precision and task completion during robotic-assisted remote telepresence surgery,"OBJECTIVE: It has been suggested that robotic-assisted remote telepresence surgery with a signal transmission latency of greater than 300 ms may not be possible. METHODS: We evaluated the impact of four different latencies of up to 500 ms on task completion and error rate in five surgeons after completion of three different surgical tasks. RESULTS: The surgeons were able to complete all tasks with a latency of 500 ms. However, higher latency was associated with higher error rates and task completion time (TCT). There were significant variations between surgeons and different tasks. CONCLUSION: Surgeons are able to complete tasks with a signal transmission latency of up to 500 ms. The clinical impact of slower TCT and increased error rates encountered at higher latency needs to be established.",2005,Computer Aided Surgery,Mehran Anvari; Tim Broderick; Harvey Stein; Trevor Chapman; M. Ghodoussi; Daniel W. Birch; Craig McKinley; Patrick Trudeau; Sanjeev Dutta; Charles H. Goldsmith,10.3109/10929080500228654,,https://doi.org/10.3109/10929080500228654,openalex,robotics,concept,openalex_bulk_robotics,,113,latency,2026-06-12T18:57:17Z,11.718,11.718
doi:10.1177/0278364920920931,Adaptive fovea for scanning depth sensors,"Depth sensors have been used extensively for perception in robotics. Typically these sensors have a fixed angular resolution and field of view (FOV). This is in contrast to human perception, which involves foveating: scanning with the eyes’ highest angular resolution over regions of interest (ROIs). We build a scanning depth sensor that can control its angular resolution over the FOV. This opens up new directions for robotics research, because many algorithms in localization, mapping, exploration, and manipulation make implicit assumptions about the fixed resolution of a depth sensor, impacting latency, energy efficiency, and accuracy. Our algorithms increase resolution in ROIs either through deconvolutions or intelligent sample distribution across the FOV. The areas of high resolution in the sensor FOV act as artificial fovea and we adaptively vary the fovea locations to maximize a well",2020,The International Journal of Robotics Research,Zaid Tasneem; Charuvahan Adhivarahan; Dingkang Wang; Huikai Xie; Karthik Dantu; Sanjeev J Koppal,10.1177/0278364920920931,,https://doi.org/10.1177/0278364920920931,crossref,robotics,concept,crossref_bulk_robotics,,16,latency,2026-06-12T19:29:26Z,11.717,11.717
doi:10.1109/iros47612.2022.9981703,"OpenDR: An Open Toolkit for Enabling High Performance, Low Footprint Deep Learning for Robotics","Existing Deep Learning (DL) frameworks typically do not provide ready-to-use solutions for robotics, where very specific learning, reasoning, and embodiment problems exist. Their relatively steep learning curve and the different methodologies employed by DL compared to traditional approaches, along with the high complexity of DL models, which often leads to the need of employing specialized hardware accelerators, further increase the effort and cost needed to employ DL models in robotics. Also, most of the existing DL methods follow a static inference paradigm, as inherited by the traditional computer vision pipelines, ignoring active perception, which can be employed to actively interact with the environment in order to increase perception accuracy. In this paper, we present the Open Deep Learning Toolkit for Robotics (OpenDR). OpenDR aims at developing an open, non-proprietary, efficie",2022,2022 IEEE/RSJ International Conference on Intelligent Robots and Systems (IROS),Nikolaos Passalis; S. Pedrazzi; Robert Babuška; Wolfram Burgard; Dickson Dias; F. Ferro; Moncef Gabbouj; O. Green; Alexandros Iosifidis; Erdal Kayacan; Jens Kober; O. Michel; Nikos Nikolaidis; Paraskevi Nousi; Roel Pieters; Maria Tzelepi; Abhinav Valada; Anastasios Tefas,10.1109/iros47612.2022.9981703,,https://doi.org/10.1109/iros47612.2022.9981703,openalex,robotics,concept,openalex_bulk_robotics,,24,active perception,2026-06-12T18:57:17Z,11.709,11.709
doi:10.1108/ir-11-2022-0274,Research on active disturbance rejection control technique for underwater welding robot based on model compensation,"Purpose An active disturbance rejection controller (ADRC) based on model compensation is proposed in this paper. The method should first be taken a nominal model of the robot to compensate. Subsequently, the uncertain external disturbance is estimated and compensated is used an expansion state observer (ESO) in real time, which can reduce the estimating range of observation for ESO. The purpose of this paper is to suggest a novel method to improve the system tracking performance, as well as the dynamic and static performance index. Design/methodology/approach A welding robot is a complicated system with uncertainty, time-varying, strong coupling and a nonlinear system; it is more complex as if it is used in an underwater environment, and it is difficult to establish an accurate dynamic model for an underwater welding robot. Aiming at the tracking control of an underwater welding robot, i",2023,Industrial Robot: the international journal of robotics research and application,Shengqian Li; Xiaofan Zhang,10.1108/ir-11-2022-0274,,https://doi.org/10.1108/ir-11-2022-0274,crossref,energy based model robot learning,concept,ebm,,4,robustness,2026-06-12T15:07:36Z,11.705,13.705
doi:10.1162/coli_a_00473,Onception : Active Learning with Expert Advice for Real World Machine Translation,"Abstract Active learning can play an important role in low-resource settings (i.e., where annotated data is scarce), by selecting which instances may be more worthy to annotate. Most active learning approaches for Machine Translation assume the existence of a pool of sentences in a source language, and rely on human annotators to provide translations or post-edits, which can still be costly. In this article, we apply active learning to a real-world human-in-the-loop scenario in which we assume that: (1) the source sentences may not be readily available, but instead arrive in a stream; (2) the automatic translations receive feedback in the form of a rating, instead of a correct/edited translation, since the human-in-the-loop might be a user looking for a translation, but not be able to provide one. To tackle the challenge of deciding whether each incoming pair source–translations is worth",2023,Computational Linguistics,Vânia Mendonça; Ricardo Rei; Luísa Coheur; Alberto Sardinha,10.1162/coli_a_00473,,https://doi.org/10.1162/coli_a_00473,crossref,real world robot learning deployment,concept,deployment,,4,deployment,2026-06-12T15:07:36Z,11.705,13.705
doi:10.1002/adma.201905953,Vision Statement: Interactive Materials—Drivers of Future Robotic Systems,"A robot senses its environment, processes the sensory information, acts in response to these inputs, and possibly communicates with the outside world. Robots generally achieve these tasks with electronics-based hardware or by receiving inputs from some external hardware. In contrast, simple microorganisms can autonomously perceive, act, and communicate via purely physicochemical processes in soft material systems. A key property of biological systems is that they are built from energy-consuming ""active"" units. Exciting developments in material science show that even very simple artificial active building blocks can show surprisingly rich emergent behaviors. Active nonequilibrium systems are therefore predicted to play an essential role in realizing interactive materials. A major challenge is to find robust ways to couple and integrate the energy-consuming building blocks to the mechanica",2020,Advanced Materials,Peer Fischer,10.1002/adma.201905953,,https://doi.org/10.1002/adma.201905953,openalex,robotics,concept,openalex_bulk_robotics,,14,,2026-06-12T18:57:17Z,11.704,11.704
doi:10.1109/humanoids57100.2023.10375210,Combining Shape Completion and Grasp Prediction for Fast and Versatile Grasping with a Multi-Fingered Hand,"Grasping objects with limited or no prior knowledge about them is a highly relevant skill in assistive robotics. Still, in this general setting, it has remained an open problem, especially when it comes to only partial observability and versatile grasping with multi-fingered hands. We present a novel, fast, and high fidelity deep learning pipeline consisting of a shape completion module that is based on a single depth image, and followed by a grasp predictor that is based on the predicted object shape. The shape completion network is based on VQDIF and predicts spatial occupancy values at arbitrary query points. As grasp predictor, we use our two-stage architecture that first generates hand poses using an autoregressive model and then regresses finger joint configurations per pose. Critical factors turn out to be sufficient data realism and augmentation, as well as special attention to d",2023,arXiv,Matthias Humt; Dominik Winkelbauer; Ulrich Hillenbrand; Berthold Bäuml,10.1109/humanoids57100.2023.10375210,2310.20350v2,http://arxiv.org/abs/2310.20350v2,arxiv,analytical grasping,anti_myopia,anti_thesis,,,assistive robot; partial observability; analytical grasping,2026-06-12T15:07:36Z,11.700,14.700
arxiv:2301.00866v2,3DSGrasp: 3D Shape-Completion for Robotic Grasp,"Real-world robotic grasping can be done robustly if a complete 3D Point Cloud Data (PCD) of an object is available. However, in practice, PCDs are often incomplete when objects are viewed from few and sparse viewpoints before the grasping action, leading to the generation of wrong or inaccurate grasp poses. We propose a novel grasping strategy, named 3DSGrasp, that predicts the missing geometry from the partial PCD to produce reliable grasp poses. Our proposed PCD completion network is a Transformer-based encoder-decoder network with an Offset-Attention layer. Our network is inherently invariant to the object pose and point's permutation, which generates PCDs that are geometrically consistent and completed properly. Experiments on a wide range of partial PCD show that 3DSGrasp outperforms the best state-of-the-art method on PCD completion tasks and largely improves the grasping success r",2023,arXiv,Seyed S. Mohammadi; Nuno F. Duarte; Dimitris Dimou; Yiming Wang; Matteo Taiana; Pietro Morerio; Atabak Dehban; Plinio Moreno; Alexandre Bernardino; Alessio Del Bue; Jose Santos-Victor,,2301.00866v2,http://arxiv.org/abs/2301.00866v2,arxiv,analytical grasping,anti_myopia,anti_thesis,,,analytical grasping,2026-06-12T15:07:36Z,11.700,15.700
arxiv:2303.04912v2,Embodied Active Learning of Relational State Abstractions for Bilevel Planning,"State abstraction is an effective technique for planning in robotics environments with continuous states and actions, long task horizons, and sparse feedback. In object-oriented environments, predicates are a particularly useful form of state abstraction because of their compatibility with symbolic planners and their capacity for relational generalization. However, to plan with predicates, the agent must be able to interpret them in continuous environment states (i.e., ground the symbols). Manually programming predicate interpretations can be difficult, so we would instead like to learn them from data. We propose an embodied active learning paradigm where the agent learns predicate interpretations through online interaction with an expert. For example, after taking actions in a block stacking environment, the agent may ask the expert: ""Is On(block1, block2) true?"" From this experience, t",2023,arXiv,Amber Li; Tom Silver,,2303.04912v2,http://arxiv.org/abs/2303.04912v2,arxiv,robot planning without learning,anti_myopia,anti_thesis,,,generalization; sample efficiency; robot planning without learning,2026-06-12T15:07:36Z,11.700,15.700
title:probabilistic algorithms in robotics,Probabilistic Algorithms in Robotics,"This article describes a methodology for programming robots known as probabilistic robotics. The probabilistic paradigm pays tribute to the inherent uncertainty in robot perception, relying on explicit representations of uncertainty when determining what to do. This article surveys some of the progress in the field, using in-depth examples to illustrate some of the nuts and bolts of the basic approach. My central conjecture is that the probabilistic approach to robotics scales better to complex real-world applications than approaches that ignore a robot’s uncertainty. Building autonomous robots is a centralobjective of research in AI. Over the pastdecades, researchers in AI have developed a range of methodologies for developing robotic software, ranging from model-based to pure-",2000,Defense Technical Information Center (DTIC),Sebastian Thrun,,,https://openalex.org/W1592813209,openalex,robotics,concept,openalex_bulk_robotics,,408,probabilistic robotics,2026-06-12T18:57:17Z,11.700,13.700
doi:10.3390/app14114845,Designing Reward Functions Using Active Preference Learning for Reinforcement Learning in Autonomous Driving Navigation,"This study presents a method based on active preference learning to overcome the challenges of designing reward functions for autonomous navigation. Results obtained from training with artificially designed reward functions may not accurately reflect human intentions. We focus on the limitations of traditional reward functions, which often fail to facilitate complex tasks in continuous state spaces. We propose the adoption of active preference learning to resolve these issues and to generate reward functions that align with human preferences. This approach leverages an individual’s subjective preferences to guide an agent’s learning process, enabling the creation of reward functions that reflect human desires. We utilize mutual information to generate informative queries and apply information gained to balance the agent’s uncertainty with the human’s response capacity, encouraging the ag",2024,Applied Sciences,Lun Ge; Xiaoguang Zhou; Yongqiang Li,10.3390/app14114845,,https://doi.org/10.3390/app14114845,openalex,energy based transformer robot policy,concept,ebm_transformer,,2,energy based transformer robot policy; preference learning; limitation,2026-06-12T18:05:07Z,11.699,13.699
doi:10.1109/fmlds63805.2024.00024,A Diffusion Model-Based Approach to Active Inference,"One of the current challenges in machine learning is the acquisition of generative models to enable decision making in complex, uncertain environments. In Bayesian methods like Active Inference, this requires the estimation of posterior distributions, which is often intractable. Variational Free Energy (VFE) provides a tractable approximation method for this estimation. This paper proposes a novel framework that leverages the expressive power of diffusion models to estimate free energy quickly and efficiently. Our approach, merging concepts from statistical physics, machine learning, and computational neuroscience, aims to improve the estimation of posterior distributions. We establish a theoretical link between active inference and diffusion models, emphasizing their shared strategies for uncertainty management, action selection, and model optimization. We propose using diffusion proces",2024,,Elias Aoun Durand; Mateus Joffily; Mehdi Khamassi,10.1109/fmlds63805.2024.00024,,https://doi.org/10.1109/fmlds63805.2024.00024,openalex,energy based model robot learning,concept,ebm,,2,partial observability,2026-06-12T18:26:24Z,11.699,12.699
doi:10.1109/robot.1999.769927,Coastal navigation-mobile robot navigation with uncertainty in dynamic environments,"Ships often use the coasts of continents for navigation in the absence of better tools such as GPS, since being close to land allows sailors to determine with high accuracy where they are. Similarly for mobile robots, in many environments global and accurate localization is not always feasible. Environments can lack features, and dynamic obstacles such as people can confuse and block sensors. We demonstrate a technique for generating trajectories that take into account both the information content of the environment, and the density of the people in the environment. These trajectories reduce the average positional certainty as the robot moves, reducing the likelihood the robot will become lost at any point. Our method was successfully implemented and used by the mobile robot Minerva, a museum tourguide robot, for a 2 week period in the Smithsonian National Museum of American History.",2003,,Nicholas Roy; Wolfram Burgard; D. Fox; Sebastian Thrun,10.1109/robot.1999.769927,,https://doi.org/10.1109/robot.1999.769927,openalex,robotics,concept,openalex_bulk_robotics,,220,,2026-06-12T18:57:17Z,11.699,12.699
doi:10.3390/educsci14040371,Design and Assessment of an Active Learning-Based Seminar,"The Internet of Things (IoT) is an emerging paradigm, even though it does not receive enough attention in many academic plans. In order to introduce our students to IoT, in this paper we present the overall results of a seminar dedicated to encourage them to design basic IoT projects on a software application called Packet Tracer v8.2.1. Such projects were carried out in groups, whereas the evaluation process was performed by means of filling in a peer review construct after the presentation was made by each team. This construct was previously validated by a panel of five experts by applying the Aiken’s V test, where an overall value of 0.907 was obtained. There were nine items within that construct, which were grouped into three dimensions, such as the quality of the prototypes presented, the communication skills during the presentations of the prototypes, and the alignment of the proto",2024,Education Sciences,Pedro Juan Roig; Salvador Alcaraz; Katja Gilly; Cristina Bernad; Carlos Juiz,10.3390/educsci14040371,,https://doi.org/10.3390/educsci14040371,openalex,energy based model robot learning,concept,ebm,,5,,2026-06-12T18:26:24Z,11.696,12.696
doi:10.1613/jair.1.15057,"Right Place, Right Time: Proactive Multi-Robot Task Allocation Under Spatiotemporal Uncertainty","For many multi-robot problems, tasks are announced during execution, where task announcement times and locations are uncertain. To synthesise multi-robot behaviour that is robust to early announcements and unexpected delays, multi-robot task allocation methods must explicitly model the stochastic processes that govern task announcement. In this paper, we model task announcement using continuous-time Markov chains which predict when and where tasks will be announced. We then present a task allocation framework which uses the continuous-time Markov chains to allocate tasks proactively, such that robots are near or at the task location upon its announcement. Our method seeks to minimise the expected total waiting duration for each task, i.e. the duration between task announcement and a robot beginning to service the task. Our framework can be applied to any multi-robot task allocation probl",2024,Journal of Artificial Intelligence Research,Charlie Street; Bruno Lacerda; Manuel Mühlig; Nick Hawes,10.1613/jair.1.15057,,https://doi.org/10.1613/jair.1.15057,openalex,energy based policy robotics,concept,ebm,,5,,2026-06-12T18:43:24Z,11.696,12.696
title:application of intel realsense cameras for depth image generation in robotics,Application of Intel RealSense Cameras for Depth Image Generation in Robotics,"This paper presents the applications of depth cameras in robotics. The aim is to test the capabilities of depth cameras in order to better detect objects in images based on depth information. In the paper, the Intel RealSense depth cameras are introduced briefly and their working principle and characteristics are explained. The use of depth cameras in the example of painting robots is shown in brief. The utilization of the RealSense depth camera is a very important step in robotic applications, since it is the initial step in a series of robotic operations, where the goal is to detect and extract an obstacle on a wall that is not intended for painting. A series of experiments confirmed that camera D415 provides much more precise and accurate depth information than camera D435.",2019,WSEAS Transactions on Computers archive,Vladimir Tadić; Ákos Odry; István Kecskés; Ervin Burkus; Zoltán Király; Péter Odry,,,https://openalex.org/W3162635225,openalex,robotics,concept,openalex_bulk_robotics,,21,,2026-06-12T18:57:17Z,11.696,11.696
doi:10.1109/lra.2020.3010755,Non-Gaussian Chance-Constrained Trajectory Planning for Autonomous Vehicles Under Agent Uncertainty,,2020,IEEE Robotics and Automation Letters,Allen Wang; Ashkan Jasour; Brian C. Williams,10.1109/lra.2020.3010755,,https://doi.org/10.1109/lra.2020.3010755,crossref,Gaussian splatting robot perception,concept,architecture,,65,Gaussian splatting robot perception,2026-06-12T15:07:36Z,11.695,12.695
doi:10.1038/s42005-025-02146-6,Active ramp-down control and trajectory design for tokamaks with neural differential equations and reinforcement learning,"The tokamak offers a promising path to fusion energy, but disruptions pose a major economic risk, motivating solutions to manage their consequence. This work develops a reinforcement learning approach to this problem by training a policy to ramp-down the plasma current while avoiding limits on a number of quantities correlated with disruptions. The policy training environment is a hybrid physics and machine learning model trained on simulations of the SPARC primary reference discharge (PRD) ramp-down, an upcoming burning plasma scenario which we use as a testbed. To address physics uncertainty and model inaccuracies, the simulation is massively parallelized on GPU with randomized physics parameters during policy training. The trained policy is then run in feedback on a transport simulator as a demonstration. We also directly address the crucial issue of control validation by demonstratin",2025,Communications Physics,Allen Wang; Cristina Rea; Oswin So; Charles Dawson; D. Garnier; Chuchu Fan,10.1038/s42005-025-02146-6,,https://doi.org/10.1038/s42005-025-02146-6,openalex,energy based transformer robot policy,concept,ebm_transformer,,3,energy based transformer robot policy,2026-06-12T18:05:07Z,11.693,12.693
doi:10.1186/s10033-024-01158-7,Mixture of Experts Framework Based on Soft Actor-Critic Algorithm for Highway Decision-Making of Connected and Automated Vehicles,"Abstract Decision-making of connected and automated vehicles (CAV) includes a sequence of driving maneuvers that improve safety and efficiency, characterized by complex scenarios, strong uncertainty, and high real-time requirements. Deep reinforcement learning (DRL) exhibits excellent capability of real-time decision-making and adaptability to complex scenarios, and generalization abilities. However, it is arduous to guarantee complete driving safety and efficiency under the constraints of training samples and costs. This paper proposes a Mixture of Expert method (MoE) based on Soft Actor-Critic (SAC), where the upper-level discriminator dynamically decides whether to activate the lower-level DRL expert or the heuristic expert based on the features of the input state. To further enhance the performance of the DRL expert, a buffer zone is introduced in the reward function, preemptively ap",2025,Chinese Journal of Mechanical Engineering,Fuxing Yao; Chao Sun; Bing Lu; Bo Wang; Haiyang Yu,10.1186/s10033-024-01158-7,,https://doi.org/10.1186/s10033-024-01158-7,crossref,mixture of experts robot policy,concept,architecture,,7,mixture of experts robot policy; generalization,2026-06-12T15:07:36Z,11.690,13.690
doi:10.1146/annurev.neuro.26.041002.131032,SENSORY SIGNALS IN NEURAL POPULATIONS UNDERLYING TACTILE PERCEPTION AND MANIPULATION,"▪ Abstract For humans to manipulate an object successfully, the motor control system must have accurate information about parameters such as the shape of the stimulus, its position of contact on the skin, and the magnitude and direction of contact force. The same information is required for perception during haptic exploration of an object. Much of these data are relayed by the mechanoreceptive afferents innervating the glabrous skin of the digits. Single afferent responses are modulated by all the relevant stimulus parameters. Thus, only in complete population reconstructions is it clear how each of the parameters can be signaled to the brain independently when many are changing simultaneously, as occurs in most normal movements or haptic exploration. Modeling population responses reveals how resolution is affected by neural noise and intrinsic properties of the population such as the p",2004,Annual Review of Neuroscience,Antony W. Goodwin; Heather E. Wheat,10.1146/annurev.neuro.26.041002.131032,,https://doi.org/10.1146/annurev.neuro.26.041002.131032,crossref,Gaussian splatting robot perception bimanual manipulation,concept,architecture_x_embodiment,,116,Gaussian splatting robot perception; bimanual manipulation; tactile perception,2026-06-12T15:07:36Z,11.681,11.681
doi:10.3390/robotics11020046,Using Simulation to Evaluate a Tube Perception Algorithm for Bin Picking,"Bin picking is a challenging problem that involves using a robotic manipulator to remove, one-by-one, a set of objects randomly stacked in a container. In order to provide ground truth data for evaluating heuristic or machine learning perception systems, this paper proposes using simulation to create bin picking environments in which a procedural generation method builds entangled tubes that can have curvatures throughout their length. The output of the simulation is an annotated point cloud, generated by a virtual 3D depth camera, in which the tubes are assigned with unique colors. A general metric based on micro-recall is proposed to compare the accuracy of point cloud annotations with the ground truth. The synthetic data is representative of a high quality 3D scanner, given that the performance of a tube modeling system when given 640 simulated point clouds was similar to the results ",2022,Robotics,Gonçalo Leão; Carlos M. Costa; Armando Sousa; Luís Paulo Reis; Germano Veiga,10.3390/robotics11020046,,https://doi.org/10.3390/robotics11020046,crossref,robotics,concept,crossref_bulk_robotics,,6,,2026-06-12T19:29:26Z,11.673,11.673
doi:10.1177/0278364919850296,Sparse depth sensing for resource-constrained robots,"We consider the case in which a robot has to navigate in an unknown environment, but does not have enough on-board power or payload to carry a traditional depth sensor (e.g., a 3D lidar) and thus can only acquire a few (point-wise) depth measurements. We address the following question: is it possible to reconstruct the geometry of an unknown environment using sparse and incomplete depth measurements? Reconstruction from incomplete data is not possible in general, but when the robot operates in man-made environments, the depth exhibits some regularity (e.g., many planar surfaces with only a few edges); we leverage this regularity to infer depth from a small number of measurements. Our first contribution is a formulation of the depth reconstruction problem that bridges robot perception with the compressive sensing literature in signal processing. The second contribution includes a set of f",2019,The International Journal of Robotics Research,Fangchang Ma; Luca Carlone; Ulaş Ayaz; Sertaç Karaman,10.1177/0278364919850296,,https://doi.org/10.1177/0278364919850296,openalex,robotics,concept,openalex_bulk_robotics,,20,,2026-06-12T18:57:17Z,11.672,11.672
doi:10.3390/act8040071,High-Bandwidth Active Impedance Control of the Proprioceptive Actuator Design in Dynamic Compliant Robotics,"Dynamic compliant robotics is a fast growing field because of its ability to widen the scope of robotics. The reason for this is that compliant mechanisms may ensure safe/compliant interactions between a robot and an external element—for instance, a human operator. Active impedance control may widen the scope even further in relation to passive elements, but it requires high-bandwidth robust torque and active impedance control which induces high-noise issues even if high-end sensors are used. To address these issues, a complete controller design scheme, including Field-Oriented Control (FOC) of a Brushless Direct Current (BLDC) motor, is proposed. In this paper, controller designs for controlling the virtual impedance, motor torque and field are proposed which enables high-bandwidth robust control. Additionally, a novel speed and angle observer is proposed that aims to reduce noise arisi",2019,Actuators,Simon Hjorth Jessing Lund; Peter Billeschou; Leon Bonde Larsen,10.3390/act8040071,,https://doi.org/10.3390/act8040071,openalex,robotics,concept,openalex_bulk_robotics,,20,impedance control,2026-06-12T18:57:17Z,11.672,11.672
doi:10.1109/tmech.2021.3052900,Modeling and Adaptive Fault Compensation for Two Physically Linked 2WD Mobile Robots,"This article addresses the fault-tolerant control problem of two-wheel-drive (2WD) mobile robots under actuator faults. To improve the actuation redundancy, a physical link is employed to connect two 2WD mobile robots. The kinematics and dynamics of such a two-robot system are modeled. An adaptive fault-tolerant control scheme is developed to make the two-robot system asymptotic track a desired reference. To deal with the uncertainty of the control gain matrix caused by actuator faults, a new positive definite control gain matrix is constructed, and its minimum eigenvalue is utilized for the adaptive compensation design. Simulation results verify the effectiveness of the proposed fault-tolerant control scheme.",2021,IEEE/ASME Transactions on Mechatronics,Yajie Ma; Bin Jiang; Vincent Cocquempot,10.1109/tmech.2021.3052900,,https://doi.org/10.1109/tmech.2021.3052900,openalex,robotics,concept,openalex_bulk_robotics,,18,,2026-06-12T18:57:17Z,11.672,12.672
doi:10.3390/s22155923,Collision Detection of a HEXA Parallel Robot Based on Dynamic Model and a Multi-Dual Depth Camera System,"This paper introduces a Hexa parallel robot and obstacle collision detection method based on dynamic modeling and a computer vision system. The processes to deal with the collision issues refer to collision detection, collision isolation, and collision identification applied to the Hexa robot, respectively, in this paper. Initially, the configuration, kinematic and dynamic characteristics during movement trajectories of the Hexa parallel robot are analyzed to perform the knowledge extraction for the method. Next, a virtual force sensor is presented to estimate the collision detection signal created as a combination of the solution to the inverse dynamics and a low-pass filter. Then, a vision system consisting of dual-depth cameras is designed for obstacle isolation and determining the contact point location at the end-effector, an arm, and a rod of the Hexa robot. Finally, a recursive Ne",2022,Sensors,Xuan-Bach Hoang; Phu-Cuong Pham; Yong-Lin Kuo,10.3390/s22155923,,https://doi.org/10.3390/s22155923,crossref,Gaussian splatting robot perception multi robot system,concept,architecture_x_embodiment,,13,Gaussian splatting robot perception; multi robot system,2026-06-12T15:07:36Z,11.670,11.670
doi:10.48550/arxiv.2202.03631,Robotic Grasping from Classical to Modern: A Survey,"Robotic Grasping has always been an active topic in robotics since grasping is one of the fundamental but most challenging skills of robots. It demands the coordination of robotic perception, planning, and control for robustness and intelligence. However, current solutions are still far behind humans, especially when confronting unstructured scenarios. In this paper, we survey the advances of robotic grasping, starting from the classical formulations and solutions to the modern ones. By reviewing the history of robotic grasping, we want to provide a complete view of this community, and perhaps inspire the combination and fusion of different ideas, which we think would be helpful to touch and explore the essence of robotic grasping problems. In detail, we firstly give an overview of the analytic methods for robotic grasping. After that, we provide a discussion on the recent state-of-the-a",2022,arXiv (Cornell University),Hanbo Zhang; Jian Tang; Shiguang Sun; Xuguang Lan,10.48550/arxiv.2202.03631,,https://doi.org/10.48550/arxiv.2202.03631,openalex,robotics,concept,openalex_bulk_robotics,,22,skill learning; robustness,2026-06-12T18:57:17Z,11.668,13.668
doi:10.1109/icra.2015.7138998,Accurate garment surface analysis using an active stereo robot head with application to dual-arm flattening,"We present a visually guided, dual-arm, industrial robot system that is capable of autonomously flattening garments by means of a novel visual perception pipeline that fully interprets high-quality RGB-D images of a clothing scene based on an active stereo robot head. A segmented clothing range map is B-Spline smoothed prior to being parsed by means of shape and topology analysis into ‘wrinkle’ structures. The length, width and height of each wrinkle is used to quantify the topology of each wrinkle and thereby rank wrinkles by size such that a greedy algorithm can identify the largest wrinkle present. A flattening plan optimised for the largest detected wrinkle is formulated based on dual-arm manipulation. We report the validation of our autonomous flattening behaviour and observe that dual-arm flattening requires significantly fewer manipulation iterations than single-arm flattening. Ou",2015,,Li Sun; Gerardo Aragón-Camarasa; Simon Rogers; J. Paul Siebert,10.1109/icra.2015.7138998,,https://doi.org/10.1109/icra.2015.7138998,openalex,robotics,concept,openalex_bulk_robotics,,102,industrial robot,2026-06-12T18:57:17Z,11.667,11.667
doi:10.1109/iros.2009.5354499,Online complete coverage path planning for mobile robots based on linked spiral paths using constrained inverse distance transform,"This paper presents a sensor-based online coverage path planning algorithm guaranteeing a complete coverage of unstructured planar environments by a mobile robot. The proposed complete coverage algorithm abstracts the environment as a union of robot-sized cells and then uses a spiral filling rule. It can be largely classified as an approximate cellular decomposition approach as defined by Choset. In this paper, we first propose a special map coordinate assignment scheme based on active wall-finding using the history of sensor readings, which can drastically reduce the number of turns on the generated coverage path. Next, we develop an efficient path planner to link the simple spiral paths using the constrained inverse distance transform that we introduced the first time. This planner selects the next target cell which is at the minimal path length away from the current cell among the rem",2009,,Young‐Ho Choi; Tae‐Kyeong Lee; Sanghoon Baek; Se‐Young Oh,10.1109/iros.2009.5354499,,https://doi.org/10.1109/iros.2009.5354499,openalex,robotics,concept,openalex_bulk_robotics,,102,robustness,2026-06-12T18:57:17Z,11.667,12.667
doi:10.3389/frobt.2021.684401,Active Inference Through Energy Minimization in Multimodal Affective Human–Robot Interaction,"During communication, humans express their emotional states using various modalities (e.g., facial expressions and gestures), and they estimate the emotional states of others by paying attention to multimodal signals. To ensure that a communication robot with limited resources can pay attention to such multimodal signals, the main challenge involves selecting the most effective modalities among those expressed. In this study, we propose an active perception method that involves selecting the most informative modalities using a criterion based on energy minimization. This energy-based model can learn the probability of the network state using energy values, whereby a lower energy value represents a higher probability of the state. A multimodal deep belief network, which is an energy-based model, was employed to represent the relationships between the emotional states and multimodal sensor",2021,Frontiers in Robotics and AI,Takato Horii; Yukie Nagai,10.3389/frobt.2021.684401,,https://doi.org/10.3389/frobt.2021.684401,crossref,EBM transformer robotics assistive robot,concept,architecture_x_embodiment,,9,EBM transformer robotics; assistive robot; active perception; human robot interaction,2026-06-12T15:07:36Z,11.651,11.651
doi:10.2139/ssrn.6183765,Enhancing Active Learning Performance with Initial Data Selection Based on Foundation Models,"In active object detection, selecting the initial labeled pool is essential, especially in complex datasets with expensive labeling and low resource budget. This study presents an active learning framework designed to optimize the initial training cycle of active learning for the object detection task. Our approach diverges from traditional methods by utilizing feature-based clustering from the YOLO-World model and refining images based on objectness scores rather than relying on uncertainty sampling in the initial cycle. This approach focuses on finding samples with various features and emphasizes training in areas where the foundation model is most confident. Doing so helps the model better understand different types of objects. For subsequent cycles, we employ a consistency-based sampling technique to maintain the robustness of the training process. To evaluate our method, we use two ",,,Mohammad Mirzaee; Mehrshad Fallah Estalkhzir; Mohammad  Reza Mohammadi,10.2139/ssrn.6183765,,https://doi.org/10.2139/ssrn.6183765,crossref,teleoperation data robot foundation model,concept,human_data,,,robot foundation model; teleoperation; robustness,2026-06-12T15:07:36Z,11.650,13.650
doi:10.5194/isprsannals-ii-3-w2-19-2013,Interactive multi-object tracking for virtual object manipulation,"Abstract. We present an interactive system to manipulate a virtual object by tracking multiple hands in 3D space using a Kinect device. The system segments hand shapes from a captured 3D scene by using depth information and active contours. A hand shape is recognized by a trained naive Bayes classifier, whether it belongs to a palm, a pointing hand form or both hands with simple occlusion. A plane is approximated by using RANSAC for a palm hand form, while a vector from the hand centroid to the fingertip is obtained for a pointing hand form by using ICP as tracking method. A shape of simple occluded two hands is split into a palm and an incomplete pointing hand form, whose missing data is estimated by using PCA. The system works in semi-real time.",2013,"ISPRS Annals of the Photogrammetry, Remote Sensing and Spatial Information Sciences",Y. Guo; M. Ying Yang; B. Rosenhahn,10.5194/isprsannals-ii-3-w2-19-2013,,https://doi.org/10.5194/isprsannals-ii-3-w2-19-2013,crossref,deformable object manipulation robot learning,concept,deformable,,,deformable object manipulation; occlusion,2026-06-12T15:07:36Z,11.650,11.650
doi:10.21203/rs.3.rs-8444337/v1,Active Inference in Action Using an Embodied Agent for Co Creative Musical Interaction,"Abstract Interactive music systems for ensemble co-creation commonly rely on heuristic architectures that lack both a unified theoretical foundation and interpretability. We address this limitation by formulating the system design within the Active Inference framework. We introduce the Active Embodied Musical Intelligence Agent (AEMIA), a computational model that frames musical interaction as a Partially Observable Markov Decision Process. In this formulation, perception corresponds to variational state estimation, while action selection emerges from minimizing Expected Free Energy (EFE), thereby balancing goal-directed behavior (pragmatic value) against information-seeking exploration (epistemic value). The agent’s aesthetic intentions are explicitly encoded as a prior over preferred sensory outcomes (\(\:{P}_{pref}\)), with a Mixture Density Network modeling the joint likelihood of mul",,,Qi Liu,10.21203/rs.3.rs-8444337/v1,,https://doi.org/10.21203/rs.3.rs-8444337/v1,crossref,EBM transformer robotics embodied agent,concept,architecture_x_embodiment,,,EBM transformer robotics; embodied agent; state estimation; limitation; ablation,2026-06-12T15:07:36Z,11.650,13.650
doi:10.33774/coe-2024-s4wv6,Cultivating interspecies awareness: Exploring learners’ recognition and perception of mycelium as an agent in biomaking,"Biomaking as a genre of maker education, offers unexplored avenues for enhancing our comprehension of interspecies relations. This paper explores how novice biomarkers perceive and acknowledge the presence and agency of other organisms in their creative processes. Analyzing the processes of 12-year-old children building mycelium sculptures, the study identifies pivotal moments of realization or transformation using video data from three making sessions. Employing a time-based analysis, the dynamic interactions between students, organisms, and materials were coded emphasizing both human and non-human material contributions to creative production. Findings reveal that neither the duration nor manner of engagement significantly influenced students' perception of mycelium as an active participant in the creative process. Instead, shifts occurred during events where the organism played a cent",,,Isabel Correa,10.33774/coe-2024-s4wv6,,https://doi.org/10.33774/coe-2024-s4wv6,crossref,Gaussian splatting robot perception embodied agent,concept,architecture_x_embodiment,,,Gaussian splatting robot perception; embodied agent,2026-06-12T15:07:36Z,11.650,11.650
doi:10.3390/robotics13080123,Experimental Validation of the Essential Model for a Complete Walking Gait with the NAO Robot,"In this paper, for the first time, experimental tests of complete offline walking gaits generated by the essential model are performed. This model does not make simplifications in the dynamics of the robot, and its main advantage is the definition of desired Zero Moment Point trajectories. The designed gaits are implemented in the NAO robot, where starting and stopping stages are also included. Simulations in MATLAB and Webots, and experiments with the real robot are shown. Also, important remarks about the implementation of walking trajectories in the NAO robot are included, such as dealing with the hip joint shared by both legs. A comparison between the linear inverted pendulum (LIP) model and the essential model is also addressed in the experiments. As expected, the robot fails following the offline gait generated by the LIP model, but it does not with the essential model. Moreover, i",2024,Robotics,Emanuel Marquez-Acosta; Victor De-León-Gómez; Victor Santibañez; Christine Chevallereau; Yannick Aoustin,10.3390/robotics13080123,,https://doi.org/10.3390/robotics13080123,crossref,world action model robotics,concept,wam,,2,world action model,2026-06-12T15:07:36Z,11.649,11.649
doi:10.21009/jtp.v26i1.43871,Interactive Multimedia Based on A Problem Based Learning Model in Integrated Social Science Learning For Class Eight Junior High School,"Integrated social studies learning in junior high schools experiences problems, namely low student interest and learning outcomes. This is caused by students who are less active when studying. The aim of the research is to describe the process, validity, practicality and effectiveness of developing interactive multimedia based on the problem base learning (PBL) model in Integrated Social Sciences learning for class VIII SMP. This research uses the development and research (R&D) method with the ADDIE model. The data analysis technique in this research uses a Likert scale. Testing the validity of interactive multimedia includes material, media and language experts. The practicality test involved one Integrated Social Sciences teacher and 30 class VIII students at SMPN 22 Padang. The validity test results from material experts obtained a score of 3.5, media experts scored 3.6 and language e",2024,JTP - Jurnal Teknologi Pendidikan,Rinta Adestya Anissi; Darmansyah,10.21009/jtp.v26i1.43871,,https://doi.org/10.21009/jtp.v26i1.43871,crossref,energy based model robot learning,concept,ebm,,2,,2026-06-12T17:50:07Z,11.649,11.649
doi:10.1115/1.4063870,Active Control of Contact Force for a Quasi-Translational Flexible-Link Parallel Mechanism,"Abstract For practical applications of interactive manipulation, active contact control is one of the fundamental functions that flexible-link parallel mechanisms (FLPMs) should be equipped with. In this paper, a force control approach is proposed for FLPMs to make active adjustment toward their payload, which cannot be directly achieved by their intrinsic passive compliance. To begin with, at a starting configuration the Jacobian matrix is accurately calculated with the finite difference method, while at non-starting configurations it is deduced with an increment-based approach. The compliance model is derived through mapping from the joint stiffness within each elastic rod. On this basis, the differential relation among pose, payload, and actuation variables is constructed to form the control logic, whose correctness and feasibility are then verified with simulations. Finally, interact",2024,Journal of Mechanisms and Robotics,Hao Pan; Shujie Tang; Genliang Chen; Hao Wang,10.1115/1.4063870,,https://doi.org/10.1115/1.4063870,crossref,robotics,concept,crossref_bulk_robotics,,2,force control,2026-06-12T19:29:26Z,11.649,11.649
doi:10.3390/bioengineering10101157,Teleoperated Surgical Robot with Adaptive Interactive Control Architecture for Tissue Identification,"The remote perception of teleoperated surgical robotics has been a critical issue for surgeons in fulfilling their remote manipulation tasks. In this article, an adaptive teleoperation control framework is proposed. It provides a physical human–robot interaction interface to enhance the ability of the operator to intuitively perceive the material properties of remote objects. The recursive least square (RLS) is adopted to estimate the required human hand stiffness that the operator can achieve to compensate for the contact force. Based on the estimated stiffness, a force feedback controller is designed to avoid the induced motion and to convey the haptic information of the slave side. The passivity of the proposed teleoperation system is ensured by the virtual energy tank. A stable contact test validated that the proposed method achieved stable contact between the slave robot and the har",2023,Bioengineering,Yubo Sheng; Haoyuan Cheng; Yiwei Wang; Huan Zhao; Han Ding,10.3390/bioengineering10101157,,https://doi.org/10.3390/bioengineering10101157,crossref,adaptive world action model robot,concept,wam,,8,world action model; adaptive world action model; surgical robot; teleoperation; human robot interaction,2026-06-12T15:07:36Z,11.649,11.649
doi:10.3390/app16031412,Learning-Based Multi-Robot Active SLAM: A Conceptual Framework and Survey,"Multi-robot systems (MRSs) offer distinct advantages in large-scale exploration but require tight coupling between decentralized decision-making and collaborative estimation. This survey reviews learning-based multi-robot Active Collaborative Simultaneous Localization and Mapping (AC-SLAM), modeling it as a coupled system comprising a Decentralized Partially Observable Markov Decision Process (Dec-POMDP) decision layer and a distributed factor-graph estimation layer. By synthesizing these components into a conceptual framework, recent methods for cooperative perception, mapping, and policy learning are systematically critiqued. The analysis concludes that Hierarchical Reinforcement Learning (HRL) and graph-based spatial abstraction currently offer superior scalability and robustness compared to monolithic end-to-end approaches. Furthermore, a comprehensive analysis of Sim-to-Real transfe",2026,Applied Sciences,Bowen Lv; Shihong Duan,10.3390/app16031412,,https://doi.org/10.3390/app16031412,crossref,energy based model robot learning,concept,ebm,,1,multi robot system; sim to real transfer; domain randomization; SLAM; robustness,2026-06-12T15:07:36Z,11.647,13.647
doi:10.1145/3779297,"Human-Interactive Robot Learning: Definition, Challenges, and Recommendations","Robot learning from humans has been proposed and researched for several decades as a means to enable robots to learn new skills or adapt existing ones to new situations. Recent advances in AI, including learning approaches like reinforcement learning and architectures like transformers and foundation models, combined with access to massive datasets, have created attractive opportunities to apply those data-hungry techniques to this problem. We argue that the focus on massive amounts of pre-collected data, and the resulting learning paradigm, where humans demonstrate and robots learn in isolation, is overshadowing a specialized area of work we term Human-Interactive Robot Learning (HIRL). This paradigm, wherein robots and humans interact during the learning process , is at the intersection of multiple fields (AI, robotics, human–computer interaction, design and others) and holds unique pr",2026,ACM Transactions on Human-Robot Interaction,Kim Baraka; Ifrah Idrees; Taylor Kessler Faulkner; Erdem Biyik; Serena Booth; Mohamed Chetouani; Daniel H. Grollman; Akanksha Saran; Emmanuel Senft; Silvia Tulli; Anna-Lisa Vollmer; Antonio Andriella; Helen Beierling; Tiffany Horter; Jens Kober; Isaac Sheidlower; Matthew E. Taylor; Sanne van Waveren; Xuesu Xiao,10.1145/3779297,,https://doi.org/10.1145/3779297,crossref,learning robot manipulation from human video,concept,human_data,,1,robot manipulation; sample efficiency,2026-06-12T15:07:36Z,11.647,11.647
doi:10.3390/jcm14134719,Public Perception of Robot-Assisted Spine Surgery,"Background/Objectives: The potential advantages of robotic assistance in spinal procedures are a growing area of interest, and patient perception plays a key role in its broader acceptance. However, public perception of robotic surgery in spinal operations remains unexplored. This study aims to assess the general public’s perceptions, expectations, and concerns regarding robot-assisted spine surgery. Methods: In the fall of 2024, a questionnaire was distributed to attendees at a public open day at the Neurocenter of Southern Switzerland, where the Globus ExcelsiusGPS™ spine surgery robot was demonstrated live on a mannequin. The 15-item questionnaire assessed demographic data, prior knowledge of medical robots, mental representations of surgical robots, expectations, and emotions after witnessing the demonstration. Data were analyzed using descriptive statistics, chi-square, Wilcoxon, Mc",2025,Journal of Clinical Medicine,Luca Fumagalli; Alexandros Moniakis; Alberto Pagnamenta; Andrea Cardia; Ivan Cabrilo,10.3390/jcm14134719,,https://doi.org/10.3390/jcm14134719,crossref,Gaussian splatting robot perception,concept,architecture,,1,Gaussian splatting robot perception; surgical robot,2026-06-12T15:07:36Z,11.647,11.647
doi:10.18196/jrc.v6i5.26784,Cooperative Lane Keeping Assist: Design and Evaluation of a V2V Lane Perception Sharing Approach,"Even autonomous vehicles are becoming very advanced. Adverse weather conditions, unclear lane markings, and unexpected obstacles can still pose challenges, especially to lane keeping assist systems. The performance of these systems varies between vehicles depending on sensor quality, environmental conditions, and data processing algorithms. A focused solution to improve lane keeping capability is vehicle-to-vehicle (V2V) communication. V2V enables vehicles to share real-time information on speed, position, direction, etc. In this paper, V2V is used specifically to share lane marking data from a front vehicle to a following vehicle. These data are fused with local perception using a confidence-weighted averaging method, where each lane position input is assigned a confidence score. When local perception degrades, such as during poor weather, this approach improves lane keeping by relying ",2025,Journal of Robotics and Control (JRC),Brahim El Boukili; Mohammed-Hicham Zaggaf; Lhoussain Bahatti,10.18196/jrc.v6i5.26784,,https://doi.org/10.18196/jrc.v6i5.26784,crossref,Gaussian splatting robot perception,concept,architecture,,1,Gaussian splatting robot perception,2026-06-12T15:07:36Z,11.647,12.647
doi:10.1049/csy2.70008,Move to See More: Approaching Object With Partial Occlusion Using Large Multimodal Model and Active Object Detection,"ABSTRACT Active object detection (AOD) is a crucial task in the field of robotics. A key challenge in household environments for AOD is that the target object is often undetectable due to partial occlusion, which leads to the failure of traditional methods. To address the occlusion problem, this paper first proposes a novel occlusion handling method based on the large multimodal model (LMM). The method utilises an LMM to detect and analyse input RGB images and generates adjustment actions to progressively eliminate occlusion. After the occlusion is handled, an improved AOD method based on a deep Q‐learning network (DQN) is used to complete the task. We introduce an attention mechanism to process image features, enabling the model to focus on critical regions of the input images. Additionally, a new reward function is proposed that comprehensively considers the bounding box of the target ",2025,IET Cyber-Systems and Robotics,Aoqi Wang; Guohui Tian; Yuhao Wang; Zhongyang Li,10.1049/csy2.70008,,https://doi.org/10.1049/csy2.70008,crossref,object centric world model,concept,architecture,,1,object centric world model; occlusion,2026-06-12T15:07:36Z,11.647,12.647
doi:10.1609/aaai.v40i2.37143,Physics-Informed Multi-Task Learning for Battery State of Health Prediction with Uncertainty Quantification,"Existing battery State of Health (SOH) prediction approaches often struggle to provide both accurate predictions and reliable uncertainty estimates. This paper presents a novel Multi-Task Learning (MTL) framework that jointly tackles SOH prediction and provides a proxy metric for uncertainty through a unified architecture. The framework combines a Physics-Informed Neural Network (PINN) for SOH prediction with a deep autoencoding Gaussian mixture model for uncertainty modeling. Particularly, the energy score from the Gaussian mixture model serves as a proxy metric for uncertainty, where a higher score indicates potential prediction unreliability. Moreover, to enhance task-specific learning, we employ a multi-head attention mechanism that adaptively captures distinct feature relationships. Our experiments show improvements in prediction performance compared to the state-of-the-art baseline",2026,Proceedings of the AAAI Conference on Artificial Intelligence,Tianwen Zhu; Guangyu Wu; Zhiwei Cao; Ruihang Wang; Jimin Jia; Yong Luo; Yonggang Wen,10.1609/aaai.v40i2.37143,,https://doi.org/10.1609/aaai.v40i2.37143,crossref,physics informed robot learning,concept,architecture,,1,physics informed robot learning; benchmark,2026-06-12T15:07:36Z,11.647,13.647
doi:10.1111/ejn.70155,Repetition Hampers Flexible Object Manipulation Under Visual Uncertainty,"ABSTRACT Seemingly simple actions, like reaching for and lifting an object, involve the coordination of distinct neural pathways within the dorsal and ventral streams. These components can be differentially affected by repetition‐induced anterograde interference, where extensive practice on one task impairs performance on subsequent tasks. Repetition leads to rigid movement patterns, making it harder to adapt flexibly to new situations, especially in tasks with sensory uncertainty that require the brain to rely more on past experiences (i.e., sensorimotor memories). To explore this, we tested whether object‐use tasks, which depend on the ventral stream, are more affected by this interference than a simpler reach‐to‐button task with helpful visual cues. Participants completed two tasks: a reach‐to‐button task involving pressing buttons on either side of a symmetrical object and an object‐",2025,European Journal of Neuroscience,Catherine Anne Sager; Ian Greenhouse; Michelle Marneweck,10.1111/ejn.70155,,https://doi.org/10.1111/ejn.70155,crossref,deformable object manipulation robot learning,concept,deformable,,1,deformable object manipulation,2026-06-12T15:07:36Z,11.647,12.647
doi:10.1111/cgf.70290,Interactive Groupwise Comparison for Reinforcement Learning from Human Feedback,"Abstract Reinforcement learning from human feedback (RLHF) has emerged as a key enabling technology for aligning AI behaviour with human preferences. The traditional way to collect data in RLHF is via pairwise comparisons: human raters are asked to indicate which one of two samples they prefer. We present an interactive visualisation that better exploits the human visual ability to compare and explore whole groups of samples. The interface is comprised of two linked views: 1) an exploration view showing a contextual overview of all sampled behaviours organised in a hierarchical clustering structure; and 2) a comparison view displaying two selected groups of behaviours for user queries. Users can efficiently explore large sets of behaviours by iterating between these two views. Additionally, we devised an active learning approach suggesting groups for comparison. As shown by our evaluatio",2025,Computer Graphics Forum,Jan Kompatscher; Danqing Shi; Giovanna Varni; Tino Weinkauf; Antti Oulasvirta,10.1111/cgf.70290,,https://doi.org/10.1111/cgf.70290,crossref,interactive robot learning human feedback,concept,hri,,1,,2026-06-12T15:07:36Z,11.647,11.647
